{
"type": "FeatureCollection",
"name": "fields_complete_wgs84",
"crs": { "type": "name", "properties": { "name": "urn:ogc:def:crs:OGC:1.3:CRS84" } },
"features": [
{ "type": "Feature", "properties": { "field_id": "WV_AG_001", "lat": 44.877609573272174, "lon": -122.8960468518566, "area_acres": 14.0951862354688, "crop_code": 24, "cdl_crop": "Winter Wheat", "crop_dominant_pct": 53.2, "soil_muname": "Salkum silty clay loam, basin, 0 to 6 percent slopes", "soil_drainage": "Well drained", "soil_clay_pct": 31.0, "soil_sand_pct": 18.1, "soil_silt_pct": 50.9, "soil_om_pct": 4.0, "soil_ph": 6.1, "soil_cec": 22.5, "soil_depth_cm": 0.0, "weather_monthly": [ { "year": 2020, "month": 1, "avg_high_c": 8.33, "avg_low_c": 3.69, "total_rain_mm": 331.66, "total_rain_in": 13.06 }, { "year": 2020, "month": 2, "avg_high_c": 9.3, "avg_low_c": 1.59, "total_rain_mm": 119.69, "total_rain_in": 4.71 }, { "year": 2020, "month": 3, "avg_high_c": 10.58, "avg_low_c": 1.93, "total_rain_mm": 119.65, "total_rain_in": 4.71 }, { "year": 2020, "month": 4, "avg_high_c": 15.36, "avg_low_c": 4.91, "total_rain_mm": 65.25, "total_rain_in": 2.57 }, { "year": 2020, "month": 5, "avg_high_c": 18.1, "avg_low_c": 7.97, "total_rain_mm": 129.22, "total_rain_in": 5.09 }, { "year": 2020, "month": 6, "avg_high_c": 19.57, "avg_low_c": 9.34, "total_rain_mm": 97.62, "total_rain_in": 3.84 }, { "year": 2020, "month": 7, "avg_high_c": 24.4, "avg_low_c": 11.06, "total_rain_mm": 3.63, "total_rain_in": 0.14 }, { "year": 2020, "month": 8, "avg_high_c": 25.88, "avg_low_c": 11.44, "total_rain_mm": 5.11, "total_rain_in": 0.2 }, { "year": 2020, "month": 9, "avg_high_c": 24.8, "avg_low_c": 11.76, "total_rain_mm": 75.48, "total_rain_in": 2.97 }, { "year": 2020, "month": 10, "avg_high_c": 17.88, "avg_low_c": 7.03, "total_rain_mm": 95.76, "total_rain_in": 3.77 }, { "year": 2020, "month": 11, "avg_high_c": 10.62, "avg_low_c": 2.98, "total_rain_mm": 245.69, "total_rain_in": 9.67 }, { "year": 2020, "month": 12, "avg_high_c": 9.56, "avg_low_c": 2.24, "total_rain_mm": 231.54, "total_rain_in": 9.12 }, { "year": 2021, "month": 1, "avg_high_c": 8.81, "avg_low_c": 2.61, "total_rain_mm": 260.36, "total_rain_in": 10.25 }, { "year": 2021, "month": 2, "avg_high_c": 7.61, "avg_low_c": 1.86, "total_rain_mm": 215.93, "total_rain_in": 8.5 }, { "year": 2021, "month": 3, "avg_high_c": 11.05, "avg_low_c": 1.47, "total_rain_mm": 82.08, "total_rain_in": 3.23 }, { "year": 2021, "month": 4, "avg_high_c": 16.05, "avg_low_c": 3.87, "total_rain_mm": 27.34, "total_rain_in": 1.08 }, { "year": 2021, "month": 5, "avg_high_c": 18.03, "avg_low_c": 6.8, "total_rain_mm": 47.74, "total_rain_in": 1.88 }, { "year": 2021, "month": 6, "avg_high_c": 24.25, "avg_low_c": 11.1, "total_rain_mm": 49.29, "total_rain_in": 1.94 }, { "year": 2021, "month": 7, "avg_high_c": 27.3, "avg_low_c": 11.55, "total_rain_mm": 1.83, "total_rain_in": 0.07 }, { "year": 2021, "month": 8, "avg_high_c": 27.65, "avg_low_c": 12.56, "total_rain_mm": 2.92, "total_rain_in": 0.11 }, { "year": 2021, "month": 9, "avg_high_c": 24.55, "avg_low_c": 10.43, "total_rain_mm": 101.83, "total_rain_in": 4.01 }, { "year": 2021, "month": 10, "avg_high_c": 15.52, "avg_low_c": 6.56, "total_rain_mm": 148.73, "total_rain_in": 5.86 }, { "year": 2021, "month": 11, "avg_high_c": 12.28, "avg_low_c": 5.35, "total_rain_mm": 250.09, "total_rain_in": 9.85 }, { "year": 2021, "month": 12, "avg_high_c": 5.61, "avg_low_c": 0.97, "total_rain_mm": 309.17, "total_rain_in": 12.17 }, { "year": 2022, "month": 1, "avg_high_c": 9.29, "avg_low_c": 1.87, "total_rain_mm": 185.19, "total_rain_in": 7.29 }, { "year": 2022, "month": 2, "avg_high_c": 9.66, "avg_low_c": 1.72, "total_rain_mm": 98.54, "total_rain_in": 3.88 }, { "year": 2022, "month": 3, "avg_high_c": 11.99, "avg_low_c": 3.83, "total_rain_mm": 125.82, "total_rain_in": 4.95 }, { "year": 2022, "month": 4, "avg_high_c": 11.48, "avg_low_c": 2.65, "total_rain_mm": 200.52, "total_rain_in": 7.89 }, { "year": 2022, "month": 5, "avg_high_c": 15.04, "avg_low_c": 6.2, "total_rain_mm": 191.01, "total_rain_in": 7.52 }, { "year": 2022, "month": 6, "avg_high_c": 19.96, "avg_low_c": 9.78, "total_rain_mm": 128.91, "total_rain_in": 5.08 }, { "year": 2022, "month": 7, "avg_high_c": 25.26, "avg_low_c": 12.21, "total_rain_mm": 8.52, "total_rain_in": 0.34 }, { "year": 2022, "month": 8, "avg_high_c": 27.38, "avg_low_c": 13.3, "total_rain_mm": 1.96, "total_rain_in": 0.08 }, { "year": 2022, "month": 9, "avg_high_c": 25.27, "avg_low_c": 11.26, "total_rain_mm": 12.33, "total_rain_in": 0.49 }, { "year": 2022, "month": 10, "avg_high_c": 21.88, "avg_low_c": 8.89, "total_rain_mm": 83.79, "total_rain_in": 3.3 }, { "year": 2022, "month": 11, "avg_high_c": 9.53, "avg_low_c": 1.32, "total_rain_mm": 209.49, "total_rain_in": 8.25 }, { "year": 2022, "month": 12, "avg_high_c": 7.23, "avg_low_c": 1.41, "total_rain_mm": 213.47, "total_rain_in": 8.4 }, { "year": 2023, "month": 1, "avg_high_c": 8.1, "avg_low_c": 2.21, "total_rain_mm": 124.27, "total_rain_in": 4.89 }, { "year": 2023, "month": 2, "avg_high_c": 7.34, "avg_low_c": 0.11, "total_rain_mm": 126.83, "total_rain_in": 4.99 }, { "year": 2023, "month": 3, "avg_high_c": 8.74, "avg_low_c": 0.78, "total_rain_mm": 189.54, "total_rain_in": 7.46 }, { "year": 2023, "month": 4, "avg_high_c": 12.14, "avg_low_c": 3.83, "total_rain_mm": 194.6, "total_rain_in": 7.66 }, { "year": 2023, "month": 5, "avg_high_c": 20.07, "avg_low_c": 8.51, "total_rain_mm": 27.12, "total_rain_in": 1.07 }, { "year": 2023, "month": 6, "avg_high_c": 21.75, "avg_low_c": 8.84, "total_rain_mm": 19.41, "total_rain_in": 0.76 }, { "year": 2023, "month": 7, "avg_high_c": 26.77, "avg_low_c": 11.45, "total_rain_mm": 2.08, "total_rain_in": 0.08 }, { "year": 2023, "month": 8, "avg_high_c": 29.03, "avg_low_c": 13.52, "total_rain_mm": 21.34, "total_rain_in": 0.84 }, { "year": 2023, "month": 9, "avg_high_c": 23.57, "avg_low_c": 10.75, "total_rain_mm": 70.6, "total_rain_in": 2.78 }, { "year": 2023, "month": 10, "avg_high_c": 18.22, "avg_low_c": 7.61, "total_rain_mm": 117.2, "total_rain_in": 4.61 }, { "year": 2023, "month": 11, "avg_high_c": 11.95, "avg_low_c": 3.59, "total_rain_mm": 187.96, "total_rain_in": 7.4 }, { "year": 2023, "month": 12, "avg_high_c": 10.68, "avg_low_c": 4.45, "total_rain_mm": 295.35, "total_rain_in": 11.63 }, { "year": 2024, "month": 1, "avg_high_c": 8.28, "avg_low_c": 2.91, "total_rain_mm": 370.12, "total_rain_in": 14.57 }, { "year": 2024, "month": 2, "avg_high_c": 10.14, "avg_low_c": 3.26, "total_rain_mm": 200.23, "total_rain_in": 7.88 }, { "year": 2024, "month": 3, "avg_high_c": 11.51, "avg_low_c": 3.24, "total_rain_mm": 164.08, "total_rain_in": 6.46 }, { "year": 2024, "month": 4, "avg_high_c": 14.23, "avg_low_c": 4.47, "total_rain_mm": 94.88, "total_rain_in": 3.74 }, { "year": 2024, "month": 5, "avg_high_c": 17.15, "avg_low_c": 6.5, "total_rain_mm": 118.44, "total_rain_in": 4.66 }, { "year": 2024, "month": 6, "avg_high_c": 20.38, "avg_low_c": 9.29, "total_rain_mm": 74.42, "total_rain_in": 2.93 }, { "year": 2024, "month": 7, "avg_high_c": 27.02, "avg_low_c": 12.01, "total_rain_mm": 7.22, "total_rain_in": 0.28 }, { "year": 2024, "month": 8, "avg_high_c": 25.73, "avg_low_c": 12.22, "total_rain_mm": 22.59, "total_rain_in": 0.89 }, { "year": 2024, "month": 9, "avg_high_c": 24.48, "avg_low_c": 11.29, "total_rain_mm": 33.37, "total_rain_in": 1.31 }, { "year": 2024, "month": 10, "avg_high_c": 18.76, "avg_low_c": 7.37, "total_rain_mm": 131.82, "total_rain_in": 5.19 }, { "year": 2024, "month": 11, "avg_high_c": 9.95, "avg_low_c": 4.08, "total_rain_mm": 284.69, "total_rain_in": 11.21 }, { "year": 2024, "month": 12, "avg_high_c": 9.31, "avg_low_c": 3.22, "total_rain_mm": 297.03, "total_rain_in": 11.69 }, { "year": 2025, "month": 1, "avg_high_c": 7.89, "avg_low_c": 0.22, "total_rain_mm": 116.9, "total_rain_in": 4.6 }, { "year": 2025, "month": 2, "avg_high_c": 8.27, "avg_low_c": 1.66, "total_rain_mm": 206.54, "total_rain_in": 8.13 }, { "year": 2025, "month": 3, "avg_high_c": 11.38, "avg_low_c": 4.41, "total_rain_mm": 241.61, "total_rain_in": 9.51 }, { "year": 2025, "month": 4, "avg_high_c": 15.77, "avg_low_c": 4.72, "total_rain_mm": 64.12, "total_rain_in": 2.52 }, { "year": 2025, "month": 5, "avg_high_c": 17.45, "avg_low_c": 6.68, "total_rain_mm": 52.17, "total_rain_in": 2.05 }, { "year": 2025, "month": 6, "avg_high_c": 21.6, "avg_low_c": 9.69, "total_rain_mm": 34.37, "total_rain_in": 1.35 }, { "year": 2025, "month": 7, "avg_high_c": 26.13, "avg_low_c": 11.56, "total_rain_mm": 1.41, "total_rain_in": 0.06 }, { "year": 2025, "month": 8, "avg_high_c": 28.06, "avg_low_c": 13.39, "total_rain_mm": 20.61, "total_rain_in": 0.81 }, { "year": 2025, "month": 9, "avg_high_c": 24.77, "avg_low_c": 11.37, "total_rain_mm": 49.32, "total_rain_in": 1.94 }, { "year": 2025, "month": 10, "avg_high_c": 15.59, "avg_low_c": 6.02, "total_rain_mm": 148.04, "total_rain_in": 5.83 }, { "year": 2025, "month": 11, "avg_high_c": 11.64, "avg_low_c": 5.24, "total_rain_mm": 176.54, "total_rain_in": 6.95 }, { "year": 2025, "month": 12, "avg_high_c": 9.99, "avg_low_c": 4.33, "total_rain_mm": 352.37, "total_rain_in": 13.87 } ] }, "geometry": { "type": "MultiPolygon", "coordinates": [ [ [ [ -122.893035002823012, 44.878116665323475 ], [ -122.893035003262028, 44.877847170879875 ], [ -122.893663824416407, 44.877847170432062 ], [ -122.893663824435365, 44.877487845127753 ], [ -122.893663824792711, 44.877218350571667 ], [ -122.893663824103697, 44.876859024060956 ], [ -122.895550286133869, 44.876859023941627 ], [ -122.895550286441647, 44.877218350733934 ], [ -122.895909612110032, 44.876859024588882 ], [ -122.897167253933404, 44.876859024698497 ], [ -122.897167254856683, 44.877218351270791 ], [ -122.897436749045951, 44.876859025169196 ], [ -122.897796074866903, 44.87685902360019 ], [ -122.89779607392218, 44.87721835031342 ], [ -122.898065569609301, 44.877218350633896 ], [ -122.898424894757753, 44.87721835072044 ], [ -122.898424895478925, 44.877847171096008 ], [ -122.898424894628903, 44.878475991768092 ], [ -122.898065569564878, 44.878475992152318 ], [ -122.896538432835769, 44.878475992069362 ], [ -122.896538433540911, 44.878116666686203 ], [ -122.896179106587127, 44.878116665606854 ], [ -122.895909612727209, 44.878116665055629 ], [ -122.895280791249078, 44.878116665291344 ], [ -122.894921466065284, 44.878116665155261 ], [ -122.894651970832896, 44.87811666516621 ], [ -122.893933318583535, 44.878116665627033 ], [ -122.893035002823012, 44.878116665323475 ] ] ] ] } },
{ "type": "Feature", "properties": { "field_id": "WV_AG_002", "lat": 44.188688221398095, "lon": -123.18398918373292, "area_acres": 66.794644333159596, "crop_code": 24, "cdl_crop": "Winter Wheat", "crop_dominant_pct": 96.0, "soil_muname": "Malabon silty clay loam", "soil_drainage": "Well drained", "soil_clay_pct": 31.0, "soil_sand_pct": 20.0, "soil_silt_pct": 49.0, "soil_om_pct": 5.0, "soil_ph": 6.1, "soil_cec": 25.0, "soil_depth_cm": 0.0, "weather_monthly": [ { "year": 2020, "month": 1, "avg_high_c": 7.66, "avg_low_c": 3.21, "total_rain_mm": 280.71, "total_rain_in": 11.05 }, { "year": 2020, "month": 2, "avg_high_c": 9.12, "avg_low_c": 0.7, "total_rain_mm": 88.78, "total_rain_in": 3.5 }, { "year": 2020, "month": 3, "avg_high_c": 10.54, "avg_low_c": 1.58, "total_rain_mm": 108.69, "total_rain_in": 4.28 }, { "year": 2020, "month": 4, "avg_high_c": 15.02, "avg_low_c": 4.71, "total_rain_mm": 73.03, "total_rain_in": 2.88 }, { "year": 2020, "month": 5, "avg_high_c": 17.39, "avg_low_c": 7.19, "total_rain_mm": 120.67, "total_rain_in": 4.75 }, { "year": 2020, "month": 6, "avg_high_c": 19.11, "avg_low_c": 9.05, "total_rain_mm": 70.28, "total_rain_in": 2.77 }, { "year": 2020, "month": 7, "avg_high_c": 23.77, "avg_low_c": 11.01, "total_rain_mm": 1.23, "total_rain_in": 0.05 }, { "year": 2020, "month": 8, "avg_high_c": 26.66, "avg_low_c": 10.99, "total_rain_mm": 2.32, "total_rain_in": 0.09 }, { "year": 2020, "month": 9, "avg_high_c": 26.07, "avg_low_c": 11.71, "total_rain_mm": 58.73, "total_rain_in": 2.31 }, { "year": 2020, "month": 10, "avg_high_c": 19.05, "avg_low_c": 7.03, "total_rain_mm": 64.71, "total_rain_in": 2.55 }, { "year": 2020, "month": 11, "avg_high_c": 10.65, "avg_low_c": 2.51, "total_rain_mm": 204.9, "total_rain_in": 8.07 }, { "year": 2020, "month": 12, "avg_high_c": 9.4, "avg_low_c": 1.62, "total_rain_mm": 187.39, "total_rain_in": 7.38 }, { "year": 2021, "month": 1, "avg_high_c": 8.67, "avg_low_c": 2.37, "total_rain_mm": 184.79, "total_rain_in": 7.28 }, { "year": 2021, "month": 2, "avg_high_c": 7.16, "avg_low_c": 1.66, "total_rain_mm": 163.15, "total_rain_in": 6.42 }, { "year": 2021, "month": 3, "avg_high_c": 10.78, "avg_low_c": 1.09, "total_rain_mm": 68.13, "total_rain_in": 2.68 }, { "year": 2021, "month": 4, "avg_high_c": 15.69, "avg_low_c": 3.28, "total_rain_mm": 17.85, "total_rain_in": 0.7 }, { "year": 2021, "month": 5, "avg_high_c": 16.96, "avg_low_c": 6.41, "total_rain_mm": 33.24, "total_rain_in": 1.31 }, { "year": 2021, "month": 6, "avg_high_c": 23.28, "avg_low_c": 10.71, "total_rain_mm": 33.37, "total_rain_in": 1.31 }, { "year": 2021, "month": 7, "avg_high_c": 27.7, "avg_low_c": 11.54, "total_rain_mm": 1.42, "total_rain_in": 0.06 }, { "year": 2021, "month": 8, "avg_high_c": 27.84, "avg_low_c": 12.16, "total_rain_mm": 1.11, "total_rain_in": 0.04 }, { "year": 2021, "month": 9, "avg_high_c": 25.0, "avg_low_c": 9.64, "total_rain_mm": 82.72, "total_rain_in": 3.26 }, { "year": 2021, "month": 10, "avg_high_c": 16.05, "avg_low_c": 6.61, "total_rain_mm": 104.65, "total_rain_in": 4.12 }, { "year": 2021, "month": 11, "avg_high_c": 12.26, "avg_low_c": 4.72, "total_rain_mm": 156.92, "total_rain_in": 6.18 }, { "year": 2021, "month": 12, "avg_high_c": 5.99, "avg_low_c": 1.66, "total_rain_mm": 254.46, "total_rain_in": 10.02 }, { "year": 2022, "month": 1, "avg_high_c": 10.25, "avg_low_c": 1.58, "total_rain_mm": 140.49, "total_rain_in": 5.53 }, { "year": 2022, "month": 2, "avg_high_c": 10.43, "avg_low_c": 1.5, "total_rain_mm": 44.88, "total_rain_in": 1.77 }, { "year": 2022, "month": 3, "avg_high_c": 11.97, "avg_low_c": 3.41, "total_rain_mm": 100.24, "total_rain_in": 3.95 }, { "year": 2022, "month": 4, "avg_high_c": 11.32, "avg_low_c": 2.64, "total_rain_mm": 161.54, "total_rain_in": 6.36 }, { "year": 2022, "month": 5, "avg_high_c": 14.57, "avg_low_c": 5.9, "total_rain_mm": 174.98, "total_rain_in": 6.89 }, { "year": 2022, "month": 6, "avg_high_c": 19.98, "avg_low_c": 9.33, "total_rain_mm": 99.4, "total_rain_in": 3.91 }, { "year": 2022, "month": 7, "avg_high_c": 24.74, "avg_low_c": 12.38, "total_rain_mm": 7.74, "total_rain_in": 0.3 }, { "year": 2022, "month": 8, "avg_high_c": 26.85, "avg_low_c": 12.9, "total_rain_mm": 1.93, "total_rain_in": 0.08 }, { "year": 2022, "month": 9, "avg_high_c": 25.2, "avg_low_c": 10.87, "total_rain_mm": 8.62, "total_rain_in": 0.34 }, { "year": 2022, "month": 10, "avg_high_c": 21.99, "avg_low_c": 8.89, "total_rain_mm": 57.5, "total_rain_in": 2.26 }, { "year": 2022, "month": 11, "avg_high_c": 9.82, "avg_low_c": 0.86, "total_rain_mm": 160.98, "total_rain_in": 6.34 }, { "year": 2022, "month": 12, "avg_high_c": 7.61, "avg_low_c": 1.27, "total_rain_mm": 173.4, "total_rain_in": 6.83 }, { "year": 2023, "month": 1, "avg_high_c": 7.82, "avg_low_c": 1.42, "total_rain_mm": 94.49, "total_rain_in": 3.72 }, { "year": 2023, "month": 2, "avg_high_c": 7.78, "avg_low_c": -0.04, "total_rain_mm": 112.98, "total_rain_in": 4.45 }, { "year": 2023, "month": 3, "avg_high_c": 7.61, "avg_low_c": -0.22, "total_rain_mm": 193.63, "total_rain_in": 7.62 }, { "year": 2023, "month": 4, "avg_high_c": 11.76, "avg_low_c": 3.48, "total_rain_mm": 155.44, "total_rain_in": 6.12 }, { "year": 2023, "month": 5, "avg_high_c": 19.43, "avg_low_c": 8.12, "total_rain_mm": 27.62, "total_rain_in": 1.09 }, { "year": 2023, "month": 6, "avg_high_c": 21.13, "avg_low_c": 8.79, "total_rain_mm": 13.29, "total_rain_in": 0.52 }, { "year": 2023, "month": 7, "avg_high_c": 26.83, "avg_low_c": 11.23, "total_rain_mm": 0.8, "total_rain_in": 0.03 }, { "year": 2023, "month": 8, "avg_high_c": 29.16, "avg_low_c": 12.95, "total_rain_mm": 13.99, "total_rain_in": 0.55 }, { "year": 2023, "month": 9, "avg_high_c": 24.05, "avg_low_c": 10.15, "total_rain_mm": 56.6, "total_rain_in": 2.23 }, { "year": 2023, "month": 10, "avg_high_c": 18.3, "avg_low_c": 7.1, "total_rain_mm": 106.79, "total_rain_in": 4.2 }, { "year": 2023, "month": 11, "avg_high_c": 12.28, "avg_low_c": 3.5, "total_rain_mm": 139.45, "total_rain_in": 5.49 }, { "year": 2023, "month": 12, "avg_high_c": 10.7, "avg_low_c": 4.32, "total_rain_mm": 245.67, "total_rain_in": 9.67 }, { "year": 2024, "month": 1, "avg_high_c": 9.33, "avg_low_c": 4.32, "total_rain_mm": 351.31, "total_rain_in": 13.83 }, { "year": 2024, "month": 2, "avg_high_c": 9.73, "avg_low_c": 3.04, "total_rain_mm": 178.71, "total_rain_in": 7.04 }, { "year": 2024, "month": 3, "avg_high_c": 10.96, "avg_low_c": 2.61, "total_rain_mm": 164.28, "total_rain_in": 6.47 }, { "year": 2024, "month": 4, "avg_high_c": 13.62, "avg_low_c": 4.03, "total_rain_mm": 93.19, "total_rain_in": 3.67 }, { "year": 2024, "month": 5, "avg_high_c": 16.89, "avg_low_c": 5.88, "total_rain_mm": 103.89, "total_rain_in": 4.09 }, { "year": 2024, "month": 6, "avg_high_c": 20.35, "avg_low_c": 9.04, "total_rain_mm": 54.09, "total_rain_in": 2.13 }, { "year": 2024, "month": 7, "avg_high_c": 26.5, "avg_low_c": 12.22, "total_rain_mm": 3.37, "total_rain_in": 0.13 }, { "year": 2024, "month": 8, "avg_high_c": 26.3, "avg_low_c": 12.01, "total_rain_mm": 24.29, "total_rain_in": 0.96 }, { "year": 2024, "month": 9, "avg_high_c": 25.02, "avg_low_c": 10.59, "total_rain_mm": 32.9, "total_rain_in": 1.3 }, { "year": 2024, "month": 10, "avg_high_c": 19.19, "avg_low_c": 6.89, "total_rain_mm": 98.47, "total_rain_in": 3.88 }, { "year": 2024, "month": 11, "avg_high_c": 9.64, "avg_low_c": 3.86, "total_rain_mm": 293.22, "total_rain_in": 11.54 }, { "year": 2024, "month": 12, "avg_high_c": 9.76, "avg_low_c": 3.29, "total_rain_mm": 295.17, "total_rain_in": 11.62 }, { "year": 2025, "month": 1, "avg_high_c": 8.65, "avg_low_c": 0.33, "total_rain_mm": 131.95, "total_rain_in": 5.19 }, { "year": 2025, "month": 2, "avg_high_c": 8.13, "avg_low_c": 1.66, "total_rain_mm": 190.55, "total_rain_in": 7.5 }, { "year": 2025, "month": 3, "avg_high_c": 11.05, "avg_low_c": 4.06, "total_rain_mm": 268.39, "total_rain_in": 10.57 }, { "year": 2025, "month": 4, "avg_high_c": 15.16, "avg_low_c": 4.32, "total_rain_mm": 58.55, "total_rain_in": 2.31 }, { "year": 2025, "month": 5, "avg_high_c": 17.27, "avg_low_c": 6.52, "total_rain_mm": 44.19, "total_rain_in": 1.74 }, { "year": 2025, "month": 6, "avg_high_c": 21.41, "avg_low_c": 9.22, "total_rain_mm": 31.7, "total_rain_in": 1.25 }, { "year": 2025, "month": 7, "avg_high_c": 26.68, "avg_low_c": 11.54, "total_rain_mm": 0.73, "total_rain_in": 0.03 }, { "year": 2025, "month": 8, "avg_high_c": 29.54, "avg_low_c": 13.29, "total_rain_mm": 10.11, "total_rain_in": 0.4 }, { "year": 2025, "month": 9, "avg_high_c": 25.66, "avg_low_c": 10.95, "total_rain_mm": 47.25, "total_rain_in": 1.86 }, { "year": 2025, "month": 10, "avg_high_c": 16.4, "avg_low_c": 6.01, "total_rain_mm": 126.39, "total_rain_in": 4.98 }, { "year": 2025, "month": 11, "avg_high_c": 12.57, "avg_low_c": 5.3, "total_rain_mm": 124.05, "total_rain_in": 4.88 }, { "year": 2025, "month": 12, "avg_high_c": 10.45, "avg_low_c": 4.15, "total_rain_mm": 259.14, "total_rain_in": 10.2 } ] }, "geometry": { "type": "MultiPolygon", "coordinates": [ [ [ [ -123.186001675624681, 44.192128181296283 ], [ -123.186001675155822, 44.19185868712664 ], [ -123.185642349374987, 44.191858687014452 ], [ -123.185642348418455, 44.192128181184145 ], [ -123.186001675624681, 44.192128181296283 ], [ -123.186001675683357, 44.19248750782593 ], [ -123.184654201712974, 44.192487507269846 ], [ -123.184384707339589, 44.192128181622536 ], [ -123.184384707119747, 44.191499360720265 ], [ -123.184025381044194, 44.191499360439323 ], [ -123.183755886493572, 44.19087054019392 ], [ -123.182767739796759, 44.190870540408568 ], [ -123.182767740625948, 44.190511213783388 ], [ -123.18276774073442, 44.190241719326764 ], [ -123.182138918995989, 44.190241719306883 ], [ -123.181869424457091, 44.189882393020206 ], [ -123.180881278323383, 44.189882393335985 ], [ -123.180881277983858, 44.189612899017924 ], [ -123.181150773342807, 44.189612898808896 ], [ -123.181150772031287, 44.189253572536394 ], [ -123.180521952286313, 44.189253572916755 ], [ -123.18025245774578, 44.188984077519613 ], [ -123.180252456936884, 44.187995931032148 ], [ -123.17989313055412, 44.187995931022165 ], [ -123.179893130945658, 44.187097615865511 ], [ -123.180521951909043, 44.18709761587855 ], [ -123.18052195201146, 44.186738289956679 ], [ -123.179893131612147, 44.186738289589215 ], [ -123.179893131074834, 44.186378963825767 ], [ -123.180252458040414, 44.186378963785366 ], [ -123.180881278385826, 44.18610946927565 ], [ -123.180881277437635, 44.185750142954412 ], [ -123.181150773336157, 44.185750143150763 ], [ -123.181510098392081, 44.185750143153193 ], [ -123.181510098700585, 44.186109469373108 ], [ -123.181510098585576, 44.186738290085586 ], [ -123.181869424444571, 44.187726436342658 ], [ -123.182138919755729, 44.187726436307294 ], [ -123.182138919927993, 44.187097615914155 ], [ -123.18249824521881, 44.186378963433739 ], [ -123.182498245322748, 44.185750143125368 ], [ -123.182767739875786, 44.185750143131443 ], [ -123.182767739858534, 44.186378963946069 ], [ -123.183396561038634, 44.186378963877381 ], [ -123.183396561556151, 44.186109469181304 ], [ -123.183127066427588, 44.186109469336387 ], [ -123.183127066701772, 44.185750143065995 ], [ -123.1833965604051, 44.185750142910955 ], [ -123.1843847078311, 44.185750142781082 ], [ -123.184654202596533, 44.185750142658144 ], [ -123.185283023054978, 44.185750142878987 ], [ -123.185642348748019, 44.185750142797744 ], [ -123.186001675420343, 44.186109469078723 ], [ -123.186630496513772, 44.186109469101297 ], [ -123.186630495355516, 44.186738289712409 ], [ -123.186630496190759, 44.187097615684714 ], [ -123.18689999049468, 44.18709761596984 ], [ -123.186899990419789, 44.187367110290481 ], [ -123.18663049588217, 44.187726436432193 ], [ -123.186271169013054, 44.187726436298853 ], [ -123.18627116920554, 44.187995931314752 ], [ -123.186630495942083, 44.187995930840657 ], [ -123.186630495593505, 44.189612898639673 ], [ -123.186271169439792, 44.18961289906305 ], [ -123.186630495426428, 44.190241719735482 ], [ -123.186630495754997, 44.190870539653019 ], [ -123.186630495527979, 44.191229866032003 ], [ -123.186899990361169, 44.19122986591249 ], [ -123.187259316994329, 44.191229866422006 ], [ -123.187259316415719, 44.191858687135174 ], [ -123.186899990776439, 44.191858687587434 ], [ -123.186630496210654, 44.191858688061259 ], [ -123.186630495476891, 44.192487507444397 ], [ -123.186271169627645, 44.192487507411911 ], [ -123.186271169701556, 44.192128181489764 ], [ -123.186001675624681, 44.192128181296283 ] ], [ [ -123.183755887265917, 44.190511213416876 ], [ -123.18375588714305, 44.189612898978439 ], [ -123.183127066692791, 44.189612898975341 ], [ -123.18312706680581, 44.189882393343872 ], [ -123.183396561038407, 44.189882392783737 ], [ -123.183396561127367, 44.190241719460232 ], [ -123.183127066319216, 44.190241718906641 ], [ -123.18312706643222, 44.190511213616375 ], [ -123.183755887265917, 44.190511213416876 ] ], [ [ -123.183127066136777, 44.18862475174442 ], [ -123.182767739969179, 44.188624752215084 ], [ -123.182767740697855, 44.188984078083251 ], [ -123.183127066358267, 44.1889840781188 ], [ -123.183127066136777, 44.18862475174442 ] ], [ [ -123.182498245213282, 44.188984078380997 ], [ -123.182498245555891, 44.188624751652206 ], [ -123.18213891906484, 44.187995930867629 ], [ -123.181869425446294, 44.187995931257376 ], [ -123.181869424833309, 44.188624751420384 ], [ -123.181510098878007, 44.188624752187067 ], [ -123.181510098124477, 44.18898407790347 ], [ -123.182498245213282, 44.188984078380997 ] ], [ [ -123.183127066620401, 44.18673828939049 ], [ -123.182767740091506, 44.186738290164726 ], [ -123.182767739970387, 44.187097615782584 ], [ -123.183127065992124, 44.187097615514531 ], [ -123.183127066620401, 44.18673828939049 ] ], [ [ -123.184025381304096, 44.186109468719813 ], [ -123.183755887025242, 44.186109469036019 ], [ -123.183755886729273, 44.186378963985156 ], [ -123.184025382077095, 44.186378963668979 ], [ -123.184025381304096, 44.186109468719813 ] ], [ [ -123.180521951531304, 44.187367110553637 ], [ -123.180252457503713, 44.18736711014575 ], [ -123.180252457179805, 44.187726436269138 ], [ -123.180521952632731, 44.187726436677011 ], [ -123.180521951531304, 44.187367110553637 ] ] ] ] } },
{ "type": "Feature", "properties": { "field_id": "WV_AG_003", "lat": 44.561012256132436, "lon": -123.18811142446494, "area_acres": 14.004210313917101, "crop_code": 24, "cdl_crop": "Winter Wheat", "crop_dominant_pct": 82.5, "soil_muname": "Bashaw silty clay", "soil_drainage": "Poorly drained", "soil_clay_pct": 55.0, "soil_sand_pct": 2.5, "soil_silt_pct": 42.5, "soil_om_pct": 6.0, "soil_ph": 6.5, "soil_cec": 47.5, "soil_depth_cm": 0.0, "weather_monthly": [ { "year": 2020, "month": 1, "avg_high_c": 8.29, "avg_low_c": 3.45, "total_rain_mm": 335.74, "total_rain_in": 13.22 }, { "year": 2020, "month": 2, "avg_high_c": 9.41, "avg_low_c": 1.31, "total_rain_mm": 106.13, "total_rain_in": 4.18 }, { "year": 2020, "month": 3, "avg_high_c": 10.89, "avg_low_c": 1.82, "total_rain_mm": 122.53, "total_rain_in": 4.82 }, { "year": 2020, "month": 4, "avg_high_c": 15.33, "avg_low_c": 4.78, "total_rain_mm": 69.14, "total_rain_in": 2.72 }, { "year": 2020, "month": 5, "avg_high_c": 17.79, "avg_low_c": 7.72, "total_rain_mm": 134.18, "total_rain_in": 5.28 }, { "year": 2020, "month": 6, "avg_high_c": 19.47, "avg_low_c": 9.28, "total_rain_mm": 75.69, "total_rain_in": 2.98 }, { "year": 2020, "month": 7, "avg_high_c": 23.62, "avg_low_c": 10.84, "total_rain_mm": 1.22, "total_rain_in": 0.05 }, { "year": 2020, "month": 8, "avg_high_c": 25.28, "avg_low_c": 10.98, "total_rain_mm": 2.78, "total_rain_in": 0.11 }, { "year": 2020, "month": 9, "avg_high_c": 24.88, "avg_low_c": 11.82, "total_rain_mm": 72.75, "total_rain_in": 2.86 }, { "year": 2020, "month": 10, "avg_high_c": 18.05, "avg_low_c": 6.83, "total_rain_mm": 69.47, "total_rain_in": 2.74 }, { "year": 2020, "month": 11, "avg_high_c": 10.89, "avg_low_c": 2.86, "total_rain_mm": 232.5, "total_rain_in": 9.15 }, { "year": 2020, "month": 12, "avg_high_c": 9.48, "avg_low_c": 1.8, "total_rain_mm": 218.39, "total_rain_in": 8.6 }, { "year": 2021, "month": 1, "avg_high_c": 8.91, "avg_low_c": 2.45, "total_rain_mm": 254.08, "total_rain_in": 10.0 }, { "year": 2021, "month": 2, "avg_high_c": 7.83, "avg_low_c": 1.9, "total_rain_mm": 199.0, "total_rain_in": 7.83 }, { "year": 2021, "month": 3, "avg_high_c": 11.03, "avg_low_c": 1.41, "total_rain_mm": 76.2, "total_rain_in": 3.0 }, { "year": 2021, "month": 4, "avg_high_c": 16.03, "avg_low_c": 3.49, "total_rain_mm": 26.64, "total_rain_in": 1.05 }, { "year": 2021, "month": 5, "avg_high_c": 17.61, "avg_low_c": 6.63, "total_rain_mm": 32.61, "total_rain_in": 1.28 }, { "year": 2021, "month": 6, "avg_high_c": 23.31, "avg_low_c": 10.75, "total_rain_mm": 48.27, "total_rain_in": 1.9 }, { "year": 2021, "month": 7, "avg_high_c": 26.5, "avg_low_c": 11.41, "total_rain_mm": 1.97, "total_rain_in": 0.08 }, { "year": 2021, "month": 8, "avg_high_c": 27.12, "avg_low_c": 12.3, "total_rain_mm": 1.69, "total_rain_in": 0.07 }, { "year": 2021, "month": 9, "avg_high_c": 24.68, "avg_low_c": 9.98, "total_rain_mm": 85.39, "total_rain_in": 3.36 }, { "year": 2021, "month": 10, "avg_high_c": 15.78, "avg_low_c": 6.61, "total_rain_mm": 126.84, "total_rain_in": 4.99 }, { "year": 2021, "month": 11, "avg_high_c": 12.39, "avg_low_c": 4.82, "total_rain_mm": 205.74, "total_rain_in": 8.1 }, { "year": 2021, "month": 12, "avg_high_c": 6.18, "avg_low_c": 1.36, "total_rain_mm": 308.92, "total_rain_in": 12.16 }, { "year": 2022, "month": 1, "avg_high_c": 9.77, "avg_low_c": 1.92, "total_rain_mm": 158.73, "total_rain_in": 6.25 }, { "year": 2022, "month": 2, "avg_high_c": 10.27, "avg_low_c": 1.55, "total_rain_mm": 85.78, "total_rain_in": 3.38 }, { "year": 2022, "month": 3, "avg_high_c": 12.11, "avg_low_c": 3.66, "total_rain_mm": 115.37, "total_rain_in": 4.54 }, { "year": 2022, "month": 4, "avg_high_c": 11.74, "avg_low_c": 2.97, "total_rain_mm": 181.66, "total_rain_in": 7.15 }, { "year": 2022, "month": 5, "avg_high_c": 15.02, "avg_low_c": 6.09, "total_rain_mm": 173.68, "total_rain_in": 6.84 }, { "year": 2022, "month": 6, "avg_high_c": 20.05, "avg_low_c": 9.46, "total_rain_mm": 102.97, "total_rain_in": 4.05 }, { "year": 2022, "month": 7, "avg_high_c": 24.84, "avg_low_c": 12.19, "total_rain_mm": 7.17, "total_rain_in": 0.28 }, { "year": 2022, "month": 8, "avg_high_c": 26.1, "avg_low_c": 12.91, "total_rain_mm": 2.85, "total_rain_in": 0.11 }, { "year": 2022, "month": 9, "avg_high_c": 24.47, "avg_low_c": 11.0, "total_rain_mm": 8.81, "total_rain_in": 0.35 }, { "year": 2022, "month": 10, "avg_high_c": 21.37, "avg_low_c": 8.75, "total_rain_mm": 58.08, "total_rain_in": 2.29 }, { "year": 2022, "month": 11, "avg_high_c": 9.79, "avg_low_c": 0.95, "total_rain_mm": 178.0, "total_rain_in": 7.01 }, { "year": 2022, "month": 12, "avg_high_c": 7.87, "avg_low_c": 1.37, "total_rain_mm": 195.13, "total_rain_in": 7.68 }, { "year": 2023, "month": 1, "avg_high_c": 8.03, "avg_low_c": 1.69, "total_rain_mm": 125.73, "total_rain_in": 4.95 }, { "year": 2023, "month": 2, "avg_high_c": 7.67, "avg_low_c": 0.08, "total_rain_mm": 120.26, "total_rain_in": 4.73 }, { "year": 2023, "month": 3, "avg_high_c": 8.6, "avg_low_c": 0.45, "total_rain_mm": 204.35, "total_rain_in": 8.05 }, { "year": 2023, "month": 4, "avg_high_c": 12.24, "avg_low_c": 3.7, "total_rain_mm": 183.89, "total_rain_in": 7.24 }, { "year": 2023, "month": 5, "avg_high_c": 19.84, "avg_low_c": 8.26, "total_rain_mm": 19.98, "total_rain_in": 0.79 }, { "year": 2023, "month": 6, "avg_high_c": 21.61, "avg_low_c": 8.67, "total_rain_mm": 11.98, "total_rain_in": 0.47 }, { "year": 2023, "month": 7, "avg_high_c": 26.14, "avg_low_c": 11.26, "total_rain_mm": 1.1, "total_rain_in": 0.04 }, { "year": 2023, "month": 8, "avg_high_c": 28.47, "avg_low_c": 13.2, "total_rain_mm": 15.84, "total_rain_in": 0.62 }, { "year": 2023, "month": 9, "avg_high_c": 23.69, "avg_low_c": 10.6, "total_rain_mm": 69.32, "total_rain_in": 2.73 }, { "year": 2023, "month": 10, "avg_high_c": 18.08, "avg_low_c": 7.62, "total_rain_mm": 112.67, "total_rain_in": 4.44 }, { "year": 2023, "month": 11, "avg_high_c": 12.32, "avg_low_c": 3.76, "total_rain_mm": 171.73, "total_rain_in": 6.76 }, { "year": 2023, "month": 12, "avg_high_c": 10.81, "avg_low_c": 4.63, "total_rain_mm": 291.62, "total_rain_in": 11.48 }, { "year": 2024, "month": 1, "avg_high_c": 9.42, "avg_low_c": 4.06, "total_rain_mm": 392.13, "total_rain_in": 15.44 }, { "year": 2024, "month": 2, "avg_high_c": 10.23, "avg_low_c": 3.33, "total_rain_mm": 199.65, "total_rain_in": 7.86 }, { "year": 2024, "month": 3, "avg_high_c": 11.63, "avg_low_c": 2.94, "total_rain_mm": 178.34, "total_rain_in": 7.02 }, { "year": 2024, "month": 4, "avg_high_c": 14.12, "avg_low_c": 4.3, "total_rain_mm": 93.08, "total_rain_in": 3.66 }, { "year": 2024, "month": 5, "avg_high_c": 17.1, "avg_low_c": 6.17, "total_rain_mm": 106.35, "total_rain_in": 4.19 }, { "year": 2024, "month": 6, "avg_high_c": 20.44, "avg_low_c": 9.21, "total_rain_mm": 57.73, "total_rain_in": 2.27 }, { "year": 2024, "month": 7, "avg_high_c": 26.3, "avg_low_c": 11.94, "total_rain_mm": 5.44, "total_rain_in": 0.21 }, { "year": 2024, "month": 8, "avg_high_c": 25.26, "avg_low_c": 12.04, "total_rain_mm": 20.57, "total_rain_in": 0.81 }, { "year": 2024, "month": 9, "avg_high_c": 24.25, "avg_low_c": 10.86, "total_rain_mm": 34.03, "total_rain_in": 1.34 }, { "year": 2024, "month": 10, "avg_high_c": 18.82, "avg_low_c": 7.09, "total_rain_mm": 123.02, "total_rain_in": 4.84 }, { "year": 2024, "month": 11, "avg_high_c": 10.25, "avg_low_c": 4.12, "total_rain_mm": 316.42, "total_rain_in": 12.46 }, { "year": 2024, "month": 12, "avg_high_c": 9.56, "avg_low_c": 3.41, "total_rain_mm": 301.4, "total_rain_in": 11.87 }, { "year": 2025, "month": 1, "avg_high_c": 8.3, "avg_low_c": 0.38, "total_rain_mm": 131.61, "total_rain_in": 5.18 }, { "year": 2025, "month": 2, "avg_high_c": 8.57, "avg_low_c": 1.98, "total_rain_mm": 208.24, "total_rain_in": 8.2 }, { "year": 2025, "month": 3, "avg_high_c": 11.43, "avg_low_c": 4.26, "total_rain_mm": 258.95, "total_rain_in": 10.19 }, { "year": 2025, "month": 4, "avg_high_c": 15.68, "avg_low_c": 4.55, "total_rain_mm": 62.07, "total_rain_in": 2.44 }, { "year": 2025, "month": 5, "avg_high_c": 17.55, "avg_low_c": 6.39, "total_rain_mm": 43.47, "total_rain_in": 1.71 }, { "year": 2025, "month": 6, "avg_high_c": 21.52, "avg_low_c": 9.24, "total_rain_mm": 31.15, "total_rain_in": 1.23 }, { "year": 2025, "month": 7, "avg_high_c": 25.74, "avg_low_c": 11.48, "total_rain_mm": 0.4, "total_rain_in": 0.02 }, { "year": 2025, "month": 8, "avg_high_c": 28.03, "avg_low_c": 13.28, "total_rain_mm": 12.83, "total_rain_in": 0.51 }, { "year": 2025, "month": 9, "avg_high_c": 24.93, "avg_low_c": 11.27, "total_rain_mm": 48.46, "total_rain_in": 1.91 }, { "year": 2025, "month": 10, "avg_high_c": 15.99, "avg_low_c": 6.03, "total_rain_mm": 137.17, "total_rain_in": 5.4 }, { "year": 2025, "month": 11, "avg_high_c": 12.27, "avg_low_c": 5.4, "total_rain_mm": 167.03, "total_rain_in": 6.58 }, { "year": 2025, "month": 12, "avg_high_c": 10.32, "avg_low_c": 4.3, "total_rain_mm": 310.36, "total_rain_in": 12.22 } ] }, "geometry": { "type": "MultiPolygon", "coordinates": [ [ [ [ -123.188059874408381, 44.561914072460837 ], [ -123.187431053743879, 44.561914071669761 ], [ -123.18743105388856, 44.561285250978415 ], [ -123.187071727871029, 44.561285251752132 ], [ -123.187071727048306, 44.561554746489819 ], [ -123.186442906663828, 44.561554746366141 ], [ -123.186173412518528, 44.561554746145099 ], [ -123.186173411918148, 44.560297105127994 ], [ -123.186442906248999, 44.560297105196973 ], [ -123.186442906444881, 44.560027609977098 ], [ -123.189317515236141, 44.56002760980833 ], [ -123.18967684213726, 44.560297104900116 ], [ -123.189676842085802, 44.56092592485485 ], [ -123.18967684205505, 44.562542892357243 ], [ -123.189317516047254, 44.562542893093031 ], [ -123.189317515961946, 44.562183566599202 ], [ -123.188688694642281, 44.562183566662803 ], [ -123.188059874408381, 44.561914072460837 ] ] ] ] } },
{ "type": "Feature", "properties": { "field_id": "WV_AG_004", "lat": 44.347487546536044, "lon": -123.03216883584248, "area_acres": 31.800260117091401, "crop_code": 24, "cdl_crop": "Winter Wheat", "crop_dominant_pct": 91.5, "soil_muname": "Holcomb silt loam", "soil_drainage": "Somewhat poorly drained", "soil_clay_pct": 22.5, "soil_sand_pct": 24.8, "soil_silt_pct": 52.7, "soil_om_pct": 4.0, "soil_ph": 6.1, "soil_cec": 22.5, "soil_depth_cm": 0.0, "weather_monthly": [ { "year": 2020, "month": 1, "avg_high_c": 8.29, "avg_low_c": 3.45, "total_rain_mm": 335.74, "total_rain_in": 13.22 }, { "year": 2020, "month": 2, "avg_high_c": 9.41, "avg_low_c": 1.31, "total_rain_mm": 106.13, "total_rain_in": 4.18 }, { "year": 2020, "month": 3, "avg_high_c": 10.89, "avg_low_c": 1.82, "total_rain_mm": 122.53, "total_rain_in": 4.82 }, { "year": 2020, "month": 4, "avg_high_c": 15.33, "avg_low_c": 4.78, "total_rain_mm": 69.14, "total_rain_in": 2.72 }, { "year": 2020, "month": 5, "avg_high_c": 17.79, "avg_low_c": 7.72, "total_rain_mm": 134.18, "total_rain_in": 5.28 }, { "year": 2020, "month": 6, "avg_high_c": 19.47, "avg_low_c": 9.28, "total_rain_mm": 75.69, "total_rain_in": 2.98 }, { "year": 2020, "month": 7, "avg_high_c": 23.62, "avg_low_c": 10.84, "total_rain_mm": 1.22, "total_rain_in": 0.05 }, { "year": 2020, "month": 8, "avg_high_c": 25.28, "avg_low_c": 10.98, "total_rain_mm": 2.78, "total_rain_in": 0.11 }, { "year": 2020, "month": 9, "avg_high_c": 24.88, "avg_low_c": 11.82, "total_rain_mm": 72.75, "total_rain_in": 2.86 }, { "year": 2020, "month": 10, "avg_high_c": 18.05, "avg_low_c": 6.83, "total_rain_mm": 69.47, "total_rain_in": 2.74 }, { "year": 2020, "month": 11, "avg_high_c": 10.89, "avg_low_c": 2.86, "total_rain_mm": 232.5, "total_rain_in": 9.15 }, { "year": 2020, "month": 12, "avg_high_c": 9.48, "avg_low_c": 1.8, "total_rain_mm": 218.39, "total_rain_in": 8.6 }, { "year": 2021, "month": 1, "avg_high_c": 8.91, "avg_low_c": 2.45, "total_rain_mm": 254.08, "total_rain_in": 10.0 }, { "year": 2021, "month": 2, "avg_high_c": 7.83, "avg_low_c": 1.9, "total_rain_mm": 199.0, "total_rain_in": 7.83 }, { "year": 2021, "month": 3, "avg_high_c": 11.03, "avg_low_c": 1.41, "total_rain_mm": 76.2, "total_rain_in": 3.0 }, { "year": 2021, "month": 4, "avg_high_c": 16.03, "avg_low_c": 3.49, "total_rain_mm": 26.64, "total_rain_in": 1.05 }, { "year": 2021, "month": 5, "avg_high_c": 17.61, "avg_low_c": 6.63, "total_rain_mm": 32.61, "total_rain_in": 1.28 }, { "year": 2021, "month": 6, "avg_high_c": 23.31, "avg_low_c": 10.75, "total_rain_mm": 48.27, "total_rain_in": 1.9 }, { "year": 2021, "month": 7, "avg_high_c": 26.5, "avg_low_c": 11.41, "total_rain_mm": 1.97, "total_rain_in": 0.08 }, { "year": 2021, "month": 8, "avg_high_c": 27.12, "avg_low_c": 12.3, "total_rain_mm": 1.69, "total_rain_in": 0.07 }, { "year": 2021, "month": 9, "avg_high_c": 24.68, "avg_low_c": 9.98, "total_rain_mm": 85.39, "total_rain_in": 3.36 }, { "year": 2021, "month": 10, "avg_high_c": 15.78, "avg_low_c": 6.61, "total_rain_mm": 126.84, "total_rain_in": 4.99 }, { "year": 2021, "month": 11, "avg_high_c": 12.39, "avg_low_c": 4.82, "total_rain_mm": 205.74, "total_rain_in": 8.1 }, { "year": 2021, "month": 12, "avg_high_c": 6.18, "avg_low_c": 1.36, "total_rain_mm": 308.92, "total_rain_in": 12.16 }, { "year": 2022, "month": 1, "avg_high_c": 9.77, "avg_low_c": 1.92, "total_rain_mm": 158.73, "total_rain_in": 6.25 }, { "year": 2022, "month": 2, "avg_high_c": 10.27, "avg_low_c": 1.55, "total_rain_mm": 85.78, "total_rain_in": 3.38 }, { "year": 2022, "month": 3, "avg_high_c": 12.11, "avg_low_c": 3.66, "total_rain_mm": 115.37, "total_rain_in": 4.54 }, { "year": 2022, "month": 4, "avg_high_c": 11.74, "avg_low_c": 2.97, "total_rain_mm": 181.66, "total_rain_in": 7.15 }, { "year": 2022, "month": 5, "avg_high_c": 15.02, "avg_low_c": 6.09, "total_rain_mm": 173.68, "total_rain_in": 6.84 }, { "year": 2022, "month": 6, "avg_high_c": 20.05, "avg_low_c": 9.46, "total_rain_mm": 102.97, "total_rain_in": 4.05 }, { "year": 2022, "month": 7, "avg_high_c": 24.84, "avg_low_c": 12.19, "total_rain_mm": 7.17, "total_rain_in": 0.28 }, { "year": 2022, "month": 8, "avg_high_c": 26.1, "avg_low_c": 12.91, "total_rain_mm": 2.85, "total_rain_in": 0.11 }, { "year": 2022, "month": 9, "avg_high_c": 24.47, "avg_low_c": 11.0, "total_rain_mm": 8.81, "total_rain_in": 0.35 }, { "year": 2022, "month": 10, "avg_high_c": 21.37, "avg_low_c": 8.75, "total_rain_mm": 58.08, "total_rain_in": 2.29 }, { "year": 2022, "month": 11, "avg_high_c": 9.79, "avg_low_c": 0.95, "total_rain_mm": 178.0, "total_rain_in": 7.01 }, { "year": 2022, "month": 12, "avg_high_c": 7.87, "avg_low_c": 1.37, "total_rain_mm": 195.13, "total_rain_in": 7.68 }, { "year": 2023, "month": 1, "avg_high_c": 8.03, "avg_low_c": 1.69, "total_rain_mm": 125.73, "total_rain_in": 4.95 }, { "year": 2023, "month": 2, "avg_high_c": 7.67, "avg_low_c": 0.08, "total_rain_mm": 120.26, "total_rain_in": 4.73 }, { "year": 2023, "month": 3, "avg_high_c": 8.6, "avg_low_c": 0.45, "total_rain_mm": 204.35, "total_rain_in": 8.05 }, { "year": 2023, "month": 4, "avg_high_c": 12.24, "avg_low_c": 3.7, "total_rain_mm": 183.89, "total_rain_in": 7.24 }, { "year": 2023, "month": 5, "avg_high_c": 19.84, "avg_low_c": 8.26, "total_rain_mm": 19.98, "total_rain_in": 0.79 }, { "year": 2023, "month": 6, "avg_high_c": 21.61, "avg_low_c": 8.67, "total_rain_mm": 11.98, "total_rain_in": 0.47 }, { "year": 2023, "month": 7, "avg_high_c": 26.14, "avg_low_c": 11.26, "total_rain_mm": 1.1, "total_rain_in": 0.04 }, { "year": 2023, "month": 8, "avg_high_c": 28.47, "avg_low_c": 13.2, "total_rain_mm": 15.84, "total_rain_in": 0.62 }, { "year": 2023, "month": 9, "avg_high_c": 23.69, "avg_low_c": 10.6, "total_rain_mm": 69.32, "total_rain_in": 2.73 }, { "year": 2023, "month": 10, "avg_high_c": 18.08, "avg_low_c": 7.62, "total_rain_mm": 112.67, "total_rain_in": 4.44 }, { "year": 2023, "month": 11, "avg_high_c": 12.32, "avg_low_c": 3.76, "total_rain_mm": 171.73, "total_rain_in": 6.76 }, { "year": 2023, "month": 12, "avg_high_c": 10.81, "avg_low_c": 4.63, "total_rain_mm": 291.62, "total_rain_in": 11.48 }, { "year": 2024, "month": 1, "avg_high_c": 9.42, "avg_low_c": 4.06, "total_rain_mm": 392.13, "total_rain_in": 15.44 }, { "year": 2024, "month": 2, "avg_high_c": 10.23, "avg_low_c": 3.33, "total_rain_mm": 199.65, "total_rain_in": 7.86 }, { "year": 2024, "month": 3, "avg_high_c": 11.63, "avg_low_c": 2.94, "total_rain_mm": 178.34, "total_rain_in": 7.02 }, { "year": 2024, "month": 4, "avg_high_c": 14.12, "avg_low_c": 4.3, "total_rain_mm": 93.08, "total_rain_in": 3.66 }, { "year": 2024, "month": 5, "avg_high_c": 17.1, "avg_low_c": 6.17, "total_rain_mm": 106.35, "total_rain_in": 4.19 }, { "year": 2024, "month": 6, "avg_high_c": 20.44, "avg_low_c": 9.21, "total_rain_mm": 57.73, "total_rain_in": 2.27 }, { "year": 2024, "month": 7, "avg_high_c": 26.3, "avg_low_c": 11.94, "total_rain_mm": 5.44, "total_rain_in": 0.21 }, { "year": 2024, "month": 8, "avg_high_c": 25.26, "avg_low_c": 12.04, "total_rain_mm": 20.57, "total_rain_in": 0.81 }, { "year": 2024, "month": 9, "avg_high_c": 24.25, "avg_low_c": 10.86, "total_rain_mm": 34.03, "total_rain_in": 1.34 }, { "year": 2024, "month": 10, "avg_high_c": 18.82, "avg_low_c": 7.09, "total_rain_mm": 123.02, "total_rain_in": 4.84 }, { "year": 2024, "month": 11, "avg_high_c": 10.25, "avg_low_c": 4.12, "total_rain_mm": 316.42, "total_rain_in": 12.46 }, { "year": 2024, "month": 12, "avg_high_c": 9.56, "avg_low_c": 3.41, "total_rain_mm": 301.4, "total_rain_in": 11.87 }, { "year": 2025, "month": 1, "avg_high_c": 8.3, "avg_low_c": 0.38, "total_rain_mm": 131.61, "total_rain_in": 5.18 }, { "year": 2025, "month": 2, "avg_high_c": 8.57, "avg_low_c": 1.98, "total_rain_mm": 208.24, "total_rain_in": 8.2 }, { "year": 2025, "month": 3, "avg_high_c": 11.43, "avg_low_c": 4.26, "total_rain_mm": 258.95, "total_rain_in": 10.19 }, { "year": 2025, "month": 4, "avg_high_c": 15.68, "avg_low_c": 4.55, "total_rain_mm": 62.07, "total_rain_in": 2.44 }, { "year": 2025, "month": 5, "avg_high_c": 17.55, "avg_low_c": 6.39, "total_rain_mm": 43.47, "total_rain_in": 1.71 }, { "year": 2025, "month": 6, "avg_high_c": 21.52, "avg_low_c": 9.24, "total_rain_mm": 31.15, "total_rain_in": 1.23 }, { "year": 2025, "month": 7, "avg_high_c": 25.74, "avg_low_c": 11.48, "total_rain_mm": 0.4, "total_rain_in": 0.02 }, { "year": 2025, "month": 8, "avg_high_c": 28.03, "avg_low_c": 13.28, "total_rain_mm": 12.83, "total_rain_in": 0.51 }, { "year": 2025, "month": 9, "avg_high_c": 24.93, "avg_low_c": 11.27, "total_rain_mm": 48.46, "total_rain_in": 1.91 }, { "year": 2025, "month": 10, "avg_high_c": 15.99, "avg_low_c": 6.03, "total_rain_mm": 137.17, "total_rain_in": 5.4 }, { "year": 2025, "month": 11, "avg_high_c": 12.27, "avg_low_c": 5.4, "total_rain_mm": 167.03, "total_rain_in": 6.58 }, { "year": 2025, "month": 12, "avg_high_c": 10.32, "avg_low_c": 4.3, "total_rain_mm": 310.36, "total_rain_in": 12.22 } ] }, "geometry": { "type": "MultiPolygon", "coordinates": [ [ [ [ -123.033467739860853, 44.348794367255572 ], [ -123.033467739653204, 44.348435040760052 ], [ -123.033737234090395, 44.348435041270363 ], [ -123.033737234372524, 44.34816554625997 ], [ -123.034096560705507, 44.348165546330733 ], [ -123.034366054637928, 44.347806220257944 ], [ -123.034096561139961, 44.347806220410362 ], [ -123.034096561201054, 44.347536725500184 ], [ -123.033737234226024, 44.3475367253237 ], [ -123.033737233943924, 44.34780621998204 ], [ -123.032479592463986, 44.347806219893009 ], [ -123.03247959296958, 44.348165546634341 ], [ -123.032838919097813, 44.348165546400715 ], [ -123.032838918866787, 44.348435040655595 ], [ -123.032210098285006, 44.348435041279615 ], [ -123.03185077264169, 44.348435041287701 ], [ -123.031491445888776, 44.348794366781782 ], [ -123.031491445986404, 44.349153693253562 ], [ -123.030862625184923, 44.349153693651282 ], [ -123.030862625652418, 44.348794366821863 ], [ -123.030233805267684, 44.348794366729088 ], [ -123.029964310164473, 44.348794367385885 ], [ -123.029335489984291, 44.348794366749352 ], [ -123.028976163300086, 44.348435040988804 ], [ -123.028706668673664, 44.348165546648964 ], [ -123.028706669016856, 44.347177399111906 ], [ -123.02897616408039, 44.346458747048374 ], [ -123.029284784027382, 44.34640804165776 ], [ -123.029964309971405, 44.346368915654182 ], [ -123.030233804943464, 44.34636891581863 ], [ -123.031221951886934, 44.346368916076564 ], [ -123.032210097821689, 44.346548578463135 ], [ -123.03310841375577, 44.346548578891621 ], [ -123.034366055639978, 44.346368915415539 ], [ -123.034994875986754, 44.346368915623891 ], [ -123.035623696185311, 44.346368915699372 ], [ -123.036611843820324, 44.346368916028965 ], [ -123.03661184370263, 44.346548578386553 ], [ -123.036342348506196, 44.346907905309472 ], [ -123.035983022392685, 44.346907905162396 ], [ -123.03598302333522, 44.347806220308627 ], [ -123.035354202231574, 44.347806220272268 ], [ -123.034994875535418, 44.348165546215526 ], [ -123.03472538078131, 44.348435040570401 ], [ -123.034725380911937, 44.348794366602512 ], [ -123.033467739860853, 44.348794367255572 ] ], [ [ -123.033467739530153, 44.347177400012178 ], [ -123.033467740530455, 44.346907904844528 ], [ -123.032838919568974, 44.346907904926375 ], [ -123.032838919690931, 44.347177399338534 ], [ -123.033467739530153, 44.347177400012178 ] ], [ [ -123.032210098849134, 44.347177399645084 ], [ -123.032210098459259, 44.346907904875302 ], [ -123.031850772959913, 44.346907904671696 ], [ -123.031850771921654, 44.347177399441463 ], [ -123.032210098849134, 44.347177399645084 ] ] ] ] } },
{ "type": "Feature", "properties": { "field_id": "WV_AG_005", "lat": 45.077271069875806, "lon": -122.76980725623731, "area_acres": 21.707181450870799, "crop_code": 37, "cdl_crop": "Other Hay", "crop_dominant_pct": 80.2, "soil_muname": "Willamette silt loam, 3 to 12 percent slopes", "soil_drainage": "Well drained", "soil_clay_pct": 23.5, "soil_sand_pct": 7.0, "soil_silt_pct": 69.5, "soil_om_pct": 4.0, "soil_ph": 6.1, "soil_cec": 17.5, "soil_depth_cm": 0.0, "weather_monthly": [ { "year": 2020, "month": 1, "avg_high_c": 5.81, "avg_low_c": 2.03, "total_rain_mm": 359.92, "total_rain_in": 14.17 }, { "year": 2020, "month": 2, "avg_high_c": 6.99, "avg_low_c": 0.03, "total_rain_mm": 156.24, "total_rain_in": 6.15 }, { "year": 2020, "month": 3, "avg_high_c": 8.24, "avg_low_c": 0.2, "total_rain_mm": 144.29, "total_rain_in": 5.68 }, { "year": 2020, "month": 4, "avg_high_c": 13.32, "avg_low_c": 3.73, "total_rain_mm": 83.54, "total_rain_in": 3.29 }, { "year": 2020, "month": 5, "avg_high_c": 16.34, "avg_low_c": 6.92, "total_rain_mm": 155.36, "total_rain_in": 6.12 }, { "year": 2020, "month": 6, "avg_high_c": 17.93, "avg_low_c": 8.84, "total_rain_mm": 126.7, "total_rain_in": 4.99 }, { "year": 2020, "month": 7, "avg_high_c": 24.27, "avg_low_c": 11.44, "total_rain_mm": 6.27, "total_rain_in": 0.25 }, { "year": 2020, "month": 8, "avg_high_c": 26.48, "avg_low_c": 11.41, "total_rain_mm": 6.86, "total_rain_in": 0.27 }, { "year": 2020, "month": 9, "avg_high_c": 24.68, "avg_low_c": 11.64, "total_rain_mm": 74.35, "total_rain_in": 2.93 }, { "year": 2020, "month": 10, "avg_high_c": 16.8, "avg_low_c": 6.5, "total_rain_mm": 130.57, "total_rain_in": 5.14 }, { "year": 2020, "month": 11, "avg_high_c": 8.61, "avg_low_c": 1.9, "total_rain_mm": 281.72, "total_rain_in": 11.09 }, { "year": 2020, "month": 12, "avg_high_c": 7.65, "avg_low_c": 1.25, "total_rain_mm": 259.29, "total_rain_in": 10.21 }, { "year": 2021, "month": 1, "avg_high_c": 6.98, "avg_low_c": 1.34, "total_rain_mm": 261.43, "total_rain_in": 10.29 }, { "year": 2021, "month": 2, "avg_high_c": 4.47, "avg_low_c": 0.24, "total_rain_mm": 269.97, "total_rain_in": 10.63 }, { "year": 2021, "month": 3, "avg_high_c": 9.28, "avg_low_c": 0.48, "total_rain_mm": 92.81, "total_rain_in": 3.65 }, { "year": 2021, "month": 4, "avg_high_c": 14.09, "avg_low_c": 2.76, "total_rain_mm": 31.72, "total_rain_in": 1.25 }, { "year": 2021, "month": 5, "avg_high_c": 16.27, "avg_low_c": 6.07, "total_rain_mm": 61.46, "total_rain_in": 2.42 }, { "year": 2021, "month": 6, "avg_high_c": 24.04, "avg_low_c": 11.21, "total_rain_mm": 49.22, "total_rain_in": 1.94 }, { "year": 2021, "month": 7, "avg_high_c": 28.38, "avg_low_c": 12.51, "total_rain_mm": 1.03, "total_rain_in": 0.04 }, { "year": 2021, "month": 8, "avg_high_c": 27.64, "avg_low_c": 12.44, "total_rain_mm": 4.68, "total_rain_in": 0.18 }, { "year": 2021, "month": 9, "avg_high_c": 23.59, "avg_low_c": 9.74, "total_rain_mm": 114.11, "total_rain_in": 4.49 }, { "year": 2021, "month": 10, "avg_high_c": 13.46, "avg_low_c": 5.2, "total_rain_mm": 156.64, "total_rain_in": 6.17 }, { "year": 2021, "month": 11, "avg_high_c": 10.34, "avg_low_c": 4.21, "total_rain_mm": 274.71, "total_rain_in": 10.82 }, { "year": 2021, "month": 12, "avg_high_c": 3.78, "avg_low_c": -0.31, "total_rain_mm": 350.28, "total_rain_in": 13.79 }, { "year": 2022, "month": 1, "avg_high_c": 8.06, "avg_low_c": 1.23, "total_rain_mm": 225.32, "total_rain_in": 8.87 }, { "year": 2022, "month": 2, "avg_high_c": 8.05, "avg_low_c": 0.03, "total_rain_mm": 107.61, "total_rain_in": 4.24 }, { "year": 2022, "month": 3, "avg_high_c": 10.15, "avg_low_c": 2.61, "total_rain_mm": 151.02, "total_rain_in": 5.95 }, { "year": 2022, "month": 4, "avg_high_c": 9.2, "avg_low_c": 1.3, "total_rain_mm": 229.03, "total_rain_in": 9.02 }, { "year": 2022, "month": 5, "avg_high_c": 13.16, "avg_low_c": 5.08, "total_rain_mm": 234.81, "total_rain_in": 9.24 }, { "year": 2022, "month": 6, "avg_high_c": 18.67, "avg_low_c": 8.78, "total_rain_mm": 164.65, "total_rain_in": 6.48 }, { "year": 2022, "month": 7, "avg_high_c": 25.12, "avg_low_c": 12.9, "total_rain_mm": 12.17, "total_rain_in": 0.48 }, { "year": 2022, "month": 8, "avg_high_c": 29.06, "avg_low_c": 13.57, "total_rain_mm": 2.79, "total_rain_in": 0.11 }, { "year": 2022, "month": 9, "avg_high_c": 25.76, "avg_low_c": 11.09, "total_rain_mm": 17.6, "total_rain_in": 0.69 }, { "year": 2022, "month": 10, "avg_high_c": 21.87, "avg_low_c": 9.05, "total_rain_mm": 105.7, "total_rain_in": 4.16 }, { "year": 2022, "month": 11, "avg_high_c": 7.14, "avg_low_c": 0.32, "total_rain_mm": 242.69, "total_rain_in": 9.55 }, { "year": 2022, "month": 12, "avg_high_c": 5.01, "avg_low_c": 0.13, "total_rain_mm": 239.46, "total_rain_in": 9.43 }, { "year": 2023, "month": 1, "avg_high_c": 6.39, "avg_low_c": 0.82, "total_rain_mm": 121.96, "total_rain_in": 4.8 }, { "year": 2023, "month": 2, "avg_high_c": 5.15, "avg_low_c": -1.05, "total_rain_mm": 146.96, "total_rain_in": 5.79 }, { "year": 2023, "month": 3, "avg_high_c": 5.83, "avg_low_c": -0.97, "total_rain_mm": 208.72, "total_rain_in": 8.22 }, { "year": 2023, "month": 4, "avg_high_c": 10.03, "avg_low_c": 2.47, "total_rain_mm": 208.63, "total_rain_in": 8.21 }, { "year": 2023, "month": 5, "avg_high_c": 18.49, "avg_low_c": 8.23, "total_rain_mm": 39.53, "total_rain_in": 1.56 }, { "year": 2023, "month": 6, "avg_high_c": 20.7, "avg_low_c": 8.66, "total_rain_mm": 27.84, "total_rain_in": 1.1 }, { "year": 2023, "month": 7, "avg_high_c": 27.74, "avg_low_c": 12.12, "total_rain_mm": 2.53, "total_rain_in": 0.1 }, { "year": 2023, "month": 8, "avg_high_c": 28.71, "avg_low_c": 13.39, "total_rain_mm": 25.38, "total_rain_in": 1.0 }, { "year": 2023, "month": 9, "avg_high_c": 22.44, "avg_low_c": 9.97, "total_rain_mm": 69.83, "total_rain_in": 2.75 }, { "year": 2023, "month": 10, "avg_high_c": 17.1, "avg_low_c": 6.69, "total_rain_mm": 132.51, "total_rain_in": 5.22 }, { "year": 2023, "month": 11, "avg_high_c": 10.75, "avg_low_c": 3.03, "total_rain_mm": 202.29, "total_rain_in": 7.96 }, { "year": 2023, "month": 12, "avg_high_c": 9.57, "avg_low_c": 3.84, "total_rain_mm": 316.81, "total_rain_in": 12.47 }, { "year": 2024, "month": 1, "avg_high_c": 6.31, "avg_low_c": 1.57, "total_rain_mm": 421.31, "total_rain_in": 16.59 }, { "year": 2024, "month": 2, "avg_high_c": 7.68, "avg_low_c": 1.43, "total_rain_mm": 222.12, "total_rain_in": 8.74 }, { "year": 2024, "month": 3, "avg_high_c": 9.44, "avg_low_c": 1.78, "total_rain_mm": 169.03, "total_rain_in": 6.65 }, { "year": 2024, "month": 4, "avg_high_c": 12.13, "avg_low_c": 3.07, "total_rain_mm": 116.57, "total_rain_in": 4.59 }, { "year": 2024, "month": 5, "avg_high_c": 15.29, "avg_low_c": 5.39, "total_rain_mm": 143.39, "total_rain_in": 5.65 }, { "year": 2024, "month": 6, "avg_high_c": 19.39, "avg_low_c": 8.93, "total_rain_mm": 89.0, "total_rain_in": 3.5 }, { "year": 2024, "month": 7, "avg_high_c": 28.25, "avg_low_c": 13.13, "total_rain_mm": 9.04, "total_rain_in": 0.36 }, { "year": 2024, "month": 8, "avg_high_c": 26.69, "avg_low_c": 12.07, "total_rain_mm": 28.51, "total_rain_in": 1.12 }, { "year": 2024, "month": 9, "avg_high_c": 24.27, "avg_low_c": 10.79, "total_rain_mm": 36.96, "total_rain_in": 1.46 }, { "year": 2024, "month": 10, "avg_high_c": 17.47, "avg_low_c": 6.03, "total_rain_mm": 141.25, "total_rain_in": 5.56 }, { "year": 2024, "month": 11, "avg_high_c": 7.85, "avg_low_c": 2.65, "total_rain_mm": 304.21, "total_rain_in": 11.98 }, { "year": 2024, "month": 12, "avg_high_c": 8.3, "avg_low_c": 2.23, "total_rain_mm": 333.84, "total_rain_in": 13.14 }, { "year": 2025, "month": 1, "avg_high_c": 7.18, "avg_low_c": -0.76, "total_rain_mm": 132.35, "total_rain_in": 5.21 }, { "year": 2025, "month": 2, "avg_high_c": 5.84, "avg_low_c": -0.17, "total_rain_mm": 236.43, "total_rain_in": 9.31 }, { "year": 2025, "month": 3, "avg_high_c": 9.17, "avg_low_c": 2.53, "total_rain_mm": 282.53, "total_rain_in": 11.12 }, { "year": 2025, "month": 4, "avg_high_c": 13.94, "avg_low_c": 3.09, "total_rain_mm": 73.03, "total_rain_in": 2.88 }, { "year": 2025, "month": 5, "avg_high_c": 15.8, "avg_low_c": 5.06, "total_rain_mm": 68.67, "total_rain_in": 2.7 }, { "year": 2025, "month": 6, "avg_high_c": 20.74, "avg_low_c": 8.79, "total_rain_mm": 39.96, "total_rain_in": 1.57 }, { "year": 2025, "month": 7, "avg_high_c": 26.46, "avg_low_c": 11.76, "total_rain_mm": 2.21, "total_rain_in": 0.09 }, { "year": 2025, "month": 8, "avg_high_c": 28.09, "avg_low_c": 13.36, "total_rain_mm": 24.98, "total_rain_in": 0.98 }, { "year": 2025, "month": 9, "avg_high_c": 24.85, "avg_low_c": 11.09, "total_rain_mm": 53.01, "total_rain_in": 2.09 }, { "year": 2025, "month": 10, "avg_high_c": 13.55, "avg_low_c": 4.47, "total_rain_mm": 162.62, "total_rain_in": 6.4 }, { "year": 2025, "month": 11, "avg_high_c": 10.71, "avg_low_c": 4.08, "total_rain_mm": 190.66, "total_rain_in": 7.51 }, { "year": 2025, "month": 12, "avg_high_c": 8.4, "avg_low_c": 3.2, "total_rain_mm": 412.06, "total_rain_in": 16.22 } ] }, "geometry": { "type": "MultiPolygon", "coordinates": [ [ [ [ -122.769875978121107, 45.078440973047677 ], [ -122.769516651305707, 45.078440973672137 ], [ -122.769247157463582, 45.078440974186279 ], [ -122.768887831001635, 45.078440973993281 ], [ -122.768618336291595, 45.078440974360014 ], [ -122.768618336465153, 45.078081647511418 ], [ -122.76825901018924, 45.078081647864167 ], [ -122.767630188908882, 45.078081647868608 ], [ -122.767630189379219, 45.077812152973465 ], [ -122.767360695455807, 45.077812153045407 ], [ -122.767360694651202, 45.077183332265378 ], [ -122.767360694737917, 45.07682400601535 ], [ -122.76736069506795, 45.076554512177154 ], [ -122.767360694801212, 45.076195185601691 ], [ -122.769247156867721, 45.076195185979564 ], [ -122.769875978166397, 45.076195186023767 ], [ -122.771492944886461, 45.076195185405773 ], [ -122.771762439875189, 45.076195185797445 ], [ -122.772121765593695, 45.076554511583602 ], [ -122.772121766203497, 45.076824006329552 ], [ -122.772121766865823, 45.07745282729595 ], [ -122.772121766564865, 45.077812152787395 ], [ -122.772121765599906, 45.078081647726933 ], [ -122.77176243967341, 45.078440973590602 ], [ -122.771133619145473, 45.078440974169894 ], [ -122.769875978121107, 45.078440973047677 ] ] ] ] } },
{ "type": "Feature", "properties": { "field_id": "WV_AG_006", "lat": 45.030907973396538, "lon": -122.70325872683924, "area_acres": 23.165298944041801, "crop_code": 24, "cdl_crop": "Winter Wheat", "crop_dominant_pct": 84.6, "soil_muname": "Nekia silty clay loam, 2 to 7 percent slopes", "soil_drainage": "Well drained", "soil_clay_pct": 35.0, "soil_sand_pct": 16.9, "soil_silt_pct": 48.1, "soil_om_pct": 5.5, "soil_ph": 5.6, "soil_cec": 20.0, "soil_depth_cm": 0.0, "weather_monthly": [ { "year": 2020, "month": 1, "avg_high_c": 5.81, "avg_low_c": 2.03, "total_rain_mm": 359.92, "total_rain_in": 14.17 }, { "year": 2020, "month": 2, "avg_high_c": 6.99, "avg_low_c": 0.03, "total_rain_mm": 156.24, "total_rain_in": 6.15 }, { "year": 2020, "month": 3, "avg_high_c": 8.24, "avg_low_c": 0.2, "total_rain_mm": 144.29, "total_rain_in": 5.68 }, { "year": 2020, "month": 4, "avg_high_c": 13.32, "avg_low_c": 3.73, "total_rain_mm": 83.54, "total_rain_in": 3.29 }, { "year": 2020, "month": 5, "avg_high_c": 16.34, "avg_low_c": 6.92, "total_rain_mm": 155.36, "total_rain_in": 6.12 }, { "year": 2020, "month": 6, "avg_high_c": 17.93, "avg_low_c": 8.84, "total_rain_mm": 126.7, "total_rain_in": 4.99 }, { "year": 2020, "month": 7, "avg_high_c": 24.27, "avg_low_c": 11.44, "total_rain_mm": 6.27, "total_rain_in": 0.25 }, { "year": 2020, "month": 8, "avg_high_c": 26.48, "avg_low_c": 11.41, "total_rain_mm": 6.86, "total_rain_in": 0.27 }, { "year": 2020, "month": 9, "avg_high_c": 24.68, "avg_low_c": 11.64, "total_rain_mm": 74.35, "total_rain_in": 2.93 }, { "year": 2020, "month": 10, "avg_high_c": 16.8, "avg_low_c": 6.5, "total_rain_mm": 130.57, "total_rain_in": 5.14 }, { "year": 2020, "month": 11, "avg_high_c": 8.61, "avg_low_c": 1.9, "total_rain_mm": 281.72, "total_rain_in": 11.09 }, { "year": 2020, "month": 12, "avg_high_c": 7.65, "avg_low_c": 1.25, "total_rain_mm": 259.29, "total_rain_in": 10.21 }, { "year": 2021, "month": 1, "avg_high_c": 6.98, "avg_low_c": 1.34, "total_rain_mm": 261.43, "total_rain_in": 10.29 }, { "year": 2021, "month": 2, "avg_high_c": 4.47, "avg_low_c": 0.24, "total_rain_mm": 269.97, "total_rain_in": 10.63 }, { "year": 2021, "month": 3, "avg_high_c": 9.28, "avg_low_c": 0.48, "total_rain_mm": 92.81, "total_rain_in": 3.65 }, { "year": 2021, "month": 4, "avg_high_c": 14.09, "avg_low_c": 2.76, "total_rain_mm": 31.72, "total_rain_in": 1.25 }, { "year": 2021, "month": 5, "avg_high_c": 16.27, "avg_low_c": 6.07, "total_rain_mm": 61.46, "total_rain_in": 2.42 }, { "year": 2021, "month": 6, "avg_high_c": 24.04, "avg_low_c": 11.21, "total_rain_mm": 49.22, "total_rain_in": 1.94 }, { "year": 2021, "month": 7, "avg_high_c": 28.38, "avg_low_c": 12.51, "total_rain_mm": 1.03, "total_rain_in": 0.04 }, { "year": 2021, "month": 8, "avg_high_c": 27.64, "avg_low_c": 12.44, "total_rain_mm": 4.68, "total_rain_in": 0.18 }, { "year": 2021, "month": 9, "avg_high_c": 23.59, "avg_low_c": 9.74, "total_rain_mm": 114.11, "total_rain_in": 4.49 }, { "year": 2021, "month": 10, "avg_high_c": 13.46, "avg_low_c": 5.2, "total_rain_mm": 156.64, "total_rain_in": 6.17 }, { "year": 2021, "month": 11, "avg_high_c": 10.34, "avg_low_c": 4.21, "total_rain_mm": 274.71, "total_rain_in": 10.82 }, { "year": 2021, "month": 12, "avg_high_c": 3.78, "avg_low_c": -0.31, "total_rain_mm": 350.28, "total_rain_in": 13.79 }, { "year": 2022, "month": 1, "avg_high_c": 8.06, "avg_low_c": 1.23, "total_rain_mm": 225.32, "total_rain_in": 8.87 }, { "year": 2022, "month": 2, "avg_high_c": 8.05, "avg_low_c": 0.03, "total_rain_mm": 107.61, "total_rain_in": 4.24 }, { "year": 2022, "month": 3, "avg_high_c": 10.15, "avg_low_c": 2.61, "total_rain_mm": 151.02, "total_rain_in": 5.95 }, { "year": 2022, "month": 4, "avg_high_c": 9.2, "avg_low_c": 1.3, "total_rain_mm": 229.03, "total_rain_in": 9.02 }, { "year": 2022, "month": 5, "avg_high_c": 13.16, "avg_low_c": 5.08, "total_rain_mm": 234.81, "total_rain_in": 9.24 }, { "year": 2022, "month": 6, "avg_high_c": 18.67, "avg_low_c": 8.78, "total_rain_mm": 164.65, "total_rain_in": 6.48 }, { "year": 2022, "month": 7, "avg_high_c": 25.12, "avg_low_c": 12.9, "total_rain_mm": 12.17, "total_rain_in": 0.48 }, { "year": 2022, "month": 8, "avg_high_c": 29.06, "avg_low_c": 13.57, "total_rain_mm": 2.79, "total_rain_in": 0.11 }, { "year": 2022, "month": 9, "avg_high_c": 25.76, "avg_low_c": 11.09, "total_rain_mm": 17.6, "total_rain_in": 0.69 }, { "year": 2022, "month": 10, "avg_high_c": 21.87, "avg_low_c": 9.05, "total_rain_mm": 105.7, "total_rain_in": 4.16 }, { "year": 2022, "month": 11, "avg_high_c": 7.14, "avg_low_c": 0.32, "total_rain_mm": 242.69, "total_rain_in": 9.55 }, { "year": 2022, "month": 12, "avg_high_c": 5.01, "avg_low_c": 0.13, "total_rain_mm": 239.46, "total_rain_in": 9.43 }, { "year": 2023, "month": 1, "avg_high_c": 6.39, "avg_low_c": 0.82, "total_rain_mm": 121.96, "total_rain_in": 4.8 }, { "year": 2023, "month": 2, "avg_high_c": 5.15, "avg_low_c": -1.05, "total_rain_mm": 146.96, "total_rain_in": 5.79 }, { "year": 2023, "month": 3, "avg_high_c": 5.83, "avg_low_c": -0.97, "total_rain_mm": 208.72, "total_rain_in": 8.22 }, { "year": 2023, "month": 4, "avg_high_c": 10.03, "avg_low_c": 2.47, "total_rain_mm": 208.63, "total_rain_in": 8.21 }, { "year": 2023, "month": 5, "avg_high_c": 18.49, "avg_low_c": 8.23, "total_rain_mm": 39.53, "total_rain_in": 1.56 }, { "year": 2023, "month": 6, "avg_high_c": 20.7, "avg_low_c": 8.66, "total_rain_mm": 27.84, "total_rain_in": 1.1 }, { "year": 2023, "month": 7, "avg_high_c": 27.74, "avg_low_c": 12.12, "total_rain_mm": 2.53, "total_rain_in": 0.1 }, { "year": 2023, "month": 8, "avg_high_c": 28.71, "avg_low_c": 13.39, "total_rain_mm": 25.38, "total_rain_in": 1.0 }, { "year": 2023, "month": 9, "avg_high_c": 22.44, "avg_low_c": 9.97, "total_rain_mm": 69.83, "total_rain_in": 2.75 }, { "year": 2023, "month": 10, "avg_high_c": 17.1, "avg_low_c": 6.69, "total_rain_mm": 132.51, "total_rain_in": 5.22 }, { "year": 2023, "month": 11, "avg_high_c": 10.75, "avg_low_c": 3.03, "total_rain_mm": 202.29, "total_rain_in": 7.96 }, { "year": 2023, "month": 12, "avg_high_c": 9.57, "avg_low_c": 3.84, "total_rain_mm": 316.81, "total_rain_in": 12.47 }, { "year": 2024, "month": 1, "avg_high_c": 6.31, "avg_low_c": 1.57, "total_rain_mm": 421.31, "total_rain_in": 16.59 }, { "year": 2024, "month": 2, "avg_high_c": 7.68, "avg_low_c": 1.43, "total_rain_mm": 222.12, "total_rain_in": 8.74 }, { "year": 2024, "month": 3, "avg_high_c": 9.44, "avg_low_c": 1.78, "total_rain_mm": 169.03, "total_rain_in": 6.65 }, { "year": 2024, "month": 4, "avg_high_c": 12.13, "avg_low_c": 3.07, "total_rain_mm": 116.57, "total_rain_in": 4.59 }, { "year": 2024, "month": 5, "avg_high_c": 15.29, "avg_low_c": 5.39, "total_rain_mm": 143.39, "total_rain_in": 5.65 }, { "year": 2024, "month": 6, "avg_high_c": 19.39, "avg_low_c": 8.93, "total_rain_mm": 89.0, "total_rain_in": 3.5 }, { "year": 2024, "month": 7, "avg_high_c": 28.25, "avg_low_c": 13.13, "total_rain_mm": 9.04, "total_rain_in": 0.36 }, { "year": 2024, "month": 8, "avg_high_c": 26.69, "avg_low_c": 12.07, "total_rain_mm": 28.51, "total_rain_in": 1.12 }, { "year": 2024, "month": 9, "avg_high_c": 24.27, "avg_low_c": 10.79, "total_rain_mm": 36.96, "total_rain_in": 1.46 }, { "year": 2024, "month": 10, "avg_high_c": 17.47, "avg_low_c": 6.03, "total_rain_mm": 141.25, "total_rain_in": 5.56 }, { "year": 2024, "month": 11, "avg_high_c": 7.85, "avg_low_c": 2.65, "total_rain_mm": 304.21, "total_rain_in": 11.98 }, { "year": 2024, "month": 12, "avg_high_c": 8.3, "avg_low_c": 2.23, "total_rain_mm": 333.84, "total_rain_in": 13.14 }, { "year": 2025, "month": 1, "avg_high_c": 7.18, "avg_low_c": -0.76, "total_rain_mm": 132.35, "total_rain_in": 5.21 }, { "year": 2025, "month": 2, "avg_high_c": 5.84, "avg_low_c": -0.17, "total_rain_mm": 236.43, "total_rain_in": 9.31 }, { "year": 2025, "month": 3, "avg_high_c": 9.17, "avg_low_c": 2.53, "total_rain_mm": 282.53, "total_rain_in": 11.12 }, { "year": 2025, "month": 4, "avg_high_c": 13.94, "avg_low_c": 3.09, "total_rain_mm": 73.03, "total_rain_in": 2.88 }, { "year": 2025, "month": 5, "avg_high_c": 15.8, "avg_low_c": 5.06, "total_rain_mm": 68.67, "total_rain_in": 2.7 }, { "year": 2025, "month": 6, "avg_high_c": 20.74, "avg_low_c": 8.79, "total_rain_mm": 39.96, "total_rain_in": 1.57 }, { "year": 2025, "month": 7, "avg_high_c": 26.46, "avg_low_c": 11.76, "total_rain_mm": 2.21, "total_rain_in": 0.09 }, { "year": 2025, "month": 8, "avg_high_c": 28.09, "avg_low_c": 13.36, "total_rain_mm": 24.98, "total_rain_in": 0.98 }, { "year": 2025, "month": 9, "avg_high_c": 24.85, "avg_low_c": 11.09, "total_rain_mm": 53.01, "total_rain_in": 2.09 }, { "year": 2025, "month": 10, "avg_high_c": 13.55, "avg_low_c": 4.47, "total_rain_mm": 162.62, "total_rain_in": 6.4 }, { "year": 2025, "month": 11, "avg_high_c": 10.71, "avg_low_c": 4.08, "total_rain_mm": 190.66, "total_rain_in": 7.51 }, { "year": 2025, "month": 12, "avg_high_c": 8.4, "avg_low_c": 3.2, "total_rain_mm": 412.06, "total_rain_in": 16.22 } ] }, "geometry": { "type": "MultiPolygon", "coordinates": [ [ [ [ -122.701963341955633, 45.02894380139805 ], [ -122.702592162681398, 45.028943801505683 ], [ -122.7025921627028, 45.029213295972063 ], [ -122.703220984565007, 45.029213296225294 ], [ -122.703490478404746, 45.029213296087718 ], [ -122.703490478796439, 45.028943801737149 ], [ -122.704478625449255, 45.028943801821093 ], [ -122.704478625004668, 45.029213296055893 ], [ -122.704209130460271, 45.029213296448731 ], [ -122.70384980504285, 45.029213296624135 ], [ -122.703849804578866, 45.029572622448207 ], [ -122.703849804407042, 45.029842117448126 ], [ -122.704478625015966, 45.029842117013288 ], [ -122.705107445813539, 45.029842117338426 ], [ -122.705466772137569, 45.030201443263493 ], [ -122.705466772860731, 45.030470937933472 ], [ -122.705107445767254, 45.030470937636004 ], [ -122.705107446039676, 45.031459084698568 ], [ -122.705107446190638, 45.031728579056256 ], [ -122.704478625996742, 45.032087905425712 ], [ -122.704478625467047, 45.032716726085447 ], [ -122.703849804143658, 45.032716725853007 ], [ -122.703849805372499, 45.032447231613965 ], [ -122.702861658023423, 45.032447231499255 ], [ -122.702861658068258, 45.032716725604857 ], [ -122.702232837474426, 45.032716726074213 ], [ -122.701963343100104, 45.032447231292849 ], [ -122.701963342661543, 45.032087905272419 ], [ -122.701604016297011, 45.031728579503358 ], [ -122.701334521811603, 45.031728579542438 ], [ -122.701334521682597, 45.032087905622951 ], [ -122.700975195761217, 45.032087905365373 ], [ -122.700705701236373, 45.03172857942446 ], [ -122.700705701453614, 45.031459084852692 ], [ -122.700975195851441, 45.031099757937625 ], [ -122.70259216266389, 45.03109975833496 ], [ -122.702592162994819, 45.030830263531655 ], [ -122.702232836691692, 45.030201443402319 ], [ -122.701963342466385, 45.029842117018319 ], [ -122.701604016504874, 45.029213296077572 ], [ -122.701604016430593, 45.028943801495338 ], [ -122.701963341955633, 45.02894380139805 ] ] ] ] } },
{ "type": "Feature", "properties": { "field_id": "WV_AG_007", "lat": 44.59184494530529, "lon": -122.72686788822712, "area_acres": 87.6324581067163, "crop_code": 24, "cdl_crop": "Winter Wheat", "crop_dominant_pct": 94.1, "soil_muname": "Jory silty clay loam, 2 to 12 percent slopes", "soil_drainage": "Well drained", "soil_clay_pct": 33.5, "soil_sand_pct": 18.7, "soil_silt_pct": 47.8, "soil_om_pct": 4.5, "soil_ph": 5.5, "soil_cec": 17.5, "soil_depth_cm": 0.0, "weather_monthly": [ { "year": 2020, "month": 1, "avg_high_c": 5.34, "avg_low_c": 1.53, "total_rain_mm": 331.85, "total_rain_in": 13.06 }, { "year": 2020, "month": 2, "avg_high_c": 6.98, "avg_low_c": -0.51, "total_rain_mm": 130.43, "total_rain_in": 5.14 }, { "year": 2020, "month": 3, "avg_high_c": 8.36, "avg_low_c": 0.03, "total_rain_mm": 135.36, "total_rain_in": 5.33 }, { "year": 2020, "month": 4, "avg_high_c": 13.21, "avg_low_c": 3.44, "total_rain_mm": 83.57, "total_rain_in": 3.29 }, { "year": 2020, "month": 5, "avg_high_c": 16.56, "avg_low_c": 6.5, "total_rain_mm": 144.92, "total_rain_in": 5.71 }, { "year": 2020, "month": 6, "avg_high_c": 17.83, "avg_low_c": 8.46, "total_rain_mm": 101.1, "total_rain_in": 3.98 }, { "year": 2020, "month": 7, "avg_high_c": 23.71, "avg_low_c": 11.39, "total_rain_mm": 3.85, "total_rain_in": 0.15 }, { "year": 2020, "month": 8, "avg_high_c": 26.32, "avg_low_c": 11.02, "total_rain_mm": 3.46, "total_rain_in": 0.14 }, { "year": 2020, "month": 9, "avg_high_c": 25.14, "avg_low_c": 11.79, "total_rain_mm": 65.4, "total_rain_in": 2.57 }, { "year": 2020, "month": 10, "avg_high_c": 17.19, "avg_low_c": 6.33, "total_rain_mm": 97.35, "total_rain_in": 3.83 }, { "year": 2020, "month": 11, "avg_high_c": 8.43, "avg_low_c": 1.51, "total_rain_mm": 256.94, "total_rain_in": 10.12 }, { "year": 2020, "month": 12, "avg_high_c": 7.61, "avg_low_c": 0.7, "total_rain_mm": 214.88, "total_rain_in": 8.46 }, { "year": 2021, "month": 1, "avg_high_c": 7.13, "avg_low_c": 1.01, "total_rain_mm": 209.14, "total_rain_in": 8.23 }, { "year": 2021, "month": 2, "avg_high_c": 4.32, "avg_low_c": 0.17, "total_rain_mm": 214.13, "total_rain_in": 8.43 }, { "year": 2021, "month": 3, "avg_high_c": 9.09, "avg_low_c": 0.11, "total_rain_mm": 76.7, "total_rain_in": 3.02 }, { "year": 2021, "month": 4, "avg_high_c": 14.26, "avg_low_c": 2.58, "total_rain_mm": 23.45, "total_rain_in": 0.92 }, { "year": 2021, "month": 5, "avg_high_c": 15.84, "avg_low_c": 5.83, "total_rain_mm": 48.27, "total_rain_in": 1.9 }, { "year": 2021, "month": 6, "avg_high_c": 24.15, "avg_low_c": 11.05, "total_rain_mm": 38.73, "total_rain_in": 1.52 }, { "year": 2021, "month": 7, "avg_high_c": 28.64, "avg_low_c": 12.44, "total_rain_mm": 1.51, "total_rain_in": 0.06 }, { "year": 2021, "month": 8, "avg_high_c": 27.8, "avg_low_c": 12.53, "total_rain_mm": 2.44, "total_rain_in": 0.1 }, { "year": 2021, "month": 9, "avg_high_c": 23.79, "avg_low_c": 9.27, "total_rain_mm": 100.22, "total_rain_in": 3.95 }, { "year": 2021, "month": 10, "avg_high_c": 13.87, "avg_low_c": 5.13, "total_rain_mm": 127.35, "total_rain_in": 5.01 }, { "year": 2021, "month": 11, "avg_high_c": 10.36, "avg_low_c": 3.91, "total_rain_mm": 206.13, "total_rain_in": 8.12 }, { "year": 2021, "month": 12, "avg_high_c": 4.04, "avg_low_c": -0.13, "total_rain_mm": 298.43, "total_rain_in": 11.75 }, { "year": 2022, "month": 1, "avg_high_c": 8.25, "avg_low_c": 0.92, "total_rain_mm": 185.77, "total_rain_in": 7.31 }, { "year": 2022, "month": 2, "avg_high_c": 8.79, "avg_low_c": 0.12, "total_rain_mm": 72.84, "total_rain_in": 2.87 }, { "year": 2022, "month": 3, "avg_high_c": 10.23, "avg_low_c": 2.24, "total_rain_mm": 120.32, "total_rain_in": 4.74 }, { "year": 2022, "month": 4, "avg_high_c": 9.22, "avg_low_c": 1.24, "total_rain_mm": 197.88, "total_rain_in": 7.79 }, { "year": 2022, "month": 5, "avg_high_c": 13.16, "avg_low_c": 4.62, "total_rain_mm": 214.96, "total_rain_in": 8.46 }, { "year": 2022, "month": 6, "avg_high_c": 18.84, "avg_low_c": 8.58, "total_rain_mm": 134.24, "total_rain_in": 5.29 }, { "year": 2022, "month": 7, "avg_high_c": 24.73, "avg_low_c": 12.83, "total_rain_mm": 11.42, "total_rain_in": 0.45 }, { "year": 2022, "month": 8, "avg_high_c": 28.62, "avg_low_c": 13.54, "total_rain_mm": 3.08, "total_rain_in": 0.12 }, { "year": 2022, "month": 9, "avg_high_c": 25.45, "avg_low_c": 10.95, "total_rain_mm": 13.25, "total_rain_in": 0.52 }, { "year": 2022, "month": 10, "avg_high_c": 22.04, "avg_low_c": 8.72, "total_rain_mm": 75.26, "total_rain_in": 2.96 }, { "year": 2022, "month": 11, "avg_high_c": 7.52, "avg_low_c": 0.03, "total_rain_mm": 197.87, "total_rain_in": 7.79 }, { "year": 2022, "month": 12, "avg_high_c": 5.2, "avg_low_c": -0.39, "total_rain_mm": 196.97, "total_rain_in": 7.75 }, { "year": 2023, "month": 1, "avg_high_c": 6.16, "avg_low_c": 0.16, "total_rain_mm": 94.78, "total_rain_in": 3.73 }, { "year": 2023, "month": 2, "avg_high_c": 5.62, "avg_low_c": -1.58, "total_rain_mm": 128.77, "total_rain_in": 5.07 }, { "year": 2023, "month": 3, "avg_high_c": 5.46, "avg_low_c": -1.76, "total_rain_mm": 197.43, "total_rain_in": 7.77 }, { "year": 2023, "month": 4, "avg_high_c": 9.79, "avg_low_c": 2.21, "total_rain_mm": 181.29, "total_rain_in": 7.14 }, { "year": 2023, "month": 5, "avg_high_c": 18.55, "avg_low_c": 7.82, "total_rain_mm": 40.93, "total_rain_in": 1.61 }, { "year": 2023, "month": 6, "avg_high_c": 20.75, "avg_low_c": 8.65, "total_rain_mm": 22.49, "total_rain_in": 0.89 }, { "year": 2023, "month": 7, "avg_high_c": 27.63, "avg_low_c": 11.8, "total_rain_mm": 1.24, "total_rain_in": 0.05 }, { "year": 2023, "month": 8, "avg_high_c": 28.58, "avg_low_c": 13.55, "total_rain_mm": 19.34, "total_rain_in": 0.76 }, { "year": 2023, "month": 9, "avg_high_c": 22.5, "avg_low_c": 9.67, "total_rain_mm": 61.6, "total_rain_in": 2.43 }, { "year": 2023, "month": 10, "avg_high_c": 17.22, "avg_low_c": 6.74, "total_rain_mm": 119.12, "total_rain_in": 4.69 }, { "year": 2023, "month": 11, "avg_high_c": 11.08, "avg_low_c": 2.81, "total_rain_mm": 164.18, "total_rain_in": 6.46 }, { "year": 2023, "month": 12, "avg_high_c": 9.43, "avg_low_c": 3.57, "total_rain_mm": 270.37, "total_rain_in": 10.64 }, { "year": 2024, "month": 1, "avg_high_c": 6.52, "avg_low_c": 2.44, "total_rain_mm": 393.39, "total_rain_in": 15.49 }, { "year": 2024, "month": 2, "avg_high_c": 7.69, "avg_low_c": 1.17, "total_rain_mm": 197.0, "total_rain_in": 7.76 }, { "year": 2024, "month": 3, "avg_high_c": 9.19, "avg_low_c": 1.15, "total_rain_mm": 155.25, "total_rain_in": 6.11 }, { "year": 2024, "month": 4, "avg_high_c": 12.0, "avg_low_c": 2.91, "total_rain_mm": 106.26, "total_rain_in": 4.18 }, { "year": 2024, "month": 5, "avg_high_c": 15.17, "avg_low_c": 5.1, "total_rain_mm": 122.01, "total_rain_in": 4.8 }, { "year": 2024, "month": 6, "avg_high_c": 19.09, "avg_low_c": 8.84, "total_rain_mm": 64.13, "total_rain_in": 2.52 }, { "year": 2024, "month": 7, "avg_high_c": 28.15, "avg_low_c": 12.91, "total_rain_mm": 5.29, "total_rain_in": 0.21 }, { "year": 2024, "month": 8, "avg_high_c": 26.36, "avg_low_c": 11.93, "total_rain_mm": 27.54, "total_rain_in": 1.08 }, { "year": 2024, "month": 9, "avg_high_c": 24.42, "avg_low_c": 10.39, "total_rain_mm": 29.22, "total_rain_in": 1.15 }, { "year": 2024, "month": 10, "avg_high_c": 17.58, "avg_low_c": 5.79, "total_rain_mm": 114.89, "total_rain_in": 4.52 }, { "year": 2024, "month": 11, "avg_high_c": 7.83, "avg_low_c": 2.22, "total_rain_mm": 290.92, "total_rain_in": 11.45 }, { "year": 2024, "month": 12, "avg_high_c": 8.11, "avg_low_c": 1.86, "total_rain_mm": 317.7, "total_rain_in": 12.51 }, { "year": 2025, "month": 1, "avg_high_c": 7.36, "avg_low_c": -0.64, "total_rain_mm": 133.62, "total_rain_in": 5.26 }, { "year": 2025, "month": 2, "avg_high_c": 5.74, "avg_low_c": -0.37, "total_rain_mm": 214.01, "total_rain_in": 8.43 }, { "year": 2025, "month": 3, "avg_high_c": 8.98, "avg_low_c": 2.41, "total_rain_mm": 271.07, "total_rain_in": 10.67 }, { "year": 2025, "month": 4, "avg_high_c": 13.9, "avg_low_c": 3.0, "total_rain_mm": 63.84, "total_rain_in": 2.51 }, { "year": 2025, "month": 5, "avg_high_c": 15.9, "avg_low_c": 5.02, "total_rain_mm": 57.39, "total_rain_in": 2.26 }, { "year": 2025, "month": 6, "avg_high_c": 20.86, "avg_low_c": 8.63, "total_rain_mm": 37.01, "total_rain_in": 1.46 }, { "year": 2025, "month": 7, "avg_high_c": 27.14, "avg_low_c": 12.1, "total_rain_mm": 2.25, "total_rain_in": 0.09 }, { "year": 2025, "month": 8, "avg_high_c": 28.55, "avg_low_c": 13.57, "total_rain_mm": 17.47, "total_rain_in": 0.69 }, { "year": 2025, "month": 9, "avg_high_c": 25.14, "avg_low_c": 11.1, "total_rain_mm": 50.13, "total_rain_in": 1.97 }, { "year": 2025, "month": 10, "avg_high_c": 14.31, "avg_low_c": 4.69, "total_rain_mm": 142.59, "total_rain_in": 5.61 }, { "year": 2025, "month": 11, "avg_high_c": 11.19, "avg_low_c": 4.16, "total_rain_mm": 142.53, "total_rain_in": 5.61 }, { "year": 2025, "month": 12, "avg_high_c": 8.78, "avg_low_c": 2.95, "total_rain_mm": 343.99, "total_rain_in": 13.54 } ] }, "geometry": { "type": "MultiPolygon", "coordinates": [ [ [ [ -122.728658536528599, 44.596893706596966 ], [ -122.727041569686307, 44.596893707285098 ], [ -122.726682243532821, 44.596624212303581 ], [ -122.726682243015205, 44.595636065297647 ], [ -122.727041569103676, 44.595636065156818 ], [ -122.727041569396647, 44.594647919032788 ], [ -122.726682243366184, 44.594019098244999 ], [ -122.725783927455339, 44.594019097992259 ], [ -122.725783927841661, 44.593390277560886 ], [ -122.725155106776057, 44.593390277033592 ], [ -122.725155106484877, 44.593749603551544 ], [ -122.724166959467638, 44.593749603197963 ], [ -122.723807633382364, 44.593749603275292 ], [ -122.723538139348619, 44.594019097695728 ], [ -122.723178813744042, 44.594019097558075 ], [ -122.722909318708048, 44.593749603803104 ], [ -122.722549992337079, 44.592761457093125 ], [ -122.72192117146156, 44.592761456526809 ], [ -122.721651677994018, 44.592761456468025 ], [ -122.721651676773661, 44.591773309668739 ], [ -122.721022856439944, 44.591773309455554 ], [ -122.720753362247848, 44.591144488732972 ], [ -122.72075336267433, 44.590874994704564 ], [ -122.721022856299612, 44.590515668760439 ], [ -122.721292351217954, 44.590246173936784 ], [ -122.721651677031616, 44.590246174049767 ], [ -122.721651677761258, 44.59051566820748 ], [ -122.72542460159589, 44.590515668235973 ], [ -122.725424601427036, 44.590246173676057 ], [ -122.725783927806134, 44.590246173773942 ], [ -122.726053422625455, 44.590515668549273 ], [ -122.726053422609198, 44.59087499467703 ], [ -122.726682242831416, 44.59087499475261 ], [ -122.726682243493272, 44.590515668739933 ], [ -122.727311063849129, 44.590515667945418 ], [ -122.72731106410464, 44.590874994456513 ], [ -122.727939884003533, 44.590874994286864 ], [ -122.727939883776045, 44.58988684740752 ], [ -122.727939883980994, 44.589617352948174 ], [ -122.727939884225719, 44.588988532582917 ], [ -122.727939884265467, 44.588629206799808 ], [ -122.727939885022124, 44.588000385812556 ], [ -122.728299210739237, 44.587730890699802 ], [ -122.728658536089824, 44.587730890810263 ], [ -122.728658536675027, 44.588000385524055 ], [ -122.730185672687696, 44.58800038607064 ], [ -122.730544998797328, 44.588000385918583 ], [ -122.732072135242348, 44.588000385373455 ], [ -122.732431461286268, 44.588359711285953 ], [ -122.732431460960512, 44.58862920590898 ], [ -122.732072134957164, 44.588629206687557 ], [ -122.732072135183856, 44.58925802688794 ], [ -122.732431460891959, 44.589258026857031 ], [ -122.732431460379914, 44.590246173880637 ], [ -122.729287357388756, 44.590246173450659 ], [ -122.7289280308906, 44.590515668115202 ], [ -122.728928031605079, 44.592132635518027 ], [ -122.728928030916478, 44.592491962451007 ], [ -122.728928031348502, 44.593120782821394 ], [ -122.728928031606756, 44.593390277247451 ], [ -122.728928031688383, 44.594019097985665 ], [ -122.728928031511757, 44.59437842442096 ], [ -122.72892803089259, 44.595007244787858 ], [ -122.728928030800503, 44.595276739459003 ], [ -122.728928031714389, 44.596624212102626 ], [ -122.728658536832839, 44.59662421208791 ], [ -122.728658536528599, 44.596893706596966 ] ] ] ] } },
{ "type": "Feature", "properties": { "field_id": "WV_AG_008", "lat": 44.59201162703566, "lon": -122.69869449202966, "area_acres": 13.584710010000499, "crop_code": 24, "cdl_crop": "Winter Wheat", "crop_dominant_pct": 83.1, "soil_muname": "Jory silty clay loam, 2 to 12 percent slopes", "soil_drainage": "Well drained", "soil_clay_pct": 33.5, "soil_sand_pct": 18.7, "soil_silt_pct": 47.8, "soil_om_pct": 4.5, "soil_ph": 5.5, "soil_cec": 17.5, "soil_depth_cm": 0.0, "weather_monthly": [ { "year": 2020, "month": 1, "avg_high_c": 5.34, "avg_low_c": 1.53, "total_rain_mm": 331.85, "total_rain_in": 13.06 }, { "year": 2020, "month": 2, "avg_high_c": 6.98, "avg_low_c": -0.51, "total_rain_mm": 130.43, "total_rain_in": 5.14 }, { "year": 2020, "month": 3, "avg_high_c": 8.36, "avg_low_c": 0.03, "total_rain_mm": 135.36, "total_rain_in": 5.33 }, { "year": 2020, "month": 4, "avg_high_c": 13.21, "avg_low_c": 3.44, "total_rain_mm": 83.57, "total_rain_in": 3.29 }, { "year": 2020, "month": 5, "avg_high_c": 16.56, "avg_low_c": 6.5, "total_rain_mm": 144.92, "total_rain_in": 5.71 }, { "year": 2020, "month": 6, "avg_high_c": 17.83, "avg_low_c": 8.46, "total_rain_mm": 101.1, "total_rain_in": 3.98 }, { "year": 2020, "month": 7, "avg_high_c": 23.71, "avg_low_c": 11.39, "total_rain_mm": 3.85, "total_rain_in": 0.15 }, { "year": 2020, "month": 8, "avg_high_c": 26.32, "avg_low_c": 11.02, "total_rain_mm": 3.46, "total_rain_in": 0.14 }, { "year": 2020, "month": 9, "avg_high_c": 25.14, "avg_low_c": 11.79, "total_rain_mm": 65.4, "total_rain_in": 2.57 }, { "year": 2020, "month": 10, "avg_high_c": 17.19, "avg_low_c": 6.33, "total_rain_mm": 97.35, "total_rain_in": 3.83 }, { "year": 2020, "month": 11, "avg_high_c": 8.43, "avg_low_c": 1.51, "total_rain_mm": 256.94, "total_rain_in": 10.12 }, { "year": 2020, "month": 12, "avg_high_c": 7.61, "avg_low_c": 0.7, "total_rain_mm": 214.88, "total_rain_in": 8.46 }, { "year": 2021, "month": 1, "avg_high_c": 7.13, "avg_low_c": 1.01, "total_rain_mm": 209.14, "total_rain_in": 8.23 }, { "year": 2021, "month": 2, "avg_high_c": 4.32, "avg_low_c": 0.17, "total_rain_mm": 214.13, "total_rain_in": 8.43 }, { "year": 2021, "month": 3, "avg_high_c": 9.09, "avg_low_c": 0.11, "total_rain_mm": 76.7, "total_rain_in": 3.02 }, { "year": 2021, "month": 4, "avg_high_c": 14.26, "avg_low_c": 2.58, "total_rain_mm": 23.45, "total_rain_in": 0.92 }, { "year": 2021, "month": 5, "avg_high_c": 15.84, "avg_low_c": 5.83, "total_rain_mm": 48.27, "total_rain_in": 1.9 }, { "year": 2021, "month": 6, "avg_high_c": 24.15, "avg_low_c": 11.05, "total_rain_mm": 38.73, "total_rain_in": 1.52 }, { "year": 2021, "month": 7, "avg_high_c": 28.64, "avg_low_c": 12.44, "total_rain_mm": 1.51, "total_rain_in": 0.06 }, { "year": 2021, "month": 8, "avg_high_c": 27.8, "avg_low_c": 12.53, "total_rain_mm": 2.44, "total_rain_in": 0.1 }, { "year": 2021, "month": 9, "avg_high_c": 23.79, "avg_low_c": 9.27, "total_rain_mm": 100.22, "total_rain_in": 3.95 }, { "year": 2021, "month": 10, "avg_high_c": 13.87, "avg_low_c": 5.13, "total_rain_mm": 127.35, "total_rain_in": 5.01 }, { "year": 2021, "month": 11, "avg_high_c": 10.36, "avg_low_c": 3.91, "total_rain_mm": 206.13, "total_rain_in": 8.12 }, { "year": 2021, "month": 12, "avg_high_c": 4.04, "avg_low_c": -0.13, "total_rain_mm": 298.43, "total_rain_in": 11.75 }, { "year": 2022, "month": 1, "avg_high_c": 8.25, "avg_low_c": 0.92, "total_rain_mm": 185.77, "total_rain_in": 7.31 }, { "year": 2022, "month": 2, "avg_high_c": 8.79, "avg_low_c": 0.12, "total_rain_mm": 72.84, "total_rain_in": 2.87 }, { "year": 2022, "month": 3, "avg_high_c": 10.23, "avg_low_c": 2.24, "total_rain_mm": 120.32, "total_rain_in": 4.74 }, { "year": 2022, "month": 4, "avg_high_c": 9.22, "avg_low_c": 1.24, "total_rain_mm": 197.88, "total_rain_in": 7.79 }, { "year": 2022, "month": 5, "avg_high_c": 13.16, "avg_low_c": 4.62, "total_rain_mm": 214.96, "total_rain_in": 8.46 }, { "year": 2022, "month": 6, "avg_high_c": 18.84, "avg_low_c": 8.58, "total_rain_mm": 134.24, "total_rain_in": 5.29 }, { "year": 2022, "month": 7, "avg_high_c": 24.73, "avg_low_c": 12.83, "total_rain_mm": 11.42, "total_rain_in": 0.45 }, { "year": 2022, "month": 8, "avg_high_c": 28.62, "avg_low_c": 13.54, "total_rain_mm": 3.08, "total_rain_in": 0.12 }, { "year": 2022, "month": 9, "avg_high_c": 25.45, "avg_low_c": 10.95, "total_rain_mm": 13.25, "total_rain_in": 0.52 }, { "year": 2022, "month": 10, "avg_high_c": 22.04, "avg_low_c": 8.72, "total_rain_mm": 75.26, "total_rain_in": 2.96 }, { "year": 2022, "month": 11, "avg_high_c": 7.52, "avg_low_c": 0.03, "total_rain_mm": 197.87, "total_rain_in": 7.79 }, { "year": 2022, "month": 12, "avg_high_c": 5.2, "avg_low_c": -0.39, "total_rain_mm": 196.97, "total_rain_in": 7.75 }, { "year": 2023, "month": 1, "avg_high_c": 6.16, "avg_low_c": 0.16, "total_rain_mm": 94.78, "total_rain_in": 3.73 }, { "year": 2023, "month": 2, "avg_high_c": 5.62, "avg_low_c": -1.58, "total_rain_mm": 128.77, "total_rain_in": 5.07 }, { "year": 2023, "month": 3, "avg_high_c": 5.46, "avg_low_c": -1.76, "total_rain_mm": 197.43, "total_rain_in": 7.77 }, { "year": 2023, "month": 4, "avg_high_c": 9.79, "avg_low_c": 2.21, "total_rain_mm": 181.29, "total_rain_in": 7.14 }, { "year": 2023, "month": 5, "avg_high_c": 18.55, "avg_low_c": 7.82, "total_rain_mm": 40.93, "total_rain_in": 1.61 }, { "year": 2023, "month": 6, "avg_high_c": 20.75, "avg_low_c": 8.65, "total_rain_mm": 22.49, "total_rain_in": 0.89 }, { "year": 2023, "month": 7, "avg_high_c": 27.63, "avg_low_c": 11.8, "total_rain_mm": 1.24, "total_rain_in": 0.05 }, { "year": 2023, "month": 8, "avg_high_c": 28.58, "avg_low_c": 13.55, "total_rain_mm": 19.34, "total_rain_in": 0.76 }, { "year": 2023, "month": 9, "avg_high_c": 22.5, "avg_low_c": 9.67, "total_rain_mm": 61.6, "total_rain_in": 2.43 }, { "year": 2023, "month": 10, "avg_high_c": 17.22, "avg_low_c": 6.74, "total_rain_mm": 119.12, "total_rain_in": 4.69 }, { "year": 2023, "month": 11, "avg_high_c": 11.08, "avg_low_c": 2.81, "total_rain_mm": 164.18, "total_rain_in": 6.46 }, { "year": 2023, "month": 12, "avg_high_c": 9.43, "avg_low_c": 3.57, "total_rain_mm": 270.37, "total_rain_in": 10.64 }, { "year": 2024, "month": 1, "avg_high_c": 6.52, "avg_low_c": 2.44, "total_rain_mm": 393.39, "total_rain_in": 15.49 }, { "year": 2024, "month": 2, "avg_high_c": 7.69, "avg_low_c": 1.17, "total_rain_mm": 197.0, "total_rain_in": 7.76 }, { "year": 2024, "month": 3, "avg_high_c": 9.19, "avg_low_c": 1.15, "total_rain_mm": 155.25, "total_rain_in": 6.11 }, { "year": 2024, "month": 4, "avg_high_c": 12.0, "avg_low_c": 2.91, "total_rain_mm": 106.26, "total_rain_in": 4.18 }, { "year": 2024, "month": 5, "avg_high_c": 15.17, "avg_low_c": 5.1, "total_rain_mm": 122.01, "total_rain_in": 4.8 }, { "year": 2024, "month": 6, "avg_high_c": 19.09, "avg_low_c": 8.84, "total_rain_mm": 64.13, "total_rain_in": 2.52 }, { "year": 2024, "month": 7, "avg_high_c": 28.15, "avg_low_c": 12.91, "total_rain_mm": 5.29, "total_rain_in": 0.21 }, { "year": 2024, "month": 8, "avg_high_c": 26.36, "avg_low_c": 11.93, "total_rain_mm": 27.54, "total_rain_in": 1.08 }, { "year": 2024, "month": 9, "avg_high_c": 24.42, "avg_low_c": 10.39, "total_rain_mm": 29.22, "total_rain_in": 1.15 }, { "year": 2024, "month": 10, "avg_high_c": 17.58, "avg_low_c": 5.79, "total_rain_mm": 114.89, "total_rain_in": 4.52 }, { "year": 2024, "month": 11, "avg_high_c": 7.83, "avg_low_c": 2.22, "total_rain_mm": 290.92, "total_rain_in": 11.45 }, { "year": 2024, "month": 12, "avg_high_c": 8.11, "avg_low_c": 1.86, "total_rain_mm": 317.7, "total_rain_in": 12.51 }, { "year": 2025, "month": 1, "avg_high_c": 7.36, "avg_low_c": -0.64, "total_rain_mm": 133.62, "total_rain_in": 5.26 }, { "year": 2025, "month": 2, "avg_high_c": 5.74, "avg_low_c": -0.37, "total_rain_mm": 214.01, "total_rain_in": 8.43 }, { "year": 2025, "month": 3, "avg_high_c": 8.98, "avg_low_c": 2.41, "total_rain_mm": 271.07, "total_rain_in": 10.67 }, { "year": 2025, "month": 4, "avg_high_c": 13.9, "avg_low_c": 3.0, "total_rain_mm": 63.84, "total_rain_in": 2.51 }, { "year": 2025, "month": 5, "avg_high_c": 15.9, "avg_low_c": 5.02, "total_rain_mm": 57.39, "total_rain_in": 2.26 }, { "year": 2025, "month": 6, "avg_high_c": 20.86, "avg_low_c": 8.63, "total_rain_mm": 37.01, "total_rain_in": 1.46 }, { "year": 2025, "month": 7, "avg_high_c": 27.14, "avg_low_c": 12.1, "total_rain_mm": 2.25, "total_rain_in": 0.09 }, { "year": 2025, "month": 8, "avg_high_c": 28.55, "avg_low_c": 13.57, "total_rain_mm": 17.47, "total_rain_in": 0.69 }, { "year": 2025, "month": 9, "avg_high_c": 25.14, "avg_low_c": 11.1, "total_rain_mm": 50.13, "total_rain_in": 1.97 }, { "year": 2025, "month": 10, "avg_high_c": 14.31, "avg_low_c": 4.69, "total_rain_mm": 142.59, "total_rain_in": 5.61 }, { "year": 2025, "month": 11, "avg_high_c": 11.19, "avg_low_c": 4.16, "total_rain_mm": 142.53, "total_rain_in": 5.61 }, { "year": 2025, "month": 12, "avg_high_c": 8.78, "avg_low_c": 2.95, "total_rain_mm": 343.99, "total_rain_in": 13.54 } ] }, "geometry": { "type": "MultiPolygon", "coordinates": [ [ [ [ -122.69910396440163, 44.592761456876026 ], [ -122.698475142395395, 44.592761456468175 ], [ -122.697846321649763, 44.592491961753957 ], [ -122.696858175427991, 44.592491962095927 ], [ -122.696229355189558, 44.592132635879132 ], [ -122.696229354538929, 44.591234321198002 ], [ -122.697127670808541, 44.591234320909507 ], [ -122.69712767085818, 44.59150381533356 ], [ -122.69784632287265, 44.591503815472343 ], [ -122.697846322383342, 44.591234320550484 ], [ -122.698744638001358, 44.59123432073757 ], [ -122.699503249776967, 44.591184448585182 ], [ -122.700002279486085, 44.591144488795955 ], [ -122.700361605032313, 44.591503814931102 ], [ -122.700631099535997, 44.591773310227694 ], [ -122.701130963333185, 44.592441256478189 ], [ -122.700361605384671, 44.59249196189554 ], [ -122.700361605149993, 44.592761456959188 ], [ -122.700631099489684, 44.592761456793745 ], [ -122.7006311002594, 44.593120782928658 ], [ -122.699732784664917, 44.593120782798344 ], [ -122.69973278468224, 44.592761456547599 ], [ -122.699373458904134, 44.592761456410393 ], [ -122.69910396440163, 44.592761456876026 ] ] ] ] } },
{ "type": "Feature", "properties": { "field_id": "WV_AG_009", "lat": 44.175383703664046, "lon": -123.26665897816419, "area_acres": 11.8274336019891, "crop_code": 24, "cdl_crop": "Winter Wheat", "crop_dominant_pct": 96.2, "soil_muname": "Malabon silty clay loam", "soil_drainage": "Well drained", "soil_clay_pct": 31.0, "soil_sand_pct": 20.0, "soil_silt_pct": 49.0, "soil_om_pct": 5.0, "soil_ph": 6.1, "soil_cec": 25.0, "soil_depth_cm": 0.0, "weather_monthly": [ { "year": 2020, "month": 1, "avg_high_c": 7.66, "avg_low_c": 3.21, "total_rain_mm": 280.71, "total_rain_in": 11.05 }, { "year": 2020, "month": 2, "avg_high_c": 9.12, "avg_low_c": 0.7, "total_rain_mm": 88.78, "total_rain_in": 3.5 }, { "year": 2020, "month": 3, "avg_high_c": 10.54, "avg_low_c": 1.58, "total_rain_mm": 108.69, "total_rain_in": 4.28 }, { "year": 2020, "month": 4, "avg_high_c": 15.02, "avg_low_c": 4.71, "total_rain_mm": 73.03, "total_rain_in": 2.88 }, { "year": 2020, "month": 5, "avg_high_c": 17.39, "avg_low_c": 7.19, "total_rain_mm": 120.67, "total_rain_in": 4.75 }, { "year": 2020, "month": 6, "avg_high_c": 19.11, "avg_low_c": 9.05, "total_rain_mm": 70.28, "total_rain_in": 2.77 }, { "year": 2020, "month": 7, "avg_high_c": 23.77, "avg_low_c": 11.01, "total_rain_mm": 1.23, "total_rain_in": 0.05 }, { "year": 2020, "month": 8, "avg_high_c": 26.66, "avg_low_c": 10.99, "total_rain_mm": 2.32, "total_rain_in": 0.09 }, { "year": 2020, "month": 9, "avg_high_c": 26.07, "avg_low_c": 11.71, "total_rain_mm": 58.73, "total_rain_in": 2.31 }, { "year": 2020, "month": 10, "avg_high_c": 19.05, "avg_low_c": 7.03, "total_rain_mm": 64.71, "total_rain_in": 2.55 }, { "year": 2020, "month": 11, "avg_high_c": 10.65, "avg_low_c": 2.51, "total_rain_mm": 204.9, "total_rain_in": 8.07 }, { "year": 2020, "month": 12, "avg_high_c": 9.4, "avg_low_c": 1.62, "total_rain_mm": 187.39, "total_rain_in": 7.38 }, { "year": 2021, "month": 1, "avg_high_c": 8.67, "avg_low_c": 2.37, "total_rain_mm": 184.79, "total_rain_in": 7.28 }, { "year": 2021, "month": 2, "avg_high_c": 7.16, "avg_low_c": 1.66, "total_rain_mm": 163.15, "total_rain_in": 6.42 }, { "year": 2021, "month": 3, "avg_high_c": 10.78, "avg_low_c": 1.09, "total_rain_mm": 68.13, "total_rain_in": 2.68 }, { "year": 2021, "month": 4, "avg_high_c": 15.69, "avg_low_c": 3.28, "total_rain_mm": 17.85, "total_rain_in": 0.7 }, { "year": 2021, "month": 5, "avg_high_c": 16.96, "avg_low_c": 6.41, "total_rain_mm": 33.24, "total_rain_in": 1.31 }, { "year": 2021, "month": 6, "avg_high_c": 23.28, "avg_low_c": 10.71, "total_rain_mm": 33.37, "total_rain_in": 1.31 }, { "year": 2021, "month": 7, "avg_high_c": 27.7, "avg_low_c": 11.54, "total_rain_mm": 1.42, "total_rain_in": 0.06 }, { "year": 2021, "month": 8, "avg_high_c": 27.84, "avg_low_c": 12.16, "total_rain_mm": 1.11, "total_rain_in": 0.04 }, { "year": 2021, "month": 9, "avg_high_c": 25.0, "avg_low_c": 9.64, "total_rain_mm": 82.72, "total_rain_in": 3.26 }, { "year": 2021, "month": 10, "avg_high_c": 16.05, "avg_low_c": 6.61, "total_rain_mm": 104.65, "total_rain_in": 4.12 }, { "year": 2021, "month": 11, "avg_high_c": 12.26, "avg_low_c": 4.72, "total_rain_mm": 156.92, "total_rain_in": 6.18 }, { "year": 2021, "month": 12, "avg_high_c": 5.99, "avg_low_c": 1.66, "total_rain_mm": 254.46, "total_rain_in": 10.02 }, { "year": 2022, "month": 1, "avg_high_c": 10.25, "avg_low_c": 1.58, "total_rain_mm": 140.49, "total_rain_in": 5.53 }, { "year": 2022, "month": 2, "avg_high_c": 10.43, "avg_low_c": 1.5, "total_rain_mm": 44.88, "total_rain_in": 1.77 }, { "year": 2022, "month": 3, "avg_high_c": 11.97, "avg_low_c": 3.41, "total_rain_mm": 100.24, "total_rain_in": 3.95 }, { "year": 2022, "month": 4, "avg_high_c": 11.32, "avg_low_c": 2.64, "total_rain_mm": 161.54, "total_rain_in": 6.36 }, { "year": 2022, "month": 5, "avg_high_c": 14.57, "avg_low_c": 5.9, "total_rain_mm": 174.98, "total_rain_in": 6.89 }, { "year": 2022, "month": 6, "avg_high_c": 19.98, "avg_low_c": 9.33, "total_rain_mm": 99.4, "total_rain_in": 3.91 }, { "year": 2022, "month": 7, "avg_high_c": 24.74, "avg_low_c": 12.38, "total_rain_mm": 7.74, "total_rain_in": 0.3 }, { "year": 2022, "month": 8, "avg_high_c": 26.85, "avg_low_c": 12.9, "total_rain_mm": 1.93, "total_rain_in": 0.08 }, { "year": 2022, "month": 9, "avg_high_c": 25.2, "avg_low_c": 10.87, "total_rain_mm": 8.62, "total_rain_in": 0.34 }, { "year": 2022, "month": 10, "avg_high_c": 21.99, "avg_low_c": 8.89, "total_rain_mm": 57.5, "total_rain_in": 2.26 }, { "year": 2022, "month": 11, "avg_high_c": 9.82, "avg_low_c": 0.86, "total_rain_mm": 160.98, "total_rain_in": 6.34 }, { "year": 2022, "month": 12, "avg_high_c": 7.61, "avg_low_c": 1.27, "total_rain_mm": 173.4, "total_rain_in": 6.83 }, { "year": 2023, "month": 1, "avg_high_c": 7.82, "avg_low_c": 1.42, "total_rain_mm": 94.49, "total_rain_in": 3.72 }, { "year": 2023, "month": 2, "avg_high_c": 7.78, "avg_low_c": -0.04, "total_rain_mm": 112.98, "total_rain_in": 4.45 }, { "year": 2023, "month": 3, "avg_high_c": 7.61, "avg_low_c": -0.22, "total_rain_mm": 193.63, "total_rain_in": 7.62 }, { "year": 2023, "month": 4, "avg_high_c": 11.76, "avg_low_c": 3.48, "total_rain_mm": 155.44, "total_rain_in": 6.12 }, { "year": 2023, "month": 5, "avg_high_c": 19.43, "avg_low_c": 8.12, "total_rain_mm": 27.62, "total_rain_in": 1.09 }, { "year": 2023, "month": 6, "avg_high_c": 21.13, "avg_low_c": 8.79, "total_rain_mm": 13.29, "total_rain_in": 0.52 }, { "year": 2023, "month": 7, "avg_high_c": 26.83, "avg_low_c": 11.23, "total_rain_mm": 0.8, "total_rain_in": 0.03 }, { "year": 2023, "month": 8, "avg_high_c": 29.16, "avg_low_c": 12.95, "total_rain_mm": 13.99, "total_rain_in": 0.55 }, { "year": 2023, "month": 9, "avg_high_c": 24.05, "avg_low_c": 10.15, "total_rain_mm": 56.6, "total_rain_in": 2.23 }, { "year": 2023, "month": 10, "avg_high_c": 18.3, "avg_low_c": 7.1, "total_rain_mm": 106.79, "total_rain_in": 4.2 }, { "year": 2023, "month": 11, "avg_high_c": 12.28, "avg_low_c": 3.5, "total_rain_mm": 139.45, "total_rain_in": 5.49 }, { "year": 2023, "month": 12, "avg_high_c": 10.7, "avg_low_c": 4.32, "total_rain_mm": 245.67, "total_rain_in": 9.67 }, { "year": 2024, "month": 1, "avg_high_c": 9.33, "avg_low_c": 4.32, "total_rain_mm": 351.31, "total_rain_in": 13.83 }, { "year": 2024, "month": 2, "avg_high_c": 9.73, "avg_low_c": 3.04, "total_rain_mm": 178.71, "total_rain_in": 7.04 }, { "year": 2024, "month": 3, "avg_high_c": 10.96, "avg_low_c": 2.61, "total_rain_mm": 164.28, "total_rain_in": 6.47 }, { "year": 2024, "month": 4, "avg_high_c": 13.62, "avg_low_c": 4.03, "total_rain_mm": 93.19, "total_rain_in": 3.67 }, { "year": 2024, "month": 5, "avg_high_c": 16.89, "avg_low_c": 5.88, "total_rain_mm": 103.89, "total_rain_in": 4.09 }, { "year": 2024, "month": 6, "avg_high_c": 20.35, "avg_low_c": 9.04, "total_rain_mm": 54.09, "total_rain_in": 2.13 }, { "year": 2024, "month": 7, "avg_high_c": 26.5, "avg_low_c": 12.22, "total_rain_mm": 3.37, "total_rain_in": 0.13 }, { "year": 2024, "month": 8, "avg_high_c": 26.3, "avg_low_c": 12.01, "total_rain_mm": 24.29, "total_rain_in": 0.96 }, { "year": 2024, "month": 9, "avg_high_c": 25.02, "avg_low_c": 10.59, "total_rain_mm": 32.9, "total_rain_in": 1.3 }, { "year": 2024, "month": 10, "avg_high_c": 19.19, "avg_low_c": 6.89, "total_rain_mm": 98.47, "total_rain_in": 3.88 }, { "year": 2024, "month": 11, "avg_high_c": 9.64, "avg_low_c": 3.86, "total_rain_mm": 293.22, "total_rain_in": 11.54 }, { "year": 2024, "month": 12, "avg_high_c": 9.76, "avg_low_c": 3.29, "total_rain_mm": 295.17, "total_rain_in": 11.62 }, { "year": 2025, "month": 1, "avg_high_c": 8.65, "avg_low_c": 0.33, "total_rain_mm": 131.95, "total_rain_in": 5.19 }, { "year": 2025, "month": 2, "avg_high_c": 8.13, "avg_low_c": 1.66, "total_rain_mm": 190.55, "total_rain_in": 7.5 }, { "year": 2025, "month": 3, "avg_high_c": 11.05, "avg_low_c": 4.06, "total_rain_mm": 268.39, "total_rain_in": 10.57 }, { "year": 2025, "month": 4, "avg_high_c": 15.16, "avg_low_c": 4.32, "total_rain_mm": 58.55, "total_rain_in": 2.31 }, { "year": 2025, "month": 5, "avg_high_c": 17.27, "avg_low_c": 6.52, "total_rain_mm": 44.19, "total_rain_in": 1.74 }, { "year": 2025, "month": 6, "avg_high_c": 21.41, "avg_low_c": 9.22, "total_rain_mm": 31.7, "total_rain_in": 1.25 }, { "year": 2025, "month": 7, "avg_high_c": 26.68, "avg_low_c": 11.54, "total_rain_mm": 0.73, "total_rain_in": 0.03 }, { "year": 2025, "month": 8, "avg_high_c": 29.54, "avg_low_c": 13.29, "total_rain_mm": 10.11, "total_rain_in": 0.4 }, { "year": 2025, "month": 9, "avg_high_c": 25.66, "avg_low_c": 10.95, "total_rain_mm": 47.25, "total_rain_in": 1.86 }, { "year": 2025, "month": 10, "avg_high_c": 16.4, "avg_low_c": 6.01, "total_rain_mm": 126.39, "total_rain_in": 4.98 }, { "year": 2025, "month": 11, "avg_high_c": 12.57, "avg_low_c": 5.3, "total_rain_mm": 124.05, "total_rain_in": 4.88 }, { "year": 2025, "month": 12, "avg_high_c": 10.45, "avg_low_c": 4.15, "total_rain_mm": 259.14, "total_rain_in": 10.2 } ] }, "geometry": { "type": "MultiPolygon", "coordinates": [ [ [ [ -123.266240571397447, 44.176904177676782 ], [ -123.266240571544316, 44.176544851541749 ], [ -123.2659710769843, 44.176275357074147 ], [ -123.265971077352987, 44.175916031646601 ], [ -123.265611752059669, 44.175916031575468 ], [ -123.265342257187257, 44.175916031075005 ], [ -123.265342256248246, 44.175377041980866 ], [ -123.265342256825505, 44.175017715988162 ], [ -123.265342256957638, 44.174748221727221 ], [ -123.265342257179896, 44.174388895327631 ], [ -123.265611751163831, 44.17438889567309 ], [ -123.265611751075838, 44.173760074437993 ], [ -123.266240572317727, 44.173760073974755 ], [ -123.266240572032714, 44.17411940093627 ], [ -123.265971077204313, 44.174119400399036 ], [ -123.266240571853515, 44.174388895618712 ], [ -123.267498214021586, 44.174388894835623 ], [ -123.267498213305544, 44.174748220938795 ], [ -123.267228719237991, 44.174748221329672 ], [ -123.267228719012934, 44.175017716253436 ], [ -123.267857539584099, 44.175017716348336 ], [ -123.268127033872233, 44.17501771579667 ], [ -123.26812703371985, 44.175377042000697 ], [ -123.268486360206552, 44.175377041900717 ], [ -123.268486360649419, 44.175646536205413 ], [ -123.268127034295915, 44.175646536911913 ], [ -123.267857539072608, 44.175916031152553 ], [ -123.267857539053864, 44.176544852033707 ], [ -123.26749821347326, 44.176544851745376 ], [ -123.267228718651651, 44.176544851727343 ], [ -123.266869392577874, 44.176544851713565 ], [ -123.266599898466325, 44.176544852141262 ], [ -123.266599898661269, 44.176904177669762 ], [ -123.266240571397447, 44.176904177676782 ] ], [ [ -123.266240571882449, 44.175017716081584 ], [ -123.265971077456143, 44.175017715643186 ], [ -123.265971077797559, 44.175377042143566 ], [ -123.266240572090624, 44.175377041975473 ], [ -123.266240571882449, 44.175017716081584 ] ] ] ] } },
{ "type": "Feature", "properties": { "field_id": "WV_AG_010", "lat": 44.100522770659865, "lon": -123.19181438967932, "area_acres": 19.364493642039601, "crop_code": 24, "cdl_crop": "Winter Wheat", "crop_dominant_pct": 71.8, "soil_muname": "Malabon silty clay loam", "soil_drainage": "Well drained", "soil_clay_pct": 31.0, "soil_sand_pct": 20.0, "soil_silt_pct": 49.0, "soil_om_pct": 5.0, "soil_ph": 6.1, "soil_cec": 25.0, "soil_depth_cm": 0.0, "weather_monthly": [ { "year": 2020, "month": 1, "avg_high_c": 7.66, "avg_low_c": 3.21, "total_rain_mm": 280.71, "total_rain_in": 11.05 }, { "year": 2020, "month": 2, "avg_high_c": 9.12, "avg_low_c": 0.7, "total_rain_mm": 88.78, "total_rain_in": 3.5 }, { "year": 2020, "month": 3, "avg_high_c": 10.54, "avg_low_c": 1.58, "total_rain_mm": 108.69, "total_rain_in": 4.28 }, { "year": 2020, "month": 4, "avg_high_c": 15.02, "avg_low_c": 4.71, "total_rain_mm": 73.03, "total_rain_in": 2.88 }, { "year": 2020, "month": 5, "avg_high_c": 17.39, "avg_low_c": 7.19, "total_rain_mm": 120.67, "total_rain_in": 4.75 }, { "year": 2020, "month": 6, "avg_high_c": 19.11, "avg_low_c": 9.05, "total_rain_mm": 70.28, "total_rain_in": 2.77 }, { "year": 2020, "month": 7, "avg_high_c": 23.77, "avg_low_c": 11.01, "total_rain_mm": 1.23, "total_rain_in": 0.05 }, { "year": 2020, "month": 8, "avg_high_c": 26.66, "avg_low_c": 10.99, "total_rain_mm": 2.32, "total_rain_in": 0.09 }, { "year": 2020, "month": 9, "avg_high_c": 26.07, "avg_low_c": 11.71, "total_rain_mm": 58.73, "total_rain_in": 2.31 }, { "year": 2020, "month": 10, "avg_high_c": 19.05, "avg_low_c": 7.03, "total_rain_mm": 64.71, "total_rain_in": 2.55 }, { "year": 2020, "month": 11, "avg_high_c": 10.65, "avg_low_c": 2.51, "total_rain_mm": 204.9, "total_rain_in": 8.07 }, { "year": 2020, "month": 12, "avg_high_c": 9.4, "avg_low_c": 1.62, "total_rain_mm": 187.39, "total_rain_in": 7.38 }, { "year": 2021, "month": 1, "avg_high_c": 8.67, "avg_low_c": 2.37, "total_rain_mm": 184.79, "total_rain_in": 7.28 }, { "year": 2021, "month": 2, "avg_high_c": 7.16, "avg_low_c": 1.66, "total_rain_mm": 163.15, "total_rain_in": 6.42 }, { "year": 2021, "month": 3, "avg_high_c": 10.78, "avg_low_c": 1.09, "total_rain_mm": 68.13, "total_rain_in": 2.68 }, { "year": 2021, "month": 4, "avg_high_c": 15.69, "avg_low_c": 3.28, "total_rain_mm": 17.85, "total_rain_in": 0.7 }, { "year": 2021, "month": 5, "avg_high_c": 16.96, "avg_low_c": 6.41, "total_rain_mm": 33.24, "total_rain_in": 1.31 }, { "year": 2021, "month": 6, "avg_high_c": 23.28, "avg_low_c": 10.71, "total_rain_mm": 33.37, "total_rain_in": 1.31 }, { "year": 2021, "month": 7, "avg_high_c": 27.7, "avg_low_c": 11.54, "total_rain_mm": 1.42, "total_rain_in": 0.06 }, { "year": 2021, "month": 8, "avg_high_c": 27.84, "avg_low_c": 12.16, "total_rain_mm": 1.11, "total_rain_in": 0.04 }, { "year": 2021, "month": 9, "avg_high_c": 25.0, "avg_low_c": 9.64, "total_rain_mm": 82.72, "total_rain_in": 3.26 }, { "year": 2021, "month": 10, "avg_high_c": 16.05, "avg_low_c": 6.61, "total_rain_mm": 104.65, "total_rain_in": 4.12 }, { "year": 2021, "month": 11, "avg_high_c": 12.26, "avg_low_c": 4.72, "total_rain_mm": 156.92, "total_rain_in": 6.18 }, { "year": 2021, "month": 12, "avg_high_c": 5.99, "avg_low_c": 1.66, "total_rain_mm": 254.46, "total_rain_in": 10.02 }, { "year": 2022, "month": 1, "avg_high_c": 10.25, "avg_low_c": 1.58, "total_rain_mm": 140.49, "total_rain_in": 5.53 }, { "year": 2022, "month": 2, "avg_high_c": 10.43, "avg_low_c": 1.5, "total_rain_mm": 44.88, "total_rain_in": 1.77 }, { "year": 2022, "month": 3, "avg_high_c": 11.97, "avg_low_c": 3.41, "total_rain_mm": 100.24, "total_rain_in": 3.95 }, { "year": 2022, "month": 4, "avg_high_c": 11.32, "avg_low_c": 2.64, "total_rain_mm": 161.54, "total_rain_in": 6.36 }, { "year": 2022, "month": 5, "avg_high_c": 14.57, "avg_low_c": 5.9, "total_rain_mm": 174.98, "total_rain_in": 6.89 }, { "year": 2022, "month": 6, "avg_high_c": 19.98, "avg_low_c": 9.33, "total_rain_mm": 99.4, "total_rain_in": 3.91 }, { "year": 2022, "month": 7, "avg_high_c": 24.74, "avg_low_c": 12.38, "total_rain_mm": 7.74, "total_rain_in": 0.3 }, { "year": 2022, "month": 8, "avg_high_c": 26.85, "avg_low_c": 12.9, "total_rain_mm": 1.93, "total_rain_in": 0.08 }, { "year": 2022, "month": 9, "avg_high_c": 25.2, "avg_low_c": 10.87, "total_rain_mm": 8.62, "total_rain_in": 0.34 }, { "year": 2022, "month": 10, "avg_high_c": 21.99, "avg_low_c": 8.89, "total_rain_mm": 57.5, "total_rain_in": 2.26 }, { "year": 2022, "month": 11, "avg_high_c": 9.82, "avg_low_c": 0.86, "total_rain_mm": 160.98, "total_rain_in": 6.34 }, { "year": 2022, "month": 12, "avg_high_c": 7.61, "avg_low_c": 1.27, "total_rain_mm": 173.4, "total_rain_in": 6.83 }, { "year": 2023, "month": 1, "avg_high_c": 7.82, "avg_low_c": 1.42, "total_rain_mm": 94.49, "total_rain_in": 3.72 }, { "year": 2023, "month": 2, "avg_high_c": 7.78, "avg_low_c": -0.04, "total_rain_mm": 112.98, "total_rain_in": 4.45 }, { "year": 2023, "month": 3, "avg_high_c": 7.61, "avg_low_c": -0.22, "total_rain_mm": 193.63, "total_rain_in": 7.62 }, { "year": 2023, "month": 4, "avg_high_c": 11.76, "avg_low_c": 3.48, "total_rain_mm": 155.44, "total_rain_in": 6.12 }, { "year": 2023, "month": 5, "avg_high_c": 19.43, "avg_low_c": 8.12, "total_rain_mm": 27.62, "total_rain_in": 1.09 }, { "year": 2023, "month": 6, "avg_high_c": 21.13, "avg_low_c": 8.79, "total_rain_mm": 13.29, "total_rain_in": 0.52 }, { "year": 2023, "month": 7, "avg_high_c": 26.83, "avg_low_c": 11.23, "total_rain_mm": 0.8, "total_rain_in": 0.03 }, { "year": 2023, "month": 8, "avg_high_c": 29.16, "avg_low_c": 12.95, "total_rain_mm": 13.99, "total_rain_in": 0.55 }, { "year": 2023, "month": 9, "avg_high_c": 24.05, "avg_low_c": 10.15, "total_rain_mm": 56.6, "total_rain_in": 2.23 }, { "year": 2023, "month": 10, "avg_high_c": 18.3, "avg_low_c": 7.1, "total_rain_mm": 106.79, "total_rain_in": 4.2 }, { "year": 2023, "month": 11, "avg_high_c": 12.28, "avg_low_c": 3.5, "total_rain_mm": 139.45, "total_rain_in": 5.49 }, { "year": 2023, "month": 12, "avg_high_c": 10.7, "avg_low_c": 4.32, "total_rain_mm": 245.67, "total_rain_in": 9.67 }, { "year": 2024, "month": 1, "avg_high_c": 9.33, "avg_low_c": 4.32, "total_rain_mm": 351.31, "total_rain_in": 13.83 }, { "year": 2024, "month": 2, "avg_high_c": 9.73, "avg_low_c": 3.04, "total_rain_mm": 178.71, "total_rain_in": 7.04 }, { "year": 2024, "month": 3, "avg_high_c": 10.96, "avg_low_c": 2.61, "total_rain_mm": 164.28, "total_rain_in": 6.47 }, { "year": 2024, "month": 4, "avg_high_c": 13.62, "avg_low_c": 4.03, "total_rain_mm": 93.19, "total_rain_in": 3.67 }, { "year": 2024, "month": 5, "avg_high_c": 16.89, "avg_low_c": 5.88, "total_rain_mm": 103.89, "total_rain_in": 4.09 }, { "year": 2024, "month": 6, "avg_high_c": 20.35, "avg_low_c": 9.04, "total_rain_mm": 54.09, "total_rain_in": 2.13 }, { "year": 2024, "month": 7, "avg_high_c": 26.5, "avg_low_c": 12.22, "total_rain_mm": 3.37, "total_rain_in": 0.13 }, { "year": 2024, "month": 8, "avg_high_c": 26.3, "avg_low_c": 12.01, "total_rain_mm": 24.29, "total_rain_in": 0.96 }, { "year": 2024, "month": 9, "avg_high_c": 25.02, "avg_low_c": 10.59, "total_rain_mm": 32.9, "total_rain_in": 1.3 }, { "year": 2024, "month": 10, "avg_high_c": 19.19, "avg_low_c": 6.89, "total_rain_mm": 98.47, "total_rain_in": 3.88 }, { "year": 2024, "month": 11, "avg_high_c": 9.64, "avg_low_c": 3.86, "total_rain_mm": 293.22, "total_rain_in": 11.54 }, { "year": 2024, "month": 12, "avg_high_c": 9.76, "avg_low_c": 3.29, "total_rain_mm": 295.17, "total_rain_in": 11.62 }, { "year": 2025, "month": 1, "avg_high_c": 8.65, "avg_low_c": 0.33, "total_rain_mm": 131.95, "total_rain_in": 5.19 }, { "year": 2025, "month": 2, "avg_high_c": 8.13, "avg_low_c": 1.66, "total_rain_mm": 190.55, "total_rain_in": 7.5 }, { "year": 2025, "month": 3, "avg_high_c": 11.05, "avg_low_c": 4.06, "total_rain_mm": 268.39, "total_rain_in": 10.57 }, { "year": 2025, "month": 4, "avg_high_c": 15.16, "avg_low_c": 4.32, "total_rain_mm": 58.55, "total_rain_in": 2.31 }, { "year": 2025, "month": 5, "avg_high_c": 17.27, "avg_low_c": 6.52, "total_rain_mm": 44.19, "total_rain_in": 1.74 }, { "year": 2025, "month": 6, "avg_high_c": 21.41, "avg_low_c": 9.22, "total_rain_mm": 31.7, "total_rain_in": 1.25 }, { "year": 2025, "month": 7, "avg_high_c": 26.68, "avg_low_c": 11.54, "total_rain_mm": 0.73, "total_rain_in": 0.03 }, { "year": 2025, "month": 8, "avg_high_c": 29.54, "avg_low_c": 13.29, "total_rain_mm": 10.11, "total_rain_in": 0.4 }, { "year": 2025, "month": 9, "avg_high_c": 25.66, "avg_low_c": 10.95, "total_rain_mm": 47.25, "total_rain_in": 1.86 }, { "year": 2025, "month": 10, "avg_high_c": 16.4, "avg_low_c": 6.01, "total_rain_mm": 126.39, "total_rain_in": 4.98 }, { "year": 2025, "month": 11, "avg_high_c": 12.57, "avg_low_c": 5.3, "total_rain_mm": 124.05, "total_rain_in": 4.88 }, { "year": 2025, "month": 12, "avg_high_c": 10.45, "avg_low_c": 4.15, "total_rain_mm": 259.14, "total_rain_in": 10.2 } ] }, "geometry": { "type": "MultiPolygon", "coordinates": [ [ [ [ -123.191321077147762, 44.102344009274923 ], [ -123.191321077509642, 44.10171518831438 ], [ -123.191680403767293, 44.101715188643745 ], [ -123.19168040348012, 44.101355862970159 ], [ -123.191321077918531, 44.101355862893953 ], [ -123.191051582721968, 44.101355862882016 ], [ -123.190692256311834, 44.10135586221773 ], [ -123.190422761822632, 44.101355862650443 ], [ -123.189793940782167, 44.101355862275426 ], [ -123.18979394182567, 44.100727041633142 ], [ -123.189793941464686, 44.10045754761515 ], [ -123.189793941313297, 44.100098221165226 ], [ -123.190063435628346, 44.100098220996188 ], [ -123.190063436604021, 44.099828726807019 ], [ -123.190692256962848, 44.099828726816263 ], [ -123.190692257228264, 44.09946940066083 ], [ -123.190692256560951, 44.099199905693077 ], [ -123.191321077683526, 44.099199906013993 ], [ -123.191321078084229, 44.099469400627648 ], [ -123.191680404004842, 44.099469400399585 ], [ -123.192309223869231, 44.099199905982552 ], [ -123.192309224005868, 44.09857108518451 ], [ -123.192578718623309, 44.098211758747183 ], [ -123.192938044830925, 44.098211759265745 ], [ -123.193566866224828, 44.098211759124062 ], [ -123.193566865658184, 44.098571084842746 ], [ -123.193207539956646, 44.098571085519559 ], [ -123.192938045345286, 44.098840579769423 ], [ -123.192938044303745, 44.099469400447255 ], [ -123.193207540158994, 44.09946940052729 ], [ -123.193207540098442, 44.099828726632779 ], [ -123.193207540053024, 44.100098221379412 ], [ -123.192938045119789, 44.100727041667355 ], [ -123.19293804457304, 44.101355862716112 ], [ -123.192938044874765, 44.101984683433187 ], [ -123.193207539249286, 44.102344009128714 ], [ -123.193207540052384, 44.102613504102024 ], [ -123.192309224247168, 44.102613503712973 ], [ -123.192309224598958, 44.102344009245975 ], [ -123.191321077147762, 44.102344009274923 ] ] ] ] } },
{ "type": "Feature", "properties": { "field_id": "WV_AG_011", "lat": 44.906584268018669, "lon": -122.86621935492494, "area_acres": 21.0973299493062, "crop_code": 24, "cdl_crop": "Winter Wheat", "crop_dominant_pct": 69.1, "soil_muname": "Jory silty clay loam, 2 to 7 percent slopes", "soil_drainage": "Well drained", "soil_clay_pct": 33.5, "soil_sand_pct": 17.5, "soil_silt_pct": 49.0, "soil_om_pct": 4.5, "soil_ph": 5.5, "soil_cec": 17.5, "soil_depth_cm": 0.0, "weather_monthly": [ { "year": 2020, "month": 1, "avg_high_c": 8.33, "avg_low_c": 3.69, "total_rain_mm": 331.66, "total_rain_in": 13.06 }, { "year": 2020, "month": 2, "avg_high_c": 9.3, "avg_low_c": 1.59, "total_rain_mm": 119.69, "total_rain_in": 4.71 }, { "year": 2020, "month": 3, "avg_high_c": 10.58, "avg_low_c": 1.93, "total_rain_mm": 119.65, "total_rain_in": 4.71 }, { "year": 2020, "month": 4, "avg_high_c": 15.36, "avg_low_c": 4.91, "total_rain_mm": 65.25, "total_rain_in": 2.57 }, { "year": 2020, "month": 5, "avg_high_c": 18.1, "avg_low_c": 7.97, "total_rain_mm": 129.22, "total_rain_in": 5.09 }, { "year": 2020, "month": 6, "avg_high_c": 19.57, "avg_low_c": 9.34, "total_rain_mm": 97.62, "total_rain_in": 3.84 }, { "year": 2020, "month": 7, "avg_high_c": 24.4, "avg_low_c": 11.06, "total_rain_mm": 3.63, "total_rain_in": 0.14 }, { "year": 2020, "month": 8, "avg_high_c": 25.88, "avg_low_c": 11.44, "total_rain_mm": 5.11, "total_rain_in": 0.2 }, { "year": 2020, "month": 9, "avg_high_c": 24.8, "avg_low_c": 11.76, "total_rain_mm": 75.48, "total_rain_in": 2.97 }, { "year": 2020, "month": 10, "avg_high_c": 17.88, "avg_low_c": 7.03, "total_rain_mm": 95.76, "total_rain_in": 3.77 }, { "year": 2020, "month": 11, "avg_high_c": 10.62, "avg_low_c": 2.98, "total_rain_mm": 245.69, "total_rain_in": 9.67 }, { "year": 2020, "month": 12, "avg_high_c": 9.56, "avg_low_c": 2.24, "total_rain_mm": 231.54, "total_rain_in": 9.12 }, { "year": 2021, "month": 1, "avg_high_c": 8.81, "avg_low_c": 2.61, "total_rain_mm": 260.36, "total_rain_in": 10.25 }, { "year": 2021, "month": 2, "avg_high_c": 7.61, "avg_low_c": 1.86, "total_rain_mm": 215.93, "total_rain_in": 8.5 }, { "year": 2021, "month": 3, "avg_high_c": 11.05, "avg_low_c": 1.47, "total_rain_mm": 82.08, "total_rain_in": 3.23 }, { "year": 2021, "month": 4, "avg_high_c": 16.05, "avg_low_c": 3.87, "total_rain_mm": 27.34, "total_rain_in": 1.08 }, { "year": 2021, "month": 5, "avg_high_c": 18.03, "avg_low_c": 6.8, "total_rain_mm": 47.74, "total_rain_in": 1.88 }, { "year": 2021, "month": 6, "avg_high_c": 24.25, "avg_low_c": 11.1, "total_rain_mm": 49.29, "total_rain_in": 1.94 }, { "year": 2021, "month": 7, "avg_high_c": 27.3, "avg_low_c": 11.55, "total_rain_mm": 1.83, "total_rain_in": 0.07 }, { "year": 2021, "month": 8, "avg_high_c": 27.65, "avg_low_c": 12.56, "total_rain_mm": 2.92, "total_rain_in": 0.11 }, { "year": 2021, "month": 9, "avg_high_c": 24.55, "avg_low_c": 10.43, "total_rain_mm": 101.83, "total_rain_in": 4.01 }, { "year": 2021, "month": 10, "avg_high_c": 15.52, "avg_low_c": 6.56, "total_rain_mm": 148.73, "total_rain_in": 5.86 }, { "year": 2021, "month": 11, "avg_high_c": 12.28, "avg_low_c": 5.35, "total_rain_mm": 250.09, "total_rain_in": 9.85 }, { "year": 2021, "month": 12, "avg_high_c": 5.61, "avg_low_c": 0.97, "total_rain_mm": 309.17, "total_rain_in": 12.17 }, { "year": 2022, "month": 1, "avg_high_c": 9.29, "avg_low_c": 1.87, "total_rain_mm": 185.19, "total_rain_in": 7.29 }, { "year": 2022, "month": 2, "avg_high_c": 9.66, "avg_low_c": 1.72, "total_rain_mm": 98.54, "total_rain_in": 3.88 }, { "year": 2022, "month": 3, "avg_high_c": 11.99, "avg_low_c": 3.83, "total_rain_mm": 125.82, "total_rain_in": 4.95 }, { "year": 2022, "month": 4, "avg_high_c": 11.48, "avg_low_c": 2.65, "total_rain_mm": 200.52, "total_rain_in": 7.89 }, { "year": 2022, "month": 5, "avg_high_c": 15.04, "avg_low_c": 6.2, "total_rain_mm": 191.01, "total_rain_in": 7.52 }, { "year": 2022, "month": 6, "avg_high_c": 19.96, "avg_low_c": 9.78, "total_rain_mm": 128.91, "total_rain_in": 5.08 }, { "year": 2022, "month": 7, "avg_high_c": 25.26, "avg_low_c": 12.21, "total_rain_mm": 8.52, "total_rain_in": 0.34 }, { "year": 2022, "month": 8, "avg_high_c": 27.38, "avg_low_c": 13.3, "total_rain_mm": 1.96, "total_rain_in": 0.08 }, { "year": 2022, "month": 9, "avg_high_c": 25.27, "avg_low_c": 11.26, "total_rain_mm": 12.33, "total_rain_in": 0.49 }, { "year": 2022, "month": 10, "avg_high_c": 21.88, "avg_low_c": 8.89, "total_rain_mm": 83.79, "total_rain_in": 3.3 }, { "year": 2022, "month": 11, "avg_high_c": 9.53, "avg_low_c": 1.32, "total_rain_mm": 209.49, "total_rain_in": 8.25 }, { "year": 2022, "month": 12, "avg_high_c": 7.23, "avg_low_c": 1.41, "total_rain_mm": 213.47, "total_rain_in": 8.4 }, { "year": 2023, "month": 1, "avg_high_c": 8.1, "avg_low_c": 2.21, "total_rain_mm": 124.27, "total_rain_in": 4.89 }, { "year": 2023, "month": 2, "avg_high_c": 7.34, "avg_low_c": 0.11, "total_rain_mm": 126.83, "total_rain_in": 4.99 }, { "year": 2023, "month": 3, "avg_high_c": 8.74, "avg_low_c": 0.78, "total_rain_mm": 189.54, "total_rain_in": 7.46 }, { "year": 2023, "month": 4, "avg_high_c": 12.14, "avg_low_c": 3.83, "total_rain_mm": 194.6, "total_rain_in": 7.66 }, { "year": 2023, "month": 5, "avg_high_c": 20.07, "avg_low_c": 8.51, "total_rain_mm": 27.12, "total_rain_in": 1.07 }, { "year": 2023, "month": 6, "avg_high_c": 21.75, "avg_low_c": 8.84, "total_rain_mm": 19.41, "total_rain_in": 0.76 }, { "year": 2023, "month": 7, "avg_high_c": 26.77, "avg_low_c": 11.45, "total_rain_mm": 2.08, "total_rain_in": 0.08 }, { "year": 2023, "month": 8, "avg_high_c": 29.03, "avg_low_c": 13.52, "total_rain_mm": 21.34, "total_rain_in": 0.84 }, { "year": 2023, "month": 9, "avg_high_c": 23.57, "avg_low_c": 10.75, "total_rain_mm": 70.6, "total_rain_in": 2.78 }, { "year": 2023, "month": 10, "avg_high_c": 18.22, "avg_low_c": 7.61, "total_rain_mm": 117.2, "total_rain_in": 4.61 }, { "year": 2023, "month": 11, "avg_high_c": 11.95, "avg_low_c": 3.59, "total_rain_mm": 187.96, "total_rain_in": 7.4 }, { "year": 2023, "month": 12, "avg_high_c": 10.68, "avg_low_c": 4.45, "total_rain_mm": 295.35, "total_rain_in": 11.63 }, { "year": 2024, "month": 1, "avg_high_c": 8.28, "avg_low_c": 2.91, "total_rain_mm": 370.12, "total_rain_in": 14.57 }, { "year": 2024, "month": 2, "avg_high_c": 10.14, "avg_low_c": 3.26, "total_rain_mm": 200.23, "total_rain_in": 7.88 }, { "year": 2024, "month": 3, "avg_high_c": 11.51, "avg_low_c": 3.24, "total_rain_mm": 164.08, "total_rain_in": 6.46 }, { "year": 2024, "month": 4, "avg_high_c": 14.23, "avg_low_c": 4.47, "total_rain_mm": 94.88, "total_rain_in": 3.74 }, { "year": 2024, "month": 5, "avg_high_c": 17.15, "avg_low_c": 6.5, "total_rain_mm": 118.44, "total_rain_in": 4.66 }, { "year": 2024, "month": 6, "avg_high_c": 20.38, "avg_low_c": 9.29, "total_rain_mm": 74.42, "total_rain_in": 2.93 }, { "year": 2024, "month": 7, "avg_high_c": 27.02, "avg_low_c": 12.01, "total_rain_mm": 7.22, "total_rain_in": 0.28 }, { "year": 2024, "month": 8, "avg_high_c": 25.73, "avg_low_c": 12.22, "total_rain_mm": 22.59, "total_rain_in": 0.89 }, { "year": 2024, "month": 9, "avg_high_c": 24.48, "avg_low_c": 11.29, "total_rain_mm": 33.37, "total_rain_in": 1.31 }, { "year": 2024, "month": 10, "avg_high_c": 18.76, "avg_low_c": 7.37, "total_rain_mm": 131.82, "total_rain_in": 5.19 }, { "year": 2024, "month": 11, "avg_high_c": 9.95, "avg_low_c": 4.08, "total_rain_mm": 284.69, "total_rain_in": 11.21 }, { "year": 2024, "month": 12, "avg_high_c": 9.31, "avg_low_c": 3.22, "total_rain_mm": 297.03, "total_rain_in": 11.69 }, { "year": 2025, "month": 1, "avg_high_c": 7.89, "avg_low_c": 0.22, "total_rain_mm": 116.9, "total_rain_in": 4.6 }, { "year": 2025, "month": 2, "avg_high_c": 8.27, "avg_low_c": 1.66, "total_rain_mm": 206.54, "total_rain_in": 8.13 }, { "year": 2025, "month": 3, "avg_high_c": 11.38, "avg_low_c": 4.41, "total_rain_mm": 241.61, "total_rain_in": 9.51 }, { "year": 2025, "month": 4, "avg_high_c": 15.77, "avg_low_c": 4.72, "total_rain_mm": 64.12, "total_rain_in": 2.52 }, { "year": 2025, "month": 5, "avg_high_c": 17.45, "avg_low_c": 6.68, "total_rain_mm": 52.17, "total_rain_in": 2.05 }, { "year": 2025, "month": 6, "avg_high_c": 21.6, "avg_low_c": 9.69, "total_rain_mm": 34.37, "total_rain_in": 1.35 }, { "year": 2025, "month": 7, "avg_high_c": 26.13, "avg_low_c": 11.56, "total_rain_mm": 1.41, "total_rain_in": 0.06 }, { "year": 2025, "month": 8, "avg_high_c": 28.06, "avg_low_c": 13.39, "total_rain_mm": 20.61, "total_rain_in": 0.81 }, { "year": 2025, "month": 9, "avg_high_c": 24.77, "avg_low_c": 11.37, "total_rain_mm": 49.32, "total_rain_in": 1.94 }, { "year": 2025, "month": 10, "avg_high_c": 15.59, "avg_low_c": 6.02, "total_rain_mm": 148.04, "total_rain_in": 5.83 }, { "year": 2025, "month": 11, "avg_high_c": 11.64, "avg_low_c": 5.24, "total_rain_mm": 176.54, "total_rain_in": 6.95 }, { "year": 2025, "month": 12, "avg_high_c": 9.99, "avg_low_c": 4.33, "total_rain_mm": 352.37, "total_rain_in": 13.87 } ] }, "geometry": { "type": "MultiPolygon", "coordinates": [ [ [ [ -122.867972007772678, 44.907671238650813 ], [ -122.867972006751842, 44.907311912434778 ], [ -122.867612681144493, 44.907042417595861 ], [ -122.867343186319985, 44.907042417398102 ], [ -122.86698386035907, 44.907042417442575 ], [ -122.866355039898252, 44.90731191224463 ], [ -122.86608554524156, 44.907671238295784 ], [ -122.862851610356302, 44.907671237934281 ], [ -122.862851610537405, 44.907311912416688 ], [ -122.863210936127331, 44.907311912586465 ], [ -122.863480430285875, 44.907042417422716 ], [ -122.86348043076454, 44.906683091675099 ], [ -122.863480431339553, 44.906413597281698 ], [ -122.863839756274942, 44.906054271264324 ], [ -122.863839757206165, 44.905605112952195 ], [ -122.864468577018414, 44.905605113119229 ], [ -122.865097397891859, 44.905605112926878 ], [ -122.865726218962479, 44.905605113488541 ], [ -122.866355039522745, 44.905605113078579 ], [ -122.866983860280271, 44.905605113422652 ], [ -122.867343186988876, 44.905784776574713 ], [ -122.867612680432813, 44.905784776020582 ], [ -122.867972007185983, 44.905784776489632 ], [ -122.868600827226601, 44.905784776295704 ], [ -122.869229648115649, 44.905605112627768 ], [ -122.869499142963207, 44.905605113460318 ], [ -122.869499142976892, 44.906683092542906 ], [ -122.86887032224584, 44.907042417576193 ], [ -122.868600827815897, 44.90731191215896 ], [ -122.868241501460659, 44.907671238337159 ], [ -122.867972007772678, 44.907671238650813 ] ], [ [ -122.866714366242149, 44.907042417707089 ], [ -122.866714365136602, 44.906683091540458 ], [ -122.866355039011523, 44.906683091264611 ], [ -122.866355039770909, 44.907042418043396 ], [ -122.866714366242149, 44.907042417707089 ] ], [ [ -122.865726218672435, 44.907042417672649 ], [ -122.865726218833373, 44.906683091395116 ], [ -122.865726218433608, 44.906413597223619 ], [ -122.864468577416503, 44.906413597298148 ], [ -122.86446857800739, 44.906683091329974 ], [ -122.864738071706668, 44.906683091624814 ], [ -122.865097398498662, 44.906683091416909 ], [ -122.865097397771123, 44.907042418055951 ], [ -122.865726218672435, 44.907042417672649 ] ], [ [ -122.868600827464689, 44.90605427060607 ], [ -122.868600828188022, 44.90641359653047 ], [ -122.868870322774669, 44.906413596539259 ], [ -122.868870322538442, 44.90605427208979 ], [ -122.868600827464689, 44.90605427060607 ] ] ] ] } },
{ "type": "Feature", "properties": { "field_id": "WV_AG_012", "lat": 44.199287571577258, "lon": -123.18964367965988, "area_acres": 12.920838960501399, "crop_code": 24, "cdl_crop": "Winter Wheat", "crop_dominant_pct": 89.5, "soil_muname": "Malabon silty clay loam", "soil_drainage": "Well drained", "soil_clay_pct": 31.0, "soil_sand_pct": 20.0, "soil_silt_pct": 49.0, "soil_om_pct": 5.0, "soil_ph": 6.1, "soil_cec": 25.0, "soil_depth_cm": 0.0, "weather_monthly": [ { "year": 2020, "month": 1, "avg_high_c": 7.66, "avg_low_c": 3.21, "total_rain_mm": 280.71, "total_rain_in": 11.05 }, { "year": 2020, "month": 2, "avg_high_c": 9.12, "avg_low_c": 0.7, "total_rain_mm": 88.78, "total_rain_in": 3.5 }, { "year": 2020, "month": 3, "avg_high_c": 10.54, "avg_low_c": 1.58, "total_rain_mm": 108.69, "total_rain_in": 4.28 }, { "year": 2020, "month": 4, "avg_high_c": 15.02, "avg_low_c": 4.71, "total_rain_mm": 73.03, "total_rain_in": 2.88 }, { "year": 2020, "month": 5, "avg_high_c": 17.39, "avg_low_c": 7.19, "total_rain_mm": 120.67, "total_rain_in": 4.75 }, { "year": 2020, "month": 6, "avg_high_c": 19.11, "avg_low_c": 9.05, "total_rain_mm": 70.28, "total_rain_in": 2.77 }, { "year": 2020, "month": 7, "avg_high_c": 23.77, "avg_low_c": 11.01, "total_rain_mm": 1.23, "total_rain_in": 0.05 }, { "year": 2020, "month": 8, "avg_high_c": 26.66, "avg_low_c": 10.99, "total_rain_mm": 2.32, "total_rain_in": 0.09 }, { "year": 2020, "month": 9, "avg_high_c": 26.07, "avg_low_c": 11.71, "total_rain_mm": 58.73, "total_rain_in": 2.31 }, { "year": 2020, "month": 10, "avg_high_c": 19.05, "avg_low_c": 7.03, "total_rain_mm": 64.71, "total_rain_in": 2.55 }, { "year": 2020, "month": 11, "avg_high_c": 10.65, "avg_low_c": 2.51, "total_rain_mm": 204.9, "total_rain_in": 8.07 }, { "year": 2020, "month": 12, "avg_high_c": 9.4, "avg_low_c": 1.62, "total_rain_mm": 187.39, "total_rain_in": 7.38 }, { "year": 2021, "month": 1, "avg_high_c": 8.67, "avg_low_c": 2.37, "total_rain_mm": 184.79, "total_rain_in": 7.28 }, { "year": 2021, "month": 2, "avg_high_c": 7.16, "avg_low_c": 1.66, "total_rain_mm": 163.15, "total_rain_in": 6.42 }, { "year": 2021, "month": 3, "avg_high_c": 10.78, "avg_low_c": 1.09, "total_rain_mm": 68.13, "total_rain_in": 2.68 }, { "year": 2021, "month": 4, "avg_high_c": 15.69, "avg_low_c": 3.28, "total_rain_mm": 17.85, "total_rain_in": 0.7 }, { "year": 2021, "month": 5, "avg_high_c": 16.96, "avg_low_c": 6.41, "total_rain_mm": 33.24, "total_rain_in": 1.31 }, { "year": 2021, "month": 6, "avg_high_c": 23.28, "avg_low_c": 10.71, "total_rain_mm": 33.37, "total_rain_in": 1.31 }, { "year": 2021, "month": 7, "avg_high_c": 27.7, "avg_low_c": 11.54, "total_rain_mm": 1.42, "total_rain_in": 0.06 }, { "year": 2021, "month": 8, "avg_high_c": 27.84, "avg_low_c": 12.16, "total_rain_mm": 1.11, "total_rain_in": 0.04 }, { "year": 2021, "month": 9, "avg_high_c": 25.0, "avg_low_c": 9.64, "total_rain_mm": 82.72, "total_rain_in": 3.26 }, { "year": 2021, "month": 10, "avg_high_c": 16.05, "avg_low_c": 6.61, "total_rain_mm": 104.65, "total_rain_in": 4.12 }, { "year": 2021, "month": 11, "avg_high_c": 12.26, "avg_low_c": 4.72, "total_rain_mm": 156.92, "total_rain_in": 6.18 }, { "year": 2021, "month": 12, "avg_high_c": 5.99, "avg_low_c": 1.66, "total_rain_mm": 254.46, "total_rain_in": 10.02 }, { "year": 2022, "month": 1, "avg_high_c": 10.25, "avg_low_c": 1.58, "total_rain_mm": 140.49, "total_rain_in": 5.53 }, { "year": 2022, "month": 2, "avg_high_c": 10.43, "avg_low_c": 1.5, "total_rain_mm": 44.88, "total_rain_in": 1.77 }, { "year": 2022, "month": 3, "avg_high_c": 11.97, "avg_low_c": 3.41, "total_rain_mm": 100.24, "total_rain_in": 3.95 }, { "year": 2022, "month": 4, "avg_high_c": 11.32, "avg_low_c": 2.64, "total_rain_mm": 161.54, "total_rain_in": 6.36 }, { "year": 2022, "month": 5, "avg_high_c": 14.57, "avg_low_c": 5.9, "total_rain_mm": 174.98, "total_rain_in": 6.89 }, { "year": 2022, "month": 6, "avg_high_c": 19.98, "avg_low_c": 9.33, "total_rain_mm": 99.4, "total_rain_in": 3.91 }, { "year": 2022, "month": 7, "avg_high_c": 24.74, "avg_low_c": 12.38, "total_rain_mm": 7.74, "total_rain_in": 0.3 }, { "year": 2022, "month": 8, "avg_high_c": 26.85, "avg_low_c": 12.9, "total_rain_mm": 1.93, "total_rain_in": 0.08 }, { "year": 2022, "month": 9, "avg_high_c": 25.2, "avg_low_c": 10.87, "total_rain_mm": 8.62, "total_rain_in": 0.34 }, { "year": 2022, "month": 10, "avg_high_c": 21.99, "avg_low_c": 8.89, "total_rain_mm": 57.5, "total_rain_in": 2.26 }, { "year": 2022, "month": 11, "avg_high_c": 9.82, "avg_low_c": 0.86, "total_rain_mm": 160.98, "total_rain_in": 6.34 }, { "year": 2022, "month": 12, "avg_high_c": 7.61, "avg_low_c": 1.27, "total_rain_mm": 173.4, "total_rain_in": 6.83 }, { "year": 2023, "month": 1, "avg_high_c": 7.82, "avg_low_c": 1.42, "total_rain_mm": 94.49, "total_rain_in": 3.72 }, { "year": 2023, "month": 2, "avg_high_c": 7.78, "avg_low_c": -0.04, "total_rain_mm": 112.98, "total_rain_in": 4.45 }, { "year": 2023, "month": 3, "avg_high_c": 7.61, "avg_low_c": -0.22, "total_rain_mm": 193.63, "total_rain_in": 7.62 }, { "year": 2023, "month": 4, "avg_high_c": 11.76, "avg_low_c": 3.48, "total_rain_mm": 155.44, "total_rain_in": 6.12 }, { "year": 2023, "month": 5, "avg_high_c": 19.43, "avg_low_c": 8.12, "total_rain_mm": 27.62, "total_rain_in": 1.09 }, { "year": 2023, "month": 6, "avg_high_c": 21.13, "avg_low_c": 8.79, "total_rain_mm": 13.29, "total_rain_in": 0.52 }, { "year": 2023, "month": 7, "avg_high_c": 26.83, "avg_low_c": 11.23, "total_rain_mm": 0.8, "total_rain_in": 0.03 }, { "year": 2023, "month": 8, "avg_high_c": 29.16, "avg_low_c": 12.95, "total_rain_mm": 13.99, "total_rain_in": 0.55 }, { "year": 2023, "month": 9, "avg_high_c": 24.05, "avg_low_c": 10.15, "total_rain_mm": 56.6, "total_rain_in": 2.23 }, { "year": 2023, "month": 10, "avg_high_c": 18.3, "avg_low_c": 7.1, "total_rain_mm": 106.79, "total_rain_in": 4.2 }, { "year": 2023, "month": 11, "avg_high_c": 12.28, "avg_low_c": 3.5, "total_rain_mm": 139.45, "total_rain_in": 5.49 }, { "year": 2023, "month": 12, "avg_high_c": 10.7, "avg_low_c": 4.32, "total_rain_mm": 245.67, "total_rain_in": 9.67 }, { "year": 2024, "month": 1, "avg_high_c": 9.33, "avg_low_c": 4.32, "total_rain_mm": 351.31, "total_rain_in": 13.83 }, { "year": 2024, "month": 2, "avg_high_c": 9.73, "avg_low_c": 3.04, "total_rain_mm": 178.71, "total_rain_in": 7.04 }, { "year": 2024, "month": 3, "avg_high_c": 10.96, "avg_low_c": 2.61, "total_rain_mm": 164.28, "total_rain_in": 6.47 }, { "year": 2024, "month": 4, "avg_high_c": 13.62, "avg_low_c": 4.03, "total_rain_mm": 93.19, "total_rain_in": 3.67 }, { "year": 2024, "month": 5, "avg_high_c": 16.89, "avg_low_c": 5.88, "total_rain_mm": 103.89, "total_rain_in": 4.09 }, { "year": 2024, "month": 6, "avg_high_c": 20.35, "avg_low_c": 9.04, "total_rain_mm": 54.09, "total_rain_in": 2.13 }, { "year": 2024, "month": 7, "avg_high_c": 26.5, "avg_low_c": 12.22, "total_rain_mm": 3.37, "total_rain_in": 0.13 }, { "year": 2024, "month": 8, "avg_high_c": 26.3, "avg_low_c": 12.01, "total_rain_mm": 24.29, "total_rain_in": 0.96 }, { "year": 2024, "month": 9, "avg_high_c": 25.02, "avg_low_c": 10.59, "total_rain_mm": 32.9, "total_rain_in": 1.3 }, { "year": 2024, "month": 10, "avg_high_c": 19.19, "avg_low_c": 6.89, "total_rain_mm": 98.47, "total_rain_in": 3.88 }, { "year": 2024, "month": 11, "avg_high_c": 9.64, "avg_low_c": 3.86, "total_rain_mm": 293.22, "total_rain_in": 11.54 }, { "year": 2024, "month": 12, "avg_high_c": 9.76, "avg_low_c": 3.29, "total_rain_mm": 295.17, "total_rain_in": 11.62 }, { "year": 2025, "month": 1, "avg_high_c": 8.65, "avg_low_c": 0.33, "total_rain_mm": 131.95, "total_rain_in": 5.19 }, { "year": 2025, "month": 2, "avg_high_c": 8.13, "avg_low_c": 1.66, "total_rain_mm": 190.55, "total_rain_in": 7.5 }, { "year": 2025, "month": 3, "avg_high_c": 11.05, "avg_low_c": 4.06, "total_rain_mm": 268.39, "total_rain_in": 10.57 }, { "year": 2025, "month": 4, "avg_high_c": 15.16, "avg_low_c": 4.32, "total_rain_mm": 58.55, "total_rain_in": 2.31 }, { "year": 2025, "month": 5, "avg_high_c": 17.27, "avg_low_c": 6.52, "total_rain_mm": 44.19, "total_rain_in": 1.74 }, { "year": 2025, "month": 6, "avg_high_c": 21.41, "avg_low_c": 9.22, "total_rain_mm": 31.7, "total_rain_in": 1.25 }, { "year": 2025, "month": 7, "avg_high_c": 26.68, "avg_low_c": 11.54, "total_rain_mm": 0.73, "total_rain_in": 0.03 }, { "year": 2025, "month": 8, "avg_high_c": 29.54, "avg_low_c": 13.29, "total_rain_mm": 10.11, "total_rain_in": 0.4 }, { "year": 2025, "month": 9, "avg_high_c": 25.66, "avg_low_c": 10.95, "total_rain_mm": 47.25, "total_rain_in": 1.86 }, { "year": 2025, "month": 10, "avg_high_c": 16.4, "avg_low_c": 6.01, "total_rain_mm": 126.39, "total_rain_in": 4.98 }, { "year": 2025, "month": 11, "avg_high_c": 12.57, "avg_low_c": 5.3, "total_rain_mm": 124.05, "total_rain_in": 4.88 }, { "year": 2025, "month": 12, "avg_high_c": 10.45, "avg_low_c": 4.15, "total_rain_mm": 259.14, "total_rain_in": 10.2 } ] }, "geometry": { "type": "MultiPolygon", "coordinates": [ [ [ [ -123.190762745681198, 44.200123187301536 ], [ -123.189774598811567, 44.20012318795758 ], [ -123.189774598171397, 44.200392682516323 ], [ -123.189415272646158, 44.200392682121247 ], [ -123.189145778643933, 44.200392682326701 ], [ -123.189145779016613, 44.200123187413666 ], [ -123.18878645321729, 44.200123187546744 ], [ -123.18878645245141, 44.199763860954036 ], [ -123.188157631886, 44.199404535479502 ], [ -123.187888137342213, 44.199404535009002 ], [ -123.187528811590809, 44.199404535337422 ], [ -123.187259316475746, 44.199135040988551 ], [ -123.187259316629834, 44.19850621955959 ], [ -123.187528810867647, 44.198506219684667 ], [ -123.187888137391553, 44.198506220064843 ], [ -123.188157630779529, 44.198506220029053 ], [ -123.18851695645364, 44.198506219823415 ], [ -123.188786452957856, 44.198506219727861 ], [ -123.189145778136336, 44.198506219797117 ], [ -123.189415271382856, 44.198506220047051 ], [ -123.19013392471463, 44.198506219865067 ], [ -123.190133924650212, 44.198775714658709 ], [ -123.192020388048789, 44.19877571455671 ], [ -123.192020387648498, 44.199135040535289 ], [ -123.191661061595894, 44.199404534764753 ], [ -123.19139156722035, 44.199763861400513 ], [ -123.191391567105725, 44.200123187335684 ], [ -123.190762745681198, 44.200123187301536 ] ] ] ] } },
{ "type": "Feature", "properties": { "field_id": "WV_AG_013", "lat": 44.50700621516949, "lon": -123.06702528621418, "area_acres": 13.2329484591144, "crop_code": 24, "cdl_crop": "Winter Wheat", "crop_dominant_pct": 94.6, "soil_muname": "Woodburn silt loam, 0 to 3 percent slopes", "soil_drainage": "Moderately well drained", "soil_clay_pct": 15.0, "soil_sand_pct": 14.0, "soil_silt_pct": 71.0, "soil_om_pct": 4.0, "soil_ph": 6.1, "soil_cec": 15.0, "soil_depth_cm": 0.0, "weather_monthly": [ { "year": 2020, "month": 1, "avg_high_c": 8.29, "avg_low_c": 3.45, "total_rain_mm": 335.74, "total_rain_in": 13.22 }, { "year": 2020, "month": 2, "avg_high_c": 9.41, "avg_low_c": 1.31, "total_rain_mm": 106.13, "total_rain_in": 4.18 }, { "year": 2020, "month": 3, "avg_high_c": 10.89, "avg_low_c": 1.82, "total_rain_mm": 122.53, "total_rain_in": 4.82 }, { "year": 2020, "month": 4, "avg_high_c": 15.33, "avg_low_c": 4.78, "total_rain_mm": 69.14, "total_rain_in": 2.72 }, { "year": 2020, "month": 5, "avg_high_c": 17.79, "avg_low_c": 7.72, "total_rain_mm": 134.18, "total_rain_in": 5.28 }, { "year": 2020, "month": 6, "avg_high_c": 19.47, "avg_low_c": 9.28, "total_rain_mm": 75.69, "total_rain_in": 2.98 }, { "year": 2020, "month": 7, "avg_high_c": 23.62, "avg_low_c": 10.84, "total_rain_mm": 1.22, "total_rain_in": 0.05 }, { "year": 2020, "month": 8, "avg_high_c": 25.28, "avg_low_c": 10.98, "total_rain_mm": 2.78, "total_rain_in": 0.11 }, { "year": 2020, "month": 9, "avg_high_c": 24.88, "avg_low_c": 11.82, "total_rain_mm": 72.75, "total_rain_in": 2.86 }, { "year": 2020, "month": 10, "avg_high_c": 18.05, "avg_low_c": 6.83, "total_rain_mm": 69.47, "total_rain_in": 2.74 }, { "year": 2020, "month": 11, "avg_high_c": 10.89, "avg_low_c": 2.86, "total_rain_mm": 232.5, "total_rain_in": 9.15 }, { "year": 2020, "month": 12, "avg_high_c": 9.48, "avg_low_c": 1.8, "total_rain_mm": 218.39, "total_rain_in": 8.6 }, { "year": 2021, "month": 1, "avg_high_c": 8.91, "avg_low_c": 2.45, "total_rain_mm": 254.08, "total_rain_in": 10.0 }, { "year": 2021, "month": 2, "avg_high_c": 7.83, "avg_low_c": 1.9, "total_rain_mm": 199.0, "total_rain_in": 7.83 }, { "year": 2021, "month": 3, "avg_high_c": 11.03, "avg_low_c": 1.41, "total_rain_mm": 76.2, "total_rain_in": 3.0 }, { "year": 2021, "month": 4, "avg_high_c": 16.03, "avg_low_c": 3.49, "total_rain_mm": 26.64, "total_rain_in": 1.05 }, { "year": 2021, "month": 5, "avg_high_c": 17.61, "avg_low_c": 6.63, "total_rain_mm": 32.61, "total_rain_in": 1.28 }, { "year": 2021, "month": 6, "avg_high_c": 23.31, "avg_low_c": 10.75, "total_rain_mm": 48.27, "total_rain_in": 1.9 }, { "year": 2021, "month": 7, "avg_high_c": 26.5, "avg_low_c": 11.41, "total_rain_mm": 1.97, "total_rain_in": 0.08 }, { "year": 2021, "month": 8, "avg_high_c": 27.12, "avg_low_c": 12.3, "total_rain_mm": 1.69, "total_rain_in": 0.07 }, { "year": 2021, "month": 9, "avg_high_c": 24.68, "avg_low_c": 9.98, "total_rain_mm": 85.39, "total_rain_in": 3.36 }, { "year": 2021, "month": 10, "avg_high_c": 15.78, "avg_low_c": 6.61, "total_rain_mm": 126.84, "total_rain_in": 4.99 }, { "year": 2021, "month": 11, "avg_high_c": 12.39, "avg_low_c": 4.82, "total_rain_mm": 205.74, "total_rain_in": 8.1 }, { "year": 2021, "month": 12, "avg_high_c": 6.18, "avg_low_c": 1.36, "total_rain_mm": 308.92, "total_rain_in": 12.16 }, { "year": 2022, "month": 1, "avg_high_c": 9.77, "avg_low_c": 1.92, "total_rain_mm": 158.73, "total_rain_in": 6.25 }, { "year": 2022, "month": 2, "avg_high_c": 10.27, "avg_low_c": 1.55, "total_rain_mm": 85.78, "total_rain_in": 3.38 }, { "year": 2022, "month": 3, "avg_high_c": 12.11, "avg_low_c": 3.66, "total_rain_mm": 115.37, "total_rain_in": 4.54 }, { "year": 2022, "month": 4, "avg_high_c": 11.74, "avg_low_c": 2.97, "total_rain_mm": 181.66, "total_rain_in": 7.15 }, { "year": 2022, "month": 5, "avg_high_c": 15.02, "avg_low_c": 6.09, "total_rain_mm": 173.68, "total_rain_in": 6.84 }, { "year": 2022, "month": 6, "avg_high_c": 20.05, "avg_low_c": 9.46, "total_rain_mm": 102.97, "total_rain_in": 4.05 }, { "year": 2022, "month": 7, "avg_high_c": 24.84, "avg_low_c": 12.19, "total_rain_mm": 7.17, "total_rain_in": 0.28 }, { "year": 2022, "month": 8, "avg_high_c": 26.1, "avg_low_c": 12.91, "total_rain_mm": 2.85, "total_rain_in": 0.11 }, { "year": 2022, "month": 9, "avg_high_c": 24.47, "avg_low_c": 11.0, "total_rain_mm": 8.81, "total_rain_in": 0.35 }, { "year": 2022, "month": 10, "avg_high_c": 21.37, "avg_low_c": 8.75, "total_rain_mm": 58.08, "total_rain_in": 2.29 }, { "year": 2022, "month": 11, "avg_high_c": 9.79, "avg_low_c": 0.95, "total_rain_mm": 178.0, "total_rain_in": 7.01 }, { "year": 2022, "month": 12, "avg_high_c": 7.87, "avg_low_c": 1.37, "total_rain_mm": 195.13, "total_rain_in": 7.68 }, { "year": 2023, "month": 1, "avg_high_c": 8.03, "avg_low_c": 1.69, "total_rain_mm": 125.73, "total_rain_in": 4.95 }, { "year": 2023, "month": 2, "avg_high_c": 7.67, "avg_low_c": 0.08, "total_rain_mm": 120.26, "total_rain_in": 4.73 }, { "year": 2023, "month": 3, "avg_high_c": 8.6, "avg_low_c": 0.45, "total_rain_mm": 204.35, "total_rain_in": 8.05 }, { "year": 2023, "month": 4, "avg_high_c": 12.24, "avg_low_c": 3.7, "total_rain_mm": 183.89, "total_rain_in": 7.24 }, { "year": 2023, "month": 5, "avg_high_c": 19.84, "avg_low_c": 8.26, "total_rain_mm": 19.98, "total_rain_in": 0.79 }, { "year": 2023, "month": 6, "avg_high_c": 21.61, "avg_low_c": 8.67, "total_rain_mm": 11.98, "total_rain_in": 0.47 }, { "year": 2023, "month": 7, "avg_high_c": 26.14, "avg_low_c": 11.26, "total_rain_mm": 1.1, "total_rain_in": 0.04 }, { "year": 2023, "month": 8, "avg_high_c": 28.47, "avg_low_c": 13.2, "total_rain_mm": 15.84, "total_rain_in": 0.62 }, { "year": 2023, "month": 9, "avg_high_c": 23.69, "avg_low_c": 10.6, "total_rain_mm": 69.32, "total_rain_in": 2.73 }, { "year": 2023, "month": 10, "avg_high_c": 18.08, "avg_low_c": 7.62, "total_rain_mm": 112.67, "total_rain_in": 4.44 }, { "year": 2023, "month": 11, "avg_high_c": 12.32, "avg_low_c": 3.76, "total_rain_mm": 171.73, "total_rain_in": 6.76 }, { "year": 2023, "month": 12, "avg_high_c": 10.81, "avg_low_c": 4.63, "total_rain_mm": 291.62, "total_rain_in": 11.48 }, { "year": 2024, "month": 1, "avg_high_c": 9.42, "avg_low_c": 4.06, "total_rain_mm": 392.13, "total_rain_in": 15.44 }, { "year": 2024, "month": 2, "avg_high_c": 10.23, "avg_low_c": 3.33, "total_rain_mm": 199.65, "total_rain_in": 7.86 }, { "year": 2024, "month": 3, "avg_high_c": 11.63, "avg_low_c": 2.94, "total_rain_mm": 178.34, "total_rain_in": 7.02 }, { "year": 2024, "month": 4, "avg_high_c": 14.12, "avg_low_c": 4.3, "total_rain_mm": 93.08, "total_rain_in": 3.66 }, { "year": 2024, "month": 5, "avg_high_c": 17.1, "avg_low_c": 6.17, "total_rain_mm": 106.35, "total_rain_in": 4.19 }, { "year": 2024, "month": 6, "avg_high_c": 20.44, "avg_low_c": 9.21, "total_rain_mm": 57.73, "total_rain_in": 2.27 }, { "year": 2024, "month": 7, "avg_high_c": 26.3, "avg_low_c": 11.94, "total_rain_mm": 5.44, "total_rain_in": 0.21 }, { "year": 2024, "month": 8, "avg_high_c": 25.26, "avg_low_c": 12.04, "total_rain_mm": 20.57, "total_rain_in": 0.81 }, { "year": 2024, "month": 9, "avg_high_c": 24.25, "avg_low_c": 10.86, "total_rain_mm": 34.03, "total_rain_in": 1.34 }, { "year": 2024, "month": 10, "avg_high_c": 18.82, "avg_low_c": 7.09, "total_rain_mm": 123.02, "total_rain_in": 4.84 }, { "year": 2024, "month": 11, "avg_high_c": 10.25, "avg_low_c": 4.12, "total_rain_mm": 316.42, "total_rain_in": 12.46 }, { "year": 2024, "month": 12, "avg_high_c": 9.56, "avg_low_c": 3.41, "total_rain_mm": 301.4, "total_rain_in": 11.87 }, { "year": 2025, "month": 1, "avg_high_c": 8.3, "avg_low_c": 0.38, "total_rain_mm": 131.61, "total_rain_in": 5.18 }, { "year": 2025, "month": 2, "avg_high_c": 8.57, "avg_low_c": 1.98, "total_rain_mm": 208.24, "total_rain_in": 8.2 }, { "year": 2025, "month": 3, "avg_high_c": 11.43, "avg_low_c": 4.26, "total_rain_mm": 258.95, "total_rain_in": 10.19 }, { "year": 2025, "month": 4, "avg_high_c": 15.68, "avg_low_c": 4.55, "total_rain_mm": 62.07, "total_rain_in": 2.44 }, { "year": 2025, "month": 5, "avg_high_c": 17.55, "avg_low_c": 6.39, "total_rain_mm": 43.47, "total_rain_in": 1.71 }, { "year": 2025, "month": 6, "avg_high_c": 21.52, "avg_low_c": 9.24, "total_rain_mm": 31.15, "total_rain_in": 1.23 }, { "year": 2025, "month": 7, "avg_high_c": 25.74, "avg_low_c": 11.48, "total_rain_mm": 0.4, "total_rain_in": 0.02 }, { "year": 2025, "month": 8, "avg_high_c": 28.03, "avg_low_c": 13.28, "total_rain_mm": 12.83, "total_rain_in": 0.51 }, { "year": 2025, "month": 9, "avg_high_c": 24.93, "avg_low_c": 11.27, "total_rain_mm": 48.46, "total_rain_in": 1.91 }, { "year": 2025, "month": 10, "avg_high_c": 15.99, "avg_low_c": 6.03, "total_rain_mm": 137.17, "total_rain_in": 5.4 }, { "year": 2025, "month": 11, "avg_high_c": 12.27, "avg_low_c": 5.4, "total_rain_mm": 167.03, "total_rain_in": 6.58 }, { "year": 2025, "month": 12, "avg_high_c": 10.32, "avg_low_c": 4.3, "total_rain_mm": 310.36, "total_rain_in": 12.22 } ] }, "geometry": { "type": "MultiPolygon", "coordinates": [ [ [ [ -123.065888994386043, 44.508284649525471 ], [ -123.065888994644922, 44.507655829659626 ], [ -123.065888994195319, 44.507027008918072 ], [ -123.065529668736744, 44.506667682559055 ], [ -123.065260173268385, 44.506667682568164 ], [ -123.065260174289037, 44.50630835618076 ], [ -123.065529669708013, 44.5060388616781 ], [ -123.066158489819415, 44.505679535619123 ], [ -123.066787310193945, 44.50567953533762 ], [ -123.067416132025727, 44.506038861737444 ], [ -123.067775457935895, 44.506038861627381 ], [ -123.068044951815338, 44.50603886196069 ], [ -123.068044952483362, 44.506308356244553 ], [ -123.067416131399241, 44.506308355769114 ], [ -123.067416131439515, 44.506667682451337 ], [ -123.067775458299081, 44.50702700833375 ], [ -123.068044952130066, 44.507027008562297 ], [ -123.068044951524612, 44.506667681960451 ], [ -123.06840427906269, 44.506667682384894 ], [ -123.069033098499233, 44.506667682050427 ], [ -123.069392425535867, 44.506667681789729 ], [ -123.069392425328829, 44.507027008182014 ], [ -123.069661919366894, 44.507027008843735 ], [ -123.069661919362474, 44.507296502374949 ], [ -123.069392424605368, 44.507296502574668 ], [ -123.069033099777613, 44.507296503549405 ], [ -123.06840427812719, 44.507296503127087 ], [ -123.068044952089551, 44.507296501693716 ], [ -123.068044952695004, 44.507655828779683 ], [ -123.067775457164217, 44.507925323516574 ], [ -123.067416131624185, 44.507925323331762 ], [ -123.067146637698073, 44.507925323913653 ], [ -123.067146636808715, 44.508284649865644 ], [ -123.067416130955991, 44.508284649535966 ], [ -123.067416131539431, 44.508554144612276 ], [ -123.066787310567847, 44.508554144282741 ], [ -123.066787312488913, 44.508284649206416 ], [ -123.066158490244774, 44.508284649507743 ], [ -123.065888994386043, 44.508284649525471 ] ] ] ] } },
{ "type": "Feature", "properties": { "field_id": "WV_AG_014", "lat": 44.654349088841478, "lon": -123.1508651840231, "area_acres": 10.739204808796799, "crop_code": 24, "cdl_crop": "Winter Wheat", "crop_dominant_pct": 64.0, "soil_muname": "Willamette silt loam, 3 to 12 percent slopes", "soil_drainage": "Well drained", "soil_clay_pct": 21.0, "soil_sand_pct": 5.0, "soil_silt_pct": 74.0, "soil_om_pct": 4.3, "soil_ph": 5.6, "soil_cec": 20.0, "soil_depth_cm": 0.0, "weather_monthly": [ { "year": 2020, "month": 1, "avg_high_c": 8.29, "avg_low_c": 3.45, "total_rain_mm": 335.74, "total_rain_in": 13.22 }, { "year": 2020, "month": 2, "avg_high_c": 9.41, "avg_low_c": 1.31, "total_rain_mm": 106.13, "total_rain_in": 4.18 }, { "year": 2020, "month": 3, "avg_high_c": 10.89, "avg_low_c": 1.82, "total_rain_mm": 122.53, "total_rain_in": 4.82 }, { "year": 2020, "month": 4, "avg_high_c": 15.33, "avg_low_c": 4.78, "total_rain_mm": 69.14, "total_rain_in": 2.72 }, { "year": 2020, "month": 5, "avg_high_c": 17.79, "avg_low_c": 7.72, "total_rain_mm": 134.18, "total_rain_in": 5.28 }, { "year": 2020, "month": 6, "avg_high_c": 19.47, "avg_low_c": 9.28, "total_rain_mm": 75.69, "total_rain_in": 2.98 }, { "year": 2020, "month": 7, "avg_high_c": 23.62, "avg_low_c": 10.84, "total_rain_mm": 1.22, "total_rain_in": 0.05 }, { "year": 2020, "month": 8, "avg_high_c": 25.28, "avg_low_c": 10.98, "total_rain_mm": 2.78, "total_rain_in": 0.11 }, { "year": 2020, "month": 9, "avg_high_c": 24.88, "avg_low_c": 11.82, "total_rain_mm": 72.75, "total_rain_in": 2.86 }, { "year": 2020, "month": 10, "avg_high_c": 18.05, "avg_low_c": 6.83, "total_rain_mm": 69.47, "total_rain_in": 2.74 }, { "year": 2020, "month": 11, "avg_high_c": 10.89, "avg_low_c": 2.86, "total_rain_mm": 232.5, "total_rain_in": 9.15 }, { "year": 2020, "month": 12, "avg_high_c": 9.48, "avg_low_c": 1.8, "total_rain_mm": 218.39, "total_rain_in": 8.6 }, { "year": 2021, "month": 1, "avg_high_c": 8.91, "avg_low_c": 2.45, "total_rain_mm": 254.08, "total_rain_in": 10.0 }, { "year": 2021, "month": 2, "avg_high_c": 7.83, "avg_low_c": 1.9, "total_rain_mm": 199.0, "total_rain_in": 7.83 }, { "year": 2021, "month": 3, "avg_high_c": 11.03, "avg_low_c": 1.41, "total_rain_mm": 76.2, "total_rain_in": 3.0 }, { "year": 2021, "month": 4, "avg_high_c": 16.03, "avg_low_c": 3.49, "total_rain_mm": 26.64, "total_rain_in": 1.05 }, { "year": 2021, "month": 5, "avg_high_c": 17.61, "avg_low_c": 6.63, "total_rain_mm": 32.61, "total_rain_in": 1.28 }, { "year": 2021, "month": 6, "avg_high_c": 23.31, "avg_low_c": 10.75, "total_rain_mm": 48.27, "total_rain_in": 1.9 }, { "year": 2021, "month": 7, "avg_high_c": 26.5, "avg_low_c": 11.41, "total_rain_mm": 1.97, "total_rain_in": 0.08 }, { "year": 2021, "month": 8, "avg_high_c": 27.12, "avg_low_c": 12.3, "total_rain_mm": 1.69, "total_rain_in": 0.07 }, { "year": 2021, "month": 9, "avg_high_c": 24.68, "avg_low_c": 9.98, "total_rain_mm": 85.39, "total_rain_in": 3.36 }, { "year": 2021, "month": 10, "avg_high_c": 15.78, "avg_low_c": 6.61, "total_rain_mm": 126.84, "total_rain_in": 4.99 }, { "year": 2021, "month": 11, "avg_high_c": 12.39, "avg_low_c": 4.82, "total_rain_mm": 205.74, "total_rain_in": 8.1 }, { "year": 2021, "month": 12, "avg_high_c": 6.18, "avg_low_c": 1.36, "total_rain_mm": 308.92, "total_rain_in": 12.16 }, { "year": 2022, "month": 1, "avg_high_c": 9.77, "avg_low_c": 1.92, "total_rain_mm": 158.73, "total_rain_in": 6.25 }, { "year": 2022, "month": 2, "avg_high_c": 10.27, "avg_low_c": 1.55, "total_rain_mm": 85.78, "total_rain_in": 3.38 }, { "year": 2022, "month": 3, "avg_high_c": 12.11, "avg_low_c": 3.66, "total_rain_mm": 115.37, "total_rain_in": 4.54 }, { "year": 2022, "month": 4, "avg_high_c": 11.74, "avg_low_c": 2.97, "total_rain_mm": 181.66, "total_rain_in": 7.15 }, { "year": 2022, "month": 5, "avg_high_c": 15.02, "avg_low_c": 6.09, "total_rain_mm": 173.68, "total_rain_in": 6.84 }, { "year": 2022, "month": 6, "avg_high_c": 20.05, "avg_low_c": 9.46, "total_rain_mm": 102.97, "total_rain_in": 4.05 }, { "year": 2022, "month": 7, "avg_high_c": 24.84, "avg_low_c": 12.19, "total_rain_mm": 7.17, "total_rain_in": 0.28 }, { "year": 2022, "month": 8, "avg_high_c": 26.1, "avg_low_c": 12.91, "total_rain_mm": 2.85, "total_rain_in": 0.11 }, { "year": 2022, "month": 9, "avg_high_c": 24.47, "avg_low_c": 11.0, "total_rain_mm": 8.81, "total_rain_in": 0.35 }, { "year": 2022, "month": 10, "avg_high_c": 21.37, "avg_low_c": 8.75, "total_rain_mm": 58.08, "total_rain_in": 2.29 }, { "year": 2022, "month": 11, "avg_high_c": 9.79, "avg_low_c": 0.95, "total_rain_mm": 178.0, "total_rain_in": 7.01 }, { "year": 2022, "month": 12, "avg_high_c": 7.87, "avg_low_c": 1.37, "total_rain_mm": 195.13, "total_rain_in": 7.68 }, { "year": 2023, "month": 1, "avg_high_c": 8.03, "avg_low_c": 1.69, "total_rain_mm": 125.73, "total_rain_in": 4.95 }, { "year": 2023, "month": 2, "avg_high_c": 7.67, "avg_low_c": 0.08, "total_rain_mm": 120.26, "total_rain_in": 4.73 }, { "year": 2023, "month": 3, "avg_high_c": 8.6, "avg_low_c": 0.45, "total_rain_mm": 204.35, "total_rain_in": 8.05 }, { "year": 2023, "month": 4, "avg_high_c": 12.24, "avg_low_c": 3.7, "total_rain_mm": 183.89, "total_rain_in": 7.24 }, { "year": 2023, "month": 5, "avg_high_c": 19.84, "avg_low_c": 8.26, "total_rain_mm": 19.98, "total_rain_in": 0.79 }, { "year": 2023, "month": 6, "avg_high_c": 21.61, "avg_low_c": 8.67, "total_rain_mm": 11.98, "total_rain_in": 0.47 }, { "year": 2023, "month": 7, "avg_high_c": 26.14, "avg_low_c": 11.26, "total_rain_mm": 1.1, "total_rain_in": 0.04 }, { "year": 2023, "month": 8, "avg_high_c": 28.47, "avg_low_c": 13.2, "total_rain_mm": 15.84, "total_rain_in": 0.62 }, { "year": 2023, "month": 9, "avg_high_c": 23.69, "avg_low_c": 10.6, "total_rain_mm": 69.32, "total_rain_in": 2.73 }, { "year": 2023, "month": 10, "avg_high_c": 18.08, "avg_low_c": 7.62, "total_rain_mm": 112.67, "total_rain_in": 4.44 }, { "year": 2023, "month": 11, "avg_high_c": 12.32, "avg_low_c": 3.76, "total_rain_mm": 171.73, "total_rain_in": 6.76 }, { "year": 2023, "month": 12, "avg_high_c": 10.81, "avg_low_c": 4.63, "total_rain_mm": 291.62, "total_rain_in": 11.48 }, { "year": 2024, "month": 1, "avg_high_c": 9.42, "avg_low_c": 4.06, "total_rain_mm": 392.13, "total_rain_in": 15.44 }, { "year": 2024, "month": 2, "avg_high_c": 10.23, "avg_low_c": 3.33, "total_rain_mm": 199.65, "total_rain_in": 7.86 }, { "year": 2024, "month": 3, "avg_high_c": 11.63, "avg_low_c": 2.94, "total_rain_mm": 178.34, "total_rain_in": 7.02 }, { "year": 2024, "month": 4, "avg_high_c": 14.12, "avg_low_c": 4.3, "total_rain_mm": 93.08, "total_rain_in": 3.66 }, { "year": 2024, "month": 5, "avg_high_c": 17.1, "avg_low_c": 6.17, "total_rain_mm": 106.35, "total_rain_in": 4.19 }, { "year": 2024, "month": 6, "avg_high_c": 20.44, "avg_low_c": 9.21, "total_rain_mm": 57.73, "total_rain_in": 2.27 }, { "year": 2024, "month": 7, "avg_high_c": 26.3, "avg_low_c": 11.94, "total_rain_mm": 5.44, "total_rain_in": 0.21 }, { "year": 2024, "month": 8, "avg_high_c": 25.26, "avg_low_c": 12.04, "total_rain_mm": 20.57, "total_rain_in": 0.81 }, { "year": 2024, "month": 9, "avg_high_c": 24.25, "avg_low_c": 10.86, "total_rain_mm": 34.03, "total_rain_in": 1.34 }, { "year": 2024, "month": 10, "avg_high_c": 18.82, "avg_low_c": 7.09, "total_rain_mm": 123.02, "total_rain_in": 4.84 }, { "year": 2024, "month": 11, "avg_high_c": 10.25, "avg_low_c": 4.12, "total_rain_mm": 316.42, "total_rain_in": 12.46 }, { "year": 2024, "month": 12, "avg_high_c": 9.56, "avg_low_c": 3.41, "total_rain_mm": 301.4, "total_rain_in": 11.87 }, { "year": 2025, "month": 1, "avg_high_c": 8.3, "avg_low_c": 0.38, "total_rain_mm": 131.61, "total_rain_in": 5.18 }, { "year": 2025, "month": 2, "avg_high_c": 8.57, "avg_low_c": 1.98, "total_rain_mm": 208.24, "total_rain_in": 8.2 }, { "year": 2025, "month": 3, "avg_high_c": 11.43, "avg_low_c": 4.26, "total_rain_mm": 258.95, "total_rain_in": 10.19 }, { "year": 2025, "month": 4, "avg_high_c": 15.68, "avg_low_c": 4.55, "total_rain_mm": 62.07, "total_rain_in": 2.44 }, { "year": 2025, "month": 5, "avg_high_c": 17.55, "avg_low_c": 6.39, "total_rain_mm": 43.47, "total_rain_in": 1.71 }, { "year": 2025, "month": 6, "avg_high_c": 21.52, "avg_low_c": 9.24, "total_rain_mm": 31.15, "total_rain_in": 1.23 }, { "year": 2025, "month": 7, "avg_high_c": 25.74, "avg_low_c": 11.48, "total_rain_mm": 0.4, "total_rain_in": 0.02 }, { "year": 2025, "month": 8, "avg_high_c": 28.03, "avg_low_c": 13.28, "total_rain_mm": 12.83, "total_rain_in": 0.51 }, { "year": 2025, "month": 9, "avg_high_c": 24.93, "avg_low_c": 11.27, "total_rain_mm": 48.46, "total_rain_in": 1.91 }, { "year": 2025, "month": 10, "avg_high_c": 15.99, "avg_low_c": 6.03, "total_rain_mm": 137.17, "total_rain_in": 5.4 }, { "year": 2025, "month": 11, "avg_high_c": 12.27, "avg_low_c": 5.4, "total_rain_mm": 167.03, "total_rain_in": 6.58 }, { "year": 2025, "month": 12, "avg_high_c": 10.32, "avg_low_c": 4.3, "total_rain_mm": 310.36, "total_rain_in": 12.22 } ] }, "geometry": { "type": "MultiPolygon", "coordinates": [ [ [ [ -123.151576607345163, 44.655537481960607 ], [ -123.150678292391206, 44.655537481714077 ], [ -123.15067829267322, 44.655178155967661 ], [ -123.1503189655227, 44.655178155009551 ], [ -123.150318966970914, 44.654908662799414 ], [ -123.150678292757704, 44.654549334809779 ], [ -123.150049472460012, 44.654549337236517 ], [ -123.150049472347035, 44.654279842206677 ], [ -123.149690144770645, 44.65427983970946 ], [ -123.149420652133927, 44.654279842182426 ], [ -123.149061324413481, 44.654279840833127 ], [ -123.149061324600311, 44.653920514154798 ], [ -123.149061325143194, 44.65356118862244 ], [ -123.149061324980252, 44.653291694076962 ], [ -123.149061324811044, 44.652932367319323 ], [ -123.149061324648116, 44.652662873147172 ], [ -123.149061324478893, 44.652303546887367 ], [ -123.149420650526878, 44.652303547326824 ], [ -123.149690145187918, 44.652303546528664 ], [ -123.14969014495729, 44.652932367364357 ], [ -123.150049471048277, 44.653561188224543 ], [ -123.150678292842173, 44.653920514523222 ], [ -123.150947786477104, 44.654279840550046 ], [ -123.151576607759594, 44.654549335110211 ], [ -123.152205427981301, 44.654549334876627 ], [ -123.152834249169018, 44.65427984066222 ], [ -123.153193575245254, 44.654279840638978 ], [ -123.153193574978005, 44.654908661671072 ], [ -123.152834249193077, 44.65490866093505 ], [ -123.15283424843922, 44.655178156031376 ], [ -123.152834249217108, 44.655537482079296 ], [ -123.151935933482818, 44.655537482021458 ], [ -123.151576607345163, 44.655537481960607 ] ] ] ] } },
{ "type": "Feature", "properties": { "field_id": "WV_AG_015", "lat": 44.296235188317958, "lon": -123.09708671350207, "area_acres": 11.7062537443704, "crop_code": 24, "cdl_crop": "Winter Wheat", "crop_dominant_pct": 89.1, "soil_muname": "Dayton silt loam", "soil_drainage": "Poorly drained", "soil_clay_pct": 17.5, "soil_sand_pct": 29.1, "soil_silt_pct": 53.4, "soil_om_pct": 2.5, "soil_ph": 5.6, "soil_cec": 15.0, "soil_depth_cm": 0.0, "weather_monthly": [ { "year": 2020, "month": 1, "avg_high_c": 8.29, "avg_low_c": 3.45, "total_rain_mm": 335.74, "total_rain_in": 13.22 }, { "year": 2020, "month": 2, "avg_high_c": 9.41, "avg_low_c": 1.31, "total_rain_mm": 106.13, "total_rain_in": 4.18 }, { "year": 2020, "month": 3, "avg_high_c": 10.89, "avg_low_c": 1.82, "total_rain_mm": 122.53, "total_rain_in": 4.82 }, { "year": 2020, "month": 4, "avg_high_c": 15.33, "avg_low_c": 4.78, "total_rain_mm": 69.14, "total_rain_in": 2.72 }, { "year": 2020, "month": 5, "avg_high_c": 17.79, "avg_low_c": 7.72, "total_rain_mm": 134.18, "total_rain_in": 5.28 }, { "year": 2020, "month": 6, "avg_high_c": 19.47, "avg_low_c": 9.28, "total_rain_mm": 75.69, "total_rain_in": 2.98 }, { "year": 2020, "month": 7, "avg_high_c": 23.62, "avg_low_c": 10.84, "total_rain_mm": 1.22, "total_rain_in": 0.05 }, { "year": 2020, "month": 8, "avg_high_c": 25.28, "avg_low_c": 10.98, "total_rain_mm": 2.78, "total_rain_in": 0.11 }, { "year": 2020, "month": 9, "avg_high_c": 24.88, "avg_low_c": 11.82, "total_rain_mm": 72.75, "total_rain_in": 2.86 }, { "year": 2020, "month": 10, "avg_high_c": 18.05, "avg_low_c": 6.83, "total_rain_mm": 69.47, "total_rain_in": 2.74 }, { "year": 2020, "month": 11, "avg_high_c": 10.89, "avg_low_c": 2.86, "total_rain_mm": 232.5, "total_rain_in": 9.15 }, { "year": 2020, "month": 12, "avg_high_c": 9.48, "avg_low_c": 1.8, "total_rain_mm": 218.39, "total_rain_in": 8.6 }, { "year": 2021, "month": 1, "avg_high_c": 8.91, "avg_low_c": 2.45, "total_rain_mm": 254.08, "total_rain_in": 10.0 }, { "year": 2021, "month": 2, "avg_high_c": 7.83, "avg_low_c": 1.9, "total_rain_mm": 199.0, "total_rain_in": 7.83 }, { "year": 2021, "month": 3, "avg_high_c": 11.03, "avg_low_c": 1.41, "total_rain_mm": 76.2, "total_rain_in": 3.0 }, { "year": 2021, "month": 4, "avg_high_c": 16.03, "avg_low_c": 3.49, "total_rain_mm": 26.64, "total_rain_in": 1.05 }, { "year": 2021, "month": 5, "avg_high_c": 17.61, "avg_low_c": 6.63, "total_rain_mm": 32.61, "total_rain_in": 1.28 }, { "year": 2021, "month": 6, "avg_high_c": 23.31, "avg_low_c": 10.75, "total_rain_mm": 48.27, "total_rain_in": 1.9 }, { "year": 2021, "month": 7, "avg_high_c": 26.5, "avg_low_c": 11.41, "total_rain_mm": 1.97, "total_rain_in": 0.08 }, { "year": 2021, "month": 8, "avg_high_c": 27.12, "avg_low_c": 12.3, "total_rain_mm": 1.69, "total_rain_in": 0.07 }, { "year": 2021, "month": 9, "avg_high_c": 24.68, "avg_low_c": 9.98, "total_rain_mm": 85.39, "total_rain_in": 3.36 }, { "year": 2021, "month": 10, "avg_high_c": 15.78, "avg_low_c": 6.61, "total_rain_mm": 126.84, "total_rain_in": 4.99 }, { "year": 2021, "month": 11, "avg_high_c": 12.39, "avg_low_c": 4.82, "total_rain_mm": 205.74, "total_rain_in": 8.1 }, { "year": 2021, "month": 12, "avg_high_c": 6.18, "avg_low_c": 1.36, "total_rain_mm": 308.92, "total_rain_in": 12.16 }, { "year": 2022, "month": 1, "avg_high_c": 9.77, "avg_low_c": 1.92, "total_rain_mm": 158.73, "total_rain_in": 6.25 }, { "year": 2022, "month": 2, "avg_high_c": 10.27, "avg_low_c": 1.55, "total_rain_mm": 85.78, "total_rain_in": 3.38 }, { "year": 2022, "month": 3, "avg_high_c": 12.11, "avg_low_c": 3.66, "total_rain_mm": 115.37, "total_rain_in": 4.54 }, { "year": 2022, "month": 4, "avg_high_c": 11.74, "avg_low_c": 2.97, "total_rain_mm": 181.66, "total_rain_in": 7.15 }, { "year": 2022, "month": 5, "avg_high_c": 15.02, "avg_low_c": 6.09, "total_rain_mm": 173.68, "total_rain_in": 6.84 }, { "year": 2022, "month": 6, "avg_high_c": 20.05, "avg_low_c": 9.46, "total_rain_mm": 102.97, "total_rain_in": 4.05 }, { "year": 2022, "month": 7, "avg_high_c": 24.84, "avg_low_c": 12.19, "total_rain_mm": 7.17, "total_rain_in": 0.28 }, { "year": 2022, "month": 8, "avg_high_c": 26.1, "avg_low_c": 12.91, "total_rain_mm": 2.85, "total_rain_in": 0.11 }, { "year": 2022, "month": 9, "avg_high_c": 24.47, "avg_low_c": 11.0, "total_rain_mm": 8.81, "total_rain_in": 0.35 }, { "year": 2022, "month": 10, "avg_high_c": 21.37, "avg_low_c": 8.75, "total_rain_mm": 58.08, "total_rain_in": 2.29 }, { "year": 2022, "month": 11, "avg_high_c": 9.79, "avg_low_c": 0.95, "total_rain_mm": 178.0, "total_rain_in": 7.01 }, { "year": 2022, "month": 12, "avg_high_c": 7.87, "avg_low_c": 1.37, "total_rain_mm": 195.13, "total_rain_in": 7.68 }, { "year": 2023, "month": 1, "avg_high_c": 8.03, "avg_low_c": 1.69, "total_rain_mm": 125.73, "total_rain_in": 4.95 }, { "year": 2023, "month": 2, "avg_high_c": 7.67, "avg_low_c": 0.08, "total_rain_mm": 120.26, "total_rain_in": 4.73 }, { "year": 2023, "month": 3, "avg_high_c": 8.6, "avg_low_c": 0.45, "total_rain_mm": 204.35, "total_rain_in": 8.05 }, { "year": 2023, "month": 4, "avg_high_c": 12.24, "avg_low_c": 3.7, "total_rain_mm": 183.89, "total_rain_in": 7.24 }, { "year": 2023, "month": 5, "avg_high_c": 19.84, "avg_low_c": 8.26, "total_rain_mm": 19.98, "total_rain_in": 0.79 }, { "year": 2023, "month": 6, "avg_high_c": 21.61, "avg_low_c": 8.67, "total_rain_mm": 11.98, "total_rain_in": 0.47 }, { "year": 2023, "month": 7, "avg_high_c": 26.14, "avg_low_c": 11.26, "total_rain_mm": 1.1, "total_rain_in": 0.04 }, { "year": 2023, "month": 8, "avg_high_c": 28.47, "avg_low_c": 13.2, "total_rain_mm": 15.84, "total_rain_in": 0.62 }, { "year": 2023, "month": 9, "avg_high_c": 23.69, "avg_low_c": 10.6, "total_rain_mm": 69.32, "total_rain_in": 2.73 }, { "year": 2023, "month": 10, "avg_high_c": 18.08, "avg_low_c": 7.62, "total_rain_mm": 112.67, "total_rain_in": 4.44 }, { "year": 2023, "month": 11, "avg_high_c": 12.32, "avg_low_c": 3.76, "total_rain_mm": 171.73, "total_rain_in": 6.76 }, { "year": 2023, "month": 12, "avg_high_c": 10.81, "avg_low_c": 4.63, "total_rain_mm": 291.62, "total_rain_in": 11.48 }, { "year": 2024, "month": 1, "avg_high_c": 9.42, "avg_low_c": 4.06, "total_rain_mm": 392.13, "total_rain_in": 15.44 }, { "year": 2024, "month": 2, "avg_high_c": 10.23, "avg_low_c": 3.33, "total_rain_mm": 199.65, "total_rain_in": 7.86 }, { "year": 2024, "month": 3, "avg_high_c": 11.63, "avg_low_c": 2.94, "total_rain_mm": 178.34, "total_rain_in": 7.02 }, { "year": 2024, "month": 4, "avg_high_c": 14.12, "avg_low_c": 4.3, "total_rain_mm": 93.08, "total_rain_in": 3.66 }, { "year": 2024, "month": 5, "avg_high_c": 17.1, "avg_low_c": 6.17, "total_rain_mm": 106.35, "total_rain_in": 4.19 }, { "year": 2024, "month": 6, "avg_high_c": 20.44, "avg_low_c": 9.21, "total_rain_mm": 57.73, "total_rain_in": 2.27 }, { "year": 2024, "month": 7, "avg_high_c": 26.3, "avg_low_c": 11.94, "total_rain_mm": 5.44, "total_rain_in": 0.21 }, { "year": 2024, "month": 8, "avg_high_c": 25.26, "avg_low_c": 12.04, "total_rain_mm": 20.57, "total_rain_in": 0.81 }, { "year": 2024, "month": 9, "avg_high_c": 24.25, "avg_low_c": 10.86, "total_rain_mm": 34.03, "total_rain_in": 1.34 }, { "year": 2024, "month": 10, "avg_high_c": 18.82, "avg_low_c": 7.09, "total_rain_mm": 123.02, "total_rain_in": 4.84 }, { "year": 2024, "month": 11, "avg_high_c": 10.25, "avg_low_c": 4.12, "total_rain_mm": 316.42, "total_rain_in": 12.46 }, { "year": 2024, "month": 12, "avg_high_c": 9.56, "avg_low_c": 3.41, "total_rain_mm": 301.4, "total_rain_in": 11.87 }, { "year": 2025, "month": 1, "avg_high_c": 8.3, "avg_low_c": 0.38, "total_rain_mm": 131.61, "total_rain_in": 5.18 }, { "year": 2025, "month": 2, "avg_high_c": 8.57, "avg_low_c": 1.98, "total_rain_mm": 208.24, "total_rain_in": 8.2 }, { "year": 2025, "month": 3, "avg_high_c": 11.43, "avg_low_c": 4.26, "total_rain_mm": 258.95, "total_rain_in": 10.19 }, { "year": 2025, "month": 4, "avg_high_c": 15.68, "avg_low_c": 4.55, "total_rain_mm": 62.07, "total_rain_in": 2.44 }, { "year": 2025, "month": 5, "avg_high_c": 17.55, "avg_low_c": 6.39, "total_rain_mm": 43.47, "total_rain_in": 1.71 }, { "year": 2025, "month": 6, "avg_high_c": 21.52, "avg_low_c": 9.24, "total_rain_mm": 31.15, "total_rain_in": 1.23 }, { "year": 2025, "month": 7, "avg_high_c": 25.74, "avg_low_c": 11.48, "total_rain_mm": 0.4, "total_rain_in": 0.02 }, { "year": 2025, "month": 8, "avg_high_c": 28.03, "avg_low_c": 13.28, "total_rain_mm": 12.83, "total_rain_in": 0.51 }, { "year": 2025, "month": 9, "avg_high_c": 24.93, "avg_low_c": 11.27, "total_rain_mm": 48.46, "total_rain_in": 1.91 }, { "year": 2025, "month": 10, "avg_high_c": 15.99, "avg_low_c": 6.03, "total_rain_mm": 137.17, "total_rain_in": 5.4 }, { "year": 2025, "month": 11, "avg_high_c": 12.27, "avg_low_c": 5.4, "total_rain_mm": 167.03, "total_rain_in": 6.58 }, { "year": 2025, "month": 12, "avg_high_c": 10.32, "avg_low_c": 4.3, "total_rain_mm": 310.36, "total_rain_in": 12.22 } ] }, "geometry": { "type": "MultiPolygon", "coordinates": [ [ [ [ -123.096709136329508, 44.297590395309619 ], [ -123.096349809750876, 44.297590395840629 ], [ -123.096080314993685, 44.297590396032938 ], [ -123.096080315304562, 44.297320900959342 ], [ -123.096080313944682, 44.296961575421548 ], [ -123.096349808210206, 44.296692080860453 ], [ -123.096709135063421, 44.296692083016389 ], [ -123.096709134136887, 44.296332754350665 ], [ -123.09608031374826, 44.296332754509933 ], [ -123.096080313509205, 44.295434439522182 ], [ -123.095720989552945, 44.295434439261413 ], [ -123.095720988008196, 44.294805618498366 ], [ -123.096080313811811, 44.294805618610681 ], [ -123.096080314561405, 44.295075114873534 ], [ -123.096349809422563, 44.294805618730095 ], [ -123.096978629485363, 44.294805619079078 ], [ -123.097607451461243, 44.294805617927196 ], [ -123.097607452015353, 44.294446293089742 ], [ -123.0979667783905, 44.294446294136804 ], [ -123.09796677785495, 44.297949721984374 ], [ -123.097607451577375, 44.29794972170896 ], [ -123.096978630321402, 44.297949722222135 ], [ -123.096978630587671, 44.297590395818702 ], [ -123.096709136329508, 44.297590395309619 ] ], [ [ -123.096709134721394, 44.295434439318377 ], [ -123.096349808852096, 44.295434439285344 ], [ -123.096349808635154, 44.296063261514611 ], [ -123.096978629291655, 44.296063260438594 ], [ -123.096978628850906, 44.295703933707102 ], [ -123.096709136055694, 44.295703934459944 ], [ -123.096709134721394, 44.295434439318377 ] ] ] ] } },
{ "type": "Feature", "properties": { "field_id": "WV_AG_016", "lat": 44.669596754691597, "lon": -122.92637609213959, "area_acres": 24.890575043051498, "crop_code": 24, "cdl_crop": "Winter Wheat", "crop_dominant_pct": 66.4, "soil_muname": "McBee silty clay loam", "soil_drainage": "Moderately well drained", "soil_clay_pct": 31.0, "soil_sand_pct": 6.9, "soil_silt_pct": 62.1, "soil_om_pct": 4.5, "soil_ph": 6.1, "soil_cec": 25.0, "soil_depth_cm": 0.0, "weather_monthly": [ { "year": 2020, "month": 1, "avg_high_c": 8.29, "avg_low_c": 3.45, "total_rain_mm": 335.74, "total_rain_in": 13.22 }, { "year": 2020, "month": 2, "avg_high_c": 9.41, "avg_low_c": 1.31, "total_rain_mm": 106.13, "total_rain_in": 4.18 }, { "year": 2020, "month": 3, "avg_high_c": 10.89, "avg_low_c": 1.82, "total_rain_mm": 122.53, "total_rain_in": 4.82 }, { "year": 2020, "month": 4, "avg_high_c": 15.33, "avg_low_c": 4.78, "total_rain_mm": 69.14, "total_rain_in": 2.72 }, { "year": 2020, "month": 5, "avg_high_c": 17.79, "avg_low_c": 7.72, "total_rain_mm": 134.18, "total_rain_in": 5.28 }, { "year": 2020, "month": 6, "avg_high_c": 19.47, "avg_low_c": 9.28, "total_rain_mm": 75.69, "total_rain_in": 2.98 }, { "year": 2020, "month": 7, "avg_high_c": 23.62, "avg_low_c": 10.84, "total_rain_mm": 1.22, "total_rain_in": 0.05 }, { "year": 2020, "month": 8, "avg_high_c": 25.28, "avg_low_c": 10.98, "total_rain_mm": 2.78, "total_rain_in": 0.11 }, { "year": 2020, "month": 9, "avg_high_c": 24.88, "avg_low_c": 11.82, "total_rain_mm": 72.75, "total_rain_in": 2.86 }, { "year": 2020, "month": 10, "avg_high_c": 18.05, "avg_low_c": 6.83, "total_rain_mm": 69.47, "total_rain_in": 2.74 }, { "year": 2020, "month": 11, "avg_high_c": 10.89, "avg_low_c": 2.86, "total_rain_mm": 232.5, "total_rain_in": 9.15 }, { "year": 2020, "month": 12, "avg_high_c": 9.48, "avg_low_c": 1.8, "total_rain_mm": 218.39, "total_rain_in": 8.6 }, { "year": 2021, "month": 1, "avg_high_c": 8.91, "avg_low_c": 2.45, "total_rain_mm": 254.08, "total_rain_in": 10.0 }, { "year": 2021, "month": 2, "avg_high_c": 7.83, "avg_low_c": 1.9, "total_rain_mm": 199.0, "total_rain_in": 7.83 }, { "year": 2021, "month": 3, "avg_high_c": 11.03, "avg_low_c": 1.41, "total_rain_mm": 76.2, "total_rain_in": 3.0 }, { "year": 2021, "month": 4, "avg_high_c": 16.03, "avg_low_c": 3.49, "total_rain_mm": 26.64, "total_rain_in": 1.05 }, { "year": 2021, "month": 5, "avg_high_c": 17.61, "avg_low_c": 6.63, "total_rain_mm": 32.61, "total_rain_in": 1.28 }, { "year": 2021, "month": 6, "avg_high_c": 23.31, "avg_low_c": 10.75, "total_rain_mm": 48.27, "total_rain_in": 1.9 }, { "year": 2021, "month": 7, "avg_high_c": 26.5, "avg_low_c": 11.41, "total_rain_mm": 1.97, "total_rain_in": 0.08 }, { "year": 2021, "month": 8, "avg_high_c": 27.12, "avg_low_c": 12.3, "total_rain_mm": 1.69, "total_rain_in": 0.07 }, { "year": 2021, "month": 9, "avg_high_c": 24.68, "avg_low_c": 9.98, "total_rain_mm": 85.39, "total_rain_in": 3.36 }, { "year": 2021, "month": 10, "avg_high_c": 15.78, "avg_low_c": 6.61, "total_rain_mm": 126.84, "total_rain_in": 4.99 }, { "year": 2021, "month": 11, "avg_high_c": 12.39, "avg_low_c": 4.82, "total_rain_mm": 205.74, "total_rain_in": 8.1 }, { "year": 2021, "month": 12, "avg_high_c": 6.18, "avg_low_c": 1.36, "total_rain_mm": 308.92, "total_rain_in": 12.16 }, { "year": 2022, "month": 1, "avg_high_c": 9.77, "avg_low_c": 1.92, "total_rain_mm": 158.73, "total_rain_in": 6.25 }, { "year": 2022, "month": 2, "avg_high_c": 10.27, "avg_low_c": 1.55, "total_rain_mm": 85.78, "total_rain_in": 3.38 }, { "year": 2022, "month": 3, "avg_high_c": 12.11, "avg_low_c": 3.66, "total_rain_mm": 115.37, "total_rain_in": 4.54 }, { "year": 2022, "month": 4, "avg_high_c": 11.74, "avg_low_c": 2.97, "total_rain_mm": 181.66, "total_rain_in": 7.15 }, { "year": 2022, "month": 5, "avg_high_c": 15.02, "avg_low_c": 6.09, "total_rain_mm": 173.68, "total_rain_in": 6.84 }, { "year": 2022, "month": 6, "avg_high_c": 20.05, "avg_low_c": 9.46, "total_rain_mm": 102.97, "total_rain_in": 4.05 }, { "year": 2022, "month": 7, "avg_high_c": 24.84, "avg_low_c": 12.19, "total_rain_mm": 7.17, "total_rain_in": 0.28 }, { "year": 2022, "month": 8, "avg_high_c": 26.1, "avg_low_c": 12.91, "total_rain_mm": 2.85, "total_rain_in": 0.11 }, { "year": 2022, "month": 9, "avg_high_c": 24.47, "avg_low_c": 11.0, "total_rain_mm": 8.81, "total_rain_in": 0.35 }, { "year": 2022, "month": 10, "avg_high_c": 21.37, "avg_low_c": 8.75, "total_rain_mm": 58.08, "total_rain_in": 2.29 }, { "year": 2022, "month": 11, "avg_high_c": 9.79, "avg_low_c": 0.95, "total_rain_mm": 178.0, "total_rain_in": 7.01 }, { "year": 2022, "month": 12, "avg_high_c": 7.87, "avg_low_c": 1.37, "total_rain_mm": 195.13, "total_rain_in": 7.68 }, { "year": 2023, "month": 1, "avg_high_c": 8.03, "avg_low_c": 1.69, "total_rain_mm": 125.73, "total_rain_in": 4.95 }, { "year": 2023, "month": 2, "avg_high_c": 7.67, "avg_low_c": 0.08, "total_rain_mm": 120.26, "total_rain_in": 4.73 }, { "year": 2023, "month": 3, "avg_high_c": 8.6, "avg_low_c": 0.45, "total_rain_mm": 204.35, "total_rain_in": 8.05 }, { "year": 2023, "month": 4, "avg_high_c": 12.24, "avg_low_c": 3.7, "total_rain_mm": 183.89, "total_rain_in": 7.24 }, { "year": 2023, "month": 5, "avg_high_c": 19.84, "avg_low_c": 8.26, "total_rain_mm": 19.98, "total_rain_in": 0.79 }, { "year": 2023, "month": 6, "avg_high_c": 21.61, "avg_low_c": 8.67, "total_rain_mm": 11.98, "total_rain_in": 0.47 }, { "year": 2023, "month": 7, "avg_high_c": 26.14, "avg_low_c": 11.26, "total_rain_mm": 1.1, "total_rain_in": 0.04 }, { "year": 2023, "month": 8, "avg_high_c": 28.47, "avg_low_c": 13.2, "total_rain_mm": 15.84, "total_rain_in": 0.62 }, { "year": 2023, "month": 9, "avg_high_c": 23.69, "avg_low_c": 10.6, "total_rain_mm": 69.32, "total_rain_in": 2.73 }, { "year": 2023, "month": 10, "avg_high_c": 18.08, "avg_low_c": 7.62, "total_rain_mm": 112.67, "total_rain_in": 4.44 }, { "year": 2023, "month": 11, "avg_high_c": 12.32, "avg_low_c": 3.76, "total_rain_mm": 171.73, "total_rain_in": 6.76 }, { "year": 2023, "month": 12, "avg_high_c": 10.81, "avg_low_c": 4.63, "total_rain_mm": 291.62, "total_rain_in": 11.48 }, { "year": 2024, "month": 1, "avg_high_c": 9.42, "avg_low_c": 4.06, "total_rain_mm": 392.13, "total_rain_in": 15.44 }, { "year": 2024, "month": 2, "avg_high_c": 10.23, "avg_low_c": 3.33, "total_rain_mm": 199.65, "total_rain_in": 7.86 }, { "year": 2024, "month": 3, "avg_high_c": 11.63, "avg_low_c": 2.94, "total_rain_mm": 178.34, "total_rain_in": 7.02 }, { "year": 2024, "month": 4, "avg_high_c": 14.12, "avg_low_c": 4.3, "total_rain_mm": 93.08, "total_rain_in": 3.66 }, { "year": 2024, "month": 5, "avg_high_c": 17.1, "avg_low_c": 6.17, "total_rain_mm": 106.35, "total_rain_in": 4.19 }, { "year": 2024, "month": 6, "avg_high_c": 20.44, "avg_low_c": 9.21, "total_rain_mm": 57.73, "total_rain_in": 2.27 }, { "year": 2024, "month": 7, "avg_high_c": 26.3, "avg_low_c": 11.94, "total_rain_mm": 5.44, "total_rain_in": 0.21 }, { "year": 2024, "month": 8, "avg_high_c": 25.26, "avg_low_c": 12.04, "total_rain_mm": 20.57, "total_rain_in": 0.81 }, { "year": 2024, "month": 9, "avg_high_c": 24.25, "avg_low_c": 10.86, "total_rain_mm": 34.03, "total_rain_in": 1.34 }, { "year": 2024, "month": 10, "avg_high_c": 18.82, "avg_low_c": 7.09, "total_rain_mm": 123.02, "total_rain_in": 4.84 }, { "year": 2024, "month": 11, "avg_high_c": 10.25, "avg_low_c": 4.12, "total_rain_mm": 316.42, "total_rain_in": 12.46 }, { "year": 2024, "month": 12, "avg_high_c": 9.56, "avg_low_c": 3.41, "total_rain_mm": 301.4, "total_rain_in": 11.87 }, { "year": 2025, "month": 1, "avg_high_c": 8.3, "avg_low_c": 0.38, "total_rain_mm": 131.61, "total_rain_in": 5.18 }, { "year": 2025, "month": 2, "avg_high_c": 8.57, "avg_low_c": 1.98, "total_rain_mm": 208.24, "total_rain_in": 8.2 }, { "year": 2025, "month": 3, "avg_high_c": 11.43, "avg_low_c": 4.26, "total_rain_mm": 258.95, "total_rain_in": 10.19 }, { "year": 2025, "month": 4, "avg_high_c": 15.68, "avg_low_c": 4.55, "total_rain_mm": 62.07, "total_rain_in": 2.44 }, { "year": 2025, "month": 5, "avg_high_c": 17.55, "avg_low_c": 6.39, "total_rain_mm": 43.47, "total_rain_in": 1.71 }, { "year": 2025, "month": 6, "avg_high_c": 21.52, "avg_low_c": 9.24, "total_rain_mm": 31.15, "total_rain_in": 1.23 }, { "year": 2025, "month": 7, "avg_high_c": 25.74, "avg_low_c": 11.48, "total_rain_mm": 0.4, "total_rain_in": 0.02 }, { "year": 2025, "month": 8, "avg_high_c": 28.03, "avg_low_c": 13.28, "total_rain_mm": 12.83, "total_rain_in": 0.51 }, { "year": 2025, "month": 9, "avg_high_c": 24.93, "avg_low_c": 11.27, "total_rain_mm": 48.46, "total_rain_in": 1.91 }, { "year": 2025, "month": 10, "avg_high_c": 15.99, "avg_low_c": 6.03, "total_rain_mm": 137.17, "total_rain_in": 5.4 }, { "year": 2025, "month": 11, "avg_high_c": 12.27, "avg_low_c": 5.4, "total_rain_mm": 167.03, "total_rain_in": 6.58 }, { "year": 2025, "month": 12, "avg_high_c": 10.32, "avg_low_c": 4.3, "total_rain_mm": 310.36, "total_rain_in": 12.22 } ] }, "geometry": { "type": "MultiPolygon", "coordinates": [ [ [ [ -122.92619806795274, 44.671543707308288 ], [ -122.926198068022458, 44.67118438043439 ], [ -122.925838741184677, 44.671184380706833 ], [ -122.925569247143017, 44.671184380520508 ], [ -122.924940426463351, 44.671184381349825 ], [ -122.924581100685458, 44.671184380829978 ], [ -122.924581100075784, 44.670914886164816 ], [ -122.924940425633025, 44.670914886433614 ], [ -122.924940425974768, 44.670555560452144 ], [ -122.924581099902866, 44.670555560685365 ], [ -122.924221773830894, 44.670555559953215 ], [ -122.923952279718549, 44.670555559848275 ], [ -122.923952279191695, 44.670286066059717 ], [ -122.9239522792316, 44.669926739857431 ], [ -122.923952279564844, 44.669657245330193 ], [ -122.924221773732256, 44.669657244682099 ], [ -122.92422177402257, 44.669028424324317 ], [ -122.924581099601781, 44.669028424412552 ], [ -122.924940426747625, 44.669028424146532 ], [ -122.924940426717853, 44.669297919052262 ], [ -122.925569247017421, 44.669297918408304 ], [ -122.925838741955189, 44.669028424016126 ], [ -122.925838741156937, 44.668669098779652 ], [ -122.925569246386786, 44.668669098015023 ], [ -122.925569246616192, 44.66804027738219 ], [ -122.92619806738432, 44.668040277808515 ], [ -122.926198067824856, 44.667411456794198 ], [ -122.926467561922578, 44.667411457262965 ], [ -122.926467562780715, 44.667680951347869 ], [ -122.926826888869414, 44.667680951295495 ], [ -122.926826887790597, 44.667411456959535 ], [ -122.927096383454909, 44.667411456772228 ], [ -122.927096383182601, 44.667680951610329 ], [ -122.927725203431052, 44.667680951753667 ], [ -122.927725203620454, 44.667411456413475 ], [ -122.927725203704142, 44.667052130201313 ], [ -122.928084529426684, 44.667052130829667 ], [ -122.928084529688348, 44.667411456430749 ], [ -122.928084529889688, 44.668399603645554 ], [ -122.928084529214345, 44.668669098100786 ], [ -122.928084529660694, 44.669297918701979 ], [ -122.927725203494944, 44.669926739373466 ], [ -122.927725202704636, 44.67028606614366 ], [ -122.927725202668611, 44.670555560358132 ], [ -122.92772520309164, 44.670914887376682 ], [ -122.927725203632107, 44.67154370664619 ], [ -122.92619806795274, 44.671543707308288 ] ] ] ] } },
{ "type": "Feature", "properties": { "field_id": "WV_AG_017", "lat": 44.917007925677751, "lon": -123.22438995299339, "area_acres": 15.879192533854599, "crop_code": 24, "cdl_crop": "Winter Wheat", "crop_dominant_pct": 100.0, "soil_muname": "Dayton silt loam", "soil_drainage": "Poorly drained", "soil_clay_pct": 17.5, "soil_sand_pct": 29.1, "soil_silt_pct": 53.4, "soil_om_pct": 2.5, "soil_ph": 5.6, "soil_cec": 15.0, "soil_depth_cm": 0.0, "weather_monthly": [ { "year": 2020, "month": 1, "avg_high_c": 8.33, "avg_low_c": 3.69, "total_rain_mm": 331.66, "total_rain_in": 13.06 }, { "year": 2020, "month": 2, "avg_high_c": 9.3, "avg_low_c": 1.59, "total_rain_mm": 119.69, "total_rain_in": 4.71 }, { "year": 2020, "month": 3, "avg_high_c": 10.58, "avg_low_c": 1.93, "total_rain_mm": 119.65, "total_rain_in": 4.71 }, { "year": 2020, "month": 4, "avg_high_c": 15.36, "avg_low_c": 4.91, "total_rain_mm": 65.25, "total_rain_in": 2.57 }, { "year": 2020, "month": 5, "avg_high_c": 18.1, "avg_low_c": 7.97, "total_rain_mm": 129.22, "total_rain_in": 5.09 }, { "year": 2020, "month": 6, "avg_high_c": 19.57, "avg_low_c": 9.34, "total_rain_mm": 97.62, "total_rain_in": 3.84 }, { "year": 2020, "month": 7, "avg_high_c": 24.4, "avg_low_c": 11.06, "total_rain_mm": 3.63, "total_rain_in": 0.14 }, { "year": 2020, "month": 8, "avg_high_c": 25.88, "avg_low_c": 11.44, "total_rain_mm": 5.11, "total_rain_in": 0.2 }, { "year": 2020, "month": 9, "avg_high_c": 24.8, "avg_low_c": 11.76, "total_rain_mm": 75.48, "total_rain_in": 2.97 }, { "year": 2020, "month": 10, "avg_high_c": 17.88, "avg_low_c": 7.03, "total_rain_mm": 95.76, "total_rain_in": 3.77 }, { "year": 2020, "month": 11, "avg_high_c": 10.62, "avg_low_c": 2.98, "total_rain_mm": 245.69, "total_rain_in": 9.67 }, { "year": 2020, "month": 12, "avg_high_c": 9.56, "avg_low_c": 2.24, "total_rain_mm": 231.54, "total_rain_in": 9.12 }, { "year": 2021, "month": 1, "avg_high_c": 8.81, "avg_low_c": 2.61, "total_rain_mm": 260.36, "total_rain_in": 10.25 }, { "year": 2021, "month": 2, "avg_high_c": 7.61, "avg_low_c": 1.86, "total_rain_mm": 215.93, "total_rain_in": 8.5 }, { "year": 2021, "month": 3, "avg_high_c": 11.05, "avg_low_c": 1.47, "total_rain_mm": 82.08, "total_rain_in": 3.23 }, { "year": 2021, "month": 4, "avg_high_c": 16.05, "avg_low_c": 3.87, "total_rain_mm": 27.34, "total_rain_in": 1.08 }, { "year": 2021, "month": 5, "avg_high_c": 18.03, "avg_low_c": 6.8, "total_rain_mm": 47.74, "total_rain_in": 1.88 }, { "year": 2021, "month": 6, "avg_high_c": 24.25, "avg_low_c": 11.1, "total_rain_mm": 49.29, "total_rain_in": 1.94 }, { "year": 2021, "month": 7, "avg_high_c": 27.3, "avg_low_c": 11.55, "total_rain_mm": 1.83, "total_rain_in": 0.07 }, { "year": 2021, "month": 8, "avg_high_c": 27.65, "avg_low_c": 12.56, "total_rain_mm": 2.92, "total_rain_in": 0.11 }, { "year": 2021, "month": 9, "avg_high_c": 24.55, "avg_low_c": 10.43, "total_rain_mm": 101.83, "total_rain_in": 4.01 }, { "year": 2021, "month": 10, "avg_high_c": 15.52, "avg_low_c": 6.56, "total_rain_mm": 148.73, "total_rain_in": 5.86 }, { "year": 2021, "month": 11, "avg_high_c": 12.28, "avg_low_c": 5.35, "total_rain_mm": 250.09, "total_rain_in": 9.85 }, { "year": 2021, "month": 12, "avg_high_c": 5.61, "avg_low_c": 0.97, "total_rain_mm": 309.17, "total_rain_in": 12.17 }, { "year": 2022, "month": 1, "avg_high_c": 9.29, "avg_low_c": 1.87, "total_rain_mm": 185.19, "total_rain_in": 7.29 }, { "year": 2022, "month": 2, "avg_high_c": 9.66, "avg_low_c": 1.72, "total_rain_mm": 98.54, "total_rain_in": 3.88 }, { "year": 2022, "month": 3, "avg_high_c": 11.99, "avg_low_c": 3.83, "total_rain_mm": 125.82, "total_rain_in": 4.95 }, { "year": 2022, "month": 4, "avg_high_c": 11.48, "avg_low_c": 2.65, "total_rain_mm": 200.52, "total_rain_in": 7.89 }, { "year": 2022, "month": 5, "avg_high_c": 15.04, "avg_low_c": 6.2, "total_rain_mm": 191.01, "total_rain_in": 7.52 }, { "year": 2022, "month": 6, "avg_high_c": 19.96, "avg_low_c": 9.78, "total_rain_mm": 128.91, "total_rain_in": 5.08 }, { "year": 2022, "month": 7, "avg_high_c": 25.26, "avg_low_c": 12.21, "total_rain_mm": 8.52, "total_rain_in": 0.34 }, { "year": 2022, "month": 8, "avg_high_c": 27.38, "avg_low_c": 13.3, "total_rain_mm": 1.96, "total_rain_in": 0.08 }, { "year": 2022, "month": 9, "avg_high_c": 25.27, "avg_low_c": 11.26, "total_rain_mm": 12.33, "total_rain_in": 0.49 }, { "year": 2022, "month": 10, "avg_high_c": 21.88, "avg_low_c": 8.89, "total_rain_mm": 83.79, "total_rain_in": 3.3 }, { "year": 2022, "month": 11, "avg_high_c": 9.53, "avg_low_c": 1.32, "total_rain_mm": 209.49, "total_rain_in": 8.25 }, { "year": 2022, "month": 12, "avg_high_c": 7.23, "avg_low_c": 1.41, "total_rain_mm": 213.47, "total_rain_in": 8.4 }, { "year": 2023, "month": 1, "avg_high_c": 8.1, "avg_low_c": 2.21, "total_rain_mm": 124.27, "total_rain_in": 4.89 }, { "year": 2023, "month": 2, "avg_high_c": 7.34, "avg_low_c": 0.11, "total_rain_mm": 126.83, "total_rain_in": 4.99 }, { "year": 2023, "month": 3, "avg_high_c": 8.74, "avg_low_c": 0.78, "total_rain_mm": 189.54, "total_rain_in": 7.46 }, { "year": 2023, "month": 4, "avg_high_c": 12.14, "avg_low_c": 3.83, "total_rain_mm": 194.6, "total_rain_in": 7.66 }, { "year": 2023, "month": 5, "avg_high_c": 20.07, "avg_low_c": 8.51, "total_rain_mm": 27.12, "total_rain_in": 1.07 }, { "year": 2023, "month": 6, "avg_high_c": 21.75, "avg_low_c": 8.84, "total_rain_mm": 19.41, "total_rain_in": 0.76 }, { "year": 2023, "month": 7, "avg_high_c": 26.77, "avg_low_c": 11.45, "total_rain_mm": 2.08, "total_rain_in": 0.08 }, { "year": 2023, "month": 8, "avg_high_c": 29.03, "avg_low_c": 13.52, "total_rain_mm": 21.34, "total_rain_in": 0.84 }, { "year": 2023, "month": 9, "avg_high_c": 23.57, "avg_low_c": 10.75, "total_rain_mm": 70.6, "total_rain_in": 2.78 }, { "year": 2023, "month": 10, "avg_high_c": 18.22, "avg_low_c": 7.61, "total_rain_mm": 117.2, "total_rain_in": 4.61 }, { "year": 2023, "month": 11, "avg_high_c": 11.95, "avg_low_c": 3.59, "total_rain_mm": 187.96, "total_rain_in": 7.4 }, { "year": 2023, "month": 12, "avg_high_c": 10.68, "avg_low_c": 4.45, "total_rain_mm": 295.35, "total_rain_in": 11.63 }, { "year": 2024, "month": 1, "avg_high_c": 8.28, "avg_low_c": 2.91, "total_rain_mm": 370.12, "total_rain_in": 14.57 }, { "year": 2024, "month": 2, "avg_high_c": 10.14, "avg_low_c": 3.26, "total_rain_mm": 200.23, "total_rain_in": 7.88 }, { "year": 2024, "month": 3, "avg_high_c": 11.51, "avg_low_c": 3.24, "total_rain_mm": 164.08, "total_rain_in": 6.46 }, { "year": 2024, "month": 4, "avg_high_c": 14.23, "avg_low_c": 4.47, "total_rain_mm": 94.88, "total_rain_in": 3.74 }, { "year": 2024, "month": 5, "avg_high_c": 17.15, "avg_low_c": 6.5, "total_rain_mm": 118.44, "total_rain_in": 4.66 }, { "year": 2024, "month": 6, "avg_high_c": 20.38, "avg_low_c": 9.29, "total_rain_mm": 74.42, "total_rain_in": 2.93 }, { "year": 2024, "month": 7, "avg_high_c": 27.02, "avg_low_c": 12.01, "total_rain_mm": 7.22, "total_rain_in": 0.28 }, { "year": 2024, "month": 8, "avg_high_c": 25.73, "avg_low_c": 12.22, "total_rain_mm": 22.59, "total_rain_in": 0.89 }, { "year": 2024, "month": 9, "avg_high_c": 24.48, "avg_low_c": 11.29, "total_rain_mm": 33.37, "total_rain_in": 1.31 }, { "year": 2024, "month": 10, "avg_high_c": 18.76, "avg_low_c": 7.37, "total_rain_mm": 131.82, "total_rain_in": 5.19 }, { "year": 2024, "month": 11, "avg_high_c": 9.95, "avg_low_c": 4.08, "total_rain_mm": 284.69, "total_rain_in": 11.21 }, { "year": 2024, "month": 12, "avg_high_c": 9.31, "avg_low_c": 3.22, "total_rain_mm": 297.03, "total_rain_in": 11.69 }, { "year": 2025, "month": 1, "avg_high_c": 7.89, "avg_low_c": 0.22, "total_rain_mm": 116.9, "total_rain_in": 4.6 }, { "year": 2025, "month": 2, "avg_high_c": 8.27, "avg_low_c": 1.66, "total_rain_mm": 206.54, "total_rain_in": 8.13 }, { "year": 2025, "month": 3, "avg_high_c": 11.38, "avg_low_c": 4.41, "total_rain_mm": 241.61, "total_rain_in": 9.51 }, { "year": 2025, "month": 4, "avg_high_c": 15.77, "avg_low_c": 4.72, "total_rain_mm": 64.12, "total_rain_in": 2.52 }, { "year": 2025, "month": 5, "avg_high_c": 17.45, "avg_low_c": 6.68, "total_rain_mm": 52.17, "total_rain_in": 2.05 }, { "year": 2025, "month": 6, "avg_high_c": 21.6, "avg_low_c": 9.69, "total_rain_mm": 34.37, "total_rain_in": 1.35 }, { "year": 2025, "month": 7, "avg_high_c": 26.13, "avg_low_c": 11.56, "total_rain_mm": 1.41, "total_rain_in": 0.06 }, { "year": 2025, "month": 8, "avg_high_c": 28.06, "avg_low_c": 13.39, "total_rain_mm": 20.61, "total_rain_in": 0.81 }, { "year": 2025, "month": 9, "avg_high_c": 24.77, "avg_low_c": 11.37, "total_rain_mm": 49.32, "total_rain_in": 1.94 }, { "year": 2025, "month": 10, "avg_high_c": 15.59, "avg_low_c": 6.02, "total_rain_mm": 148.04, "total_rain_in": 5.83 }, { "year": 2025, "month": 11, "avg_high_c": 11.64, "avg_low_c": 5.24, "total_rain_mm": 176.54, "total_rain_in": 6.95 }, { "year": 2025, "month": 12, "avg_high_c": 9.99, "avg_low_c": 4.33, "total_rain_mm": 352.37, "total_rain_in": 13.87 } ] }, "geometry": { "type": "MultiPolygon", "coordinates": [ [ [ [ -123.226765597280405, 44.915779419268794 ], [ -123.226765596733387, 44.916048914742184 ], [ -123.227035091355944, 44.91604891466995 ], [ -123.227035090996537, 44.916677735306301 ], [ -123.226765596289979, 44.916677734870646 ], [ -123.226765597110472, 44.917037061380135 ], [ -123.225777449640503, 44.917037060963665 ], [ -123.225777450417112, 44.917665882222181 ], [ -123.22478930338454, 44.917665881876601 ], [ -123.224789303442577, 44.917935376748837 ], [ -123.223531661239292, 44.917935376337127 ], [ -123.223262167157145, 44.917935376112887 ], [ -123.222902841500513, 44.917935376577546 ], [ -123.222274020224816, 44.918294702534631 ], [ -123.222004525779354, 44.918294702369721 ], [ -123.222004526356187, 44.918564197072904 ], [ -123.22137570482731, 44.918564196796567 ], [ -123.22137570494121, 44.917935376068172 ], [ -123.222004525821418, 44.917935376190947 ], [ -123.222274021181207, 44.917665882145094 ], [ -123.222274020643098, 44.917306555373372 ], [ -123.222633346593369, 44.917306555831381 ], [ -123.22326216775852, 44.917306555330931 ], [ -123.223262166784764, 44.916677734855739 ], [ -123.222902841040806, 44.916677734866056 ], [ -123.222902840926892, 44.917037061014703 ], [ -123.222633347149326, 44.917037061150793 ], [ -123.222633346465841, 44.916408240359388 ], [ -123.222902841734552, 44.916408240323591 ], [ -123.223262167256735, 44.916408240059447 ], [ -123.223262166669329, 44.916048914179619 ], [ -123.223531662433018, 44.916048914350462 ], [ -123.224160482876115, 44.916048913895452 ], [ -123.224789303536113, 44.916048914194263 ], [ -123.225418124054627, 44.916048914385186 ], [ -123.226136776139214, 44.916048914326304 ], [ -123.226136775553584, 44.915779419614623 ], [ -123.226765597280405, 44.915779419268794 ] ] ] ] } },
{ "type": "Feature", "properties": { "field_id": "WV_AG_018", "lat": 44.191772569625883, "lon": -123.1295509598623, "area_acres": 13.923321396463001, "crop_code": 24, "cdl_crop": "Winter Wheat", "crop_dominant_pct": 78.5, "soil_muname": "Camas gravelly sandy loam, occasionally flooded", "soil_drainage": "Excessively drained", "soil_clay_pct": 7.5, "soil_sand_pct": 68.5, "soil_silt_pct": 24.0, "soil_om_pct": 2.0, "soil_ph": 6.5, "soil_cec": 15.0, "soil_depth_cm": 0.0, "weather_monthly": [ { "year": 2020, "month": 1, "avg_high_c": 7.66, "avg_low_c": 3.21, "total_rain_mm": 280.71, "total_rain_in": 11.05 }, { "year": 2020, "month": 2, "avg_high_c": 9.12, "avg_low_c": 0.7, "total_rain_mm": 88.78, "total_rain_in": 3.5 }, { "year": 2020, "month": 3, "avg_high_c": 10.54, "avg_low_c": 1.58, "total_rain_mm": 108.69, "total_rain_in": 4.28 }, { "year": 2020, "month": 4, "avg_high_c": 15.02, "avg_low_c": 4.71, "total_rain_mm": 73.03, "total_rain_in": 2.88 }, { "year": 2020, "month": 5, "avg_high_c": 17.39, "avg_low_c": 7.19, "total_rain_mm": 120.67, "total_rain_in": 4.75 }, { "year": 2020, "month": 6, "avg_high_c": 19.11, "avg_low_c": 9.05, "total_rain_mm": 70.28, "total_rain_in": 2.77 }, { "year": 2020, "month": 7, "avg_high_c": 23.77, "avg_low_c": 11.01, "total_rain_mm": 1.23, "total_rain_in": 0.05 }, { "year": 2020, "month": 8, "avg_high_c": 26.66, "avg_low_c": 10.99, "total_rain_mm": 2.32, "total_rain_in": 0.09 }, { "year": 2020, "month": 9, "avg_high_c": 26.07, "avg_low_c": 11.71, "total_rain_mm": 58.73, "total_rain_in": 2.31 }, { "year": 2020, "month": 10, "avg_high_c": 19.05, "avg_low_c": 7.03, "total_rain_mm": 64.71, "total_rain_in": 2.55 }, { "year": 2020, "month": 11, "avg_high_c": 10.65, "avg_low_c": 2.51, "total_rain_mm": 204.9, "total_rain_in": 8.07 }, { "year": 2020, "month": 12, "avg_high_c": 9.4, "avg_low_c": 1.62, "total_rain_mm": 187.39, "total_rain_in": 7.38 }, { "year": 2021, "month": 1, "avg_high_c": 8.67, "avg_low_c": 2.37, "total_rain_mm": 184.79, "total_rain_in": 7.28 }, { "year": 2021, "month": 2, "avg_high_c": 7.16, "avg_low_c": 1.66, "total_rain_mm": 163.15, "total_rain_in": 6.42 }, { "year": 2021, "month": 3, "avg_high_c": 10.78, "avg_low_c": 1.09, "total_rain_mm": 68.13, "total_rain_in": 2.68 }, { "year": 2021, "month": 4, "avg_high_c": 15.69, "avg_low_c": 3.28, "total_rain_mm": 17.85, "total_rain_in": 0.7 }, { "year": 2021, "month": 5, "avg_high_c": 16.96, "avg_low_c": 6.41, "total_rain_mm": 33.24, "total_rain_in": 1.31 }, { "year": 2021, "month": 6, "avg_high_c": 23.28, "avg_low_c": 10.71, "total_rain_mm": 33.37, "total_rain_in": 1.31 }, { "year": 2021, "month": 7, "avg_high_c": 27.7, "avg_low_c": 11.54, "total_rain_mm": 1.42, "total_rain_in": 0.06 }, { "year": 2021, "month": 8, "avg_high_c": 27.84, "avg_low_c": 12.16, "total_rain_mm": 1.11, "total_rain_in": 0.04 }, { "year": 2021, "month": 9, "avg_high_c": 25.0, "avg_low_c": 9.64, "total_rain_mm": 82.72, "total_rain_in": 3.26 }, { "year": 2021, "month": 10, "avg_high_c": 16.05, "avg_low_c": 6.61, "total_rain_mm": 104.65, "total_rain_in": 4.12 }, { "year": 2021, "month": 11, "avg_high_c": 12.26, "avg_low_c": 4.72, "total_rain_mm": 156.92, "total_rain_in": 6.18 }, { "year": 2021, "month": 12, "avg_high_c": 5.99, "avg_low_c": 1.66, "total_rain_mm": 254.46, "total_rain_in": 10.02 }, { "year": 2022, "month": 1, "avg_high_c": 10.25, "avg_low_c": 1.58, "total_rain_mm": 140.49, "total_rain_in": 5.53 }, { "year": 2022, "month": 2, "avg_high_c": 10.43, "avg_low_c": 1.5, "total_rain_mm": 44.88, "total_rain_in": 1.77 }, { "year": 2022, "month": 3, "avg_high_c": 11.97, "avg_low_c": 3.41, "total_rain_mm": 100.24, "total_rain_in": 3.95 }, { "year": 2022, "month": 4, "avg_high_c": 11.32, "avg_low_c": 2.64, "total_rain_mm": 161.54, "total_rain_in": 6.36 }, { "year": 2022, "month": 5, "avg_high_c": 14.57, "avg_low_c": 5.9, "total_rain_mm": 174.98, "total_rain_in": 6.89 }, { "year": 2022, "month": 6, "avg_high_c": 19.98, "avg_low_c": 9.33, "total_rain_mm": 99.4, "total_rain_in": 3.91 }, { "year": 2022, "month": 7, "avg_high_c": 24.74, "avg_low_c": 12.38, "total_rain_mm": 7.74, "total_rain_in": 0.3 }, { "year": 2022, "month": 8, "avg_high_c": 26.85, "avg_low_c": 12.9, "total_rain_mm": 1.93, "total_rain_in": 0.08 }, { "year": 2022, "month": 9, "avg_high_c": 25.2, "avg_low_c": 10.87, "total_rain_mm": 8.62, "total_rain_in": 0.34 }, { "year": 2022, "month": 10, "avg_high_c": 21.99, "avg_low_c": 8.89, "total_rain_mm": 57.5, "total_rain_in": 2.26 }, { "year": 2022, "month": 11, "avg_high_c": 9.82, "avg_low_c": 0.86, "total_rain_mm": 160.98, "total_rain_in": 6.34 }, { "year": 2022, "month": 12, "avg_high_c": 7.61, "avg_low_c": 1.27, "total_rain_mm": 173.4, "total_rain_in": 6.83 }, { "year": 2023, "month": 1, "avg_high_c": 7.82, "avg_low_c": 1.42, "total_rain_mm": 94.49, "total_rain_in": 3.72 }, { "year": 2023, "month": 2, "avg_high_c": 7.78, "avg_low_c": -0.04, "total_rain_mm": 112.98, "total_rain_in": 4.45 }, { "year": 2023, "month": 3, "avg_high_c": 7.61, "avg_low_c": -0.22, "total_rain_mm": 193.63, "total_rain_in": 7.62 }, { "year": 2023, "month": 4, "avg_high_c": 11.76, "avg_low_c": 3.48, "total_rain_mm": 155.44, "total_rain_in": 6.12 }, { "year": 2023, "month": 5, "avg_high_c": 19.43, "avg_low_c": 8.12, "total_rain_mm": 27.62, "total_rain_in": 1.09 }, { "year": 2023, "month": 6, "avg_high_c": 21.13, "avg_low_c": 8.79, "total_rain_mm": 13.29, "total_rain_in": 0.52 }, { "year": 2023, "month": 7, "avg_high_c": 26.83, "avg_low_c": 11.23, "total_rain_mm": 0.8, "total_rain_in": 0.03 }, { "year": 2023, "month": 8, "avg_high_c": 29.16, "avg_low_c": 12.95, "total_rain_mm": 13.99, "total_rain_in": 0.55 }, { "year": 2023, "month": 9, "avg_high_c": 24.05, "avg_low_c": 10.15, "total_rain_mm": 56.6, "total_rain_in": 2.23 }, { "year": 2023, "month": 10, "avg_high_c": 18.3, "avg_low_c": 7.1, "total_rain_mm": 106.79, "total_rain_in": 4.2 }, { "year": 2023, "month": 11, "avg_high_c": 12.28, "avg_low_c": 3.5, "total_rain_mm": 139.45, "total_rain_in": 5.49 }, { "year": 2023, "month": 12, "avg_high_c": 10.7, "avg_low_c": 4.32, "total_rain_mm": 245.67, "total_rain_in": 9.67 }, { "year": 2024, "month": 1, "avg_high_c": 9.33, "avg_low_c": 4.32, "total_rain_mm": 351.31, "total_rain_in": 13.83 }, { "year": 2024, "month": 2, "avg_high_c": 9.73, "avg_low_c": 3.04, "total_rain_mm": 178.71, "total_rain_in": 7.04 }, { "year": 2024, "month": 3, "avg_high_c": 10.96, "avg_low_c": 2.61, "total_rain_mm": 164.28, "total_rain_in": 6.47 }, { "year": 2024, "month": 4, "avg_high_c": 13.62, "avg_low_c": 4.03, "total_rain_mm": 93.19, "total_rain_in": 3.67 }, { "year": 2024, "month": 5, "avg_high_c": 16.89, "avg_low_c": 5.88, "total_rain_mm": 103.89, "total_rain_in": 4.09 }, { "year": 2024, "month": 6, "avg_high_c": 20.35, "avg_low_c": 9.04, "total_rain_mm": 54.09, "total_rain_in": 2.13 }, { "year": 2024, "month": 7, "avg_high_c": 26.5, "avg_low_c": 12.22, "total_rain_mm": 3.37, "total_rain_in": 0.13 }, { "year": 2024, "month": 8, "avg_high_c": 26.3, "avg_low_c": 12.01, "total_rain_mm": 24.29, "total_rain_in": 0.96 }, { "year": 2024, "month": 9, "avg_high_c": 25.02, "avg_low_c": 10.59, "total_rain_mm": 32.9, "total_rain_in": 1.3 }, { "year": 2024, "month": 10, "avg_high_c": 19.19, "avg_low_c": 6.89, "total_rain_mm": 98.47, "total_rain_in": 3.88 }, { "year": 2024, "month": 11, "avg_high_c": 9.64, "avg_low_c": 3.86, "total_rain_mm": 293.22, "total_rain_in": 11.54 }, { "year": 2024, "month": 12, "avg_high_c": 9.76, "avg_low_c": 3.29, "total_rain_mm": 295.17, "total_rain_in": 11.62 }, { "year": 2025, "month": 1, "avg_high_c": 8.65, "avg_low_c": 0.33, "total_rain_mm": 131.95, "total_rain_in": 5.19 }, { "year": 2025, "month": 2, "avg_high_c": 8.13, "avg_low_c": 1.66, "total_rain_mm": 190.55, "total_rain_in": 7.5 }, { "year": 2025, "month": 3, "avg_high_c": 11.05, "avg_low_c": 4.06, "total_rain_mm": 268.39, "total_rain_in": 10.57 }, { "year": 2025, "month": 4, "avg_high_c": 15.16, "avg_low_c": 4.32, "total_rain_mm": 58.55, "total_rain_in": 2.31 }, { "year": 2025, "month": 5, "avg_high_c": 17.27, "avg_low_c": 6.52, "total_rain_mm": 44.19, "total_rain_in": 1.74 }, { "year": 2025, "month": 6, "avg_high_c": 21.41, "avg_low_c": 9.22, "total_rain_mm": 31.7, "total_rain_in": 1.25 }, { "year": 2025, "month": 7, "avg_high_c": 26.68, "avg_low_c": 11.54, "total_rain_mm": 0.73, "total_rain_in": 0.03 }, { "year": 2025, "month": 8, "avg_high_c": 29.54, "avg_low_c": 13.29, "total_rain_mm": 10.11, "total_rain_in": 0.4 }, { "year": 2025, "month": 9, "avg_high_c": 25.66, "avg_low_c": 10.95, "total_rain_mm": 47.25, "total_rain_in": 1.86 }, { "year": 2025, "month": 10, "avg_high_c": 16.4, "avg_low_c": 6.01, "total_rain_mm": 126.39, "total_rain_in": 4.98 }, { "year": 2025, "month": 11, "avg_high_c": 12.57, "avg_low_c": 5.3, "total_rain_mm": 124.05, "total_rain_in": 4.88 }, { "year": 2025, "month": 12, "avg_high_c": 10.45, "avg_low_c": 4.15, "total_rain_mm": 259.14, "total_rain_in": 10.2 } ] }, "geometry": { "type": "MultiPolygon", "coordinates": [ [ [ [ -123.129677307099499, 44.193385822537088 ], [ -123.129677306489725, 44.192757001760015 ], [ -123.129407811753751, 44.192487507250661 ], [ -123.128778991853963, 44.192487507191942 ], [ -123.128778990876086, 44.193116328086035 ], [ -123.128419665393238, 44.19311632705115 ], [ -123.128419666020264, 44.192757002181303 ], [ -123.128150170676648, 44.192757002260116 ], [ -123.127790844542133, 44.192757002865754 ], [ -123.1277908443396, 44.192487507243811 ], [ -123.128150170606162, 44.192487507246334 ], [ -123.12815017067723, 44.191858686690189 ], [ -123.128150170465432, 44.191499360400819 ], [ -123.128150171387176, 44.19087053998264 ], [ -123.128419665188133, 44.190511213674505 ], [ -123.129048485916698, 44.190511214225957 ], [ -123.129048485710115, 44.190870539950055 ], [ -123.129677306859122, 44.190870540006379 ], [ -123.129677306147954, 44.190511213776958 ], [ -123.130036633217188, 44.190511213798153 ], [ -123.130395959435702, 44.190511213961486 ], [ -123.13066545436466, 44.190511214092176 ], [ -123.130665453575148, 44.190870539863127 ], [ -123.131024779639475, 44.190870539692767 ], [ -123.131024780234185, 44.191858686484849 ], [ -123.131024780164395, 44.192128181709471 ], [ -123.131024779364523, 44.192487507181582 ], [ -123.130665453883154, 44.192487507305032 ], [ -123.130395958889665, 44.192757002440722 ], [ -123.130395958729494, 44.193116328470808 ], [ -123.130036632659738, 44.193385823260165 ], [ -123.129677307099499, 44.193385822537088 ] ] ] ] } },
{ "type": "Feature", "properties": { "field_id": "WV_AG_019", "lat": 44.400932644254837, "lon": -123.03014738120507, "area_acres": 25.4365667501853, "crop_code": 24, "cdl_crop": "Winter Wheat", "crop_dominant_pct": 77.6, "soil_muname": "McBee silty clay loam", "soil_drainage": "Moderately well drained", "soil_clay_pct": 31.0, "soil_sand_pct": 6.9, "soil_silt_pct": 62.1, "soil_om_pct": 4.5, "soil_ph": 6.1, "soil_cec": 25.0, "soil_depth_cm": 0.0, "weather_monthly": [ { "year": 2020, "month": 1, "avg_high_c": 8.29, "avg_low_c": 3.45, "total_rain_mm": 335.74, "total_rain_in": 13.22 }, { "year": 2020, "month": 2, "avg_high_c": 9.41, "avg_low_c": 1.31, "total_rain_mm": 106.13, "total_rain_in": 4.18 }, { "year": 2020, "month": 3, "avg_high_c": 10.89, "avg_low_c": 1.82, "total_rain_mm": 122.53, "total_rain_in": 4.82 }, { "year": 2020, "month": 4, "avg_high_c": 15.33, "avg_low_c": 4.78, "total_rain_mm": 69.14, "total_rain_in": 2.72 }, { "year": 2020, "month": 5, "avg_high_c": 17.79, "avg_low_c": 7.72, "total_rain_mm": 134.18, "total_rain_in": 5.28 }, { "year": 2020, "month": 6, "avg_high_c": 19.47, "avg_low_c": 9.28, "total_rain_mm": 75.69, "total_rain_in": 2.98 }, { "year": 2020, "month": 7, "avg_high_c": 23.62, "avg_low_c": 10.84, "total_rain_mm": 1.22, "total_rain_in": 0.05 }, { "year": 2020, "month": 8, "avg_high_c": 25.28, "avg_low_c": 10.98, "total_rain_mm": 2.78, "total_rain_in": 0.11 }, { "year": 2020, "month": 9, "avg_high_c": 24.88, "avg_low_c": 11.82, "total_rain_mm": 72.75, "total_rain_in": 2.86 }, { "year": 2020, "month": 10, "avg_high_c": 18.05, "avg_low_c": 6.83, "total_rain_mm": 69.47, "total_rain_in": 2.74 }, { "year": 2020, "month": 11, "avg_high_c": 10.89, "avg_low_c": 2.86, "total_rain_mm": 232.5, "total_rain_in": 9.15 }, { "year": 2020, "month": 12, "avg_high_c": 9.48, "avg_low_c": 1.8, "total_rain_mm": 218.39, "total_rain_in": 8.6 }, { "year": 2021, "month": 1, "avg_high_c": 8.91, "avg_low_c": 2.45, "total_rain_mm": 254.08, "total_rain_in": 10.0 }, { "year": 2021, "month": 2, "avg_high_c": 7.83, "avg_low_c": 1.9, "total_rain_mm": 199.0, "total_rain_in": 7.83 }, { "year": 2021, "month": 3, "avg_high_c": 11.03, "avg_low_c": 1.41, "total_rain_mm": 76.2, "total_rain_in": 3.0 }, { "year": 2021, "month": 4, "avg_high_c": 16.03, "avg_low_c": 3.49, "total_rain_mm": 26.64, "total_rain_in": 1.05 }, { "year": 2021, "month": 5, "avg_high_c": 17.61, "avg_low_c": 6.63, "total_rain_mm": 32.61, "total_rain_in": 1.28 }, { "year": 2021, "month": 6, "avg_high_c": 23.31, "avg_low_c": 10.75, "total_rain_mm": 48.27, "total_rain_in": 1.9 }, { "year": 2021, "month": 7, "avg_high_c": 26.5, "avg_low_c": 11.41, "total_rain_mm": 1.97, "total_rain_in": 0.08 }, { "year": 2021, "month": 8, "avg_high_c": 27.12, "avg_low_c": 12.3, "total_rain_mm": 1.69, "total_rain_in": 0.07 }, { "year": 2021, "month": 9, "avg_high_c": 24.68, "avg_low_c": 9.98, "total_rain_mm": 85.39, "total_rain_in": 3.36 }, { "year": 2021, "month": 10, "avg_high_c": 15.78, "avg_low_c": 6.61, "total_rain_mm": 126.84, "total_rain_in": 4.99 }, { "year": 2021, "month": 11, "avg_high_c": 12.39, "avg_low_c": 4.82, "total_rain_mm": 205.74, "total_rain_in": 8.1 }, { "year": 2021, "month": 12, "avg_high_c": 6.18, "avg_low_c": 1.36, "total_rain_mm": 308.92, "total_rain_in": 12.16 }, { "year": 2022, "month": 1, "avg_high_c": 9.77, "avg_low_c": 1.92, "total_rain_mm": 158.73, "total_rain_in": 6.25 }, { "year": 2022, "month": 2, "avg_high_c": 10.27, "avg_low_c": 1.55, "total_rain_mm": 85.78, "total_rain_in": 3.38 }, { "year": 2022, "month": 3, "avg_high_c": 12.11, "avg_low_c": 3.66, "total_rain_mm": 115.37, "total_rain_in": 4.54 }, { "year": 2022, "month": 4, "avg_high_c": 11.74, "avg_low_c": 2.97, "total_rain_mm": 181.66, "total_rain_in": 7.15 }, { "year": 2022, "month": 5, "avg_high_c": 15.02, "avg_low_c": 6.09, "total_rain_mm": 173.68, "total_rain_in": 6.84 }, { "year": 2022, "month": 6, "avg_high_c": 20.05, "avg_low_c": 9.46, "total_rain_mm": 102.97, "total_rain_in": 4.05 }, { "year": 2022, "month": 7, "avg_high_c": 24.84, "avg_low_c": 12.19, "total_rain_mm": 7.17, "total_rain_in": 0.28 }, { "year": 2022, "month": 8, "avg_high_c": 26.1, "avg_low_c": 12.91, "total_rain_mm": 2.85, "total_rain_in": 0.11 }, { "year": 2022, "month": 9, "avg_high_c": 24.47, "avg_low_c": 11.0, "total_rain_mm": 8.81, "total_rain_in": 0.35 }, { "year": 2022, "month": 10, "avg_high_c": 21.37, "avg_low_c": 8.75, "total_rain_mm": 58.08, "total_rain_in": 2.29 }, { "year": 2022, "month": 11, "avg_high_c": 9.79, "avg_low_c": 0.95, "total_rain_mm": 178.0, "total_rain_in": 7.01 }, { "year": 2022, "month": 12, "avg_high_c": 7.87, "avg_low_c": 1.37, "total_rain_mm": 195.13, "total_rain_in": 7.68 }, { "year": 2023, "month": 1, "avg_high_c": 8.03, "avg_low_c": 1.69, "total_rain_mm": 125.73, "total_rain_in": 4.95 }, { "year": 2023, "month": 2, "avg_high_c": 7.67, "avg_low_c": 0.08, "total_rain_mm": 120.26, "total_rain_in": 4.73 }, { "year": 2023, "month": 3, "avg_high_c": 8.6, "avg_low_c": 0.45, "total_rain_mm": 204.35, "total_rain_in": 8.05 }, { "year": 2023, "month": 4, "avg_high_c": 12.24, "avg_low_c": 3.7, "total_rain_mm": 183.89, "total_rain_in": 7.24 }, { "year": 2023, "month": 5, "avg_high_c": 19.84, "avg_low_c": 8.26, "total_rain_mm": 19.98, "total_rain_in": 0.79 }, { "year": 2023, "month": 6, "avg_high_c": 21.61, "avg_low_c": 8.67, "total_rain_mm": 11.98, "total_rain_in": 0.47 }, { "year": 2023, "month": 7, "avg_high_c": 26.14, "avg_low_c": 11.26, "total_rain_mm": 1.1, "total_rain_in": 0.04 }, { "year": 2023, "month": 8, "avg_high_c": 28.47, "avg_low_c": 13.2, "total_rain_mm": 15.84, "total_rain_in": 0.62 }, { "year": 2023, "month": 9, "avg_high_c": 23.69, "avg_low_c": 10.6, "total_rain_mm": 69.32, "total_rain_in": 2.73 }, { "year": 2023, "month": 10, "avg_high_c": 18.08, "avg_low_c": 7.62, "total_rain_mm": 112.67, "total_rain_in": 4.44 }, { "year": 2023, "month": 11, "avg_high_c": 12.32, "avg_low_c": 3.76, "total_rain_mm": 171.73, "total_rain_in": 6.76 }, { "year": 2023, "month": 12, "avg_high_c": 10.81, "avg_low_c": 4.63, "total_rain_mm": 291.62, "total_rain_in": 11.48 }, { "year": 2024, "month": 1, "avg_high_c": 9.42, "avg_low_c": 4.06, "total_rain_mm": 392.13, "total_rain_in": 15.44 }, { "year": 2024, "month": 2, "avg_high_c": 10.23, "avg_low_c": 3.33, "total_rain_mm": 199.65, "total_rain_in": 7.86 }, { "year": 2024, "month": 3, "avg_high_c": 11.63, "avg_low_c": 2.94, "total_rain_mm": 178.34, "total_rain_in": 7.02 }, { "year": 2024, "month": 4, "avg_high_c": 14.12, "avg_low_c": 4.3, "total_rain_mm": 93.08, "total_rain_in": 3.66 }, { "year": 2024, "month": 5, "avg_high_c": 17.1, "avg_low_c": 6.17, "total_rain_mm": 106.35, "total_rain_in": 4.19 }, { "year": 2024, "month": 6, "avg_high_c": 20.44, "avg_low_c": 9.21, "total_rain_mm": 57.73, "total_rain_in": 2.27 }, { "year": 2024, "month": 7, "avg_high_c": 26.3, "avg_low_c": 11.94, "total_rain_mm": 5.44, "total_rain_in": 0.21 }, { "year": 2024, "month": 8, "avg_high_c": 25.26, "avg_low_c": 12.04, "total_rain_mm": 20.57, "total_rain_in": 0.81 }, { "year": 2024, "month": 9, "avg_high_c": 24.25, "avg_low_c": 10.86, "total_rain_mm": 34.03, "total_rain_in": 1.34 }, { "year": 2024, "month": 10, "avg_high_c": 18.82, "avg_low_c": 7.09, "total_rain_mm": 123.02, "total_rain_in": 4.84 }, { "year": 2024, "month": 11, "avg_high_c": 10.25, "avg_low_c": 4.12, "total_rain_mm": 316.42, "total_rain_in": 12.46 }, { "year": 2024, "month": 12, "avg_high_c": 9.56, "avg_low_c": 3.41, "total_rain_mm": 301.4, "total_rain_in": 11.87 }, { "year": 2025, "month": 1, "avg_high_c": 8.3, "avg_low_c": 0.38, "total_rain_mm": 131.61, "total_rain_in": 5.18 }, { "year": 2025, "month": 2, "avg_high_c": 8.57, "avg_low_c": 1.98, "total_rain_mm": 208.24, "total_rain_in": 8.2 }, { "year": 2025, "month": 3, "avg_high_c": 11.43, "avg_low_c": 4.26, "total_rain_mm": 258.95, "total_rain_in": 10.19 }, { "year": 2025, "month": 4, "avg_high_c": 15.68, "avg_low_c": 4.55, "total_rain_mm": 62.07, "total_rain_in": 2.44 }, { "year": 2025, "month": 5, "avg_high_c": 17.55, "avg_low_c": 6.39, "total_rain_mm": 43.47, "total_rain_in": 1.71 }, { "year": 2025, "month": 6, "avg_high_c": 21.52, "avg_low_c": 9.24, "total_rain_mm": 31.15, "total_rain_in": 1.23 }, { "year": 2025, "month": 7, "avg_high_c": 25.74, "avg_low_c": 11.48, "total_rain_mm": 0.4, "total_rain_in": 0.02 }, { "year": 2025, "month": 8, "avg_high_c": 28.03, "avg_low_c": 13.28, "total_rain_mm": 12.83, "total_rain_in": 0.51 }, { "year": 2025, "month": 9, "avg_high_c": 24.93, "avg_low_c": 11.27, "total_rain_mm": 48.46, "total_rain_in": 1.91 }, { "year": 2025, "month": 10, "avg_high_c": 15.99, "avg_low_c": 6.03, "total_rain_mm": 137.17, "total_rain_in": 5.4 }, { "year": 2025, "month": 11, "avg_high_c": 12.27, "avg_low_c": 5.4, "total_rain_mm": 167.03, "total_rain_in": 6.58 }, { "year": 2025, "month": 12, "avg_high_c": 10.32, "avg_low_c": 4.3, "total_rain_mm": 310.36, "total_rain_in": 12.22 } ] }, "geometry": { "type": "MultiPolygon", "coordinates": [ [ [ [ -123.032210099112973, 44.401255979653584 ], [ -123.031850772573819, 44.401255979423738 ], [ -123.031850772312794, 44.401525474696264 ], [ -123.03221009871973, 44.401525474316557 ], [ -123.032210099112973, 44.401255979653584 ], [ -123.032479592683757, 44.40125597993579 ], [ -123.032479593009171, 44.401525473737337 ], [ -123.032838919267661, 44.401525474498506 ], [ -123.032838919073015, 44.40188480002108 ], [ -123.032210098313129, 44.401884801058245 ], [ -123.032210098774783, 44.402154294963772 ], [ -123.031850772657563, 44.402154294587916 ], [ -123.031221952370942, 44.40215429501842 ], [ -123.031221951556645, 44.402513621227016 ], [ -123.030862625801745, 44.40251362051967 ], [ -123.030593131411322, 44.402513620771479 ], [ -123.029964310262486, 44.402513621298731 ], [ -123.029604984712293, 44.402513620898496 ], [ -123.029335489820099, 44.402513620582162 ], [ -123.028976163768107, 44.40251362046142 ], [ -123.028347343028585, 44.402513620755265 ], [ -123.028347342321609, 44.40215429523623 ], [ -123.028347342520917, 44.401884800655267 ], [ -123.028347342668923, 44.401525474497411 ], [ -123.028077848788882, 44.401525474116674 ], [ -123.028077848498697, 44.401255979281849 ], [ -123.028347342515033, 44.40125597941087 ], [ -123.028706669146516, 44.401255979715842 ], [ -123.028706668597152, 44.400896653780521 ], [ -123.028347342663054, 44.400896653727337 ], [ -123.028347342509164, 44.400627158996507 ], [ -123.028347342303974, 44.400267832925863 ], [ -123.02834734279989, 44.39963901184106 ], [ -123.028347342241531, 44.399279685654172 ], [ -123.028347343295806, 44.399010191586044 ], [ -123.029964310603006, 44.399010191517853 ], [ -123.029964310794171, 44.399279685731891 ], [ -123.030593129101192, 44.399639012066878 ], [ -123.030862624985872, 44.39990850634463 ], [ -123.031850771815968, 44.399908506712841 ], [ -123.031850772273344, 44.400267832592604 ], [ -123.032210098758043, 44.400267832676413 ], [ -123.032479593584469, 44.400267832812581 ], [ -123.032479593398875, 44.400627158857517 ], [ -123.032210098311424, 44.400896653638135 ], [ -123.032210099112973, 44.401255979653584 ] ] ] ] } },
{ "type": "Feature", "properties": { "field_id": "WV_AG_020", "lat": 44.849295938573363, "lon": -123.15185368694698, "area_acres": 15.4418268646456, "crop_code": 24, "cdl_crop": "Winter Wheat", "crop_dominant_pct": 89.9, "soil_muname": "Cloquato silt loam", "soil_drainage": "Well drained", "soil_clay_pct": 10.0, "soil_sand_pct": 21.2, "soil_silt_pct": 68.8, "soil_om_pct": 7.5, "soil_ph": 6.1, "soil_cec": 17.5, "soil_depth_cm": 0.0, "weather_monthly": [ { "year": 2020, "month": 1, "avg_high_c": 8.33, "avg_low_c": 3.69, "total_rain_mm": 331.66, "total_rain_in": 13.06 }, { "year": 2020, "month": 2, "avg_high_c": 9.3, "avg_low_c": 1.59, "total_rain_mm": 119.69, "total_rain_in": 4.71 }, { "year": 2020, "month": 3, "avg_high_c": 10.58, "avg_low_c": 1.93, "total_rain_mm": 119.65, "total_rain_in": 4.71 }, { "year": 2020, "month": 4, "avg_high_c": 15.36, "avg_low_c": 4.91, "total_rain_mm": 65.25, "total_rain_in": 2.57 }, { "year": 2020, "month": 5, "avg_high_c": 18.1, "avg_low_c": 7.97, "total_rain_mm": 129.22, "total_rain_in": 5.09 }, { "year": 2020, "month": 6, "avg_high_c": 19.57, "avg_low_c": 9.34, "total_rain_mm": 97.62, "total_rain_in": 3.84 }, { "year": 2020, "month": 7, "avg_high_c": 24.4, "avg_low_c": 11.06, "total_rain_mm": 3.63, "total_rain_in": 0.14 }, { "year": 2020, "month": 8, "avg_high_c": 25.88, "avg_low_c": 11.44, "total_rain_mm": 5.11, "total_rain_in": 0.2 }, { "year": 2020, "month": 9, "avg_high_c": 24.8, "avg_low_c": 11.76, "total_rain_mm": 75.48, "total_rain_in": 2.97 }, { "year": 2020, "month": 10, "avg_high_c": 17.88, "avg_low_c": 7.03, "total_rain_mm": 95.76, "total_rain_in": 3.77 }, { "year": 2020, "month": 11, "avg_high_c": 10.62, "avg_low_c": 2.98, "total_rain_mm": 245.69, "total_rain_in": 9.67 }, { "year": 2020, "month": 12, "avg_high_c": 9.56, "avg_low_c": 2.24, "total_rain_mm": 231.54, "total_rain_in": 9.12 }, { "year": 2021, "month": 1, "avg_high_c": 8.81, "avg_low_c": 2.61, "total_rain_mm": 260.36, "total_rain_in": 10.25 }, { "year": 2021, "month": 2, "avg_high_c": 7.61, "avg_low_c": 1.86, "total_rain_mm": 215.93, "total_rain_in": 8.5 }, { "year": 2021, "month": 3, "avg_high_c": 11.05, "avg_low_c": 1.47, "total_rain_mm": 82.08, "total_rain_in": 3.23 }, { "year": 2021, "month": 4, "avg_high_c": 16.05, "avg_low_c": 3.87, "total_rain_mm": 27.34, "total_rain_in": 1.08 }, { "year": 2021, "month": 5, "avg_high_c": 18.03, "avg_low_c": 6.8, "total_rain_mm": 47.74, "total_rain_in": 1.88 }, { "year": 2021, "month": 6, "avg_high_c": 24.25, "avg_low_c": 11.1, "total_rain_mm": 49.29, "total_rain_in": 1.94 }, { "year": 2021, "month": 7, "avg_high_c": 27.3, "avg_low_c": 11.55, "total_rain_mm": 1.83, "total_rain_in": 0.07 }, { "year": 2021, "month": 8, "avg_high_c": 27.65, "avg_low_c": 12.56, "total_rain_mm": 2.92, "total_rain_in": 0.11 }, { "year": 2021, "month": 9, "avg_high_c": 24.55, "avg_low_c": 10.43, "total_rain_mm": 101.83, "total_rain_in": 4.01 }, { "year": 2021, "month": 10, "avg_high_c": 15.52, "avg_low_c": 6.56, "total_rain_mm": 148.73, "total_rain_in": 5.86 }, { "year": 2021, "month": 11, "avg_high_c": 12.28, "avg_low_c": 5.35, "total_rain_mm": 250.09, "total_rain_in": 9.85 }, { "year": 2021, "month": 12, "avg_high_c": 5.61, "avg_low_c": 0.97, "total_rain_mm": 309.17, "total_rain_in": 12.17 }, { "year": 2022, "month": 1, "avg_high_c": 9.29, "avg_low_c": 1.87, "total_rain_mm": 185.19, "total_rain_in": 7.29 }, { "year": 2022, "month": 2, "avg_high_c": 9.66, "avg_low_c": 1.72, "total_rain_mm": 98.54, "total_rain_in": 3.88 }, { "year": 2022, "month": 3, "avg_high_c": 11.99, "avg_low_c": 3.83, "total_rain_mm": 125.82, "total_rain_in": 4.95 }, { "year": 2022, "month": 4, "avg_high_c": 11.48, "avg_low_c": 2.65, "total_rain_mm": 200.52, "total_rain_in": 7.89 }, { "year": 2022, "month": 5, "avg_high_c": 15.04, "avg_low_c": 6.2, "total_rain_mm": 191.01, "total_rain_in": 7.52 }, { "year": 2022, "month": 6, "avg_high_c": 19.96, "avg_low_c": 9.78, "total_rain_mm": 128.91, "total_rain_in": 5.08 }, { "year": 2022, "month": 7, "avg_high_c": 25.26, "avg_low_c": 12.21, "total_rain_mm": 8.52, "total_rain_in": 0.34 }, { "year": 2022, "month": 8, "avg_high_c": 27.38, "avg_low_c": 13.3, "total_rain_mm": 1.96, "total_rain_in": 0.08 }, { "year": 2022, "month": 9, "avg_high_c": 25.27, "avg_low_c": 11.26, "total_rain_mm": 12.33, "total_rain_in": 0.49 }, { "year": 2022, "month": 10, "avg_high_c": 21.88, "avg_low_c": 8.89, "total_rain_mm": 83.79, "total_rain_in": 3.3 }, { "year": 2022, "month": 11, "avg_high_c": 9.53, "avg_low_c": 1.32, "total_rain_mm": 209.49, "total_rain_in": 8.25 }, { "year": 2022, "month": 12, "avg_high_c": 7.23, "avg_low_c": 1.41, "total_rain_mm": 213.47, "total_rain_in": 8.4 }, { "year": 2023, "month": 1, "avg_high_c": 8.1, "avg_low_c": 2.21, "total_rain_mm": 124.27, "total_rain_in": 4.89 }, { "year": 2023, "month": 2, "avg_high_c": 7.34, "avg_low_c": 0.11, "total_rain_mm": 126.83, "total_rain_in": 4.99 }, { "year": 2023, "month": 3, "avg_high_c": 8.74, "avg_low_c": 0.78, "total_rain_mm": 189.54, "total_rain_in": 7.46 }, { "year": 2023, "month": 4, "avg_high_c": 12.14, "avg_low_c": 3.83, "total_rain_mm": 194.6, "total_rain_in": 7.66 }, { "year": 2023, "month": 5, "avg_high_c": 20.07, "avg_low_c": 8.51, "total_rain_mm": 27.12, "total_rain_in": 1.07 }, { "year": 2023, "month": 6, "avg_high_c": 21.75, "avg_low_c": 8.84, "total_rain_mm": 19.41, "total_rain_in": 0.76 }, { "year": 2023, "month": 7, "avg_high_c": 26.77, "avg_low_c": 11.45, "total_rain_mm": 2.08, "total_rain_in": 0.08 }, { "year": 2023, "month": 8, "avg_high_c": 29.03, "avg_low_c": 13.52, "total_rain_mm": 21.34, "total_rain_in": 0.84 }, { "year": 2023, "month": 9, "avg_high_c": 23.57, "avg_low_c": 10.75, "total_rain_mm": 70.6, "total_rain_in": 2.78 }, { "year": 2023, "month": 10, "avg_high_c": 18.22, "avg_low_c": 7.61, "total_rain_mm": 117.2, "total_rain_in": 4.61 }, { "year": 2023, "month": 11, "avg_high_c": 11.95, "avg_low_c": 3.59, "total_rain_mm": 187.96, "total_rain_in": 7.4 }, { "year": 2023, "month": 12, "avg_high_c": 10.68, "avg_low_c": 4.45, "total_rain_mm": 295.35, "total_rain_in": 11.63 }, { "year": 2024, "month": 1, "avg_high_c": 8.28, "avg_low_c": 2.91, "total_rain_mm": 370.12, "total_rain_in": 14.57 }, { "year": 2024, "month": 2, "avg_high_c": 10.14, "avg_low_c": 3.26, "total_rain_mm": 200.23, "total_rain_in": 7.88 }, { "year": 2024, "month": 3, "avg_high_c": 11.51, "avg_low_c": 3.24, "total_rain_mm": 164.08, "total_rain_in": 6.46 }, { "year": 2024, "month": 4, "avg_high_c": 14.23, "avg_low_c": 4.47, "total_rain_mm": 94.88, "total_rain_in": 3.74 }, { "year": 2024, "month": 5, "avg_high_c": 17.15, "avg_low_c": 6.5, "total_rain_mm": 118.44, "total_rain_in": 4.66 }, { "year": 2024, "month": 6, "avg_high_c": 20.38, "avg_low_c": 9.29, "total_rain_mm": 74.42, "total_rain_in": 2.93 }, { "year": 2024, "month": 7, "avg_high_c": 27.02, "avg_low_c": 12.01, "total_rain_mm": 7.22, "total_rain_in": 0.28 }, { "year": 2024, "month": 8, "avg_high_c": 25.73, "avg_low_c": 12.22, "total_rain_mm": 22.59, "total_rain_in": 0.89 }, { "year": 2024, "month": 9, "avg_high_c": 24.48, "avg_low_c": 11.29, "total_rain_mm": 33.37, "total_rain_in": 1.31 }, { "year": 2024, "month": 10, "avg_high_c": 18.76, "avg_low_c": 7.37, "total_rain_mm": 131.82, "total_rain_in": 5.19 }, { "year": 2024, "month": 11, "avg_high_c": 9.95, "avg_low_c": 4.08, "total_rain_mm": 284.69, "total_rain_in": 11.21 }, { "year": 2024, "month": 12, "avg_high_c": 9.31, "avg_low_c": 3.22, "total_rain_mm": 297.03, "total_rain_in": 11.69 }, { "year": 2025, "month": 1, "avg_high_c": 7.89, "avg_low_c": 0.22, "total_rain_mm": 116.9, "total_rain_in": 4.6 }, { "year": 2025, "month": 2, "avg_high_c": 8.27, "avg_low_c": 1.66, "total_rain_mm": 206.54, "total_rain_in": 8.13 }, { "year": 2025, "month": 3, "avg_high_c": 11.38, "avg_low_c": 4.41, "total_rain_mm": 241.61, "total_rain_in": 9.51 }, { "year": 2025, "month": 4, "avg_high_c": 15.77, "avg_low_c": 4.72, "total_rain_mm": 64.12, "total_rain_in": 2.52 }, { "year": 2025, "month": 5, "avg_high_c": 17.45, "avg_low_c": 6.68, "total_rain_mm": 52.17, "total_rain_in": 2.05 }, { "year": 2025, "month": 6, "avg_high_c": 21.6, "avg_low_c": 9.69, "total_rain_mm": 34.37, "total_rain_in": 1.35 }, { "year": 2025, "month": 7, "avg_high_c": 26.13, "avg_low_c": 11.56, "total_rain_mm": 1.41, "total_rain_in": 0.06 }, { "year": 2025, "month": 8, "avg_high_c": 28.06, "avg_low_c": 13.39, "total_rain_mm": 20.61, "total_rain_in": 0.81 }, { "year": 2025, "month": 9, "avg_high_c": 24.77, "avg_low_c": 11.37, "total_rain_mm": 49.32, "total_rain_in": 1.94 }, { "year": 2025, "month": 10, "avg_high_c": 15.59, "avg_low_c": 6.02, "total_rain_mm": 148.04, "total_rain_in": 5.83 }, { "year": 2025, "month": 11, "avg_high_c": 11.64, "avg_low_c": 5.24, "total_rain_mm": 176.54, "total_rain_in": 6.95 }, { "year": 2025, "month": 12, "avg_high_c": 9.99, "avg_low_c": 4.33, "total_rain_mm": 352.37, "total_rain_in": 13.87 } ] }, "geometry": { "type": "MultiPolygon", "coordinates": [ [ [ [ -123.151307113098014, 44.850112572536005 ], [ -123.151307113315397, 44.85047189884046 ], [ -123.150947787324156, 44.850471898665191 ], [ -123.15094778659163, 44.85011257286709 ], [ -123.150678292623638, 44.850112572293412 ], [ -123.150678292275956, 44.850471898953437 ], [ -123.149420650979565, 44.850471898593632 ], [ -123.149420650965567, 44.849214257505992 ], [ -123.150318965877062, 44.849214257276564 ], [ -123.150318966568264, 44.848854931040464 ], [ -123.151067795599161, 44.848615614098335 ], [ -123.151396945001594, 44.848585436253771 ], [ -123.151576607936107, 44.848585436697476 ], [ -123.151576607353476, 44.848854930837476 ], [ -123.152205428315924, 44.848854930874047 ], [ -123.152205428097972, 44.848315942000362 ], [ -123.152564754552188, 44.848226110409364 ], [ -123.153552901174038, 44.848226110362297 ], [ -123.153822396174945, 44.848226109924099 ], [ -123.153822395414721, 44.847866784655437 ], [ -123.154181722382432, 44.847866784327294 ], [ -123.154451216660348, 44.847866784348675 ], [ -123.15445121712699, 44.84822611037697 ], [ -123.154451216853317, 44.848854931395152 ], [ -123.154181722515247, 44.849214257200458 ], [ -123.153822396012686, 44.849214256871278 ], [ -123.153552901063634, 44.849214257411802 ], [ -123.153552901593059, 44.849483751481131 ], [ -123.152564753759307, 44.849483751684268 ], [ -123.152205428110236, 44.850112572436785 ], [ -123.152205427898409, 44.85047189889206 ], [ -123.151576607504921, 44.850471898403093 ], [ -123.151307113098014, 44.850112572536005 ] ] ] ] } },
{ "type": "Feature", "properties": { "field_id": "WV_AG_021", "lat": 44.832248075982704, "lon": -123.37571979810548, "area_acres": 16.252774494984301, "crop_code": 24, "cdl_crop": "Winter Wheat", "crop_dominant_pct": 97.3, "soil_muname": "Waldo silty clay loam", "soil_drainage": "Poorly drained", "soil_clay_pct": 33.5, "soil_sand_pct": 17.5, "soil_silt_pct": 49.0, "soil_om_pct": 6.0, "soil_ph": 5.8, "soil_cec": 27.5, "soil_depth_cm": 0.0, "weather_monthly": [ { "year": 2020, "month": 1, "avg_high_c": 8.33, "avg_low_c": 3.69, "total_rain_mm": 331.66, "total_rain_in": 13.06 }, { "year": 2020, "month": 2, "avg_high_c": 9.3, "avg_low_c": 1.59, "total_rain_mm": 119.69, "total_rain_in": 4.71 }, { "year": 2020, "month": 3, "avg_high_c": 10.58, "avg_low_c": 1.93, "total_rain_mm": 119.65, "total_rain_in": 4.71 }, { "year": 2020, "month": 4, "avg_high_c": 15.36, "avg_low_c": 4.91, "total_rain_mm": 65.25, "total_rain_in": 2.57 }, { "year": 2020, "month": 5, "avg_high_c": 18.1, "avg_low_c": 7.97, "total_rain_mm": 129.22, "total_rain_in": 5.09 }, { "year": 2020, "month": 6, "avg_high_c": 19.57, "avg_low_c": 9.34, "total_rain_mm": 97.62, "total_rain_in": 3.84 }, { "year": 2020, "month": 7, "avg_high_c": 24.4, "avg_low_c": 11.06, "total_rain_mm": 3.63, "total_rain_in": 0.14 }, { "year": 2020, "month": 8, "avg_high_c": 25.88, "avg_low_c": 11.44, "total_rain_mm": 5.11, "total_rain_in": 0.2 }, { "year": 2020, "month": 9, "avg_high_c": 24.8, "avg_low_c": 11.76, "total_rain_mm": 75.48, "total_rain_in": 2.97 }, { "year": 2020, "month": 10, "avg_high_c": 17.88, "avg_low_c": 7.03, "total_rain_mm": 95.76, "total_rain_in": 3.77 }, { "year": 2020, "month": 11, "avg_high_c": 10.62, "avg_low_c": 2.98, "total_rain_mm": 245.69, "total_rain_in": 9.67 }, { "year": 2020, "month": 12, "avg_high_c": 9.56, "avg_low_c": 2.24, "total_rain_mm": 231.54, "total_rain_in": 9.12 }, { "year": 2021, "month": 1, "avg_high_c": 8.81, "avg_low_c": 2.61, "total_rain_mm": 260.36, "total_rain_in": 10.25 }, { "year": 2021, "month": 2, "avg_high_c": 7.61, "avg_low_c": 1.86, "total_rain_mm": 215.93, "total_rain_in": 8.5 }, { "year": 2021, "month": 3, "avg_high_c": 11.05, "avg_low_c": 1.47, "total_rain_mm": 82.08, "total_rain_in": 3.23 }, { "year": 2021, "month": 4, "avg_high_c": 16.05, "avg_low_c": 3.87, "total_rain_mm": 27.34, "total_rain_in": 1.08 }, { "year": 2021, "month": 5, "avg_high_c": 18.03, "avg_low_c": 6.8, "total_rain_mm": 47.74, "total_rain_in": 1.88 }, { "year": 2021, "month": 6, "avg_high_c": 24.25, "avg_low_c": 11.1, "total_rain_mm": 49.29, "total_rain_in": 1.94 }, { "year": 2021, "month": 7, "avg_high_c": 27.3, "avg_low_c": 11.55, "total_rain_mm": 1.83, "total_rain_in": 0.07 }, { "year": 2021, "month": 8, "avg_high_c": 27.65, "avg_low_c": 12.56, "total_rain_mm": 2.92, "total_rain_in": 0.11 }, { "year": 2021, "month": 9, "avg_high_c": 24.55, "avg_low_c": 10.43, "total_rain_mm": 101.83, "total_rain_in": 4.01 }, { "year": 2021, "month": 10, "avg_high_c": 15.52, "avg_low_c": 6.56, "total_rain_mm": 148.73, "total_rain_in": 5.86 }, { "year": 2021, "month": 11, "avg_high_c": 12.28, "avg_low_c": 5.35, "total_rain_mm": 250.09, "total_rain_in": 9.85 }, { "year": 2021, "month": 12, "avg_high_c": 5.61, "avg_low_c": 0.97, "total_rain_mm": 309.17, "total_rain_in": 12.17 }, { "year": 2022, "month": 1, "avg_high_c": 9.29, "avg_low_c": 1.87, "total_rain_mm": 185.19, "total_rain_in": 7.29 }, { "year": 2022, "month": 2, "avg_high_c": 9.66, "avg_low_c": 1.72, "total_rain_mm": 98.54, "total_rain_in": 3.88 }, { "year": 2022, "month": 3, "avg_high_c": 11.99, "avg_low_c": 3.83, "total_rain_mm": 125.82, "total_rain_in": 4.95 }, { "year": 2022, "month": 4, "avg_high_c": 11.48, "avg_low_c": 2.65, "total_rain_mm": 200.52, "total_rain_in": 7.89 }, { "year": 2022, "month": 5, "avg_high_c": 15.04, "avg_low_c": 6.2, "total_rain_mm": 191.01, "total_rain_in": 7.52 }, { "year": 2022, "month": 6, "avg_high_c": 19.96, "avg_low_c": 9.78, "total_rain_mm": 128.91, "total_rain_in": 5.08 }, { "year": 2022, "month": 7, "avg_high_c": 25.26, "avg_low_c": 12.21, "total_rain_mm": 8.52, "total_rain_in": 0.34 }, { "year": 2022, "month": 8, "avg_high_c": 27.38, "avg_low_c": 13.3, "total_rain_mm": 1.96, "total_rain_in": 0.08 }, { "year": 2022, "month": 9, "avg_high_c": 25.27, "avg_low_c": 11.26, "total_rain_mm": 12.33, "total_rain_in": 0.49 }, { "year": 2022, "month": 10, "avg_high_c": 21.88, "avg_low_c": 8.89, "total_rain_mm": 83.79, "total_rain_in": 3.3 }, { "year": 2022, "month": 11, "avg_high_c": 9.53, "avg_low_c": 1.32, "total_rain_mm": 209.49, "total_rain_in": 8.25 }, { "year": 2022, "month": 12, "avg_high_c": 7.23, "avg_low_c": 1.41, "total_rain_mm": 213.47, "total_rain_in": 8.4 }, { "year": 2023, "month": 1, "avg_high_c": 8.1, "avg_low_c": 2.21, "total_rain_mm": 124.27, "total_rain_in": 4.89 }, { "year": 2023, "month": 2, "avg_high_c": 7.34, "avg_low_c": 0.11, "total_rain_mm": 126.83, "total_rain_in": 4.99 }, { "year": 2023, "month": 3, "avg_high_c": 8.74, "avg_low_c": 0.78, "total_rain_mm": 189.54, "total_rain_in": 7.46 }, { "year": 2023, "month": 4, "avg_high_c": 12.14, "avg_low_c": 3.83, "total_rain_mm": 194.6, "total_rain_in": 7.66 }, { "year": 2023, "month": 5, "avg_high_c": 20.07, "avg_low_c": 8.51, "total_rain_mm": 27.12, "total_rain_in": 1.07 }, { "year": 2023, "month": 6, "avg_high_c": 21.75, "avg_low_c": 8.84, "total_rain_mm": 19.41, "total_rain_in": 0.76 }, { "year": 2023, "month": 7, "avg_high_c": 26.77, "avg_low_c": 11.45, "total_rain_mm": 2.08, "total_rain_in": 0.08 }, { "year": 2023, "month": 8, "avg_high_c": 29.03, "avg_low_c": 13.52, "total_rain_mm": 21.34, "total_rain_in": 0.84 }, { "year": 2023, "month": 9, "avg_high_c": 23.57, "avg_low_c": 10.75, "total_rain_mm": 70.6, "total_rain_in": 2.78 }, { "year": 2023, "month": 10, "avg_high_c": 18.22, "avg_low_c": 7.61, "total_rain_mm": 117.2, "total_rain_in": 4.61 }, { "year": 2023, "month": 11, "avg_high_c": 11.95, "avg_low_c": 3.59, "total_rain_mm": 187.96, "total_rain_in": 7.4 }, { "year": 2023, "month": 12, "avg_high_c": 10.68, "avg_low_c": 4.45, "total_rain_mm": 295.35, "total_rain_in": 11.63 }, { "year": 2024, "month": 1, "avg_high_c": 8.28, "avg_low_c": 2.91, "total_rain_mm": 370.12, "total_rain_in": 14.57 }, { "year": 2024, "month": 2, "avg_high_c": 10.14, "avg_low_c": 3.26, "total_rain_mm": 200.23, "total_rain_in": 7.88 }, { "year": 2024, "month": 3, "avg_high_c": 11.51, "avg_low_c": 3.24, "total_rain_mm": 164.08, "total_rain_in": 6.46 }, { "year": 2024, "month": 4, "avg_high_c": 14.23, "avg_low_c": 4.47, "total_rain_mm": 94.88, "total_rain_in": 3.74 }, { "year": 2024, "month": 5, "avg_high_c": 17.15, "avg_low_c": 6.5, "total_rain_mm": 118.44, "total_rain_in": 4.66 }, { "year": 2024, "month": 6, "avg_high_c": 20.38, "avg_low_c": 9.29, "total_rain_mm": 74.42, "total_rain_in": 2.93 }, { "year": 2024, "month": 7, "avg_high_c": 27.02, "avg_low_c": 12.01, "total_rain_mm": 7.22, "total_rain_in": 0.28 }, { "year": 2024, "month": 8, "avg_high_c": 25.73, "avg_low_c": 12.22, "total_rain_mm": 22.59, "total_rain_in": 0.89 }, { "year": 2024, "month": 9, "avg_high_c": 24.48, "avg_low_c": 11.29, "total_rain_mm": 33.37, "total_rain_in": 1.31 }, { "year": 2024, "month": 10, "avg_high_c": 18.76, "avg_low_c": 7.37, "total_rain_mm": 131.82, "total_rain_in": 5.19 }, { "year": 2024, "month": 11, "avg_high_c": 9.95, "avg_low_c": 4.08, "total_rain_mm": 284.69, "total_rain_in": 11.21 }, { "year": 2024, "month": 12, "avg_high_c": 9.31, "avg_low_c": 3.22, "total_rain_mm": 297.03, "total_rain_in": 11.69 }, { "year": 2025, "month": 1, "avg_high_c": 7.89, "avg_low_c": 0.22, "total_rain_mm": 116.9, "total_rain_in": 4.6 }, { "year": 2025, "month": 2, "avg_high_c": 8.27, "avg_low_c": 1.66, "total_rain_mm": 206.54, "total_rain_in": 8.13 }, { "year": 2025, "month": 3, "avg_high_c": 11.38, "avg_low_c": 4.41, "total_rain_mm": 241.61, "total_rain_in": 9.51 }, { "year": 2025, "month": 4, "avg_high_c": 15.77, "avg_low_c": 4.72, "total_rain_mm": 64.12, "total_rain_in": 2.52 }, { "year": 2025, "month": 5, "avg_high_c": 17.45, "avg_low_c": 6.68, "total_rain_mm": 52.17, "total_rain_in": 2.05 }, { "year": 2025, "month": 6, "avg_high_c": 21.6, "avg_low_c": 9.69, "total_rain_mm": 34.37, "total_rain_in": 1.35 }, { "year": 2025, "month": 7, "avg_high_c": 26.13, "avg_low_c": 11.56, "total_rain_mm": 1.41, "total_rain_in": 0.06 }, { "year": 2025, "month": 8, "avg_high_c": 28.06, "avg_low_c": 13.39, "total_rain_mm": 20.61, "total_rain_in": 0.81 }, { "year": 2025, "month": 9, "avg_high_c": 24.77, "avg_low_c": 11.37, "total_rain_mm": 49.32, "total_rain_in": 1.94 }, { "year": 2025, "month": 10, "avg_high_c": 15.59, "avg_low_c": 6.02, "total_rain_mm": 148.04, "total_rain_in": 5.83 }, { "year": 2025, "month": 11, "avg_high_c": 11.64, "avg_low_c": 5.24, "total_rain_mm": 176.54, "total_rain_in": 6.95 }, { "year": 2025, "month": 12, "avg_high_c": 9.99, "avg_low_c": 4.33, "total_rain_mm": 352.37, "total_rain_in": 13.87 } ] }, "geometry": { "type": "MultiPolygon", "coordinates": [ [ [ [ -123.375706269922986, 44.833314077263978 ], [ -123.375706269391529, 44.833044582416257 ], [ -123.372831662576843, 44.83304458242015 ], [ -123.372831662755644, 44.832685256437145 ], [ -123.373460482252057, 44.832415761268166 ], [ -123.37381980943961, 44.832056435196684 ], [ -123.374089303683434, 44.831427613591515 ], [ -123.374448628982663, 44.831427613535219 ], [ -123.375077450696722, 44.831427614587554 ], [ -123.375346945177199, 44.831427614650323 ], [ -123.375706270701357, 44.831427614922333 ], [ -123.376065597800007, 44.831427614837025 ], [ -123.376335092203433, 44.831786940832941 ], [ -123.376694418029658, 44.831427614235622 ], [ -123.376694418125126, 44.831068288076786 ], [ -123.376963912608275, 44.831068288333014 ], [ -123.377323238015961, 44.831068288576034 ], [ -123.377592732858986, 44.831068288428995 ], [ -123.378221554189437, 44.831068288158342 ], [ -123.378221554229441, 44.831427614125907 ], [ -123.377592733549704, 44.831427614492263 ], [ -123.377592733025878, 44.831786941104696 ], [ -123.377952058621716, 44.831786940427349 ], [ -123.377952059272189, 44.832056435428207 ], [ -123.377952058729861, 44.832415761088008 ], [ -123.377592733424876, 44.832415760999673 ], [ -123.37732323933632, 44.832685256724744 ], [ -123.377323237870229, 44.833044582388816 ], [ -123.376963912721237, 44.833044582687911 ], [ -123.376963911849188, 44.833314077950398 ], [ -123.376335091020977, 44.833314076243333 ], [ -123.375706269922986, 44.833314077263978 ] ] ] ] } },
{ "type": "Feature", "properties": { "field_id": "WV_AG_022", "lat": 44.802793643827542, "lon": -123.3097444886626, "area_acres": 11.4834481297121, "crop_code": 24, "cdl_crop": "Winter Wheat", "crop_dominant_pct": 84.0, "soil_muname": "Wapato silty clay loam", "soil_drainage": "Poorly drained", "soil_clay_pct": 31.0, "soil_sand_pct": 6.7, "soil_silt_pct": 62.3, "soil_om_pct": 6.0, "soil_ph": 6.2, "soil_cec": 25.0, "soil_depth_cm": 0.0, "weather_monthly": [ { "year": 2020, "month": 1, "avg_high_c": 8.33, "avg_low_c": 3.69, "total_rain_mm": 331.66, "total_rain_in": 13.06 }, { "year": 2020, "month": 2, "avg_high_c": 9.3, "avg_low_c": 1.59, "total_rain_mm": 119.69, "total_rain_in": 4.71 }, { "year": 2020, "month": 3, "avg_high_c": 10.58, "avg_low_c": 1.93, "total_rain_mm": 119.65, "total_rain_in": 4.71 }, { "year": 2020, "month": 4, "avg_high_c": 15.36, "avg_low_c": 4.91, "total_rain_mm": 65.25, "total_rain_in": 2.57 }, { "year": 2020, "month": 5, "avg_high_c": 18.1, "avg_low_c": 7.97, "total_rain_mm": 129.22, "total_rain_in": 5.09 }, { "year": 2020, "month": 6, "avg_high_c": 19.57, "avg_low_c": 9.34, "total_rain_mm": 97.62, "total_rain_in": 3.84 }, { "year": 2020, "month": 7, "avg_high_c": 24.4, "avg_low_c": 11.06, "total_rain_mm": 3.63, "total_rain_in": 0.14 }, { "year": 2020, "month": 8, "avg_high_c": 25.88, "avg_low_c": 11.44, "total_rain_mm": 5.11, "total_rain_in": 0.2 }, { "year": 2020, "month": 9, "avg_high_c": 24.8, "avg_low_c": 11.76, "total_rain_mm": 75.48, "total_rain_in": 2.97 }, { "year": 2020, "month": 10, "avg_high_c": 17.88, "avg_low_c": 7.03, "total_rain_mm": 95.76, "total_rain_in": 3.77 }, { "year": 2020, "month": 11, "avg_high_c": 10.62, "avg_low_c": 2.98, "total_rain_mm": 245.69, "total_rain_in": 9.67 }, { "year": 2020, "month": 12, "avg_high_c": 9.56, "avg_low_c": 2.24, "total_rain_mm": 231.54, "total_rain_in": 9.12 }, { "year": 2021, "month": 1, "avg_high_c": 8.81, "avg_low_c": 2.61, "total_rain_mm": 260.36, "total_rain_in": 10.25 }, { "year": 2021, "month": 2, "avg_high_c": 7.61, "avg_low_c": 1.86, "total_rain_mm": 215.93, "total_rain_in": 8.5 }, { "year": 2021, "month": 3, "avg_high_c": 11.05, "avg_low_c": 1.47, "total_rain_mm": 82.08, "total_rain_in": 3.23 }, { "year": 2021, "month": 4, "avg_high_c": 16.05, "avg_low_c": 3.87, "total_rain_mm": 27.34, "total_rain_in": 1.08 }, { "year": 2021, "month": 5, "avg_high_c": 18.03, "avg_low_c": 6.8, "total_rain_mm": 47.74, "total_rain_in": 1.88 }, { "year": 2021, "month": 6, "avg_high_c": 24.25, "avg_low_c": 11.1, "total_rain_mm": 49.29, "total_rain_in": 1.94 }, { "year": 2021, "month": 7, "avg_high_c": 27.3, "avg_low_c": 11.55, "total_rain_mm": 1.83, "total_rain_in": 0.07 }, { "year": 2021, "month": 8, "avg_high_c": 27.65, "avg_low_c": 12.56, "total_rain_mm": 2.92, "total_rain_in": 0.11 }, { "year": 2021, "month": 9, "avg_high_c": 24.55, "avg_low_c": 10.43, "total_rain_mm": 101.83, "total_rain_in": 4.01 }, { "year": 2021, "month": 10, "avg_high_c": 15.52, "avg_low_c": 6.56, "total_rain_mm": 148.73, "total_rain_in": 5.86 }, { "year": 2021, "month": 11, "avg_high_c": 12.28, "avg_low_c": 5.35, "total_rain_mm": 250.09, "total_rain_in": 9.85 }, { "year": 2021, "month": 12, "avg_high_c": 5.61, "avg_low_c": 0.97, "total_rain_mm": 309.17, "total_rain_in": 12.17 }, { "year": 2022, "month": 1, "avg_high_c": 9.29, "avg_low_c": 1.87, "total_rain_mm": 185.19, "total_rain_in": 7.29 }, { "year": 2022, "month": 2, "avg_high_c": 9.66, "avg_low_c": 1.72, "total_rain_mm": 98.54, "total_rain_in": 3.88 }, { "year": 2022, "month": 3, "avg_high_c": 11.99, "avg_low_c": 3.83, "total_rain_mm": 125.82, "total_rain_in": 4.95 }, { "year": 2022, "month": 4, "avg_high_c": 11.48, "avg_low_c": 2.65, "total_rain_mm": 200.52, "total_rain_in": 7.89 }, { "year": 2022, "month": 5, "avg_high_c": 15.04, "avg_low_c": 6.2, "total_rain_mm": 191.01, "total_rain_in": 7.52 }, { "year": 2022, "month": 6, "avg_high_c": 19.96, "avg_low_c": 9.78, "total_rain_mm": 128.91, "total_rain_in": 5.08 }, { "year": 2022, "month": 7, "avg_high_c": 25.26, "avg_low_c": 12.21, "total_rain_mm": 8.52, "total_rain_in": 0.34 }, { "year": 2022, "month": 8, "avg_high_c": 27.38, "avg_low_c": 13.3, "total_rain_mm": 1.96, "total_rain_in": 0.08 }, { "year": 2022, "month": 9, "avg_high_c": 25.27, "avg_low_c": 11.26, "total_rain_mm": 12.33, "total_rain_in": 0.49 }, { "year": 2022, "month": 10, "avg_high_c": 21.88, "avg_low_c": 8.89, "total_rain_mm": 83.79, "total_rain_in": 3.3 }, { "year": 2022, "month": 11, "avg_high_c": 9.53, "avg_low_c": 1.32, "total_rain_mm": 209.49, "total_rain_in": 8.25 }, { "year": 2022, "month": 12, "avg_high_c": 7.23, "avg_low_c": 1.41, "total_rain_mm": 213.47, "total_rain_in": 8.4 }, { "year": 2023, "month": 1, "avg_high_c": 8.1, "avg_low_c": 2.21, "total_rain_mm": 124.27, "total_rain_in": 4.89 }, { "year": 2023, "month": 2, "avg_high_c": 7.34, "avg_low_c": 0.11, "total_rain_mm": 126.83, "total_rain_in": 4.99 }, { "year": 2023, "month": 3, "avg_high_c": 8.74, "avg_low_c": 0.78, "total_rain_mm": 189.54, "total_rain_in": 7.46 }, { "year": 2023, "month": 4, "avg_high_c": 12.14, "avg_low_c": 3.83, "total_rain_mm": 194.6, "total_rain_in": 7.66 }, { "year": 2023, "month": 5, "avg_high_c": 20.07, "avg_low_c": 8.51, "total_rain_mm": 27.12, "total_rain_in": 1.07 }, { "year": 2023, "month": 6, "avg_high_c": 21.75, "avg_low_c": 8.84, "total_rain_mm": 19.41, "total_rain_in": 0.76 }, { "year": 2023, "month": 7, "avg_high_c": 26.77, "avg_low_c": 11.45, "total_rain_mm": 2.08, "total_rain_in": 0.08 }, { "year": 2023, "month": 8, "avg_high_c": 29.03, "avg_low_c": 13.52, "total_rain_mm": 21.34, "total_rain_in": 0.84 }, { "year": 2023, "month": 9, "avg_high_c": 23.57, "avg_low_c": 10.75, "total_rain_mm": 70.6, "total_rain_in": 2.78 }, { "year": 2023, "month": 10, "avg_high_c": 18.22, "avg_low_c": 7.61, "total_rain_mm": 117.2, "total_rain_in": 4.61 }, { "year": 2023, "month": 11, "avg_high_c": 11.95, "avg_low_c": 3.59, "total_rain_mm": 187.96, "total_rain_in": 7.4 }, { "year": 2023, "month": 12, "avg_high_c": 10.68, "avg_low_c": 4.45, "total_rain_mm": 295.35, "total_rain_in": 11.63 }, { "year": 2024, "month": 1, "avg_high_c": 8.28, "avg_low_c": 2.91, "total_rain_mm": 370.12, "total_rain_in": 14.57 }, { "year": 2024, "month": 2, "avg_high_c": 10.14, "avg_low_c": 3.26, "total_rain_mm": 200.23, "total_rain_in": 7.88 }, { "year": 2024, "month": 3, "avg_high_c": 11.51, "avg_low_c": 3.24, "total_rain_mm": 164.08, "total_rain_in": 6.46 }, { "year": 2024, "month": 4, "avg_high_c": 14.23, "avg_low_c": 4.47, "total_rain_mm": 94.88, "total_rain_in": 3.74 }, { "year": 2024, "month": 5, "avg_high_c": 17.15, "avg_low_c": 6.5, "total_rain_mm": 118.44, "total_rain_in": 4.66 }, { "year": 2024, "month": 6, "avg_high_c": 20.38, "avg_low_c": 9.29, "total_rain_mm": 74.42, "total_rain_in": 2.93 }, { "year": 2024, "month": 7, "avg_high_c": 27.02, "avg_low_c": 12.01, "total_rain_mm": 7.22, "total_rain_in": 0.28 }, { "year": 2024, "month": 8, "avg_high_c": 25.73, "avg_low_c": 12.22, "total_rain_mm": 22.59, "total_rain_in": 0.89 }, { "year": 2024, "month": 9, "avg_high_c": 24.48, "avg_low_c": 11.29, "total_rain_mm": 33.37, "total_rain_in": 1.31 }, { "year": 2024, "month": 10, "avg_high_c": 18.76, "avg_low_c": 7.37, "total_rain_mm": 131.82, "total_rain_in": 5.19 }, { "year": 2024, "month": 11, "avg_high_c": 9.95, "avg_low_c": 4.08, "total_rain_mm": 284.69, "total_rain_in": 11.21 }, { "year": 2024, "month": 12, "avg_high_c": 9.31, "avg_low_c": 3.22, "total_rain_mm": 297.03, "total_rain_in": 11.69 }, { "year": 2025, "month": 1, "avg_high_c": 7.89, "avg_low_c": 0.22, "total_rain_mm": 116.9, "total_rain_in": 4.6 }, { "year": 2025, "month": 2, "avg_high_c": 8.27, "avg_low_c": 1.66, "total_rain_mm": 206.54, "total_rain_in": 8.13 }, { "year": 2025, "month": 3, "avg_high_c": 11.38, "avg_low_c": 4.41, "total_rain_mm": 241.61, "total_rain_in": 9.51 }, { "year": 2025, "month": 4, "avg_high_c": 15.77, "avg_low_c": 4.72, "total_rain_mm": 64.12, "total_rain_in": 2.52 }, { "year": 2025, "month": 5, "avg_high_c": 17.45, "avg_low_c": 6.68, "total_rain_mm": 52.17, "total_rain_in": 2.05 }, { "year": 2025, "month": 6, "avg_high_c": 21.6, "avg_low_c": 9.69, "total_rain_mm": 34.37, "total_rain_in": 1.35 }, { "year": 2025, "month": 7, "avg_high_c": 26.13, "avg_low_c": 11.56, "total_rain_mm": 1.41, "total_rain_in": 0.06 }, { "year": 2025, "month": 8, "avg_high_c": 28.06, "avg_low_c": 13.39, "total_rain_mm": 20.61, "total_rain_in": 0.81 }, { "year": 2025, "month": 9, "avg_high_c": 24.77, "avg_low_c": 11.37, "total_rain_mm": 49.32, "total_rain_in": 1.94 }, { "year": 2025, "month": 10, "avg_high_c": 15.59, "avg_low_c": 6.02, "total_rain_mm": 148.04, "total_rain_in": 5.83 }, { "year": 2025, "month": 11, "avg_high_c": 11.64, "avg_low_c": 5.24, "total_rain_mm": 176.54, "total_rain_in": 6.95 }, { "year": 2025, "month": 12, "avg_high_c": 9.99, "avg_low_c": 4.33, "total_rain_mm": 352.37, "total_rain_in": 13.87 } ] }, "geometry": { "type": "MultiPolygon", "coordinates": [ [ [ [ -123.310398749489934, 44.803220513393498 ], [ -123.309769929342451, 44.803220515700524 ], [ -123.30976992987604, 44.803490010022621 ], [ -123.309141108429074, 44.8034900091235 ], [ -123.309141108836045, 44.803220514194585 ], [ -123.308512288054317, 44.803220515414658 ], [ -123.307883467990337, 44.803220515405997 ], [ -123.307524141454991, 44.803220514909334 ], [ -123.306895320756681, 44.803220515078692 ], [ -123.306895320336125, 44.802591694525717 ], [ -123.307254646803912, 44.802591695083848 ], [ -123.307524140743993, 44.802591695060975 ], [ -123.308152961151848, 44.802591692644505 ], [ -123.30815296222373, 44.802232368145987 ], [ -123.30914110813886, 44.802232368613183 ], [ -123.309141108186978, 44.801962873590711 ], [ -123.309769929823347, 44.801962874273627 ], [ -123.309769929142661, 44.802232368082429 ], [ -123.312015717980117, 44.802232368147571 ], [ -123.312015717284737, 44.802861188132937 ], [ -123.312015717869272, 44.803220515239445 ], [ -123.312015718162598, 44.803490009620916 ], [ -123.310758076453183, 44.803490009782216 ], [ -123.310758075971222, 44.803220515557754 ], [ -123.310398749489934, 44.803220513393498 ] ] ] ] } },
{ "type": "Feature", "properties": { "field_id": "WV_AG_023", "lat": 45.005536807474726, "lon": -122.95296305922834, "area_acres": 21.1487849023389, "crop_code": 24, "cdl_crop": "Winter Wheat", "crop_dominant_pct": 78.4, "soil_muname": "Woodburn silt loam, 0 to 3 percent slopes", "soil_drainage": "Moderately well drained", "soil_clay_pct": 15.0, "soil_sand_pct": 14.0, "soil_silt_pct": 71.0, "soil_om_pct": 4.0, "soil_ph": 6.1, "soil_cec": 15.0, "soil_depth_cm": 0.0, "weather_monthly": [ { "year": 2020, "month": 1, "avg_high_c": 8.33, "avg_low_c": 3.69, "total_rain_mm": 331.66, "total_rain_in": 13.06 }, { "year": 2020, "month": 2, "avg_high_c": 9.3, "avg_low_c": 1.59, "total_rain_mm": 119.69, "total_rain_in": 4.71 }, { "year": 2020, "month": 3, "avg_high_c": 10.58, "avg_low_c": 1.93, "total_rain_mm": 119.65, "total_rain_in": 4.71 }, { "year": 2020, "month": 4, "avg_high_c": 15.36, "avg_low_c": 4.91, "total_rain_mm": 65.25, "total_rain_in": 2.57 }, { "year": 2020, "month": 5, "avg_high_c": 18.1, "avg_low_c": 7.97, "total_rain_mm": 129.22, "total_rain_in": 5.09 }, { "year": 2020, "month": 6, "avg_high_c": 19.57, "avg_low_c": 9.34, "total_rain_mm": 97.62, "total_rain_in": 3.84 }, { "year": 2020, "month": 7, "avg_high_c": 24.4, "avg_low_c": 11.06, "total_rain_mm": 3.63, "total_rain_in": 0.14 }, { "year": 2020, "month": 8, "avg_high_c": 25.88, "avg_low_c": 11.44, "total_rain_mm": 5.11, "total_rain_in": 0.2 }, { "year": 2020, "month": 9, "avg_high_c": 24.8, "avg_low_c": 11.76, "total_rain_mm": 75.48, "total_rain_in": 2.97 }, { "year": 2020, "month": 10, "avg_high_c": 17.88, "avg_low_c": 7.03, "total_rain_mm": 95.76, "total_rain_in": 3.77 }, { "year": 2020, "month": 11, "avg_high_c": 10.62, "avg_low_c": 2.98, "total_rain_mm": 245.69, "total_rain_in": 9.67 }, { "year": 2020, "month": 12, "avg_high_c": 9.56, "avg_low_c": 2.24, "total_rain_mm": 231.54, "total_rain_in": 9.12 }, { "year": 2021, "month": 1, "avg_high_c": 8.81, "avg_low_c": 2.61, "total_rain_mm": 260.36, "total_rain_in": 10.25 }, { "year": 2021, "month": 2, "avg_high_c": 7.61, "avg_low_c": 1.86, "total_rain_mm": 215.93, "total_rain_in": 8.5 }, { "year": 2021, "month": 3, "avg_high_c": 11.05, "avg_low_c": 1.47, "total_rain_mm": 82.08, "total_rain_in": 3.23 }, { "year": 2021, "month": 4, "avg_high_c": 16.05, "avg_low_c": 3.87, "total_rain_mm": 27.34, "total_rain_in": 1.08 }, { "year": 2021, "month": 5, "avg_high_c": 18.03, "avg_low_c": 6.8, "total_rain_mm": 47.74, "total_rain_in": 1.88 }, { "year": 2021, "month": 6, "avg_high_c": 24.25, "avg_low_c": 11.1, "total_rain_mm": 49.29, "total_rain_in": 1.94 }, { "year": 2021, "month": 7, "avg_high_c": 27.3, "avg_low_c": 11.55, "total_rain_mm": 1.83, "total_rain_in": 0.07 }, { "year": 2021, "month": 8, "avg_high_c": 27.65, "avg_low_c": 12.56, "total_rain_mm": 2.92, "total_rain_in": 0.11 }, { "year": 2021, "month": 9, "avg_high_c": 24.55, "avg_low_c": 10.43, "total_rain_mm": 101.83, "total_rain_in": 4.01 }, { "year": 2021, "month": 10, "avg_high_c": 15.52, "avg_low_c": 6.56, "total_rain_mm": 148.73, "total_rain_in": 5.86 }, { "year": 2021, "month": 11, "avg_high_c": 12.28, "avg_low_c": 5.35, "total_rain_mm": 250.09, "total_rain_in": 9.85 }, { "year": 2021, "month": 12, "avg_high_c": 5.61, "avg_low_c": 0.97, "total_rain_mm": 309.17, "total_rain_in": 12.17 }, { "year": 2022, "month": 1, "avg_high_c": 9.29, "avg_low_c": 1.87, "total_rain_mm": 185.19, "total_rain_in": 7.29 }, { "year": 2022, "month": 2, "avg_high_c": 9.66, "avg_low_c": 1.72, "total_rain_mm": 98.54, "total_rain_in": 3.88 }, { "year": 2022, "month": 3, "avg_high_c": 11.99, "avg_low_c": 3.83, "total_rain_mm": 125.82, "total_rain_in": 4.95 }, { "year": 2022, "month": 4, "avg_high_c": 11.48, "avg_low_c": 2.65, "total_rain_mm": 200.52, "total_rain_in": 7.89 }, { "year": 2022, "month": 5, "avg_high_c": 15.04, "avg_low_c": 6.2, "total_rain_mm": 191.01, "total_rain_in": 7.52 }, { "year": 2022, "month": 6, "avg_high_c": 19.96, "avg_low_c": 9.78, "total_rain_mm": 128.91, "total_rain_in": 5.08 }, { "year": 2022, "month": 7, "avg_high_c": 25.26, "avg_low_c": 12.21, "total_rain_mm": 8.52, "total_rain_in": 0.34 }, { "year": 2022, "month": 8, "avg_high_c": 27.38, "avg_low_c": 13.3, "total_rain_mm": 1.96, "total_rain_in": 0.08 }, { "year": 2022, "month": 9, "avg_high_c": 25.27, "avg_low_c": 11.26, "total_rain_mm": 12.33, "total_rain_in": 0.49 }, { "year": 2022, "month": 10, "avg_high_c": 21.88, "avg_low_c": 8.89, "total_rain_mm": 83.79, "total_rain_in": 3.3 }, { "year": 2022, "month": 11, "avg_high_c": 9.53, "avg_low_c": 1.32, "total_rain_mm": 209.49, "total_rain_in": 8.25 }, { "year": 2022, "month": 12, "avg_high_c": 7.23, "avg_low_c": 1.41, "total_rain_mm": 213.47, "total_rain_in": 8.4 }, { "year": 2023, "month": 1, "avg_high_c": 8.1, "avg_low_c": 2.21, "total_rain_mm": 124.27, "total_rain_in": 4.89 }, { "year": 2023, "month": 2, "avg_high_c": 7.34, "avg_low_c": 0.11, "total_rain_mm": 126.83, "total_rain_in": 4.99 }, { "year": 2023, "month": 3, "avg_high_c": 8.74, "avg_low_c": 0.78, "total_rain_mm": 189.54, "total_rain_in": 7.46 }, { "year": 2023, "month": 4, "avg_high_c": 12.14, "avg_low_c": 3.83, "total_rain_mm": 194.6, "total_rain_in": 7.66 }, { "year": 2023, "month": 5, "avg_high_c": 20.07, "avg_low_c": 8.51, "total_rain_mm": 27.12, "total_rain_in": 1.07 }, { "year": 2023, "month": 6, "avg_high_c": 21.75, "avg_low_c": 8.84, "total_rain_mm": 19.41, "total_rain_in": 0.76 }, { "year": 2023, "month": 7, "avg_high_c": 26.77, "avg_low_c": 11.45, "total_rain_mm": 2.08, "total_rain_in": 0.08 }, { "year": 2023, "month": 8, "avg_high_c": 29.03, "avg_low_c": 13.52, "total_rain_mm": 21.34, "total_rain_in": 0.84 }, { "year": 2023, "month": 9, "avg_high_c": 23.57, "avg_low_c": 10.75, "total_rain_mm": 70.6, "total_rain_in": 2.78 }, { "year": 2023, "month": 10, "avg_high_c": 18.22, "avg_low_c": 7.61, "total_rain_mm": 117.2, "total_rain_in": 4.61 }, { "year": 2023, "month": 11, "avg_high_c": 11.95, "avg_low_c": 3.59, "total_rain_mm": 187.96, "total_rain_in": 7.4 }, { "year": 2023, "month": 12, "avg_high_c": 10.68, "avg_low_c": 4.45, "total_rain_mm": 295.35, "total_rain_in": 11.63 }, { "year": 2024, "month": 1, "avg_high_c": 8.28, "avg_low_c": 2.91, "total_rain_mm": 370.12, "total_rain_in": 14.57 }, { "year": 2024, "month": 2, "avg_high_c": 10.14, "avg_low_c": 3.26, "total_rain_mm": 200.23, "total_rain_in": 7.88 }, { "year": 2024, "month": 3, "avg_high_c": 11.51, "avg_low_c": 3.24, "total_rain_mm": 164.08, "total_rain_in": 6.46 }, { "year": 2024, "month": 4, "avg_high_c": 14.23, "avg_low_c": 4.47, "total_rain_mm": 94.88, "total_rain_in": 3.74 }, { "year": 2024, "month": 5, "avg_high_c": 17.15, "avg_low_c": 6.5, "total_rain_mm": 118.44, "total_rain_in": 4.66 }, { "year": 2024, "month": 6, "avg_high_c": 20.38, "avg_low_c": 9.29, "total_rain_mm": 74.42, "total_rain_in": 2.93 }, { "year": 2024, "month": 7, "avg_high_c": 27.02, "avg_low_c": 12.01, "total_rain_mm": 7.22, "total_rain_in": 0.28 }, { "year": 2024, "month": 8, "avg_high_c": 25.73, "avg_low_c": 12.22, "total_rain_mm": 22.59, "total_rain_in": 0.89 }, { "year": 2024, "month": 9, "avg_high_c": 24.48, "avg_low_c": 11.29, "total_rain_mm": 33.37, "total_rain_in": 1.31 }, { "year": 2024, "month": 10, "avg_high_c": 18.76, "avg_low_c": 7.37, "total_rain_mm": 131.82, "total_rain_in": 5.19 }, { "year": 2024, "month": 11, "avg_high_c": 9.95, "avg_low_c": 4.08, "total_rain_mm": 284.69, "total_rain_in": 11.21 }, { "year": 2024, "month": 12, "avg_high_c": 9.31, "avg_low_c": 3.22, "total_rain_mm": 297.03, "total_rain_in": 11.69 }, { "year": 2025, "month": 1, "avg_high_c": 7.89, "avg_low_c": 0.22, "total_rain_mm": 116.9, "total_rain_in": 4.6 }, { "year": 2025, "month": 2, "avg_high_c": 8.27, "avg_low_c": 1.66, "total_rain_mm": 206.54, "total_rain_in": 8.13 }, { "year": 2025, "month": 3, "avg_high_c": 11.38, "avg_low_c": 4.41, "total_rain_mm": 241.61, "total_rain_in": 9.51 }, { "year": 2025, "month": 4, "avg_high_c": 15.77, "avg_low_c": 4.72, "total_rain_mm": 64.12, "total_rain_in": 2.52 }, { "year": 2025, "month": 5, "avg_high_c": 17.45, "avg_low_c": 6.68, "total_rain_mm": 52.17, "total_rain_in": 2.05 }, { "year": 2025, "month": 6, "avg_high_c": 21.6, "avg_low_c": 9.69, "total_rain_mm": 34.37, "total_rain_in": 1.35 }, { "year": 2025, "month": 7, "avg_high_c": 26.13, "avg_low_c": 11.56, "total_rain_mm": 1.41, "total_rain_in": 0.06 }, { "year": 2025, "month": 8, "avg_high_c": 28.06, "avg_low_c": 13.39, "total_rain_mm": 20.61, "total_rain_in": 0.81 }, { "year": 2025, "month": 9, "avg_high_c": 24.77, "avg_low_c": 11.37, "total_rain_mm": 49.32, "total_rain_in": 1.94 }, { "year": 2025, "month": 10, "avg_high_c": 15.59, "avg_low_c": 6.02, "total_rain_mm": 148.04, "total_rain_in": 5.83 }, { "year": 2025, "month": 11, "avg_high_c": 11.64, "avg_low_c": 5.24, "total_rain_mm": 176.54, "total_rain_in": 6.95 }, { "year": 2025, "month": 12, "avg_high_c": 9.99, "avg_low_c": 4.33, "total_rain_mm": 352.37, "total_rain_in": 13.87 } ] }, "geometry": { "type": "MultiPolygon", "coordinates": [ [ [ [ -122.951784823535107, 45.004599457711649 ], [ -122.952413643199307, 45.00459945733887 ], [ -122.952683139097019, 45.004599457787798 ], [ -122.953671285217709, 45.004599457502785 ], [ -122.953940779387608, 45.004599457656632 ], [ -122.954928926623779, 45.004599457249043 ], [ -122.955198420640599, 45.004599457719166 ], [ -122.955827241824892, 45.004599457899502 ], [ -122.955827241817389, 45.00477912029524 ], [ -122.956186567861778, 45.004779120950701 ], [ -122.956186567893241, 45.005407941550622 ], [ -122.955827241282734, 45.005407941254944 ], [ -122.955557747683571, 45.00540794129212 ], [ -122.955557746711932, 45.006036761815551 ], [ -122.9558272416119, 45.006036762029915 ], [ -122.955827241596921, 45.006396088111408 ], [ -122.955557746959556, 45.006665583017138 ], [ -122.955198420791433, 45.00666558236999 ], [ -122.954300105964094, 45.00639608760855 ], [ -122.954300106468295, 45.006036762173224 ], [ -122.953311959599205, 45.006036761946852 ], [ -122.953311959402711, 45.006396088101823 ], [ -122.953671285656199, 45.006396087864943 ], [ -122.953671285031078, 45.006665582841869 ], [ -122.952413644148308, 45.006665582898684 ], [ -122.952413643361723, 45.00639608831635 ], [ -122.951066170338905, 45.006396087923079 ], [ -122.950796675847599, 45.006036761920299 ], [ -122.950437350699389, 45.00603676212301 ], [ -122.950167855186947, 45.006036762452744 ], [ -122.949808529227468, 45.005767267075406 ], [ -122.948910214264757, 45.00576726783283 ], [ -122.948910213902636, 45.005407941558673 ], [ -122.948640719182393, 45.005407941052589 ], [ -122.948640719902016, 45.005138446330491 ], [ -122.948910214399405, 45.004779120842265 ], [ -122.94980852942065, 45.004779120158759 ], [ -122.949808529705749, 45.005138446907424 ], [ -122.950167855963002, 45.005407941132155 ], [ -122.950796676331322, 45.005407941319355 ], [ -122.951066171253686, 45.005407941202037 ], [ -122.951425496546463, 45.005407941402346 ], [ -122.951784823572751, 45.00513844685586 ], [ -122.951784823535107, 45.004599457711649 ] ], [ [ -122.951784823413888, 45.005407941252663 ], [ -122.951784822924751, 45.00603676188824 ], [ -122.952054317420036, 45.006036762267968 ], [ -122.952054317718165, 45.005767267221302 ], [ -122.952683138548537, 45.005767267598507 ], [ -122.952683137736472, 45.005407941003725 ], [ -122.951784823413888, 45.005407941252663 ] ] ] ] } },
{ "type": "Feature", "properties": { "field_id": "WV_AG_024", "lat": 44.228312943612494, "lon": -123.1649493956602, "area_acres": 12.5162502889781, "crop_code": 24, "cdl_crop": "Winter Wheat", "crop_dominant_pct": 98.2, "soil_muname": "Newberg fine sandy loam", "soil_drainage": "Well drained", "soil_clay_pct": 11.0, "soil_sand_pct": 62.8, "soil_silt_pct": 26.2, "soil_om_pct": 3.0, "soil_ph": 6.1, "soil_cec": 20.0, "soil_depth_cm": 0.0, "weather_monthly": [ { "year": 2020, "month": 1, "avg_high_c": 7.66, "avg_low_c": 3.21, "total_rain_mm": 280.71, "total_rain_in": 11.05 }, { "year": 2020, "month": 2, "avg_high_c": 9.12, "avg_low_c": 0.7, "total_rain_mm": 88.78, "total_rain_in": 3.5 }, { "year": 2020, "month": 3, "avg_high_c": 10.54, "avg_low_c": 1.58, "total_rain_mm": 108.69, "total_rain_in": 4.28 }, { "year": 2020, "month": 4, "avg_high_c": 15.02, "avg_low_c": 4.71, "total_rain_mm": 73.03, "total_rain_in": 2.88 }, { "year": 2020, "month": 5, "avg_high_c": 17.39, "avg_low_c": 7.19, "total_rain_mm": 120.67, "total_rain_in": 4.75 }, { "year": 2020, "month": 6, "avg_high_c": 19.11, "avg_low_c": 9.05, "total_rain_mm": 70.28, "total_rain_in": 2.77 }, { "year": 2020, "month": 7, "avg_high_c": 23.77, "avg_low_c": 11.01, "total_rain_mm": 1.23, "total_rain_in": 0.05 }, { "year": 2020, "month": 8, "avg_high_c": 26.66, "avg_low_c": 10.99, "total_rain_mm": 2.32, "total_rain_in": 0.09 }, { "year": 2020, "month": 9, "avg_high_c": 26.07, "avg_low_c": 11.71, "total_rain_mm": 58.73, "total_rain_in": 2.31 }, { "year": 2020, "month": 10, "avg_high_c": 19.05, "avg_low_c": 7.03, "total_rain_mm": 64.71, "total_rain_in": 2.55 }, { "year": 2020, "month": 11, "avg_high_c": 10.65, "avg_low_c": 2.51, "total_rain_mm": 204.9, "total_rain_in": 8.07 }, { "year": 2020, "month": 12, "avg_high_c": 9.4, "avg_low_c": 1.62, "total_rain_mm": 187.39, "total_rain_in": 7.38 }, { "year": 2021, "month": 1, "avg_high_c": 8.67, "avg_low_c": 2.37, "total_rain_mm": 184.79, "total_rain_in": 7.28 }, { "year": 2021, "month": 2, "avg_high_c": 7.16, "avg_low_c": 1.66, "total_rain_mm": 163.15, "total_rain_in": 6.42 }, { "year": 2021, "month": 3, "avg_high_c": 10.78, "avg_low_c": 1.09, "total_rain_mm": 68.13, "total_rain_in": 2.68 }, { "year": 2021, "month": 4, "avg_high_c": 15.69, "avg_low_c": 3.28, "total_rain_mm": 17.85, "total_rain_in": 0.7 }, { "year": 2021, "month": 5, "avg_high_c": 16.96, "avg_low_c": 6.41, "total_rain_mm": 33.24, "total_rain_in": 1.31 }, { "year": 2021, "month": 6, "avg_high_c": 23.28, "avg_low_c": 10.71, "total_rain_mm": 33.37, "total_rain_in": 1.31 }, { "year": 2021, "month": 7, "avg_high_c": 27.7, "avg_low_c": 11.54, "total_rain_mm": 1.42, "total_rain_in": 0.06 }, { "year": 2021, "month": 8, "avg_high_c": 27.84, "avg_low_c": 12.16, "total_rain_mm": 1.11, "total_rain_in": 0.04 }, { "year": 2021, "month": 9, "avg_high_c": 25.0, "avg_low_c": 9.64, "total_rain_mm": 82.72, "total_rain_in": 3.26 }, { "year": 2021, "month": 10, "avg_high_c": 16.05, "avg_low_c": 6.61, "total_rain_mm": 104.65, "total_rain_in": 4.12 }, { "year": 2021, "month": 11, "avg_high_c": 12.26, "avg_low_c": 4.72, "total_rain_mm": 156.92, "total_rain_in": 6.18 }, { "year": 2021, "month": 12, "avg_high_c": 5.99, "avg_low_c": 1.66, "total_rain_mm": 254.46, "total_rain_in": 10.02 }, { "year": 2022, "month": 1, "avg_high_c": 10.25, "avg_low_c": 1.58, "total_rain_mm": 140.49, "total_rain_in": 5.53 }, { "year": 2022, "month": 2, "avg_high_c": 10.43, "avg_low_c": 1.5, "total_rain_mm": 44.88, "total_rain_in": 1.77 }, { "year": 2022, "month": 3, "avg_high_c": 11.97, "avg_low_c": 3.41, "total_rain_mm": 100.24, "total_rain_in": 3.95 }, { "year": 2022, "month": 4, "avg_high_c": 11.32, "avg_low_c": 2.64, "total_rain_mm": 161.54, "total_rain_in": 6.36 }, { "year": 2022, "month": 5, "avg_high_c": 14.57, "avg_low_c": 5.9, "total_rain_mm": 174.98, "total_rain_in": 6.89 }, { "year": 2022, "month": 6, "avg_high_c": 19.98, "avg_low_c": 9.33, "total_rain_mm": 99.4, "total_rain_in": 3.91 }, { "year": 2022, "month": 7, "avg_high_c": 24.74, "avg_low_c": 12.38, "total_rain_mm": 7.74, "total_rain_in": 0.3 }, { "year": 2022, "month": 8, "avg_high_c": 26.85, "avg_low_c": 12.9, "total_rain_mm": 1.93, "total_rain_in": 0.08 }, { "year": 2022, "month": 9, "avg_high_c": 25.2, "avg_low_c": 10.87, "total_rain_mm": 8.62, "total_rain_in": 0.34 }, { "year": 2022, "month": 10, "avg_high_c": 21.99, "avg_low_c": 8.89, "total_rain_mm": 57.5, "total_rain_in": 2.26 }, { "year": 2022, "month": 11, "avg_high_c": 9.82, "avg_low_c": 0.86, "total_rain_mm": 160.98, "total_rain_in": 6.34 }, { "year": 2022, "month": 12, "avg_high_c": 7.61, "avg_low_c": 1.27, "total_rain_mm": 173.4, "total_rain_in": 6.83 }, { "year": 2023, "month": 1, "avg_high_c": 7.82, "avg_low_c": 1.42, "total_rain_mm": 94.49, "total_rain_in": 3.72 }, { "year": 2023, "month": 2, "avg_high_c": 7.78, "avg_low_c": -0.04, "total_rain_mm": 112.98, "total_rain_in": 4.45 }, { "year": 2023, "month": 3, "avg_high_c": 7.61, "avg_low_c": -0.22, "total_rain_mm": 193.63, "total_rain_in": 7.62 }, { "year": 2023, "month": 4, "avg_high_c": 11.76, "avg_low_c": 3.48, "total_rain_mm": 155.44, "total_rain_in": 6.12 }, { "year": 2023, "month": 5, "avg_high_c": 19.43, "avg_low_c": 8.12, "total_rain_mm": 27.62, "total_rain_in": 1.09 }, { "year": 2023, "month": 6, "avg_high_c": 21.13, "avg_low_c": 8.79, "total_rain_mm": 13.29, "total_rain_in": 0.52 }, { "year": 2023, "month": 7, "avg_high_c": 26.83, "avg_low_c": 11.23, "total_rain_mm": 0.8, "total_rain_in": 0.03 }, { "year": 2023, "month": 8, "avg_high_c": 29.16, "avg_low_c": 12.95, "total_rain_mm": 13.99, "total_rain_in": 0.55 }, { "year": 2023, "month": 9, "avg_high_c": 24.05, "avg_low_c": 10.15, "total_rain_mm": 56.6, "total_rain_in": 2.23 }, { "year": 2023, "month": 10, "avg_high_c": 18.3, "avg_low_c": 7.1, "total_rain_mm": 106.79, "total_rain_in": 4.2 }, { "year": 2023, "month": 11, "avg_high_c": 12.28, "avg_low_c": 3.5, "total_rain_mm": 139.45, "total_rain_in": 5.49 }, { "year": 2023, "month": 12, "avg_high_c": 10.7, "avg_low_c": 4.32, "total_rain_mm": 245.67, "total_rain_in": 9.67 }, { "year": 2024, "month": 1, "avg_high_c": 9.33, "avg_low_c": 4.32, "total_rain_mm": 351.31, "total_rain_in": 13.83 }, { "year": 2024, "month": 2, "avg_high_c": 9.73, "avg_low_c": 3.04, "total_rain_mm": 178.71, "total_rain_in": 7.04 }, { "year": 2024, "month": 3, "avg_high_c": 10.96, "avg_low_c": 2.61, "total_rain_mm": 164.28, "total_rain_in": 6.47 }, { "year": 2024, "month": 4, "avg_high_c": 13.62, "avg_low_c": 4.03, "total_rain_mm": 93.19, "total_rain_in": 3.67 }, { "year": 2024, "month": 5, "avg_high_c": 16.89, "avg_low_c": 5.88, "total_rain_mm": 103.89, "total_rain_in": 4.09 }, { "year": 2024, "month": 6, "avg_high_c": 20.35, "avg_low_c": 9.04, "total_rain_mm": 54.09, "total_rain_in": 2.13 }, { "year": 2024, "month": 7, "avg_high_c": 26.5, "avg_low_c": 12.22, "total_rain_mm": 3.37, "total_rain_in": 0.13 }, { "year": 2024, "month": 8, "avg_high_c": 26.3, "avg_low_c": 12.01, "total_rain_mm": 24.29, "total_rain_in": 0.96 }, { "year": 2024, "month": 9, "avg_high_c": 25.02, "avg_low_c": 10.59, "total_rain_mm": 32.9, "total_rain_in": 1.3 }, { "year": 2024, "month": 10, "avg_high_c": 19.19, "avg_low_c": 6.89, "total_rain_mm": 98.47, "total_rain_in": 3.88 }, { "year": 2024, "month": 11, "avg_high_c": 9.64, "avg_low_c": 3.86, "total_rain_mm": 293.22, "total_rain_in": 11.54 }, { "year": 2024, "month": 12, "avg_high_c": 9.76, "avg_low_c": 3.29, "total_rain_mm": 295.17, "total_rain_in": 11.62 }, { "year": 2025, "month": 1, "avg_high_c": 8.65, "avg_low_c": 0.33, "total_rain_mm": 131.95, "total_rain_in": 5.19 }, { "year": 2025, "month": 2, "avg_high_c": 8.13, "avg_low_c": 1.66, "total_rain_mm": 190.55, "total_rain_in": 7.5 }, { "year": 2025, "month": 3, "avg_high_c": 11.05, "avg_low_c": 4.06, "total_rain_mm": 268.39, "total_rain_in": 10.57 }, { "year": 2025, "month": 4, "avg_high_c": 15.16, "avg_low_c": 4.32, "total_rain_mm": 58.55, "total_rain_in": 2.31 }, { "year": 2025, "month": 5, "avg_high_c": 17.27, "avg_low_c": 6.52, "total_rain_mm": 44.19, "total_rain_in": 1.74 }, { "year": 2025, "month": 6, "avg_high_c": 21.41, "avg_low_c": 9.22, "total_rain_mm": 31.7, "total_rain_in": 1.25 }, { "year": 2025, "month": 7, "avg_high_c": 26.68, "avg_low_c": 11.54, "total_rain_mm": 0.73, "total_rain_in": 0.03 }, { "year": 2025, "month": 8, "avg_high_c": 29.54, "avg_low_c": 13.29, "total_rain_mm": 10.11, "total_rain_in": 0.4 }, { "year": 2025, "month": 9, "avg_high_c": 25.66, "avg_low_c": 10.95, "total_rain_mm": 47.25, "total_rain_in": 1.86 }, { "year": 2025, "month": 10, "avg_high_c": 16.4, "avg_low_c": 6.01, "total_rain_mm": 126.39, "total_rain_in": 4.98 }, { "year": 2025, "month": 11, "avg_high_c": 12.57, "avg_low_c": 5.3, "total_rain_mm": 124.05, "total_rain_in": 4.88 }, { "year": 2025, "month": 12, "avg_high_c": 10.45, "avg_low_c": 4.15, "total_rain_mm": 259.14, "total_rain_in": 10.2 } ] }, "geometry": { "type": "MultiPolygon", "coordinates": [ [ [ [ -123.166238739099853, 44.228689613103796 ], [ -123.165969243675022, 44.228689613173714 ], [ -123.165969244635249, 44.228959108731388 ], [ -123.165609918503293, 44.228959107756147 ], [ -123.163364129444091, 44.228959108106231 ], [ -123.163094635427825, 44.228959108376536 ], [ -123.163094635219451, 44.229318434381149 ], [ -123.162735309521679, 44.229318434499767 ], [ -123.16273530886825, 44.22895910814033 ], [ -123.162735309193124, 44.228689613137746 ], [ -123.162735309744264, 44.228330286983798 ], [ -123.162735308864555, 44.228060792578013 ], [ -123.162735309415709, 44.227701466882451 ], [ -123.163094635697377, 44.227701466714628 ], [ -123.163992950585381, 44.22770146642695 ], [ -123.16435227707845, 44.227701466557207 ], [ -123.165969243743419, 44.22770146641912 ], [ -123.166238739214393, 44.227701466451009 ], [ -123.166867559192397, 44.227701467169055 ], [ -123.167496379878472, 44.227701466635516 ], [ -123.167496380153551, 44.228330287591156 ], [ -123.167496379784581, 44.228689613387125 ], [ -123.167226886060831, 44.228689613777973 ], [ -123.166598065364397, 44.228689612987942 ], [ -123.166238739099853, 44.228689613103796 ] ] ] ] } },
{ "type": "Feature", "properties": { "field_id": "WV_AG_025", "lat": 44.671253273368706, "lon": -122.97404512570117, "area_acres": 18.406027856496099, "crop_code": 24, "cdl_crop": "Winter Wheat", "crop_dominant_pct": 78.6, "soil_muname": "Malabon silty clay loam", "soil_drainage": "Well drained", "soil_clay_pct": 31.0, "soil_sand_pct": 20.0, "soil_silt_pct": 49.0, "soil_om_pct": 5.0, "soil_ph": 6.1, "soil_cec": 25.0, "soil_depth_cm": 0.0, "weather_monthly": [ { "year": 2020, "month": 1, "avg_high_c": 8.29, "avg_low_c": 3.45, "total_rain_mm": 335.74, "total_rain_in": 13.22 }, { "year": 2020, "month": 2, "avg_high_c": 9.41, "avg_low_c": 1.31, "total_rain_mm": 106.13, "total_rain_in": 4.18 }, { "year": 2020, "month": 3, "avg_high_c": 10.89, "avg_low_c": 1.82, "total_rain_mm": 122.53, "total_rain_in": 4.82 }, { "year": 2020, "month": 4, "avg_high_c": 15.33, "avg_low_c": 4.78, "total_rain_mm": 69.14, "total_rain_in": 2.72 }, { "year": 2020, "month": 5, "avg_high_c": 17.79, "avg_low_c": 7.72, "total_rain_mm": 134.18, "total_rain_in": 5.28 }, { "year": 2020, "month": 6, "avg_high_c": 19.47, "avg_low_c": 9.28, "total_rain_mm": 75.69, "total_rain_in": 2.98 }, { "year": 2020, "month": 7, "avg_high_c": 23.62, "avg_low_c": 10.84, "total_rain_mm": 1.22, "total_rain_in": 0.05 }, { "year": 2020, "month": 8, "avg_high_c": 25.28, "avg_low_c": 10.98, "total_rain_mm": 2.78, "total_rain_in": 0.11 }, { "year": 2020, "month": 9, "avg_high_c": 24.88, "avg_low_c": 11.82, "total_rain_mm": 72.75, "total_rain_in": 2.86 }, { "year": 2020, "month": 10, "avg_high_c": 18.05, "avg_low_c": 6.83, "total_rain_mm": 69.47, "total_rain_in": 2.74 }, { "year": 2020, "month": 11, "avg_high_c": 10.89, "avg_low_c": 2.86, "total_rain_mm": 232.5, "total_rain_in": 9.15 }, { "year": 2020, "month": 12, "avg_high_c": 9.48, "avg_low_c": 1.8, "total_rain_mm": 218.39, "total_rain_in": 8.6 }, { "year": 2021, "month": 1, "avg_high_c": 8.91, "avg_low_c": 2.45, "total_rain_mm": 254.08, "total_rain_in": 10.0 }, { "year": 2021, "month": 2, "avg_high_c": 7.83, "avg_low_c": 1.9, "total_rain_mm": 199.0, "total_rain_in": 7.83 }, { "year": 2021, "month": 3, "avg_high_c": 11.03, "avg_low_c": 1.41, "total_rain_mm": 76.2, "total_rain_in": 3.0 }, { "year": 2021, "month": 4, "avg_high_c": 16.03, "avg_low_c": 3.49, "total_rain_mm": 26.64, "total_rain_in": 1.05 }, { "year": 2021, "month": 5, "avg_high_c": 17.61, "avg_low_c": 6.63, "total_rain_mm": 32.61, "total_rain_in": 1.28 }, { "year": 2021, "month": 6, "avg_high_c": 23.31, "avg_low_c": 10.75, "total_rain_mm": 48.27, "total_rain_in": 1.9 }, { "year": 2021, "month": 7, "avg_high_c": 26.5, "avg_low_c": 11.41, "total_rain_mm": 1.97, "total_rain_in": 0.08 }, { "year": 2021, "month": 8, "avg_high_c": 27.12, "avg_low_c": 12.3, "total_rain_mm": 1.69, "total_rain_in": 0.07 }, { "year": 2021, "month": 9, "avg_high_c": 24.68, "avg_low_c": 9.98, "total_rain_mm": 85.39, "total_rain_in": 3.36 }, { "year": 2021, "month": 10, "avg_high_c": 15.78, "avg_low_c": 6.61, "total_rain_mm": 126.84, "total_rain_in": 4.99 }, { "year": 2021, "month": 11, "avg_high_c": 12.39, "avg_low_c": 4.82, "total_rain_mm": 205.74, "total_rain_in": 8.1 }, { "year": 2021, "month": 12, "avg_high_c": 6.18, "avg_low_c": 1.36, "total_rain_mm": 308.92, "total_rain_in": 12.16 }, { "year": 2022, "month": 1, "avg_high_c": 9.77, "avg_low_c": 1.92, "total_rain_mm": 158.73, "total_rain_in": 6.25 }, { "year": 2022, "month": 2, "avg_high_c": 10.27, "avg_low_c": 1.55, "total_rain_mm": 85.78, "total_rain_in": 3.38 }, { "year": 2022, "month": 3, "avg_high_c": 12.11, "avg_low_c": 3.66, "total_rain_mm": 115.37, "total_rain_in": 4.54 }, { "year": 2022, "month": 4, "avg_high_c": 11.74, "avg_low_c": 2.97, "total_rain_mm": 181.66, "total_rain_in": 7.15 }, { "year": 2022, "month": 5, "avg_high_c": 15.02, "avg_low_c": 6.09, "total_rain_mm": 173.68, "total_rain_in": 6.84 }, { "year": 2022, "month": 6, "avg_high_c": 20.05, "avg_low_c": 9.46, "total_rain_mm": 102.97, "total_rain_in": 4.05 }, { "year": 2022, "month": 7, "avg_high_c": 24.84, "avg_low_c": 12.19, "total_rain_mm": 7.17, "total_rain_in": 0.28 }, { "year": 2022, "month": 8, "avg_high_c": 26.1, "avg_low_c": 12.91, "total_rain_mm": 2.85, "total_rain_in": 0.11 }, { "year": 2022, "month": 9, "avg_high_c": 24.47, "avg_low_c": 11.0, "total_rain_mm": 8.81, "total_rain_in": 0.35 }, { "year": 2022, "month": 10, "avg_high_c": 21.37, "avg_low_c": 8.75, "total_rain_mm": 58.08, "total_rain_in": 2.29 }, { "year": 2022, "month": 11, "avg_high_c": 9.79, "avg_low_c": 0.95, "total_rain_mm": 178.0, "total_rain_in": 7.01 }, { "year": 2022, "month": 12, "avg_high_c": 7.87, "avg_low_c": 1.37, "total_rain_mm": 195.13, "total_rain_in": 7.68 }, { "year": 2023, "month": 1, "avg_high_c": 8.03, "avg_low_c": 1.69, "total_rain_mm": 125.73, "total_rain_in": 4.95 }, { "year": 2023, "month": 2, "avg_high_c": 7.67, "avg_low_c": 0.08, "total_rain_mm": 120.26, "total_rain_in": 4.73 }, { "year": 2023, "month": 3, "avg_high_c": 8.6, "avg_low_c": 0.45, "total_rain_mm": 204.35, "total_rain_in": 8.05 }, { "year": 2023, "month": 4, "avg_high_c": 12.24, "avg_low_c": 3.7, "total_rain_mm": 183.89, "total_rain_in": 7.24 }, { "year": 2023, "month": 5, "avg_high_c": 19.84, "avg_low_c": 8.26, "total_rain_mm": 19.98, "total_rain_in": 0.79 }, { "year": 2023, "month": 6, "avg_high_c": 21.61, "avg_low_c": 8.67, "total_rain_mm": 11.98, "total_rain_in": 0.47 }, { "year": 2023, "month": 7, "avg_high_c": 26.14, "avg_low_c": 11.26, "total_rain_mm": 1.1, "total_rain_in": 0.04 }, { "year": 2023, "month": 8, "avg_high_c": 28.47, "avg_low_c": 13.2, "total_rain_mm": 15.84, "total_rain_in": 0.62 }, { "year": 2023, "month": 9, "avg_high_c": 23.69, "avg_low_c": 10.6, "total_rain_mm": 69.32, "total_rain_in": 2.73 }, { "year": 2023, "month": 10, "avg_high_c": 18.08, "avg_low_c": 7.62, "total_rain_mm": 112.67, "total_rain_in": 4.44 }, { "year": 2023, "month": 11, "avg_high_c": 12.32, "avg_low_c": 3.76, "total_rain_mm": 171.73, "total_rain_in": 6.76 }, { "year": 2023, "month": 12, "avg_high_c": 10.81, "avg_low_c": 4.63, "total_rain_mm": 291.62, "total_rain_in": 11.48 }, { "year": 2024, "month": 1, "avg_high_c": 9.42, "avg_low_c": 4.06, "total_rain_mm": 392.13, "total_rain_in": 15.44 }, { "year": 2024, "month": 2, "avg_high_c": 10.23, "avg_low_c": 3.33, "total_rain_mm": 199.65, "total_rain_in": 7.86 }, { "year": 2024, "month": 3, "avg_high_c": 11.63, "avg_low_c": 2.94, "total_rain_mm": 178.34, "total_rain_in": 7.02 }, { "year": 2024, "month": 4, "avg_high_c": 14.12, "avg_low_c": 4.3, "total_rain_mm": 93.08, "total_rain_in": 3.66 }, { "year": 2024, "month": 5, "avg_high_c": 17.1, "avg_low_c": 6.17, "total_rain_mm": 106.35, "total_rain_in": 4.19 }, { "year": 2024, "month": 6, "avg_high_c": 20.44, "avg_low_c": 9.21, "total_rain_mm": 57.73, "total_rain_in": 2.27 }, { "year": 2024, "month": 7, "avg_high_c": 26.3, "avg_low_c": 11.94, "total_rain_mm": 5.44, "total_rain_in": 0.21 }, { "year": 2024, "month": 8, "avg_high_c": 25.26, "avg_low_c": 12.04, "total_rain_mm": 20.57, "total_rain_in": 0.81 }, { "year": 2024, "month": 9, "avg_high_c": 24.25, "avg_low_c": 10.86, "total_rain_mm": 34.03, "total_rain_in": 1.34 }, { "year": 2024, "month": 10, "avg_high_c": 18.82, "avg_low_c": 7.09, "total_rain_mm": 123.02, "total_rain_in": 4.84 }, { "year": 2024, "month": 11, "avg_high_c": 10.25, "avg_low_c": 4.12, "total_rain_mm": 316.42, "total_rain_in": 12.46 }, { "year": 2024, "month": 12, "avg_high_c": 9.56, "avg_low_c": 3.41, "total_rain_mm": 301.4, "total_rain_in": 11.87 }, { "year": 2025, "month": 1, "avg_high_c": 8.3, "avg_low_c": 0.38, "total_rain_mm": 131.61, "total_rain_in": 5.18 }, { "year": 2025, "month": 2, "avg_high_c": 8.57, "avg_low_c": 1.98, "total_rain_mm": 208.24, "total_rain_in": 8.2 }, { "year": 2025, "month": 3, "avg_high_c": 11.43, "avg_low_c": 4.26, "total_rain_mm": 258.95, "total_rain_in": 10.19 }, { "year": 2025, "month": 4, "avg_high_c": 15.68, "avg_low_c": 4.55, "total_rain_mm": 62.07, "total_rain_in": 2.44 }, { "year": 2025, "month": 5, "avg_high_c": 17.55, "avg_low_c": 6.39, "total_rain_mm": 43.47, "total_rain_in": 1.71 }, { "year": 2025, "month": 6, "avg_high_c": 21.52, "avg_low_c": 9.24, "total_rain_mm": 31.15, "total_rain_in": 1.23 }, { "year": 2025, "month": 7, "avg_high_c": 25.74, "avg_low_c": 11.48, "total_rain_mm": 0.4, "total_rain_in": 0.02 }, { "year": 2025, "month": 8, "avg_high_c": 28.03, "avg_low_c": 13.28, "total_rain_mm": 12.83, "total_rain_in": 0.51 }, { "year": 2025, "month": 9, "avg_high_c": 24.93, "avg_low_c": 11.27, "total_rain_mm": 48.46, "total_rain_in": 1.91 }, { "year": 2025, "month": 10, "avg_high_c": 15.99, "avg_low_c": 6.03, "total_rain_mm": 137.17, "total_rain_in": 5.4 }, { "year": 2025, "month": 11, "avg_high_c": 12.27, "avg_low_c": 5.4, "total_rain_mm": 167.03, "total_rain_in": 6.58 }, { "year": 2025, "month": 12, "avg_high_c": 10.32, "avg_low_c": 4.3, "total_rain_mm": 310.36, "total_rain_in": 12.22 } ] }, "geometry": { "type": "MultiPolygon", "coordinates": [ [ [ [ -122.97479692284584, 44.673160674687026 ], [ -122.974168102876874, 44.672801348963098 ], [ -122.973449450914316, 44.672531853916212 ], [ -122.973179957033793, 44.67253185404784 ], [ -122.973179956960195, 44.671813201210071 ], [ -122.973179956660942, 44.671543708032722 ], [ -122.972551135131056, 44.671543707712992 ], [ -122.972551136054918, 44.671813202111458 ], [ -122.972191809801714, 44.671813201704616 ], [ -122.971922314114806, 44.671184381336289 ], [ -122.971922314444754, 44.670555560401091 ], [ -122.972820629396978, 44.670555560430266 ], [ -122.972820628994725, 44.66992673972242 ], [ -122.973179956330767, 44.669926739876466 ], [ -122.973449450227832, 44.669926739457246 ], [ -122.973808777058494, 44.669926739897306 ], [ -122.974168103889099, 44.669926739372016 ], [ -122.974168103791214, 44.669657244588542 ], [ -122.975425745536072, 44.669657245312408 ], [ -122.975425742597196, 44.670286065754361 ], [ -122.975425744067493, 44.67118438087887 ], [ -122.975425745627447, 44.671813201575489 ], [ -122.975425743630154, 44.672801348934861 ], [ -122.97506641787129, 44.673160674386402 ], [ -122.97479692284584, 44.673160674687026 ] ] ] ] } },
{ "type": "Feature", "properties": { "field_id": "WV_AG_026", "lat": 44.507666782014667, "lon": -123.07698947114447, "area_acres": 19.0034321348998, "crop_code": 24, "cdl_crop": "Winter Wheat", "crop_dominant_pct": 83.1, "soil_muname": "Willamette silt loam", "soil_drainage": "Well drained", "soil_clay_pct": 23.5, "soil_sand_pct": 9.4, "soil_silt_pct": 67.1, "soil_om_pct": 4.0, "soil_ph": 6.1, "soil_cec": 17.5, "soil_depth_cm": 0.0, "weather_monthly": [ { "year": 2020, "month": 1, "avg_high_c": 8.29, "avg_low_c": 3.45, "total_rain_mm": 335.74, "total_rain_in": 13.22 }, { "year": 2020, "month": 2, "avg_high_c": 9.41, "avg_low_c": 1.31, "total_rain_mm": 106.13, "total_rain_in": 4.18 }, { "year": 2020, "month": 3, "avg_high_c": 10.89, "avg_low_c": 1.82, "total_rain_mm": 122.53, "total_rain_in": 4.82 }, { "year": 2020, "month": 4, "avg_high_c": 15.33, "avg_low_c": 4.78, "total_rain_mm": 69.14, "total_rain_in": 2.72 }, { "year": 2020, "month": 5, "avg_high_c": 17.79, "avg_low_c": 7.72, "total_rain_mm": 134.18, "total_rain_in": 5.28 }, { "year": 2020, "month": 6, "avg_high_c": 19.47, "avg_low_c": 9.28, "total_rain_mm": 75.69, "total_rain_in": 2.98 }, { "year": 2020, "month": 7, "avg_high_c": 23.62, "avg_low_c": 10.84, "total_rain_mm": 1.22, "total_rain_in": 0.05 }, { "year": 2020, "month": 8, "avg_high_c": 25.28, "avg_low_c": 10.98, "total_rain_mm": 2.78, "total_rain_in": 0.11 }, { "year": 2020, "month": 9, "avg_high_c": 24.88, "avg_low_c": 11.82, "total_rain_mm": 72.75, "total_rain_in": 2.86 }, { "year": 2020, "month": 10, "avg_high_c": 18.05, "avg_low_c": 6.83, "total_rain_mm": 69.47, "total_rain_in": 2.74 }, { "year": 2020, "month": 11, "avg_high_c": 10.89, "avg_low_c": 2.86, "total_rain_mm": 232.5, "total_rain_in": 9.15 }, { "year": 2020, "month": 12, "avg_high_c": 9.48, "avg_low_c": 1.8, "total_rain_mm": 218.39, "total_rain_in": 8.6 }, { "year": 2021, "month": 1, "avg_high_c": 8.91, "avg_low_c": 2.45, "total_rain_mm": 254.08, "total_rain_in": 10.0 }, { "year": 2021, "month": 2, "avg_high_c": 7.83, "avg_low_c": 1.9, "total_rain_mm": 199.0, "total_rain_in": 7.83 }, { "year": 2021, "month": 3, "avg_high_c": 11.03, "avg_low_c": 1.41, "total_rain_mm": 76.2, "total_rain_in": 3.0 }, { "year": 2021, "month": 4, "avg_high_c": 16.03, "avg_low_c": 3.49, "total_rain_mm": 26.64, "total_rain_in": 1.05 }, { "year": 2021, "month": 5, "avg_high_c": 17.61, "avg_low_c": 6.63, "total_rain_mm": 32.61, "total_rain_in": 1.28 }, { "year": 2021, "month": 6, "avg_high_c": 23.31, "avg_low_c": 10.75, "total_rain_mm": 48.27, "total_rain_in": 1.9 }, { "year": 2021, "month": 7, "avg_high_c": 26.5, "avg_low_c": 11.41, "total_rain_mm": 1.97, "total_rain_in": 0.08 }, { "year": 2021, "month": 8, "avg_high_c": 27.12, "avg_low_c": 12.3, "total_rain_mm": 1.69, "total_rain_in": 0.07 }, { "year": 2021, "month": 9, "avg_high_c": 24.68, "avg_low_c": 9.98, "total_rain_mm": 85.39, "total_rain_in": 3.36 }, { "year": 2021, "month": 10, "avg_high_c": 15.78, "avg_low_c": 6.61, "total_rain_mm": 126.84, "total_rain_in": 4.99 }, { "year": 2021, "month": 11, "avg_high_c": 12.39, "avg_low_c": 4.82, "total_rain_mm": 205.74, "total_rain_in": 8.1 }, { "year": 2021, "month": 12, "avg_high_c": 6.18, "avg_low_c": 1.36, "total_rain_mm": 308.92, "total_rain_in": 12.16 }, { "year": 2022, "month": 1, "avg_high_c": 9.77, "avg_low_c": 1.92, "total_rain_mm": 158.73, "total_rain_in": 6.25 }, { "year": 2022, "month": 2, "avg_high_c": 10.27, "avg_low_c": 1.55, "total_rain_mm": 85.78, "total_rain_in": 3.38 }, { "year": 2022, "month": 3, "avg_high_c": 12.11, "avg_low_c": 3.66, "total_rain_mm": 115.37, "total_rain_in": 4.54 }, { "year": 2022, "month": 4, "avg_high_c": 11.74, "avg_low_c": 2.97, "total_rain_mm": 181.66, "total_rain_in": 7.15 }, { "year": 2022, "month": 5, "avg_high_c": 15.02, "avg_low_c": 6.09, "total_rain_mm": 173.68, "total_rain_in": 6.84 }, { "year": 2022, "month": 6, "avg_high_c": 20.05, "avg_low_c": 9.46, "total_rain_mm": 102.97, "total_rain_in": 4.05 }, { "year": 2022, "month": 7, "avg_high_c": 24.84, "avg_low_c": 12.19, "total_rain_mm": 7.17, "total_rain_in": 0.28 }, { "year": 2022, "month": 8, "avg_high_c": 26.1, "avg_low_c": 12.91, "total_rain_mm": 2.85, "total_rain_in": 0.11 }, { "year": 2022, "month": 9, "avg_high_c": 24.47, "avg_low_c": 11.0, "total_rain_mm": 8.81, "total_rain_in": 0.35 }, { "year": 2022, "month": 10, "avg_high_c": 21.37, "avg_low_c": 8.75, "total_rain_mm": 58.08, "total_rain_in": 2.29 }, { "year": 2022, "month": 11, "avg_high_c": 9.79, "avg_low_c": 0.95, "total_rain_mm": 178.0, "total_rain_in": 7.01 }, { "year": 2022, "month": 12, "avg_high_c": 7.87, "avg_low_c": 1.37, "total_rain_mm": 195.13, "total_rain_in": 7.68 }, { "year": 2023, "month": 1, "avg_high_c": 8.03, "avg_low_c": 1.69, "total_rain_mm": 125.73, "total_rain_in": 4.95 }, { "year": 2023, "month": 2, "avg_high_c": 7.67, "avg_low_c": 0.08, "total_rain_mm": 120.26, "total_rain_in": 4.73 }, { "year": 2023, "month": 3, "avg_high_c": 8.6, "avg_low_c": 0.45, "total_rain_mm": 204.35, "total_rain_in": 8.05 }, { "year": 2023, "month": 4, "avg_high_c": 12.24, "avg_low_c": 3.7, "total_rain_mm": 183.89, "total_rain_in": 7.24 }, { "year": 2023, "month": 5, "avg_high_c": 19.84, "avg_low_c": 8.26, "total_rain_mm": 19.98, "total_rain_in": 0.79 }, { "year": 2023, "month": 6, "avg_high_c": 21.61, "avg_low_c": 8.67, "total_rain_mm": 11.98, "total_rain_in": 0.47 }, { "year": 2023, "month": 7, "avg_high_c": 26.14, "avg_low_c": 11.26, "total_rain_mm": 1.1, "total_rain_in": 0.04 }, { "year": 2023, "month": 8, "avg_high_c": 28.47, "avg_low_c": 13.2, "total_rain_mm": 15.84, "total_rain_in": 0.62 }, { "year": 2023, "month": 9, "avg_high_c": 23.69, "avg_low_c": 10.6, "total_rain_mm": 69.32, "total_rain_in": 2.73 }, { "year": 2023, "month": 10, "avg_high_c": 18.08, "avg_low_c": 7.62, "total_rain_mm": 112.67, "total_rain_in": 4.44 }, { "year": 2023, "month": 11, "avg_high_c": 12.32, "avg_low_c": 3.76, "total_rain_mm": 171.73, "total_rain_in": 6.76 }, { "year": 2023, "month": 12, "avg_high_c": 10.81, "avg_low_c": 4.63, "total_rain_mm": 291.62, "total_rain_in": 11.48 }, { "year": 2024, "month": 1, "avg_high_c": 9.42, "avg_low_c": 4.06, "total_rain_mm": 392.13, "total_rain_in": 15.44 }, { "year": 2024, "month": 2, "avg_high_c": 10.23, "avg_low_c": 3.33, "total_rain_mm": 199.65, "total_rain_in": 7.86 }, { "year": 2024, "month": 3, "avg_high_c": 11.63, "avg_low_c": 2.94, "total_rain_mm": 178.34, "total_rain_in": 7.02 }, { "year": 2024, "month": 4, "avg_high_c": 14.12, "avg_low_c": 4.3, "total_rain_mm": 93.08, "total_rain_in": 3.66 }, { "year": 2024, "month": 5, "avg_high_c": 17.1, "avg_low_c": 6.17, "total_rain_mm": 106.35, "total_rain_in": 4.19 }, { "year": 2024, "month": 6, "avg_high_c": 20.44, "avg_low_c": 9.21, "total_rain_mm": 57.73, "total_rain_in": 2.27 }, { "year": 2024, "month": 7, "avg_high_c": 26.3, "avg_low_c": 11.94, "total_rain_mm": 5.44, "total_rain_in": 0.21 }, { "year": 2024, "month": 8, "avg_high_c": 25.26, "avg_low_c": 12.04, "total_rain_mm": 20.57, "total_rain_in": 0.81 }, { "year": 2024, "month": 9, "avg_high_c": 24.25, "avg_low_c": 10.86, "total_rain_mm": 34.03, "total_rain_in": 1.34 }, { "year": 2024, "month": 10, "avg_high_c": 18.82, "avg_low_c": 7.09, "total_rain_mm": 123.02, "total_rain_in": 4.84 }, { "year": 2024, "month": 11, "avg_high_c": 10.25, "avg_low_c": 4.12, "total_rain_mm": 316.42, "total_rain_in": 12.46 }, { "year": 2024, "month": 12, "avg_high_c": 9.56, "avg_low_c": 3.41, "total_rain_mm": 301.4, "total_rain_in": 11.87 }, { "year": 2025, "month": 1, "avg_high_c": 8.3, "avg_low_c": 0.38, "total_rain_mm": 131.61, "total_rain_in": 5.18 }, { "year": 2025, "month": 2, "avg_high_c": 8.57, "avg_low_c": 1.98, "total_rain_mm": 208.24, "total_rain_in": 8.2 }, { "year": 2025, "month": 3, "avg_high_c": 11.43, "avg_low_c": 4.26, "total_rain_mm": 258.95, "total_rain_in": 10.19 }, { "year": 2025, "month": 4, "avg_high_c": 15.68, "avg_low_c": 4.55, "total_rain_mm": 62.07, "total_rain_in": 2.44 }, { "year": 2025, "month": 5, "avg_high_c": 17.55, "avg_low_c": 6.39, "total_rain_mm": 43.47, "total_rain_in": 1.71 }, { "year": 2025, "month": 6, "avg_high_c": 21.52, "avg_low_c": 9.24, "total_rain_mm": 31.15, "total_rain_in": 1.23 }, { "year": 2025, "month": 7, "avg_high_c": 25.74, "avg_low_c": 11.48, "total_rain_mm": 0.4, "total_rain_in": 0.02 }, { "year": 2025, "month": 8, "avg_high_c": 28.03, "avg_low_c": 13.28, "total_rain_mm": 12.83, "total_rain_in": 0.51 }, { "year": 2025, "month": 9, "avg_high_c": 24.93, "avg_low_c": 11.27, "total_rain_mm": 48.46, "total_rain_in": 1.91 }, { "year": 2025, "month": 10, "avg_high_c": 15.99, "avg_low_c": 6.03, "total_rain_mm": 137.17, "total_rain_in": 5.4 }, { "year": 2025, "month": 11, "avg_high_c": 12.27, "avg_low_c": 5.4, "total_rain_mm": 167.03, "total_rain_in": 6.58 }, { "year": 2025, "month": 12, "avg_high_c": 10.32, "avg_low_c": 4.3, "total_rain_mm": 310.36, "total_rain_in": 12.22 } ] }, "geometry": { "type": "MultiPolygon", "coordinates": [ [ [ [ -123.0744229913347, 44.50954229095256 ], [ -123.074422990650532, 44.509182964722072 ], [ -123.074422990403136, 44.508913470876969 ], [ -123.074422990574533, 44.508554144017076 ], [ -123.075051811367942, 44.508284649897455 ], [ -123.075051811497815, 44.507655829141584 ], [ -123.075680631993109, 44.50729650280033 ], [ -123.075680632328741, 44.506667682114504 ], [ -123.076039957627927, 44.50666768209117 ], [ -123.07630945277549, 44.506667681895628 ], [ -123.07666877862664, 44.506308356223869 ], [ -123.077297600280033, 44.506308356013534 ], [ -123.077297600146352, 44.506667682448956 ], [ -123.077926419798331, 44.506667682260549 ], [ -123.077926420576802, 44.506308355929697 ], [ -123.078195914855229, 44.506308356484723 ], [ -123.078914567307123, 44.506308355710495 ], [ -123.079184062294331, 44.506308355993248 ], [ -123.079184062142218, 44.507027008618181 ], [ -123.079184061280031, 44.507925323523502 ], [ -123.079543387977822, 44.5079253235876 ], [ -123.079543387463517, 44.508284650093053 ], [ -123.079184061631707, 44.508284650385733 ], [ -123.078555241264141, 44.508284649773216 ], [ -123.078195914987404, 44.50792532352795 ], [ -123.078195915285661, 44.508284650242373 ], [ -123.077926419894354, 44.508284650148681 ], [ -123.077567094270236, 44.508284649786368 ], [ -123.077567094232052, 44.508554144068405 ], [ -123.076039957961939, 44.508554144758584 ], [ -123.075411138222194, 44.508913470629047 ], [ -123.07541113721112, 44.509182964621878 ], [ -123.075051811215786, 44.509182964988973 ], [ -123.07505181125515, 44.509542291114862 ], [ -123.074782317319602, 44.509542290807666 ], [ -123.0744229913347, 44.50954229095256 ] ] ] ] } },
{ "type": "Feature", "properties": { "field_id": "WV_AG_027", "lat": 44.650823715094262, "lon": -122.98449086951049, "area_acres": 92.014744996264199, "crop_code": 24, "cdl_crop": "Winter Wheat", "crop_dominant_pct": 91.3, "soil_muname": "Amity silt loam", "soil_drainage": "Somewhat poorly drained", "soil_clay_pct": 20.0, "soil_sand_pct": 11.4, "soil_silt_pct": 68.6, "soil_om_pct": 4.0, "soil_ph": 5.8, "soil_cec": 15.0, "soil_depth_cm": 0.0, "weather_monthly": [ { "year": 2020, "month": 1, "avg_high_c": 8.29, "avg_low_c": 3.45, "total_rain_mm": 335.74, "total_rain_in": 13.22 }, { "year": 2020, "month": 2, "avg_high_c": 9.41, "avg_low_c": 1.31, "total_rain_mm": 106.13, "total_rain_in": 4.18 }, { "year": 2020, "month": 3, "avg_high_c": 10.89, "avg_low_c": 1.82, "total_rain_mm": 122.53, "total_rain_in": 4.82 }, { "year": 2020, "month": 4, "avg_high_c": 15.33, "avg_low_c": 4.78, "total_rain_mm": 69.14, "total_rain_in": 2.72 }, { "year": 2020, "month": 5, "avg_high_c": 17.79, "avg_low_c": 7.72, "total_rain_mm": 134.18, "total_rain_in": 5.28 }, { "year": 2020, "month": 6, "avg_high_c": 19.47, "avg_low_c": 9.28, "total_rain_mm": 75.69, "total_rain_in": 2.98 }, { "year": 2020, "month": 7, "avg_high_c": 23.62, "avg_low_c": 10.84, "total_rain_mm": 1.22, "total_rain_in": 0.05 }, { "year": 2020, "month": 8, "avg_high_c": 25.28, "avg_low_c": 10.98, "total_rain_mm": 2.78, "total_rain_in": 0.11 }, { "year": 2020, "month": 9, "avg_high_c": 24.88, "avg_low_c": 11.82, "total_rain_mm": 72.75, "total_rain_in": 2.86 }, { "year": 2020, "month": 10, "avg_high_c": 18.05, "avg_low_c": 6.83, "total_rain_mm": 69.47, "total_rain_in": 2.74 }, { "year": 2020, "month": 11, "avg_high_c": 10.89, "avg_low_c": 2.86, "total_rain_mm": 232.5, "total_rain_in": 9.15 }, { "year": 2020, "month": 12, "avg_high_c": 9.48, "avg_low_c": 1.8, "total_rain_mm": 218.39, "total_rain_in": 8.6 }, { "year": 2021, "month": 1, "avg_high_c": 8.91, "avg_low_c": 2.45, "total_rain_mm": 254.08, "total_rain_in": 10.0 }, { "year": 2021, "month": 2, "avg_high_c": 7.83, "avg_low_c": 1.9, "total_rain_mm": 199.0, "total_rain_in": 7.83 }, { "year": 2021, "month": 3, "avg_high_c": 11.03, "avg_low_c": 1.41, "total_rain_mm": 76.2, "total_rain_in": 3.0 }, { "year": 2021, "month": 4, "avg_high_c": 16.03, "avg_low_c": 3.49, "total_rain_mm": 26.64, "total_rain_in": 1.05 }, { "year": 2021, "month": 5, "avg_high_c": 17.61, "avg_low_c": 6.63, "total_rain_mm": 32.61, "total_rain_in": 1.28 }, { "year": 2021, "month": 6, "avg_high_c": 23.31, "avg_low_c": 10.75, "total_rain_mm": 48.27, "total_rain_in": 1.9 }, { "year": 2021, "month": 7, "avg_high_c": 26.5, "avg_low_c": 11.41, "total_rain_mm": 1.97, "total_rain_in": 0.08 }, { "year": 2021, "month": 8, "avg_high_c": 27.12, "avg_low_c": 12.3, "total_rain_mm": 1.69, "total_rain_in": 0.07 }, { "year": 2021, "month": 9, "avg_high_c": 24.68, "avg_low_c": 9.98, "total_rain_mm": 85.39, "total_rain_in": 3.36 }, { "year": 2021, "month": 10, "avg_high_c": 15.78, "avg_low_c": 6.61, "total_rain_mm": 126.84, "total_rain_in": 4.99 }, { "year": 2021, "month": 11, "avg_high_c": 12.39, "avg_low_c": 4.82, "total_rain_mm": 205.74, "total_rain_in": 8.1 }, { "year": 2021, "month": 12, "avg_high_c": 6.18, "avg_low_c": 1.36, "total_rain_mm": 308.92, "total_rain_in": 12.16 }, { "year": 2022, "month": 1, "avg_high_c": 9.77, "avg_low_c": 1.92, "total_rain_mm": 158.73, "total_rain_in": 6.25 }, { "year": 2022, "month": 2, "avg_high_c": 10.27, "avg_low_c": 1.55, "total_rain_mm": 85.78, "total_rain_in": 3.38 }, { "year": 2022, "month": 3, "avg_high_c": 12.11, "avg_low_c": 3.66, "total_rain_mm": 115.37, "total_rain_in": 4.54 }, { "year": 2022, "month": 4, "avg_high_c": 11.74, "avg_low_c": 2.97, "total_rain_mm": 181.66, "total_rain_in": 7.15 }, { "year": 2022, "month": 5, "avg_high_c": 15.02, "avg_low_c": 6.09, "total_rain_mm": 173.68, "total_rain_in": 6.84 }, { "year": 2022, "month": 6, "avg_high_c": 20.05, "avg_low_c": 9.46, "total_rain_mm": 102.97, "total_rain_in": 4.05 }, { "year": 2022, "month": 7, "avg_high_c": 24.84, "avg_low_c": 12.19, "total_rain_mm": 7.17, "total_rain_in": 0.28 }, { "year": 2022, "month": 8, "avg_high_c": 26.1, "avg_low_c": 12.91, "total_rain_mm": 2.85, "total_rain_in": 0.11 }, { "year": 2022, "month": 9, "avg_high_c": 24.47, "avg_low_c": 11.0, "total_rain_mm": 8.81, "total_rain_in": 0.35 }, { "year": 2022, "month": 10, "avg_high_c": 21.37, "avg_low_c": 8.75, "total_rain_mm": 58.08, "total_rain_in": 2.29 }, { "year": 2022, "month": 11, "avg_high_c": 9.79, "avg_low_c": 0.95, "total_rain_mm": 178.0, "total_rain_in": 7.01 }, { "year": 2022, "month": 12, "avg_high_c": 7.87, "avg_low_c": 1.37, "total_rain_mm": 195.13, "total_rain_in": 7.68 }, { "year": 2023, "month": 1, "avg_high_c": 8.03, "avg_low_c": 1.69, "total_rain_mm": 125.73, "total_rain_in": 4.95 }, { "year": 2023, "month": 2, "avg_high_c": 7.67, "avg_low_c": 0.08, "total_rain_mm": 120.26, "total_rain_in": 4.73 }, { "year": 2023, "month": 3, "avg_high_c": 8.6, "avg_low_c": 0.45, "total_rain_mm": 204.35, "total_rain_in": 8.05 }, { "year": 2023, "month": 4, "avg_high_c": 12.24, "avg_low_c": 3.7, "total_rain_mm": 183.89, "total_rain_in": 7.24 }, { "year": 2023, "month": 5, "avg_high_c": 19.84, "avg_low_c": 8.26, "total_rain_mm": 19.98, "total_rain_in": 0.79 }, { "year": 2023, "month": 6, "avg_high_c": 21.61, "avg_low_c": 8.67, "total_rain_mm": 11.98, "total_rain_in": 0.47 }, { "year": 2023, "month": 7, "avg_high_c": 26.14, "avg_low_c": 11.26, "total_rain_mm": 1.1, "total_rain_in": 0.04 }, { "year": 2023, "month": 8, "avg_high_c": 28.47, "avg_low_c": 13.2, "total_rain_mm": 15.84, "total_rain_in": 0.62 }, { "year": 2023, "month": 9, "avg_high_c": 23.69, "avg_low_c": 10.6, "total_rain_mm": 69.32, "total_rain_in": 2.73 }, { "year": 2023, "month": 10, "avg_high_c": 18.08, "avg_low_c": 7.62, "total_rain_mm": 112.67, "total_rain_in": 4.44 }, { "year": 2023, "month": 11, "avg_high_c": 12.32, "avg_low_c": 3.76, "total_rain_mm": 171.73, "total_rain_in": 6.76 }, { "year": 2023, "month": 12, "avg_high_c": 10.81, "avg_low_c": 4.63, "total_rain_mm": 291.62, "total_rain_in": 11.48 }, { "year": 2024, "month": 1, "avg_high_c": 9.42, "avg_low_c": 4.06, "total_rain_mm": 392.13, "total_rain_in": 15.44 }, { "year": 2024, "month": 2, "avg_high_c": 10.23, "avg_low_c": 3.33, "total_rain_mm": 199.65, "total_rain_in": 7.86 }, { "year": 2024, "month": 3, "avg_high_c": 11.63, "avg_low_c": 2.94, "total_rain_mm": 178.34, "total_rain_in": 7.02 }, { "year": 2024, "month": 4, "avg_high_c": 14.12, "avg_low_c": 4.3, "total_rain_mm": 93.08, "total_rain_in": 3.66 }, { "year": 2024, "month": 5, "avg_high_c": 17.1, "avg_low_c": 6.17, "total_rain_mm": 106.35, "total_rain_in": 4.19 }, { "year": 2024, "month": 6, "avg_high_c": 20.44, "avg_low_c": 9.21, "total_rain_mm": 57.73, "total_rain_in": 2.27 }, { "year": 2024, "month": 7, "avg_high_c": 26.3, "avg_low_c": 11.94, "total_rain_mm": 5.44, "total_rain_in": 0.21 }, { "year": 2024, "month": 8, "avg_high_c": 25.26, "avg_low_c": 12.04, "total_rain_mm": 20.57, "total_rain_in": 0.81 }, { "year": 2024, "month": 9, "avg_high_c": 24.25, "avg_low_c": 10.86, "total_rain_mm": 34.03, "total_rain_in": 1.34 }, { "year": 2024, "month": 10, "avg_high_c": 18.82, "avg_low_c": 7.09, "total_rain_mm": 123.02, "total_rain_in": 4.84 }, { "year": 2024, "month": 11, "avg_high_c": 10.25, "avg_low_c": 4.12, "total_rain_mm": 316.42, "total_rain_in": 12.46 }, { "year": 2024, "month": 12, "avg_high_c": 9.56, "avg_low_c": 3.41, "total_rain_mm": 301.4, "total_rain_in": 11.87 }, { "year": 2025, "month": 1, "avg_high_c": 8.3, "avg_low_c": 0.38, "total_rain_mm": 131.61, "total_rain_in": 5.18 }, { "year": 2025, "month": 2, "avg_high_c": 8.57, "avg_low_c": 1.98, "total_rain_mm": 208.24, "total_rain_in": 8.2 }, { "year": 2025, "month": 3, "avg_high_c": 11.43, "avg_low_c": 4.26, "total_rain_mm": 258.95, "total_rain_in": 10.19 }, { "year": 2025, "month": 4, "avg_high_c": 15.68, "avg_low_c": 4.55, "total_rain_mm": 62.07, "total_rain_in": 2.44 }, { "year": 2025, "month": 5, "avg_high_c": 17.55, "avg_low_c": 6.39, "total_rain_mm": 43.47, "total_rain_in": 1.71 }, { "year": 2025, "month": 6, "avg_high_c": 21.52, "avg_low_c": 9.24, "total_rain_mm": 31.15, "total_rain_in": 1.23 }, { "year": 2025, "month": 7, "avg_high_c": 25.74, "avg_low_c": 11.48, "total_rain_mm": 0.4, "total_rain_in": 0.02 }, { "year": 2025, "month": 8, "avg_high_c": 28.03, "avg_low_c": 13.28, "total_rain_mm": 12.83, "total_rain_in": 0.51 }, { "year": 2025, "month": 9, "avg_high_c": 24.93, "avg_low_c": 11.27, "total_rain_mm": 48.46, "total_rain_in": 1.91 }, { "year": 2025, "month": 10, "avg_high_c": 15.99, "avg_low_c": 6.03, "total_rain_mm": 137.17, "total_rain_in": 5.4 }, { "year": 2025, "month": 11, "avg_high_c": 12.27, "avg_low_c": 5.4, "total_rain_mm": 167.03, "total_rain_in": 6.58 }, { "year": 2025, "month": 12, "avg_high_c": 10.32, "avg_low_c": 4.3, "total_rain_mm": 310.36, "total_rain_in": 12.22 } ] }, "geometry": { "type": "MultiPolygon", "coordinates": [ [ [ [ -122.984588561178043, 44.645672226673518 ], [ -122.984908751076361, 44.645711352806231 ], [ -122.985217381858675, 44.645762058691034 ], [ -122.985846202881476, 44.645941721563574 ], [ -122.986205528364323, 44.646031553205297 ], [ -122.98676963992979, 44.646127393377412 ], [ -122.986834349876389, 44.646211216242627 ], [ -122.98683434942167, 44.646480710494217 ], [ -122.986475022795432, 44.646480711014291 ], [ -122.986475022667719, 44.647109531292152 ], [ -122.987193675688033, 44.64710953165779 ], [ -122.987193675479006, 44.647738352339715 ], [ -122.988451316848682, 44.647738351785989 ], [ -122.988451316836333, 44.649265488327664 ], [ -122.988091990453498, 44.649265488198701 ], [ -122.987822496042185, 44.649624814526149 ], [ -122.987463170552559, 44.650253634895442 ], [ -122.987463170266466, 44.651241781703057 ], [ -122.986834349788708, 44.65124178182414 ], [ -122.986475023679574, 44.651870601954379 ], [ -122.986475022974972, 44.652768918050519 ], [ -122.986205528841992, 44.653397737826019 ], [ -122.985846202591304, 44.65402655943042 ], [ -122.985576707608175, 44.654385885247102 ], [ -122.983690246453719, 44.654385885169418 ], [ -122.983690246016053, 44.654026559150104 ], [ -122.983330919221771, 44.654026558830807 ], [ -122.983061424958294, 44.654385885071974 ], [ -122.983061424830169, 44.654745211734756 ], [ -122.983959740255642, 44.65474521109747 ], [ -122.983959740056008, 44.655374032365238 ], [ -122.98458856175634, 44.655374031974603 ], [ -122.984588560627529, 44.655643526203619 ], [ -122.98333091968891, 44.655643526218029 ], [ -122.98270209862801, 44.655374032284776 ], [ -122.982342772498953, 44.655374032362324 ], [ -122.981713951931937, 44.65501470566354 ], [ -122.980815636513114, 44.655014706370558 ], [ -122.980815636372199, 44.654745211223542 ], [ -122.979557995085173, 44.654745211097691 ], [ -122.979198668925321, 44.654385884793747 ], [ -122.979198668782246, 44.654026558991994 ], [ -122.97982748972025, 44.653757064196824 ], [ -122.980456310968236, 44.653757064308572 ], [ -122.980456311303897, 44.654385884814552 ], [ -122.981085131605454, 44.654745211576753 ], [ -122.982702098912966, 44.65474521155695 ], [ -122.982702098526971, 44.654385885397318 ], [ -122.982342772408529, 44.654026559133463 ], [ -122.981085132068415, 44.654026559112395 ], [ -122.980815637234457, 44.653397738499585 ], [ -122.980815636838088, 44.652768917746116 ], [ -122.980815636343294, 44.652499423070694 ], [ -122.980815637300694, 44.652140096750173 ], [ -122.98108513097992, 44.651870602513 ], [ -122.981444458267703, 44.651511276326652 ], [ -122.981713952488079, 44.651241781913221 ], [ -122.982073278313464, 44.651241781835296 ], [ -122.982342773405847, 44.650612960662713 ], [ -122.982342772413006, 44.649894308525084 ], [ -122.982702099641614, 44.649265488159521 ], [ -122.983061425212483, 44.649265487975278 ], [ -122.98333091913112, 44.648995993178524 ], [ -122.98369024592489, 44.648367172333408 ], [ -122.983959740873516, 44.647738352022522 ], [ -122.983959740818293, 44.64710953109271 ], [ -122.983959740461842, 44.646750204904293 ], [ -122.983959740052754, 44.646121384479848 ], [ -122.984588561168806, 44.646121384115894 ], [ -122.984588561178043, 44.645672226673518 ] ] ] ] } },
{ "type": "Feature", "properties": { "field_id": "WV_AG_028", "lat": 45.004250810331961, "lon": -122.87662284791486, "area_acres": 23.123538307587999, "crop_code": 36, "cdl_crop": "Alfalfa", "crop_dominant_pct": 89.1, "soil_muname": "Woodburn silt loam, 0 to 3 percent slopes", "soil_drainage": "Moderately well drained", "soil_clay_pct": 15.0, "soil_sand_pct": 14.0, "soil_silt_pct": 71.0, "soil_om_pct": 4.0, "soil_ph": 6.1, "soil_cec": 15.0, "soil_depth_cm": 0.0, "weather_monthly": [ { "year": 2020, "month": 1, "avg_high_c": 8.33, "avg_low_c": 3.69, "total_rain_mm": 331.66, "total_rain_in": 13.06 }, { "year": 2020, "month": 2, "avg_high_c": 9.3, "avg_low_c": 1.59, "total_rain_mm": 119.69, "total_rain_in": 4.71 }, { "year": 2020, "month": 3, "avg_high_c": 10.58, "avg_low_c": 1.93, "total_rain_mm": 119.65, "total_rain_in": 4.71 }, { "year": 2020, "month": 4, "avg_high_c": 15.36, "avg_low_c": 4.91, "total_rain_mm": 65.25, "total_rain_in": 2.57 }, { "year": 2020, "month": 5, "avg_high_c": 18.1, "avg_low_c": 7.97, "total_rain_mm": 129.22, "total_rain_in": 5.09 }, { "year": 2020, "month": 6, "avg_high_c": 19.57, "avg_low_c": 9.34, "total_rain_mm": 97.62, "total_rain_in": 3.84 }, { "year": 2020, "month": 7, "avg_high_c": 24.4, "avg_low_c": 11.06, "total_rain_mm": 3.63, "total_rain_in": 0.14 }, { "year": 2020, "month": 8, "avg_high_c": 25.88, "avg_low_c": 11.44, "total_rain_mm": 5.11, "total_rain_in": 0.2 }, { "year": 2020, "month": 9, "avg_high_c": 24.8, "avg_low_c": 11.76, "total_rain_mm": 75.48, "total_rain_in": 2.97 }, { "year": 2020, "month": 10, "avg_high_c": 17.88, "avg_low_c": 7.03, "total_rain_mm": 95.76, "total_rain_in": 3.77 }, { "year": 2020, "month": 11, "avg_high_c": 10.62, "avg_low_c": 2.98, "total_rain_mm": 245.69, "total_rain_in": 9.67 }, { "year": 2020, "month": 12, "avg_high_c": 9.56, "avg_low_c": 2.24, "total_rain_mm": 231.54, "total_rain_in": 9.12 }, { "year": 2021, "month": 1, "avg_high_c": 8.81, "avg_low_c": 2.61, "total_rain_mm": 260.36, "total_rain_in": 10.25 }, { "year": 2021, "month": 2, "avg_high_c": 7.61, "avg_low_c": 1.86, "total_rain_mm": 215.93, "total_rain_in": 8.5 }, { "year": 2021, "month": 3, "avg_high_c": 11.05, "avg_low_c": 1.47, "total_rain_mm": 82.08, "total_rain_in": 3.23 }, { "year": 2021, "month": 4, "avg_high_c": 16.05, "avg_low_c": 3.87, "total_rain_mm": 27.34, "total_rain_in": 1.08 }, { "year": 2021, "month": 5, "avg_high_c": 18.03, "avg_low_c": 6.8, "total_rain_mm": 47.74, "total_rain_in": 1.88 }, { "year": 2021, "month": 6, "avg_high_c": 24.25, "avg_low_c": 11.1, "total_rain_mm": 49.29, "total_rain_in": 1.94 }, { "year": 2021, "month": 7, "avg_high_c": 27.3, "avg_low_c": 11.55, "total_rain_mm": 1.83, "total_rain_in": 0.07 }, { "year": 2021, "month": 8, "avg_high_c": 27.65, "avg_low_c": 12.56, "total_rain_mm": 2.92, "total_rain_in": 0.11 }, { "year": 2021, "month": 9, "avg_high_c": 24.55, "avg_low_c": 10.43, "total_rain_mm": 101.83, "total_rain_in": 4.01 }, { "year": 2021, "month": 10, "avg_high_c": 15.52, "avg_low_c": 6.56, "total_rain_mm": 148.73, "total_rain_in": 5.86 }, { "year": 2021, "month": 11, "avg_high_c": 12.28, "avg_low_c": 5.35, "total_rain_mm": 250.09, "total_rain_in": 9.85 }, { "year": 2021, "month": 12, "avg_high_c": 5.61, "avg_low_c": 0.97, "total_rain_mm": 309.17, "total_rain_in": 12.17 }, { "year": 2022, "month": 1, "avg_high_c": 9.29, "avg_low_c": 1.87, "total_rain_mm": 185.19, "total_rain_in": 7.29 }, { "year": 2022, "month": 2, "avg_high_c": 9.66, "avg_low_c": 1.72, "total_rain_mm": 98.54, "total_rain_in": 3.88 }, { "year": 2022, "month": 3, "avg_high_c": 11.99, "avg_low_c": 3.83, "total_rain_mm": 125.82, "total_rain_in": 4.95 }, { "year": 2022, "month": 4, "avg_high_c": 11.48, "avg_low_c": 2.65, "total_rain_mm": 200.52, "total_rain_in": 7.89 }, { "year": 2022, "month": 5, "avg_high_c": 15.04, "avg_low_c": 6.2, "total_rain_mm": 191.01, "total_rain_in": 7.52 }, { "year": 2022, "month": 6, "avg_high_c": 19.96, "avg_low_c": 9.78, "total_rain_mm": 128.91, "total_rain_in": 5.08 }, { "year": 2022, "month": 7, "avg_high_c": 25.26, "avg_low_c": 12.21, "total_rain_mm": 8.52, "total_rain_in": 0.34 }, { "year": 2022, "month": 8, "avg_high_c": 27.38, "avg_low_c": 13.3, "total_rain_mm": 1.96, "total_rain_in": 0.08 }, { "year": 2022, "month": 9, "avg_high_c": 25.27, "avg_low_c": 11.26, "total_rain_mm": 12.33, "total_rain_in": 0.49 }, { "year": 2022, "month": 10, "avg_high_c": 21.88, "avg_low_c": 8.89, "total_rain_mm": 83.79, "total_rain_in": 3.3 }, { "year": 2022, "month": 11, "avg_high_c": 9.53, "avg_low_c": 1.32, "total_rain_mm": 209.49, "total_rain_in": 8.25 }, { "year": 2022, "month": 12, "avg_high_c": 7.23, "avg_low_c": 1.41, "total_rain_mm": 213.47, "total_rain_in": 8.4 }, { "year": 2023, "month": 1, "avg_high_c": 8.1, "avg_low_c": 2.21, "total_rain_mm": 124.27, "total_rain_in": 4.89 }, { "year": 2023, "month": 2, "avg_high_c": 7.34, "avg_low_c": 0.11, "total_rain_mm": 126.83, "total_rain_in": 4.99 }, { "year": 2023, "month": 3, "avg_high_c": 8.74, "avg_low_c": 0.78, "total_rain_mm": 189.54, "total_rain_in": 7.46 }, { "year": 2023, "month": 4, "avg_high_c": 12.14, "avg_low_c": 3.83, "total_rain_mm": 194.6, "total_rain_in": 7.66 }, { "year": 2023, "month": 5, "avg_high_c": 20.07, "avg_low_c": 8.51, "total_rain_mm": 27.12, "total_rain_in": 1.07 }, { "year": 2023, "month": 6, "avg_high_c": 21.75, "avg_low_c": 8.84, "total_rain_mm": 19.41, "total_rain_in": 0.76 }, { "year": 2023, "month": 7, "avg_high_c": 26.77, "avg_low_c": 11.45, "total_rain_mm": 2.08, "total_rain_in": 0.08 }, { "year": 2023, "month": 8, "avg_high_c": 29.03, "avg_low_c": 13.52, "total_rain_mm": 21.34, "total_rain_in": 0.84 }, { "year": 2023, "month": 9, "avg_high_c": 23.57, "avg_low_c": 10.75, "total_rain_mm": 70.6, "total_rain_in": 2.78 }, { "year": 2023, "month": 10, "avg_high_c": 18.22, "avg_low_c": 7.61, "total_rain_mm": 117.2, "total_rain_in": 4.61 }, { "year": 2023, "month": 11, "avg_high_c": 11.95, "avg_low_c": 3.59, "total_rain_mm": 187.96, "total_rain_in": 7.4 }, { "year": 2023, "month": 12, "avg_high_c": 10.68, "avg_low_c": 4.45, "total_rain_mm": 295.35, "total_rain_in": 11.63 }, { "year": 2024, "month": 1, "avg_high_c": 8.28, "avg_low_c": 2.91, "total_rain_mm": 370.12, "total_rain_in": 14.57 }, { "year": 2024, "month": 2, "avg_high_c": 10.14, "avg_low_c": 3.26, "total_rain_mm": 200.23, "total_rain_in": 7.88 }, { "year": 2024, "month": 3, "avg_high_c": 11.51, "avg_low_c": 3.24, "total_rain_mm": 164.08, "total_rain_in": 6.46 }, { "year": 2024, "month": 4, "avg_high_c": 14.23, "avg_low_c": 4.47, "total_rain_mm": 94.88, "total_rain_in": 3.74 }, { "year": 2024, "month": 5, "avg_high_c": 17.15, "avg_low_c": 6.5, "total_rain_mm": 118.44, "total_rain_in": 4.66 }, { "year": 2024, "month": 6, "avg_high_c": 20.38, "avg_low_c": 9.29, "total_rain_mm": 74.42, "total_rain_in": 2.93 }, { "year": 2024, "month": 7, "avg_high_c": 27.02, "avg_low_c": 12.01, "total_rain_mm": 7.22, "total_rain_in": 0.28 }, { "year": 2024, "month": 8, "avg_high_c": 25.73, "avg_low_c": 12.22, "total_rain_mm": 22.59, "total_rain_in": 0.89 }, { "year": 2024, "month": 9, "avg_high_c": 24.48, "avg_low_c": 11.29, "total_rain_mm": 33.37, "total_rain_in": 1.31 }, { "year": 2024, "month": 10, "avg_high_c": 18.76, "avg_low_c": 7.37, "total_rain_mm": 131.82, "total_rain_in": 5.19 }, { "year": 2024, "month": 11, "avg_high_c": 9.95, "avg_low_c": 4.08, "total_rain_mm": 284.69, "total_rain_in": 11.21 }, { "year": 2024, "month": 12, "avg_high_c": 9.31, "avg_low_c": 3.22, "total_rain_mm": 297.03, "total_rain_in": 11.69 }, { "year": 2025, "month": 1, "avg_high_c": 7.89, "avg_low_c": 0.22, "total_rain_mm": 116.9, "total_rain_in": 4.6 }, { "year": 2025, "month": 2, "avg_high_c": 8.27, "avg_low_c": 1.66, "total_rain_mm": 206.54, "total_rain_in": 8.13 }, { "year": 2025, "month": 3, "avg_high_c": 11.38, "avg_low_c": 4.41, "total_rain_mm": 241.61, "total_rain_in": 9.51 }, { "year": 2025, "month": 4, "avg_high_c": 15.77, "avg_low_c": 4.72, "total_rain_mm": 64.12, "total_rain_in": 2.52 }, { "year": 2025, "month": 5, "avg_high_c": 17.45, "avg_low_c": 6.68, "total_rain_mm": 52.17, "total_rain_in": 2.05 }, { "year": 2025, "month": 6, "avg_high_c": 21.6, "avg_low_c": 9.69, "total_rain_mm": 34.37, "total_rain_in": 1.35 }, { "year": 2025, "month": 7, "avg_high_c": 26.13, "avg_low_c": 11.56, "total_rain_mm": 1.41, "total_rain_in": 0.06 }, { "year": 2025, "month": 8, "avg_high_c": 28.06, "avg_low_c": 13.39, "total_rain_mm": 20.61, "total_rain_in": 0.81 }, { "year": 2025, "month": 9, "avg_high_c": 24.77, "avg_low_c": 11.37, "total_rain_mm": 49.32, "total_rain_in": 1.94 }, { "year": 2025, "month": 10, "avg_high_c": 15.59, "avg_low_c": 6.02, "total_rain_mm": 148.04, "total_rain_in": 5.83 }, { "year": 2025, "month": 11, "avg_high_c": 11.64, "avg_low_c": 5.24, "total_rain_mm": 176.54, "total_rain_in": 6.95 }, { "year": 2025, "month": 12, "avg_high_c": 9.99, "avg_low_c": 4.33, "total_rain_mm": 352.37, "total_rain_in": 13.87 } ] }, "geometry": { "type": "MultiPolygon", "coordinates": [ [ [ [ -122.876236508033912, 45.005767267985298 ], [ -122.875877181516842, 45.005767267710347 ], [ -122.87560768741605, 45.005767267179323 ], [ -122.875248360388198, 45.00576726719882 ], [ -122.874619540677159, 45.005767267194933 ], [ -122.874260214101653, 45.005407941646631 ], [ -122.874260213898964, 45.005138446722782 ], [ -122.873990719855286, 45.004509626168918 ], [ -122.873990719975765, 45.00415029999229 ], [ -122.874260213850619, 45.004150299674336 ], [ -122.87488903500433, 45.004150299826534 ], [ -122.874889034451371, 45.004509626143211 ], [ -122.875248361063669, 45.004150300126796 ], [ -122.875607686752801, 45.003880805198442 ], [ -122.875877180965134, 45.003880805087761 ], [ -122.875877181470585, 45.003521479161982 ], [ -122.876236507672118, 45.003521478905903 ], [ -122.87623650747706, 45.003162153032768 ], [ -122.876865328521461, 45.003162153284286 ], [ -122.877134823317832, 45.00289265870493 ], [ -122.877134823200834, 45.002533332359612 ], [ -122.87713482280823, 45.002263837862337 ], [ -122.877134822691204, 45.001904512047886 ], [ -122.877134823163715, 45.001635016835088 ], [ -122.877494148728701, 45.001635016887256 ], [ -122.878122969658349, 45.001635016759955 ], [ -122.878392464003639, 45.001904511491063 ], [ -122.878392464588856, 45.002533332333918 ], [ -122.878392464819612, 45.003162153242911 ], [ -122.878302633505697, 45.003521479329414 ], [ -122.878122969392408, 45.004150299768881 ], [ -122.877763644225169, 45.005138446839354 ], [ -122.87794330635802, 45.005767267466439 ], [ -122.877943306488405, 45.006036762095349 ], [ -122.876236508130702, 45.006036763086215 ], [ -122.876236508033912, 45.005767267985298 ] ] ] ] } },
{ "type": "Feature", "properties": { "field_id": "WV_AG_029", "lat": 44.300587690684353, "lon": -123.26565725829239, "area_acres": 48.890331328098, "crop_code": 24, "cdl_crop": "Winter Wheat", "crop_dominant_pct": 92.6, "soil_muname": "Coburg silty clay loam, 0 to 3 percent slopes", "soil_drainage": "Moderately well drained", "soil_clay_pct": 30.0, "soil_sand_pct": 15.0, "soil_silt_pct": 55.0, "soil_om_pct": 4.5, "soil_ph": 5.6, "soil_cec": 30.0, "soil_depth_cm": 0.0, "weather_monthly": [ { "year": 2020, "month": 1, "avg_high_c": 8.29, "avg_low_c": 3.45, "total_rain_mm": 335.74, "total_rain_in": 13.22 }, { "year": 2020, "month": 2, "avg_high_c": 9.41, "avg_low_c": 1.31, "total_rain_mm": 106.13, "total_rain_in": 4.18 }, { "year": 2020, "month": 3, "avg_high_c": 10.89, "avg_low_c": 1.82, "total_rain_mm": 122.53, "total_rain_in": 4.82 }, { "year": 2020, "month": 4, "avg_high_c": 15.33, "avg_low_c": 4.78, "total_rain_mm": 69.14, "total_rain_in": 2.72 }, { "year": 2020, "month": 5, "avg_high_c": 17.79, "avg_low_c": 7.72, "total_rain_mm": 134.18, "total_rain_in": 5.28 }, { "year": 2020, "month": 6, "avg_high_c": 19.47, "avg_low_c": 9.28, "total_rain_mm": 75.69, "total_rain_in": 2.98 }, { "year": 2020, "month": 7, "avg_high_c": 23.62, "avg_low_c": 10.84, "total_rain_mm": 1.22, "total_rain_in": 0.05 }, { "year": 2020, "month": 8, "avg_high_c": 25.28, "avg_low_c": 10.98, "total_rain_mm": 2.78, "total_rain_in": 0.11 }, { "year": 2020, "month": 9, "avg_high_c": 24.88, "avg_low_c": 11.82, "total_rain_mm": 72.75, "total_rain_in": 2.86 }, { "year": 2020, "month": 10, "avg_high_c": 18.05, "avg_low_c": 6.83, "total_rain_mm": 69.47, "total_rain_in": 2.74 }, { "year": 2020, "month": 11, "avg_high_c": 10.89, "avg_low_c": 2.86, "total_rain_mm": 232.5, "total_rain_in": 9.15 }, { "year": 2020, "month": 12, "avg_high_c": 9.48, "avg_low_c": 1.8, "total_rain_mm": 218.39, "total_rain_in": 8.6 }, { "year": 2021, "month": 1, "avg_high_c": 8.91, "avg_low_c": 2.45, "total_rain_mm": 254.08, "total_rain_in": 10.0 }, { "year": 2021, "month": 2, "avg_high_c": 7.83, "avg_low_c": 1.9, "total_rain_mm": 199.0, "total_rain_in": 7.83 }, { "year": 2021, "month": 3, "avg_high_c": 11.03, "avg_low_c": 1.41, "total_rain_mm": 76.2, "total_rain_in": 3.0 }, { "year": 2021, "month": 4, "avg_high_c": 16.03, "avg_low_c": 3.49, "total_rain_mm": 26.64, "total_rain_in": 1.05 }, { "year": 2021, "month": 5, "avg_high_c": 17.61, "avg_low_c": 6.63, "total_rain_mm": 32.61, "total_rain_in": 1.28 }, { "year": 2021, "month": 6, "avg_high_c": 23.31, "avg_low_c": 10.75, "total_rain_mm": 48.27, "total_rain_in": 1.9 }, { "year": 2021, "month": 7, "avg_high_c": 26.5, "avg_low_c": 11.41, "total_rain_mm": 1.97, "total_rain_in": 0.08 }, { "year": 2021, "month": 8, "avg_high_c": 27.12, "avg_low_c": 12.3, "total_rain_mm": 1.69, "total_rain_in": 0.07 }, { "year": 2021, "month": 9, "avg_high_c": 24.68, "avg_low_c": 9.98, "total_rain_mm": 85.39, "total_rain_in": 3.36 }, { "year": 2021, "month": 10, "avg_high_c": 15.78, "avg_low_c": 6.61, "total_rain_mm": 126.84, "total_rain_in": 4.99 }, { "year": 2021, "month": 11, "avg_high_c": 12.39, "avg_low_c": 4.82, "total_rain_mm": 205.74, "total_rain_in": 8.1 }, { "year": 2021, "month": 12, "avg_high_c": 6.18, "avg_low_c": 1.36, "total_rain_mm": 308.92, "total_rain_in": 12.16 }, { "year": 2022, "month": 1, "avg_high_c": 9.77, "avg_low_c": 1.92, "total_rain_mm": 158.73, "total_rain_in": 6.25 }, { "year": 2022, "month": 2, "avg_high_c": 10.27, "avg_low_c": 1.55, "total_rain_mm": 85.78, "total_rain_in": 3.38 }, { "year": 2022, "month": 3, "avg_high_c": 12.11, "avg_low_c": 3.66, "total_rain_mm": 115.37, "total_rain_in": 4.54 }, { "year": 2022, "month": 4, "avg_high_c": 11.74, "avg_low_c": 2.97, "total_rain_mm": 181.66, "total_rain_in": 7.15 }, { "year": 2022, "month": 5, "avg_high_c": 15.02, "avg_low_c": 6.09, "total_rain_mm": 173.68, "total_rain_in": 6.84 }, { "year": 2022, "month": 6, "avg_high_c": 20.05, "avg_low_c": 9.46, "total_rain_mm": 102.97, "total_rain_in": 4.05 }, { "year": 2022, "month": 7, "avg_high_c": 24.84, "avg_low_c": 12.19, "total_rain_mm": 7.17, "total_rain_in": 0.28 }, { "year": 2022, "month": 8, "avg_high_c": 26.1, "avg_low_c": 12.91, "total_rain_mm": 2.85, "total_rain_in": 0.11 }, { "year": 2022, "month": 9, "avg_high_c": 24.47, "avg_low_c": 11.0, "total_rain_mm": 8.81, "total_rain_in": 0.35 }, { "year": 2022, "month": 10, "avg_high_c": 21.37, "avg_low_c": 8.75, "total_rain_mm": 58.08, "total_rain_in": 2.29 }, { "year": 2022, "month": 11, "avg_high_c": 9.79, "avg_low_c": 0.95, "total_rain_mm": 178.0, "total_rain_in": 7.01 }, { "year": 2022, "month": 12, "avg_high_c": 7.87, "avg_low_c": 1.37, "total_rain_mm": 195.13, "total_rain_in": 7.68 }, { "year": 2023, "month": 1, "avg_high_c": 8.03, "avg_low_c": 1.69, "total_rain_mm": 125.73, "total_rain_in": 4.95 }, { "year": 2023, "month": 2, "avg_high_c": 7.67, "avg_low_c": 0.08, "total_rain_mm": 120.26, "total_rain_in": 4.73 }, { "year": 2023, "month": 3, "avg_high_c": 8.6, "avg_low_c": 0.45, "total_rain_mm": 204.35, "total_rain_in": 8.05 }, { "year": 2023, "month": 4, "avg_high_c": 12.24, "avg_low_c": 3.7, "total_rain_mm": 183.89, "total_rain_in": 7.24 }, { "year": 2023, "month": 5, "avg_high_c": 19.84, "avg_low_c": 8.26, "total_rain_mm": 19.98, "total_rain_in": 0.79 }, { "year": 2023, "month": 6, "avg_high_c": 21.61, "avg_low_c": 8.67, "total_rain_mm": 11.98, "total_rain_in": 0.47 }, { "year": 2023, "month": 7, "avg_high_c": 26.14, "avg_low_c": 11.26, "total_rain_mm": 1.1, "total_rain_in": 0.04 }, { "year": 2023, "month": 8, "avg_high_c": 28.47, "avg_low_c": 13.2, "total_rain_mm": 15.84, "total_rain_in": 0.62 }, { "year": 2023, "month": 9, "avg_high_c": 23.69, "avg_low_c": 10.6, "total_rain_mm": 69.32, "total_rain_in": 2.73 }, { "year": 2023, "month": 10, "avg_high_c": 18.08, "avg_low_c": 7.62, "total_rain_mm": 112.67, "total_rain_in": 4.44 }, { "year": 2023, "month": 11, "avg_high_c": 12.32, "avg_low_c": 3.76, "total_rain_mm": 171.73, "total_rain_in": 6.76 }, { "year": 2023, "month": 12, "avg_high_c": 10.81, "avg_low_c": 4.63, "total_rain_mm": 291.62, "total_rain_in": 11.48 }, { "year": 2024, "month": 1, "avg_high_c": 9.42, "avg_low_c": 4.06, "total_rain_mm": 392.13, "total_rain_in": 15.44 }, { "year": 2024, "month": 2, "avg_high_c": 10.23, "avg_low_c": 3.33, "total_rain_mm": 199.65, "total_rain_in": 7.86 }, { "year": 2024, "month": 3, "avg_high_c": 11.63, "avg_low_c": 2.94, "total_rain_mm": 178.34, "total_rain_in": 7.02 }, { "year": 2024, "month": 4, "avg_high_c": 14.12, "avg_low_c": 4.3, "total_rain_mm": 93.08, "total_rain_in": 3.66 }, { "year": 2024, "month": 5, "avg_high_c": 17.1, "avg_low_c": 6.17, "total_rain_mm": 106.35, "total_rain_in": 4.19 }, { "year": 2024, "month": 6, "avg_high_c": 20.44, "avg_low_c": 9.21, "total_rain_mm": 57.73, "total_rain_in": 2.27 }, { "year": 2024, "month": 7, "avg_high_c": 26.3, "avg_low_c": 11.94, "total_rain_mm": 5.44, "total_rain_in": 0.21 }, { "year": 2024, "month": 8, "avg_high_c": 25.26, "avg_low_c": 12.04, "total_rain_mm": 20.57, "total_rain_in": 0.81 }, { "year": 2024, "month": 9, "avg_high_c": 24.25, "avg_low_c": 10.86, "total_rain_mm": 34.03, "total_rain_in": 1.34 }, { "year": 2024, "month": 10, "avg_high_c": 18.82, "avg_low_c": 7.09, "total_rain_mm": 123.02, "total_rain_in": 4.84 }, { "year": 2024, "month": 11, "avg_high_c": 10.25, "avg_low_c": 4.12, "total_rain_mm": 316.42, "total_rain_in": 12.46 }, { "year": 2024, "month": 12, "avg_high_c": 9.56, "avg_low_c": 3.41, "total_rain_mm": 301.4, "total_rain_in": 11.87 }, { "year": 2025, "month": 1, "avg_high_c": 8.3, "avg_low_c": 0.38, "total_rain_mm": 131.61, "total_rain_in": 5.18 }, { "year": 2025, "month": 2, "avg_high_c": 8.57, "avg_low_c": 1.98, "total_rain_mm": 208.24, "total_rain_in": 8.2 }, { "year": 2025, "month": 3, "avg_high_c": 11.43, "avg_low_c": 4.26, "total_rain_mm": 258.95, "total_rain_in": 10.19 }, { "year": 2025, "month": 4, "avg_high_c": 15.68, "avg_low_c": 4.55, "total_rain_mm": 62.07, "total_rain_in": 2.44 }, { "year": 2025, "month": 5, "avg_high_c": 17.55, "avg_low_c": 6.39, "total_rain_mm": 43.47, "total_rain_in": 1.71 }, { "year": 2025, "month": 6, "avg_high_c": 21.52, "avg_low_c": 9.24, "total_rain_mm": 31.15, "total_rain_in": 1.23 }, { "year": 2025, "month": 7, "avg_high_c": 25.74, "avg_low_c": 11.48, "total_rain_mm": 0.4, "total_rain_in": 0.02 }, { "year": 2025, "month": 8, "avg_high_c": 28.03, "avg_low_c": 13.28, "total_rain_mm": 12.83, "total_rain_in": 0.51 }, { "year": 2025, "month": 9, "avg_high_c": 24.93, "avg_low_c": 11.27, "total_rain_mm": 48.46, "total_rain_in": 1.91 }, { "year": 2025, "month": 10, "avg_high_c": 15.99, "avg_low_c": 6.03, "total_rain_mm": 137.17, "total_rain_in": 5.4 }, { "year": 2025, "month": 11, "avg_high_c": 12.27, "avg_low_c": 5.4, "total_rain_mm": 167.03, "total_rain_in": 6.58 }, { "year": 2025, "month": 12, "avg_high_c": 10.32, "avg_low_c": 4.3, "total_rain_mm": 310.36, "total_rain_in": 12.22 } ] }, "geometry": { "type": "MultiPolygon", "coordinates": [ [ [ [ -123.267740439866216, 44.302570449761902 ], [ -123.267740439421047, 44.302300954825441 ], [ -123.267381113799502, 44.302300955171376 ], [ -123.267111618857086, 44.302300955415085 ], [ -123.26711161921537, 44.30257044984365 ], [ -123.266123472444278, 44.302570449323959 ], [ -123.266123472039027, 44.302300954796536 ], [ -123.265853977498395, 44.302570449603444 ], [ -123.265494651022451, 44.302570449414347 ], [ -123.264865831641714, 44.302300955350496 ], [ -123.264865831023513, 44.301941629094976 ], [ -123.264596336066646, 44.302300955313044 ], [ -123.264237009674105, 44.302300954818897 ], [ -123.264237010530081, 44.302570449544056 ], [ -123.263248863500991, 44.302570449257765 ], [ -123.263248862953731, 44.302300955294328 ], [ -123.262979368801311, 44.302300955425906 ], [ -123.262620042981524, 44.302300955124096 ], [ -123.262350547561084, 44.301941628798723 ], [ -123.262350548348437, 44.30158230251228 ], [ -123.262620043262643, 44.301582302892065 ], [ -123.262620043296451, 44.301312808009534 ], [ -123.262620042656422, 44.300953482188156 ], [ -123.262620042690244, 44.300683987654452 ], [ -123.262620042900082, 44.300324661183573 ], [ -123.262620042933918, 44.300055166998661 ], [ -123.262620043143741, 44.299695840992875 ], [ -123.262979369493252, 44.299695841083633 ], [ -123.262979368949573, 44.299426346132861 ], [ -123.262620042821908, 44.299426346296023 ], [ -123.262620042676119, 44.299067019894551 ], [ -123.262620042354328, 44.298797525546348 ], [ -123.264865831578305, 44.2987975255514 ], [ -123.265225156865043, 44.298797525350402 ], [ -123.265225157248906, 44.298438199202671 ], [ -123.265853977819049, 44.298438199045904 ], [ -123.265853978354713, 44.298797525701502 ], [ -123.266123472640842, 44.298797525210617 ], [ -123.266482798144779, 44.298797525311073 ], [ -123.266482798606418, 44.298438199614949 ], [ -123.267111618899705, 44.298438199188624 ], [ -123.267381114386652, 44.298438199340154 ], [ -123.267381113505266, 44.298797525191361 ], [ -123.26863875537731, 44.298797525239813 ], [ -123.268638755170883, 44.299426345720086 ], [ -123.268638755361536, 44.300324661466441 ], [ -123.268638755581094, 44.301582302382208 ], [ -123.268638755006407, 44.302300955007851 ], [ -123.268369260202334, 44.302300954961815 ], [ -123.268369260378691, 44.302570449545527 ], [ -123.267740439866216, 44.302570449761902 ] ], [ [ -123.264865831518023, 44.300683987798237 ], [ -123.264237010210167, 44.300683987477804 ], [ -123.264237010216306, 44.300953482420425 ], [ -123.264865831255335, 44.300953482388039 ], [ -123.264865831518023, 44.300683987798237 ] ], [ [ -123.265494652175263, 44.300055166553193 ], [ -123.265225157221266, 44.300055166730402 ], [ -123.265225157180438, 44.300324661225339 ], [ -123.265494651999504, 44.300324661302028 ], [ -123.265494652175263, 44.300055166553193 ] ] ] ] } },
{ "type": "Feature", "properties": { "field_id": "WV_AG_030", "lat": 44.206898780330327, "lon": -123.28532458047103, "area_acres": 12.874924633446, "crop_code": 24, "cdl_crop": "Winter Wheat", "crop_dominant_pct": 90.9, "soil_muname": "Coburg silty clay loam", "soil_drainage": "Moderately well drained", "soil_clay_pct": 31.0, "soil_sand_pct": 20.0, "soil_silt_pct": 49.0, "soil_om_pct": 4.0, "soil_ph": 6.1, "soil_cec": 22.5, "soil_depth_cm": 0.0, "weather_monthly": [ { "year": 2020, "month": 1, "avg_high_c": 7.66, "avg_low_c": 3.21, "total_rain_mm": 280.71, "total_rain_in": 11.05 }, { "year": 2020, "month": 2, "avg_high_c": 9.12, "avg_low_c": 0.7, "total_rain_mm": 88.78, "total_rain_in": 3.5 }, { "year": 2020, "month": 3, "avg_high_c": 10.54, "avg_low_c": 1.58, "total_rain_mm": 108.69, "total_rain_in": 4.28 }, { "year": 2020, "month": 4, "avg_high_c": 15.02, "avg_low_c": 4.71, "total_rain_mm": 73.03, "total_rain_in": 2.88 }, { "year": 2020, "month": 5, "avg_high_c": 17.39, "avg_low_c": 7.19, "total_rain_mm": 120.67, "total_rain_in": 4.75 }, { "year": 2020, "month": 6, "avg_high_c": 19.11, "avg_low_c": 9.05, "total_rain_mm": 70.28, "total_rain_in": 2.77 }, { "year": 2020, "month": 7, "avg_high_c": 23.77, "avg_low_c": 11.01, "total_rain_mm": 1.23, "total_rain_in": 0.05 }, { "year": 2020, "month": 8, "avg_high_c": 26.66, "avg_low_c": 10.99, "total_rain_mm": 2.32, "total_rain_in": 0.09 }, { "year": 2020, "month": 9, "avg_high_c": 26.07, "avg_low_c": 11.71, "total_rain_mm": 58.73, "total_rain_in": 2.31 }, { "year": 2020, "month": 10, "avg_high_c": 19.05, "avg_low_c": 7.03, "total_rain_mm": 64.71, "total_rain_in": 2.55 }, { "year": 2020, "month": 11, "avg_high_c": 10.65, "avg_low_c": 2.51, "total_rain_mm": 204.9, "total_rain_in": 8.07 }, { "year": 2020, "month": 12, "avg_high_c": 9.4, "avg_low_c": 1.62, "total_rain_mm": 187.39, "total_rain_in": 7.38 }, { "year": 2021, "month": 1, "avg_high_c": 8.67, "avg_low_c": 2.37, "total_rain_mm": 184.79, "total_rain_in": 7.28 }, { "year": 2021, "month": 2, "avg_high_c": 7.16, "avg_low_c": 1.66, "total_rain_mm": 163.15, "total_rain_in": 6.42 }, { "year": 2021, "month": 3, "avg_high_c": 10.78, "avg_low_c": 1.09, "total_rain_mm": 68.13, "total_rain_in": 2.68 }, { "year": 2021, "month": 4, "avg_high_c": 15.69, "avg_low_c": 3.28, "total_rain_mm": 17.85, "total_rain_in": 0.7 }, { "year": 2021, "month": 5, "avg_high_c": 16.96, "avg_low_c": 6.41, "total_rain_mm": 33.24, "total_rain_in": 1.31 }, { "year": 2021, "month": 6, "avg_high_c": 23.28, "avg_low_c": 10.71, "total_rain_mm": 33.37, "total_rain_in": 1.31 }, { "year": 2021, "month": 7, "avg_high_c": 27.7, "avg_low_c": 11.54, "total_rain_mm": 1.42, "total_rain_in": 0.06 }, { "year": 2021, "month": 8, "avg_high_c": 27.84, "avg_low_c": 12.16, "total_rain_mm": 1.11, "total_rain_in": 0.04 }, { "year": 2021, "month": 9, "avg_high_c": 25.0, "avg_low_c": 9.64, "total_rain_mm": 82.72, "total_rain_in": 3.26 }, { "year": 2021, "month": 10, "avg_high_c": 16.05, "avg_low_c": 6.61, "total_rain_mm": 104.65, "total_rain_in": 4.12 }, { "year": 2021, "month": 11, "avg_high_c": 12.26, "avg_low_c": 4.72, "total_rain_mm": 156.92, "total_rain_in": 6.18 }, { "year": 2021, "month": 12, "avg_high_c": 5.99, "avg_low_c": 1.66, "total_rain_mm": 254.46, "total_rain_in": 10.02 }, { "year": 2022, "month": 1, "avg_high_c": 10.25, "avg_low_c": 1.58, "total_rain_mm": 140.49, "total_rain_in": 5.53 }, { "year": 2022, "month": 2, "avg_high_c": 10.43, "avg_low_c": 1.5, "total_rain_mm": 44.88, "total_rain_in": 1.77 }, { "year": 2022, "month": 3, "avg_high_c": 11.97, "avg_low_c": 3.41, "total_rain_mm": 100.24, "total_rain_in": 3.95 }, { "year": 2022, "month": 4, "avg_high_c": 11.32, "avg_low_c": 2.64, "total_rain_mm": 161.54, "total_rain_in": 6.36 }, { "year": 2022, "month": 5, "avg_high_c": 14.57, "avg_low_c": 5.9, "total_rain_mm": 174.98, "total_rain_in": 6.89 }, { "year": 2022, "month": 6, "avg_high_c": 19.98, "avg_low_c": 9.33, "total_rain_mm": 99.4, "total_rain_in": 3.91 }, { "year": 2022, "month": 7, "avg_high_c": 24.74, "avg_low_c": 12.38, "total_rain_mm": 7.74, "total_rain_in": 0.3 }, { "year": 2022, "month": 8, "avg_high_c": 26.85, "avg_low_c": 12.9, "total_rain_mm": 1.93, "total_rain_in": 0.08 }, { "year": 2022, "month": 9, "avg_high_c": 25.2, "avg_low_c": 10.87, "total_rain_mm": 8.62, "total_rain_in": 0.34 }, { "year": 2022, "month": 10, "avg_high_c": 21.99, "avg_low_c": 8.89, "total_rain_mm": 57.5, "total_rain_in": 2.26 }, { "year": 2022, "month": 11, "avg_high_c": 9.82, "avg_low_c": 0.86, "total_rain_mm": 160.98, "total_rain_in": 6.34 }, { "year": 2022, "month": 12, "avg_high_c": 7.61, "avg_low_c": 1.27, "total_rain_mm": 173.4, "total_rain_in": 6.83 }, { "year": 2023, "month": 1, "avg_high_c": 7.82, "avg_low_c": 1.42, "total_rain_mm": 94.49, "total_rain_in": 3.72 }, { "year": 2023, "month": 2, "avg_high_c": 7.78, "avg_low_c": -0.04, "total_rain_mm": 112.98, "total_rain_in": 4.45 }, { "year": 2023, "month": 3, "avg_high_c": 7.61, "avg_low_c": -0.22, "total_rain_mm": 193.63, "total_rain_in": 7.62 }, { "year": 2023, "month": 4, "avg_high_c": 11.76, "avg_low_c": 3.48, "total_rain_mm": 155.44, "total_rain_in": 6.12 }, { "year": 2023, "month": 5, "avg_high_c": 19.43, "avg_low_c": 8.12, "total_rain_mm": 27.62, "total_rain_in": 1.09 }, { "year": 2023, "month": 6, "avg_high_c": 21.13, "avg_low_c": 8.79, "total_rain_mm": 13.29, "total_rain_in": 0.52 }, { "year": 2023, "month": 7, "avg_high_c": 26.83, "avg_low_c": 11.23, "total_rain_mm": 0.8, "total_rain_in": 0.03 }, { "year": 2023, "month": 8, "avg_high_c": 29.16, "avg_low_c": 12.95, "total_rain_mm": 13.99, "total_rain_in": 0.55 }, { "year": 2023, "month": 9, "avg_high_c": 24.05, "avg_low_c": 10.15, "total_rain_mm": 56.6, "total_rain_in": 2.23 }, { "year": 2023, "month": 10, "avg_high_c": 18.3, "avg_low_c": 7.1, "total_rain_mm": 106.79, "total_rain_in": 4.2 }, { "year": 2023, "month": 11, "avg_high_c": 12.28, "avg_low_c": 3.5, "total_rain_mm": 139.45, "total_rain_in": 5.49 }, { "year": 2023, "month": 12, "avg_high_c": 10.7, "avg_low_c": 4.32, "total_rain_mm": 245.67, "total_rain_in": 9.67 }, { "year": 2024, "month": 1, "avg_high_c": 9.33, "avg_low_c": 4.32, "total_rain_mm": 351.31, "total_rain_in": 13.83 }, { "year": 2024, "month": 2, "avg_high_c": 9.73, "avg_low_c": 3.04, "total_rain_mm": 178.71, "total_rain_in": 7.04 }, { "year": 2024, "month": 3, "avg_high_c": 10.96, "avg_low_c": 2.61, "total_rain_mm": 164.28, "total_rain_in": 6.47 }, { "year": 2024, "month": 4, "avg_high_c": 13.62, "avg_low_c": 4.03, "total_rain_mm": 93.19, "total_rain_in": 3.67 }, { "year": 2024, "month": 5, "avg_high_c": 16.89, "avg_low_c": 5.88, "total_rain_mm": 103.89, "total_rain_in": 4.09 }, { "year": 2024, "month": 6, "avg_high_c": 20.35, "avg_low_c": 9.04, "total_rain_mm": 54.09, "total_rain_in": 2.13 }, { "year": 2024, "month": 7, "avg_high_c": 26.5, "avg_low_c": 12.22, "total_rain_mm": 3.37, "total_rain_in": 0.13 }, { "year": 2024, "month": 8, "avg_high_c": 26.3, "avg_low_c": 12.01, "total_rain_mm": 24.29, "total_rain_in": 0.96 }, { "year": 2024, "month": 9, "avg_high_c": 25.02, "avg_low_c": 10.59, "total_rain_mm": 32.9, "total_rain_in": 1.3 }, { "year": 2024, "month": 10, "avg_high_c": 19.19, "avg_low_c": 6.89, "total_rain_mm": 98.47, "total_rain_in": 3.88 }, { "year": 2024, "month": 11, "avg_high_c": 9.64, "avg_low_c": 3.86, "total_rain_mm": 293.22, "total_rain_in": 11.54 }, { "year": 2024, "month": 12, "avg_high_c": 9.76, "avg_low_c": 3.29, "total_rain_mm": 295.17, "total_rain_in": 11.62 }, { "year": 2025, "month": 1, "avg_high_c": 8.65, "avg_low_c": 0.33, "total_rain_mm": 131.95, "total_rain_in": 5.19 }, { "year": 2025, "month": 2, "avg_high_c": 8.13, "avg_low_c": 1.66, "total_rain_mm": 190.55, "total_rain_in": 7.5 }, { "year": 2025, "month": 3, "avg_high_c": 11.05, "avg_low_c": 4.06, "total_rain_mm": 268.39, "total_rain_in": 10.57 }, { "year": 2025, "month": 4, "avg_high_c": 15.16, "avg_low_c": 4.32, "total_rain_mm": 58.55, "total_rain_in": 2.31 }, { "year": 2025, "month": 5, "avg_high_c": 17.27, "avg_low_c": 6.52, "total_rain_mm": 44.19, "total_rain_in": 1.74 }, { "year": 2025, "month": 6, "avg_high_c": 21.41, "avg_low_c": 9.22, "total_rain_mm": 31.7, "total_rain_in": 1.25 }, { "year": 2025, "month": 7, "avg_high_c": 26.68, "avg_low_c": 11.54, "total_rain_mm": 0.73, "total_rain_in": 0.03 }, { "year": 2025, "month": 8, "avg_high_c": 29.54, "avg_low_c": 13.29, "total_rain_mm": 10.11, "total_rain_in": 0.4 }, { "year": 2025, "month": 9, "avg_high_c": 25.66, "avg_low_c": 10.95, "total_rain_mm": 47.25, "total_rain_in": 1.86 }, { "year": 2025, "month": 10, "avg_high_c": 16.4, "avg_low_c": 6.01, "total_rain_mm": 126.39, "total_rain_in": 4.98 }, { "year": 2025, "month": 11, "avg_high_c": 12.57, "avg_low_c": 5.3, "total_rain_mm": 124.05, "total_rain_in": 4.88 }, { "year": 2025, "month": 12, "avg_high_c": 10.45, "avg_low_c": 4.15, "total_rain_mm": 259.14, "total_rain_in": 10.2 } ] }, "geometry": { "type": "MultiPolygon", "coordinates": [ [ [ [ -123.284898261346655, 44.208606671110395 ], [ -123.284898262037629, 44.208337176741111 ], [ -123.284898261682443, 44.207977850165818 ], [ -123.284269441708076, 44.207977850277835 ], [ -123.283640620392418, 44.207977850505159 ], [ -123.283640620547288, 44.207708355773619 ], [ -123.283910115105527, 44.207708355208069 ], [ -123.283910115096674, 44.207079534601796 ], [ -123.283640620270404, 44.20707953481508 ], [ -123.283640619838692, 44.206720208702158 ], [ -123.284269441411553, 44.206720208769617 ], [ -123.284898262136394, 44.206360882436478 ], [ -123.285527083118822, 44.206091388063669 ], [ -123.285796576713139, 44.205732062113228 ], [ -123.28579657709578, 44.205462567686375 ], [ -123.285527082515287, 44.205103241211738 ], [ -123.285167756304801, 44.205103241044114 ], [ -123.285167756419426, 44.204833746607079 ], [ -123.285527081982138, 44.204474420865552 ], [ -123.28579657705842, 44.204204925609702 ], [ -123.286155903194285, 44.20420492589691 ], [ -123.286155903174688, 44.204833746310818 ], [ -123.286155903369391, 44.205103241509939 ], [ -123.286155902994338, 44.205732062204092 ], [ -123.286155902897846, 44.206720208647752 ], [ -123.286425397432524, 44.20734903003369 ], [ -123.286425397932987, 44.207708355956051 ], [ -123.286425398130589, 44.207977850138768 ], [ -123.286155903056567, 44.20833717625689 ], [ -123.285527083038289, 44.208606670761526 ], [ -123.284898261346655, 44.208606671110395 ] ], [ [ -123.285167756794166, 44.207708355859452 ], [ -123.285167756217092, 44.207349029486636 ], [ -123.284898261662832, 44.207349029159758 ], [ -123.284898262017975, 44.207708355278477 ], [ -123.285167756794166, 44.207708355859452 ] ] ] ] } },
{ "type": "Feature", "properties": { "field_id": "WV_AG_031", "lat": 44.74281558853815, "lon": -122.91978136495452, "area_acres": 12.2937616877912, "crop_code": 36, "cdl_crop": "Alfalfa", "crop_dominant_pct": 98.1, "soil_muname": "Salem gravelly silt loam", "soil_drainage": "Well drained", "soil_clay_pct": 17.5, "soil_sand_pct": 29.1, "soil_silt_pct": 53.4, "soil_om_pct": 4.0, "soil_ph": 6.1, "soil_cec": 15.0, "soil_depth_cm": 0.0, "weather_monthly": [ { "year": 2020, "month": 1, "avg_high_c": 8.29, "avg_low_c": 3.45, "total_rain_mm": 335.74, "total_rain_in": 13.22 }, { "year": 2020, "month": 2, "avg_high_c": 9.41, "avg_low_c": 1.31, "total_rain_mm": 106.13, "total_rain_in": 4.18 }, { "year": 2020, "month": 3, "avg_high_c": 10.89, "avg_low_c": 1.82, "total_rain_mm": 122.53, "total_rain_in": 4.82 }, { "year": 2020, "month": 4, "avg_high_c": 15.33, "avg_low_c": 4.78, "total_rain_mm": 69.14, "total_rain_in": 2.72 }, { "year": 2020, "month": 5, "avg_high_c": 17.79, "avg_low_c": 7.72, "total_rain_mm": 134.18, "total_rain_in": 5.28 }, { "year": 2020, "month": 6, "avg_high_c": 19.47, "avg_low_c": 9.28, "total_rain_mm": 75.69, "total_rain_in": 2.98 }, { "year": 2020, "month": 7, "avg_high_c": 23.62, "avg_low_c": 10.84, "total_rain_mm": 1.22, "total_rain_in": 0.05 }, { "year": 2020, "month": 8, "avg_high_c": 25.28, "avg_low_c": 10.98, "total_rain_mm": 2.78, "total_rain_in": 0.11 }, { "year": 2020, "month": 9, "avg_high_c": 24.88, "avg_low_c": 11.82, "total_rain_mm": 72.75, "total_rain_in": 2.86 }, { "year": 2020, "month": 10, "avg_high_c": 18.05, "avg_low_c": 6.83, "total_rain_mm": 69.47, "total_rain_in": 2.74 }, { "year": 2020, "month": 11, "avg_high_c": 10.89, "avg_low_c": 2.86, "total_rain_mm": 232.5, "total_rain_in": 9.15 }, { "year": 2020, "month": 12, "avg_high_c": 9.48, "avg_low_c": 1.8, "total_rain_mm": 218.39, "total_rain_in": 8.6 }, { "year": 2021, "month": 1, "avg_high_c": 8.91, "avg_low_c": 2.45, "total_rain_mm": 254.08, "total_rain_in": 10.0 }, { "year": 2021, "month": 2, "avg_high_c": 7.83, "avg_low_c": 1.9, "total_rain_mm": 199.0, "total_rain_in": 7.83 }, { "year": 2021, "month": 3, "avg_high_c": 11.03, "avg_low_c": 1.41, "total_rain_mm": 76.2, "total_rain_in": 3.0 }, { "year": 2021, "month": 4, "avg_high_c": 16.03, "avg_low_c": 3.49, "total_rain_mm": 26.64, "total_rain_in": 1.05 }, { "year": 2021, "month": 5, "avg_high_c": 17.61, "avg_low_c": 6.63, "total_rain_mm": 32.61, "total_rain_in": 1.28 }, { "year": 2021, "month": 6, "avg_high_c": 23.31, "avg_low_c": 10.75, "total_rain_mm": 48.27, "total_rain_in": 1.9 }, { "year": 2021, "month": 7, "avg_high_c": 26.5, "avg_low_c": 11.41, "total_rain_mm": 1.97, "total_rain_in": 0.08 }, { "year": 2021, "month": 8, "avg_high_c": 27.12, "avg_low_c": 12.3, "total_rain_mm": 1.69, "total_rain_in": 0.07 }, { "year": 2021, "month": 9, "avg_high_c": 24.68, "avg_low_c": 9.98, "total_rain_mm": 85.39, "total_rain_in": 3.36 }, { "year": 2021, "month": 10, "avg_high_c": 15.78, "avg_low_c": 6.61, "total_rain_mm": 126.84, "total_rain_in": 4.99 }, { "year": 2021, "month": 11, "avg_high_c": 12.39, "avg_low_c": 4.82, "total_rain_mm": 205.74, "total_rain_in": 8.1 }, { "year": 2021, "month": 12, "avg_high_c": 6.18, "avg_low_c": 1.36, "total_rain_mm": 308.92, "total_rain_in": 12.16 }, { "year": 2022, "month": 1, "avg_high_c": 9.77, "avg_low_c": 1.92, "total_rain_mm": 158.73, "total_rain_in": 6.25 }, { "year": 2022, "month": 2, "avg_high_c": 10.27, "avg_low_c": 1.55, "total_rain_mm": 85.78, "total_rain_in": 3.38 }, { "year": 2022, "month": 3, "avg_high_c": 12.11, "avg_low_c": 3.66, "total_rain_mm": 115.37, "total_rain_in": 4.54 }, { "year": 2022, "month": 4, "avg_high_c": 11.74, "avg_low_c": 2.97, "total_rain_mm": 181.66, "total_rain_in": 7.15 }, { "year": 2022, "month": 5, "avg_high_c": 15.02, "avg_low_c": 6.09, "total_rain_mm": 173.68, "total_rain_in": 6.84 }, { "year": 2022, "month": 6, "avg_high_c": 20.05, "avg_low_c": 9.46, "total_rain_mm": 102.97, "total_rain_in": 4.05 }, { "year": 2022, "month": 7, "avg_high_c": 24.84, "avg_low_c": 12.19, "total_rain_mm": 7.17, "total_rain_in": 0.28 }, { "year": 2022, "month": 8, "avg_high_c": 26.1, "avg_low_c": 12.91, "total_rain_mm": 2.85, "total_rain_in": 0.11 }, { "year": 2022, "month": 9, "avg_high_c": 24.47, "avg_low_c": 11.0, "total_rain_mm": 8.81, "total_rain_in": 0.35 }, { "year": 2022, "month": 10, "avg_high_c": 21.37, "avg_low_c": 8.75, "total_rain_mm": 58.08, "total_rain_in": 2.29 }, { "year": 2022, "month": 11, "avg_high_c": 9.79, "avg_low_c": 0.95, "total_rain_mm": 178.0, "total_rain_in": 7.01 }, { "year": 2022, "month": 12, "avg_high_c": 7.87, "avg_low_c": 1.37, "total_rain_mm": 195.13, "total_rain_in": 7.68 }, { "year": 2023, "month": 1, "avg_high_c": 8.03, "avg_low_c": 1.69, "total_rain_mm": 125.73, "total_rain_in": 4.95 }, { "year": 2023, "month": 2, "avg_high_c": 7.67, "avg_low_c": 0.08, "total_rain_mm": 120.26, "total_rain_in": 4.73 }, { "year": 2023, "month": 3, "avg_high_c": 8.6, "avg_low_c": 0.45, "total_rain_mm": 204.35, "total_rain_in": 8.05 }, { "year": 2023, "month": 4, "avg_high_c": 12.24, "avg_low_c": 3.7, "total_rain_mm": 183.89, "total_rain_in": 7.24 }, { "year": 2023, "month": 5, "avg_high_c": 19.84, "avg_low_c": 8.26, "total_rain_mm": 19.98, "total_rain_in": 0.79 }, { "year": 2023, "month": 6, "avg_high_c": 21.61, "avg_low_c": 8.67, "total_rain_mm": 11.98, "total_rain_in": 0.47 }, { "year": 2023, "month": 7, "avg_high_c": 26.14, "avg_low_c": 11.26, "total_rain_mm": 1.1, "total_rain_in": 0.04 }, { "year": 2023, "month": 8, "avg_high_c": 28.47, "avg_low_c": 13.2, "total_rain_mm": 15.84, "total_rain_in": 0.62 }, { "year": 2023, "month": 9, "avg_high_c": 23.69, "avg_low_c": 10.6, "total_rain_mm": 69.32, "total_rain_in": 2.73 }, { "year": 2023, "month": 10, "avg_high_c": 18.08, "avg_low_c": 7.62, "total_rain_mm": 112.67, "total_rain_in": 4.44 }, { "year": 2023, "month": 11, "avg_high_c": 12.32, "avg_low_c": 3.76, "total_rain_mm": 171.73, "total_rain_in": 6.76 }, { "year": 2023, "month": 12, "avg_high_c": 10.81, "avg_low_c": 4.63, "total_rain_mm": 291.62, "total_rain_in": 11.48 }, { "year": 2024, "month": 1, "avg_high_c": 9.42, "avg_low_c": 4.06, "total_rain_mm": 392.13, "total_rain_in": 15.44 }, { "year": 2024, "month": 2, "avg_high_c": 10.23, "avg_low_c": 3.33, "total_rain_mm": 199.65, "total_rain_in": 7.86 }, { "year": 2024, "month": 3, "avg_high_c": 11.63, "avg_low_c": 2.94, "total_rain_mm": 178.34, "total_rain_in": 7.02 }, { "year": 2024, "month": 4, "avg_high_c": 14.12, "avg_low_c": 4.3, "total_rain_mm": 93.08, "total_rain_in": 3.66 }, { "year": 2024, "month": 5, "avg_high_c": 17.1, "avg_low_c": 6.17, "total_rain_mm": 106.35, "total_rain_in": 4.19 }, { "year": 2024, "month": 6, "avg_high_c": 20.44, "avg_low_c": 9.21, "total_rain_mm": 57.73, "total_rain_in": 2.27 }, { "year": 2024, "month": 7, "avg_high_c": 26.3, "avg_low_c": 11.94, "total_rain_mm": 5.44, "total_rain_in": 0.21 }, { "year": 2024, "month": 8, "avg_high_c": 25.26, "avg_low_c": 12.04, "total_rain_mm": 20.57, "total_rain_in": 0.81 }, { "year": 2024, "month": 9, "avg_high_c": 24.25, "avg_low_c": 10.86, "total_rain_mm": 34.03, "total_rain_in": 1.34 }, { "year": 2024, "month": 10, "avg_high_c": 18.82, "avg_low_c": 7.09, "total_rain_mm": 123.02, "total_rain_in": 4.84 }, { "year": 2024, "month": 11, "avg_high_c": 10.25, "avg_low_c": 4.12, "total_rain_mm": 316.42, "total_rain_in": 12.46 }, { "year": 2024, "month": 12, "avg_high_c": 9.56, "avg_low_c": 3.41, "total_rain_mm": 301.4, "total_rain_in": 11.87 }, { "year": 2025, "month": 1, "avg_high_c": 8.3, "avg_low_c": 0.38, "total_rain_mm": 131.61, "total_rain_in": 5.18 }, { "year": 2025, "month": 2, "avg_high_c": 8.57, "avg_low_c": 1.98, "total_rain_mm": 208.24, "total_rain_in": 8.2 }, { "year": 2025, "month": 3, "avg_high_c": 11.43, "avg_low_c": 4.26, "total_rain_mm": 258.95, "total_rain_in": 10.19 }, { "year": 2025, "month": 4, "avg_high_c": 15.68, "avg_low_c": 4.55, "total_rain_mm": 62.07, "total_rain_in": 2.44 }, { "year": 2025, "month": 5, "avg_high_c": 17.55, "avg_low_c": 6.39, "total_rain_mm": 43.47, "total_rain_in": 1.71 }, { "year": 2025, "month": 6, "avg_high_c": 21.52, "avg_low_c": 9.24, "total_rain_mm": 31.15, "total_rain_in": 1.23 }, { "year": 2025, "month": 7, "avg_high_c": 25.74, "avg_low_c": 11.48, "total_rain_mm": 0.4, "total_rain_in": 0.02 }, { "year": 2025, "month": 8, "avg_high_c": 28.03, "avg_low_c": 13.28, "total_rain_mm": 12.83, "total_rain_in": 0.51 }, { "year": 2025, "month": 9, "avg_high_c": 24.93, "avg_low_c": 11.27, "total_rain_mm": 48.46, "total_rain_in": 1.91 }, { "year": 2025, "month": 10, "avg_high_c": 15.99, "avg_low_c": 6.03, "total_rain_mm": 137.17, "total_rain_in": 5.4 }, { "year": 2025, "month": 11, "avg_high_c": 12.27, "avg_low_c": 5.4, "total_rain_mm": 167.03, "total_rain_in": 6.58 }, { "year": 2025, "month": 12, "avg_high_c": 10.32, "avg_low_c": 4.3, "total_rain_mm": 310.36, "total_rain_in": 12.22 } ] }, "geometry": { "type": "MultiPolygon", "coordinates": [ [ [ [ -122.919191208836466, 44.743947919307928 ], [ -122.919191208234196, 44.743588592887114 ], [ -122.918831882693766, 44.743588592584686 ], [ -122.918831882247417, 44.743319098488271 ], [ -122.918562387915443, 44.743319098589069 ], [ -122.917574240447152, 44.742690277613953 ], [ -122.917574240461633, 44.742330951987057 ], [ -122.917933566745972, 44.742330951321215 ], [ -122.917933566751472, 44.742061456761519 ], [ -122.918562388042915, 44.742061456904857 ], [ -122.918831882563538, 44.742061456662384 ], [ -122.919460702839899, 44.742061456537286 ], [ -122.920089523315909, 44.742061457158663 ], [ -122.920448849778793, 44.742061456890745 ], [ -122.921077670454537, 44.742061456570696 ], [ -122.921436996763532, 44.742061456488379 ], [ -122.921436996330328, 44.742330951222328 ], [ -122.922335312423755, 44.742330951681389 ], [ -122.922335311705311, 44.742690278017122 ], [ -122.921706491549728, 44.742690277313649 ], [ -122.921077670940036, 44.742959772219287 ], [ -122.921077671164994, 44.743319098417331 ], [ -122.920808175410414, 44.74358859260547 ], [ -122.920089524104611, 44.743947918878568 ], [ -122.919191208836466, 44.743947919307928 ] ] ] ] } },
{ "type": "Feature", "properties": { "field_id": "WV_AG_032", "lat": 44.274762921145829, "lon": -123.19060547723261, "area_acres": 14.0631770965139, "crop_code": 24, "cdl_crop": "Winter Wheat", "crop_dominant_pct": 92.3, "soil_muname": "Chehalis silty clay loam, occasionally flooded", "soil_drainage": "Well drained", "soil_clay_pct": 35.0, "soil_sand_pct": 6.5, "soil_silt_pct": 58.5, "soil_om_pct": 7.5, "soil_ph": 6.1, "soil_cec": 30.0, "soil_depth_cm": 0.0, "weather_monthly": [ { "year": 2020, "month": 1, "avg_high_c": 8.29, "avg_low_c": 3.45, "total_rain_mm": 335.74, "total_rain_in": 13.22 }, { "year": 2020, "month": 2, "avg_high_c": 9.41, "avg_low_c": 1.31, "total_rain_mm": 106.13, "total_rain_in": 4.18 }, { "year": 2020, "month": 3, "avg_high_c": 10.89, "avg_low_c": 1.82, "total_rain_mm": 122.53, "total_rain_in": 4.82 }, { "year": 2020, "month": 4, "avg_high_c": 15.33, "avg_low_c": 4.78, "total_rain_mm": 69.14, "total_rain_in": 2.72 }, { "year": 2020, "month": 5, "avg_high_c": 17.79, "avg_low_c": 7.72, "total_rain_mm": 134.18, "total_rain_in": 5.28 }, { "year": 2020, "month": 6, "avg_high_c": 19.47, "avg_low_c": 9.28, "total_rain_mm": 75.69, "total_rain_in": 2.98 }, { "year": 2020, "month": 7, "avg_high_c": 23.62, "avg_low_c": 10.84, "total_rain_mm": 1.22, "total_rain_in": 0.05 }, { "year": 2020, "month": 8, "avg_high_c": 25.28, "avg_low_c": 10.98, "total_rain_mm": 2.78, "total_rain_in": 0.11 }, { "year": 2020, "month": 9, "avg_high_c": 24.88, "avg_low_c": 11.82, "total_rain_mm": 72.75, "total_rain_in": 2.86 }, { "year": 2020, "month": 10, "avg_high_c": 18.05, "avg_low_c": 6.83, "total_rain_mm": 69.47, "total_rain_in": 2.74 }, { "year": 2020, "month": 11, "avg_high_c": 10.89, "avg_low_c": 2.86, "total_rain_mm": 232.5, "total_rain_in": 9.15 }, { "year": 2020, "month": 12, "avg_high_c": 9.48, "avg_low_c": 1.8, "total_rain_mm": 218.39, "total_rain_in": 8.6 }, { "year": 2021, "month": 1, "avg_high_c": 8.91, "avg_low_c": 2.45, "total_rain_mm": 254.08, "total_rain_in": 10.0 }, { "year": 2021, "month": 2, "avg_high_c": 7.83, "avg_low_c": 1.9, "total_rain_mm": 199.0, "total_rain_in": 7.83 }, { "year": 2021, "month": 3, "avg_high_c": 11.03, "avg_low_c": 1.41, "total_rain_mm": 76.2, "total_rain_in": 3.0 }, { "year": 2021, "month": 4, "avg_high_c": 16.03, "avg_low_c": 3.49, "total_rain_mm": 26.64, "total_rain_in": 1.05 }, { "year": 2021, "month": 5, "avg_high_c": 17.61, "avg_low_c": 6.63, "total_rain_mm": 32.61, "total_rain_in": 1.28 }, { "year": 2021, "month": 6, "avg_high_c": 23.31, "avg_low_c": 10.75, "total_rain_mm": 48.27, "total_rain_in": 1.9 }, { "year": 2021, "month": 7, "avg_high_c": 26.5, "avg_low_c": 11.41, "total_rain_mm": 1.97, "total_rain_in": 0.08 }, { "year": 2021, "month": 8, "avg_high_c": 27.12, "avg_low_c": 12.3, "total_rain_mm": 1.69, "total_rain_in": 0.07 }, { "year": 2021, "month": 9, "avg_high_c": 24.68, "avg_low_c": 9.98, "total_rain_mm": 85.39, "total_rain_in": 3.36 }, { "year": 2021, "month": 10, "avg_high_c": 15.78, "avg_low_c": 6.61, "total_rain_mm": 126.84, "total_rain_in": 4.99 }, { "year": 2021, "month": 11, "avg_high_c": 12.39, "avg_low_c": 4.82, "total_rain_mm": 205.74, "total_rain_in": 8.1 }, { "year": 2021, "month": 12, "avg_high_c": 6.18, "avg_low_c": 1.36, "total_rain_mm": 308.92, "total_rain_in": 12.16 }, { "year": 2022, "month": 1, "avg_high_c": 9.77, "avg_low_c": 1.92, "total_rain_mm": 158.73, "total_rain_in": 6.25 }, { "year": 2022, "month": 2, "avg_high_c": 10.27, "avg_low_c": 1.55, "total_rain_mm": 85.78, "total_rain_in": 3.38 }, { "year": 2022, "month": 3, "avg_high_c": 12.11, "avg_low_c": 3.66, "total_rain_mm": 115.37, "total_rain_in": 4.54 }, { "year": 2022, "month": 4, "avg_high_c": 11.74, "avg_low_c": 2.97, "total_rain_mm": 181.66, "total_rain_in": 7.15 }, { "year": 2022, "month": 5, "avg_high_c": 15.02, "avg_low_c": 6.09, "total_rain_mm": 173.68, "total_rain_in": 6.84 }, { "year": 2022, "month": 6, "avg_high_c": 20.05, "avg_low_c": 9.46, "total_rain_mm": 102.97, "total_rain_in": 4.05 }, { "year": 2022, "month": 7, "avg_high_c": 24.84, "avg_low_c": 12.19, "total_rain_mm": 7.17, "total_rain_in": 0.28 }, { "year": 2022, "month": 8, "avg_high_c": 26.1, "avg_low_c": 12.91, "total_rain_mm": 2.85, "total_rain_in": 0.11 }, { "year": 2022, "month": 9, "avg_high_c": 24.47, "avg_low_c": 11.0, "total_rain_mm": 8.81, "total_rain_in": 0.35 }, { "year": 2022, "month": 10, "avg_high_c": 21.37, "avg_low_c": 8.75, "total_rain_mm": 58.08, "total_rain_in": 2.29 }, { "year": 2022, "month": 11, "avg_high_c": 9.79, "avg_low_c": 0.95, "total_rain_mm": 178.0, "total_rain_in": 7.01 }, { "year": 2022, "month": 12, "avg_high_c": 7.87, "avg_low_c": 1.37, "total_rain_mm": 195.13, "total_rain_in": 7.68 }, { "year": 2023, "month": 1, "avg_high_c": 8.03, "avg_low_c": 1.69, "total_rain_mm": 125.73, "total_rain_in": 4.95 }, { "year": 2023, "month": 2, "avg_high_c": 7.67, "avg_low_c": 0.08, "total_rain_mm": 120.26, "total_rain_in": 4.73 }, { "year": 2023, "month": 3, "avg_high_c": 8.6, "avg_low_c": 0.45, "total_rain_mm": 204.35, "total_rain_in": 8.05 }, { "year": 2023, "month": 4, "avg_high_c": 12.24, "avg_low_c": 3.7, "total_rain_mm": 183.89, "total_rain_in": 7.24 }, { "year": 2023, "month": 5, "avg_high_c": 19.84, "avg_low_c": 8.26, "total_rain_mm": 19.98, "total_rain_in": 0.79 }, { "year": 2023, "month": 6, "avg_high_c": 21.61, "avg_low_c": 8.67, "total_rain_mm": 11.98, "total_rain_in": 0.47 }, { "year": 2023, "month": 7, "avg_high_c": 26.14, "avg_low_c": 11.26, "total_rain_mm": 1.1, "total_rain_in": 0.04 }, { "year": 2023, "month": 8, "avg_high_c": 28.47, "avg_low_c": 13.2, "total_rain_mm": 15.84, "total_rain_in": 0.62 }, { "year": 2023, "month": 9, "avg_high_c": 23.69, "avg_low_c": 10.6, "total_rain_mm": 69.32, "total_rain_in": 2.73 }, { "year": 2023, "month": 10, "avg_high_c": 18.08, "avg_low_c": 7.62, "total_rain_mm": 112.67, "total_rain_in": 4.44 }, { "year": 2023, "month": 11, "avg_high_c": 12.32, "avg_low_c": 3.76, "total_rain_mm": 171.73, "total_rain_in": 6.76 }, { "year": 2023, "month": 12, "avg_high_c": 10.81, "avg_low_c": 4.63, "total_rain_mm": 291.62, "total_rain_in": 11.48 }, { "year": 2024, "month": 1, "avg_high_c": 9.42, "avg_low_c": 4.06, "total_rain_mm": 392.13, "total_rain_in": 15.44 }, { "year": 2024, "month": 2, "avg_high_c": 10.23, "avg_low_c": 3.33, "total_rain_mm": 199.65, "total_rain_in": 7.86 }, { "year": 2024, "month": 3, "avg_high_c": 11.63, "avg_low_c": 2.94, "total_rain_mm": 178.34, "total_rain_in": 7.02 }, { "year": 2024, "month": 4, "avg_high_c": 14.12, "avg_low_c": 4.3, "total_rain_mm": 93.08, "total_rain_in": 3.66 }, { "year": 2024, "month": 5, "avg_high_c": 17.1, "avg_low_c": 6.17, "total_rain_mm": 106.35, "total_rain_in": 4.19 }, { "year": 2024, "month": 6, "avg_high_c": 20.44, "avg_low_c": 9.21, "total_rain_mm": 57.73, "total_rain_in": 2.27 }, { "year": 2024, "month": 7, "avg_high_c": 26.3, "avg_low_c": 11.94, "total_rain_mm": 5.44, "total_rain_in": 0.21 }, { "year": 2024, "month": 8, "avg_high_c": 25.26, "avg_low_c": 12.04, "total_rain_mm": 20.57, "total_rain_in": 0.81 }, { "year": 2024, "month": 9, "avg_high_c": 24.25, "avg_low_c": 10.86, "total_rain_mm": 34.03, "total_rain_in": 1.34 }, { "year": 2024, "month": 10, "avg_high_c": 18.82, "avg_low_c": 7.09, "total_rain_mm": 123.02, "total_rain_in": 4.84 }, { "year": 2024, "month": 11, "avg_high_c": 10.25, "avg_low_c": 4.12, "total_rain_mm": 316.42, "total_rain_in": 12.46 }, { "year": 2024, "month": 12, "avg_high_c": 9.56, "avg_low_c": 3.41, "total_rain_mm": 301.4, "total_rain_in": 11.87 }, { "year": 2025, "month": 1, "avg_high_c": 8.3, "avg_low_c": 0.38, "total_rain_mm": 131.61, "total_rain_in": 5.18 }, { "year": 2025, "month": 2, "avg_high_c": 8.57, "avg_low_c": 1.98, "total_rain_mm": 208.24, "total_rain_in": 8.2 }, { "year": 2025, "month": 3, "avg_high_c": 11.43, "avg_low_c": 4.26, "total_rain_mm": 258.95, "total_rain_in": 10.19 }, { "year": 2025, "month": 4, "avg_high_c": 15.68, "avg_low_c": 4.55, "total_rain_mm": 62.07, "total_rain_in": 2.44 }, { "year": 2025, "month": 5, "avg_high_c": 17.55, "avg_low_c": 6.39, "total_rain_mm": 43.47, "total_rain_in": 1.71 }, { "year": 2025, "month": 6, "avg_high_c": 21.52, "avg_low_c": 9.24, "total_rain_mm": 31.15, "total_rain_in": 1.23 }, { "year": 2025, "month": 7, "avg_high_c": 25.74, "avg_low_c": 11.48, "total_rain_mm": 0.4, "total_rain_in": 0.02 }, { "year": 2025, "month": 8, "avg_high_c": 28.03, "avg_low_c": 13.28, "total_rain_mm": 12.83, "total_rain_in": 0.51 }, { "year": 2025, "month": 9, "avg_high_c": 24.93, "avg_low_c": 11.27, "total_rain_mm": 48.46, "total_rain_in": 1.91 }, { "year": 2025, "month": 10, "avg_high_c": 15.99, "avg_low_c": 6.03, "total_rain_mm": 137.17, "total_rain_in": 5.4 }, { "year": 2025, "month": 11, "avg_high_c": 12.27, "avg_low_c": 5.4, "total_rain_mm": 167.03, "total_rain_in": 6.58 }, { "year": 2025, "month": 12, "avg_high_c": 10.32, "avg_low_c": 4.3, "total_rain_mm": 310.36, "total_rain_in": 12.22 } ] }, "geometry": { "type": "MultiPolygon", "coordinates": [ [ [ [ -123.189946335933683, 44.27624981216254 ], [ -123.189946336190488, 44.275890485508981 ], [ -123.190305662656741, 44.275890485954143 ], [ -123.190305662326452, 44.27562099094758 ], [ -123.189946336081775, 44.275620990755634 ], [ -123.189676841540148, 44.275620991114167 ], [ -123.189676841784035, 44.275890485614333 ], [ -123.189048021124378, 44.275890485999419 ], [ -123.189048020612304, 44.275620991144955 ], [ -123.189317515620345, 44.275261664653861 ], [ -123.189676842018528, 44.275261665176536 ], [ -123.189676841898432, 44.274632844687709 ], [ -123.189317514859098, 44.274632844063959 ], [ -123.189317515038155, 44.273375203084946 ], [ -123.189946335740913, 44.273195539857305 ], [ -123.190575157026132, 44.273195540137742 ], [ -123.190575156754463, 44.273375202819921 ], [ -123.190934483374591, 44.273375202477979 ], [ -123.190934482677719, 44.273734529407797 ], [ -123.191563303994286, 44.273734528867259 ], [ -123.19183279836156, 44.274004024071672 ], [ -123.19183279774127, 44.274363349641568 ], [ -123.191203977830085, 44.274363349936138 ], [ -123.191203977757084, 44.274632844147625 ], [ -123.191832797754671, 44.274632844359473 ], [ -123.192461619114567, 44.274992170721156 ], [ -123.192461618859824, 44.275261665431799 ], [ -123.192192124425532, 44.275890486158488 ], [ -123.191832798596934, 44.275890485996818 ], [ -123.191832798353104, 44.275261665203672 ], [ -123.191203977704916, 44.275261664839611 ], [ -123.191203977298144, 44.275890485480602 ], [ -123.191203978096695, 44.276519306678146 ], [ -123.190934482540072, 44.276519306241653 ], [ -123.190934482832532, 44.276249812103067 ], [ -123.190575156519813, 44.276249811988599 ], [ -123.190305662742546, 44.276249812000181 ], [ -123.189946335933683, 44.27624981216254 ] ] ] ] } },
{ "type": "Feature", "properties": { "field_id": "WV_AG_033", "lat": 44.7858732100336, "lon": -123.34764665552954, "area_acres": 23.262926772553701, "crop_code": 24, "cdl_crop": "Winter Wheat", "crop_dominant_pct": 96.2, "soil_muname": "Woodburn silt loam, 0 to 3 percent slopes", "soil_drainage": "Moderately well drained", "soil_clay_pct": 15.0, "soil_sand_pct": 14.0, "soil_silt_pct": 71.0, "soil_om_pct": 4.0, "soil_ph": 6.1, "soil_cec": 15.0, "soil_depth_cm": 0.0, "weather_monthly": [ { "year": 2020, "month": 1, "avg_high_c": 8.33, "avg_low_c": 3.69, "total_rain_mm": 331.66, "total_rain_in": 13.06 }, { "year": 2020, "month": 2, "avg_high_c": 9.3, "avg_low_c": 1.59, "total_rain_mm": 119.69, "total_rain_in": 4.71 }, { "year": 2020, "month": 3, "avg_high_c": 10.58, "avg_low_c": 1.93, "total_rain_mm": 119.65, "total_rain_in": 4.71 }, { "year": 2020, "month": 4, "avg_high_c": 15.36, "avg_low_c": 4.91, "total_rain_mm": 65.25, "total_rain_in": 2.57 }, { "year": 2020, "month": 5, "avg_high_c": 18.1, "avg_low_c": 7.97, "total_rain_mm": 129.22, "total_rain_in": 5.09 }, { "year": 2020, "month": 6, "avg_high_c": 19.57, "avg_low_c": 9.34, "total_rain_mm": 97.62, "total_rain_in": 3.84 }, { "year": 2020, "month": 7, "avg_high_c": 24.4, "avg_low_c": 11.06, "total_rain_mm": 3.63, "total_rain_in": 0.14 }, { "year": 2020, "month": 8, "avg_high_c": 25.88, "avg_low_c": 11.44, "total_rain_mm": 5.11, "total_rain_in": 0.2 }, { "year": 2020, "month": 9, "avg_high_c": 24.8, "avg_low_c": 11.76, "total_rain_mm": 75.48, "total_rain_in": 2.97 }, { "year": 2020, "month": 10, "avg_high_c": 17.88, "avg_low_c": 7.03, "total_rain_mm": 95.76, "total_rain_in": 3.77 }, { "year": 2020, "month": 11, "avg_high_c": 10.62, "avg_low_c": 2.98, "total_rain_mm": 245.69, "total_rain_in": 9.67 }, { "year": 2020, "month": 12, "avg_high_c": 9.56, "avg_low_c": 2.24, "total_rain_mm": 231.54, "total_rain_in": 9.12 }, { "year": 2021, "month": 1, "avg_high_c": 8.81, "avg_low_c": 2.61, "total_rain_mm": 260.36, "total_rain_in": 10.25 }, { "year": 2021, "month": 2, "avg_high_c": 7.61, "avg_low_c": 1.86, "total_rain_mm": 215.93, "total_rain_in": 8.5 }, { "year": 2021, "month": 3, "avg_high_c": 11.05, "avg_low_c": 1.47, "total_rain_mm": 82.08, "total_rain_in": 3.23 }, { "year": 2021, "month": 4, "avg_high_c": 16.05, "avg_low_c": 3.87, "total_rain_mm": 27.34, "total_rain_in": 1.08 }, { "year": 2021, "month": 5, "avg_high_c": 18.03, "avg_low_c": 6.8, "total_rain_mm": 47.74, "total_rain_in": 1.88 }, { "year": 2021, "month": 6, "avg_high_c": 24.25, "avg_low_c": 11.1, "total_rain_mm": 49.29, "total_rain_in": 1.94 }, { "year": 2021, "month": 7, "avg_high_c": 27.3, "avg_low_c": 11.55, "total_rain_mm": 1.83, "total_rain_in": 0.07 }, { "year": 2021, "month": 8, "avg_high_c": 27.65, "avg_low_c": 12.56, "total_rain_mm": 2.92, "total_rain_in": 0.11 }, { "year": 2021, "month": 9, "avg_high_c": 24.55, "avg_low_c": 10.43, "total_rain_mm": 101.83, "total_rain_in": 4.01 }, { "year": 2021, "month": 10, "avg_high_c": 15.52, "avg_low_c": 6.56, "total_rain_mm": 148.73, "total_rain_in": 5.86 }, { "year": 2021, "month": 11, "avg_high_c": 12.28, "avg_low_c": 5.35, "total_rain_mm": 250.09, "total_rain_in": 9.85 }, { "year": 2021, "month": 12, "avg_high_c": 5.61, "avg_low_c": 0.97, "total_rain_mm": 309.17, "total_rain_in": 12.17 }, { "year": 2022, "month": 1, "avg_high_c": 9.29, "avg_low_c": 1.87, "total_rain_mm": 185.19, "total_rain_in": 7.29 }, { "year": 2022, "month": 2, "avg_high_c": 9.66, "avg_low_c": 1.72, "total_rain_mm": 98.54, "total_rain_in": 3.88 }, { "year": 2022, "month": 3, "avg_high_c": 11.99, "avg_low_c": 3.83, "total_rain_mm": 125.82, "total_rain_in": 4.95 }, { "year": 2022, "month": 4, "avg_high_c": 11.48, "avg_low_c": 2.65, "total_rain_mm": 200.52, "total_rain_in": 7.89 }, { "year": 2022, "month": 5, "avg_high_c": 15.04, "avg_low_c": 6.2, "total_rain_mm": 191.01, "total_rain_in": 7.52 }, { "year": 2022, "month": 6, "avg_high_c": 19.96, "avg_low_c": 9.78, "total_rain_mm": 128.91, "total_rain_in": 5.08 }, { "year": 2022, "month": 7, "avg_high_c": 25.26, "avg_low_c": 12.21, "total_rain_mm": 8.52, "total_rain_in": 0.34 }, { "year": 2022, "month": 8, "avg_high_c": 27.38, "avg_low_c": 13.3, "total_rain_mm": 1.96, "total_rain_in": 0.08 }, { "year": 2022, "month": 9, "avg_high_c": 25.27, "avg_low_c": 11.26, "total_rain_mm": 12.33, "total_rain_in": 0.49 }, { "year": 2022, "month": 10, "avg_high_c": 21.88, "avg_low_c": 8.89, "total_rain_mm": 83.79, "total_rain_in": 3.3 }, { "year": 2022, "month": 11, "avg_high_c": 9.53, "avg_low_c": 1.32, "total_rain_mm": 209.49, "total_rain_in": 8.25 }, { "year": 2022, "month": 12, "avg_high_c": 7.23, "avg_low_c": 1.41, "total_rain_mm": 213.47, "total_rain_in": 8.4 }, { "year": 2023, "month": 1, "avg_high_c": 8.1, "avg_low_c": 2.21, "total_rain_mm": 124.27, "total_rain_in": 4.89 }, { "year": 2023, "month": 2, "avg_high_c": 7.34, "avg_low_c": 0.11, "total_rain_mm": 126.83, "total_rain_in": 4.99 }, { "year": 2023, "month": 3, "avg_high_c": 8.74, "avg_low_c": 0.78, "total_rain_mm": 189.54, "total_rain_in": 7.46 }, { "year": 2023, "month": 4, "avg_high_c": 12.14, "avg_low_c": 3.83, "total_rain_mm": 194.6, "total_rain_in": 7.66 }, { "year": 2023, "month": 5, "avg_high_c": 20.07, "avg_low_c": 8.51, "total_rain_mm": 27.12, "total_rain_in": 1.07 }, { "year": 2023, "month": 6, "avg_high_c": 21.75, "avg_low_c": 8.84, "total_rain_mm": 19.41, "total_rain_in": 0.76 }, { "year": 2023, "month": 7, "avg_high_c": 26.77, "avg_low_c": 11.45, "total_rain_mm": 2.08, "total_rain_in": 0.08 }, { "year": 2023, "month": 8, "avg_high_c": 29.03, "avg_low_c": 13.52, "total_rain_mm": 21.34, "total_rain_in": 0.84 }, { "year": 2023, "month": 9, "avg_high_c": 23.57, "avg_low_c": 10.75, "total_rain_mm": 70.6, "total_rain_in": 2.78 }, { "year": 2023, "month": 10, "avg_high_c": 18.22, "avg_low_c": 7.61, "total_rain_mm": 117.2, "total_rain_in": 4.61 }, { "year": 2023, "month": 11, "avg_high_c": 11.95, "avg_low_c": 3.59, "total_rain_mm": 187.96, "total_rain_in": 7.4 }, { "year": 2023, "month": 12, "avg_high_c": 10.68, "avg_low_c": 4.45, "total_rain_mm": 295.35, "total_rain_in": 11.63 }, { "year": 2024, "month": 1, "avg_high_c": 8.28, "avg_low_c": 2.91, "total_rain_mm": 370.12, "total_rain_in": 14.57 }, { "year": 2024, "month": 2, "avg_high_c": 10.14, "avg_low_c": 3.26, "total_rain_mm": 200.23, "total_rain_in": 7.88 }, { "year": 2024, "month": 3, "avg_high_c": 11.51, "avg_low_c": 3.24, "total_rain_mm": 164.08, "total_rain_in": 6.46 }, { "year": 2024, "month": 4, "avg_high_c": 14.23, "avg_low_c": 4.47, "total_rain_mm": 94.88, "total_rain_in": 3.74 }, { "year": 2024, "month": 5, "avg_high_c": 17.15, "avg_low_c": 6.5, "total_rain_mm": 118.44, "total_rain_in": 4.66 }, { "year": 2024, "month": 6, "avg_high_c": 20.38, "avg_low_c": 9.29, "total_rain_mm": 74.42, "total_rain_in": 2.93 }, { "year": 2024, "month": 7, "avg_high_c": 27.02, "avg_low_c": 12.01, "total_rain_mm": 7.22, "total_rain_in": 0.28 }, { "year": 2024, "month": 8, "avg_high_c": 25.73, "avg_low_c": 12.22, "total_rain_mm": 22.59, "total_rain_in": 0.89 }, { "year": 2024, "month": 9, "avg_high_c": 24.48, "avg_low_c": 11.29, "total_rain_mm": 33.37, "total_rain_in": 1.31 }, { "year": 2024, "month": 10, "avg_high_c": 18.76, "avg_low_c": 7.37, "total_rain_mm": 131.82, "total_rain_in": 5.19 }, { "year": 2024, "month": 11, "avg_high_c": 9.95, "avg_low_c": 4.08, "total_rain_mm": 284.69, "total_rain_in": 11.21 }, { "year": 2024, "month": 12, "avg_high_c": 9.31, "avg_low_c": 3.22, "total_rain_mm": 297.03, "total_rain_in": 11.69 }, { "year": 2025, "month": 1, "avg_high_c": 7.89, "avg_low_c": 0.22, "total_rain_mm": 116.9, "total_rain_in": 4.6 }, { "year": 2025, "month": 2, "avg_high_c": 8.27, "avg_low_c": 1.66, "total_rain_mm": 206.54, "total_rain_in": 8.13 }, { "year": 2025, "month": 3, "avg_high_c": 11.38, "avg_low_c": 4.41, "total_rain_mm": 241.61, "total_rain_in": 9.51 }, { "year": 2025, "month": 4, "avg_high_c": 15.77, "avg_low_c": 4.72, "total_rain_mm": 64.12, "total_rain_in": 2.52 }, { "year": 2025, "month": 5, "avg_high_c": 17.45, "avg_low_c": 6.68, "total_rain_mm": 52.17, "total_rain_in": 2.05 }, { "year": 2025, "month": 6, "avg_high_c": 21.6, "avg_low_c": 9.69, "total_rain_mm": 34.37, "total_rain_in": 1.35 }, { "year": 2025, "month": 7, "avg_high_c": 26.13, "avg_low_c": 11.56, "total_rain_mm": 1.41, "total_rain_in": 0.06 }, { "year": 2025, "month": 8, "avg_high_c": 28.06, "avg_low_c": 13.39, "total_rain_mm": 20.61, "total_rain_in": 0.81 }, { "year": 2025, "month": 9, "avg_high_c": 24.77, "avg_low_c": 11.37, "total_rain_mm": 49.32, "total_rain_in": 1.94 }, { "year": 2025, "month": 10, "avg_high_c": 15.59, "avg_low_c": 6.02, "total_rain_mm": 148.04, "total_rain_in": 5.83 }, { "year": 2025, "month": 11, "avg_high_c": 11.64, "avg_low_c": 5.24, "total_rain_mm": 176.54, "total_rain_in": 6.95 }, { "year": 2025, "month": 12, "avg_high_c": 9.99, "avg_low_c": 4.33, "total_rain_mm": 352.37, "total_rain_in": 13.87 } ] }, "geometry": { "type": "MultiPolygon", "coordinates": [ [ [ [ -123.349116137703518, 44.785164377332578 ], [ -123.349116137132569, 44.784805051505941 ], [ -123.34875681269483, 44.784805051570039 ], [ -123.34848731815265, 44.784805051240475 ], [ -123.348487318159641, 44.785164377418511 ], [ -123.349116137703518, 44.785164377332578 ], [ -123.349385632545733, 44.785433871747223 ], [ -123.349385633057452, 44.786062692955838 ], [ -123.349744959700999, 44.786062693085761 ], [ -123.350014454557481, 44.78642201891028 ], [ -123.349744959262736, 44.786422018975202 ], [ -123.350014454002164, 44.786691513558431 ], [ -123.350014453426837, 44.787050839351942 ], [ -123.349385632999713, 44.787410165406484 ], [ -123.34875681179814, 44.787410165517372 ], [ -123.348756812646783, 44.787050839845655 ], [ -123.348487318344425, 44.787050839454032 ], [ -123.348127991873156, 44.787050839491698 ], [ -123.348127991674446, 44.787410165259949 ], [ -123.347499171774089, 44.787410165750387 ], [ -123.346870350277243, 44.787050839304911 ], [ -123.346511023629105, 44.786691513290023 ], [ -123.346241530131579, 44.786691513195983 ], [ -123.345882204089236, 44.786691513141214 ], [ -123.34561270852322, 44.786691513153087 ], [ -123.345253383199406, 44.786691513133903 ], [ -123.345253383034446, 44.785164377324811 ], [ -123.345253383043655, 44.78480505101556 ], [ -123.345612709103364, 44.784805051579383 ], [ -123.346241529977206, 44.784805050892281 ], [ -123.346511023936841, 44.784805051179383 ], [ -123.346870349860438, 44.784805051207911 ], [ -123.346870350619923, 44.784535556557202 ], [ -123.347139845434839, 44.784535557046645 ], [ -123.347768665858908, 44.784805051495439 ], [ -123.347768666037098, 44.785164377769995 ], [ -123.348127991311785, 44.785164377773107 ], [ -123.348127991646479, 44.78480505098868 ], [ -123.348127991380409, 44.784535556434491 ], [ -123.348127990860547, 44.78417623127644 ], [ -123.348127991449061, 44.783906735988673 ], [ -123.348487318382823, 44.78390673608196 ], [ -123.348756811762385, 44.783906735901702 ], [ -123.349116138200927, 44.783906736285445 ], [ -123.349116137201619, 44.784176230615536 ], [ -123.349116138131876, 44.784535556793308 ], [ -123.349385633170087, 44.784535556463958 ], [ -123.34938563282725, 44.785164377513162 ], [ -123.349116137703518, 44.785164377332578 ] ] ] ] } },
{ "type": "Feature", "properties": { "field_id": "WV_AG_034", "lat": 44.135256120617242, "lon": -123.07047455464338, "area_acres": 22.784202242668702, "crop_code": 24, "cdl_crop": "Winter Wheat", "crop_dominant_pct": 76.2, "soil_muname": "Newberg loam", "soil_drainage": "Well drained", "soil_clay_pct": 11.0, "soil_sand_pct": 45.6, "soil_silt_pct": 43.4, "soil_om_pct": 3.0, "soil_ph": 6.1, "soil_cec": 20.0, "soil_depth_cm": 0.0, "weather_monthly": [ { "year": 2020, "month": 1, "avg_high_c": 7.66, "avg_low_c": 3.21, "total_rain_mm": 280.71, "total_rain_in": 11.05 }, { "year": 2020, "month": 2, "avg_high_c": 9.12, "avg_low_c": 0.7, "total_rain_mm": 88.78, "total_rain_in": 3.5 }, { "year": 2020, "month": 3, "avg_high_c": 10.54, "avg_low_c": 1.58, "total_rain_mm": 108.69, "total_rain_in": 4.28 }, { "year": 2020, "month": 4, "avg_high_c": 15.02, "avg_low_c": 4.71, "total_rain_mm": 73.03, "total_rain_in": 2.88 }, { "year": 2020, "month": 5, "avg_high_c": 17.39, "avg_low_c": 7.19, "total_rain_mm": 120.67, "total_rain_in": 4.75 }, { "year": 2020, "month": 6, "avg_high_c": 19.11, "avg_low_c": 9.05, "total_rain_mm": 70.28, "total_rain_in": 2.77 }, { "year": 2020, "month": 7, "avg_high_c": 23.77, "avg_low_c": 11.01, "total_rain_mm": 1.23, "total_rain_in": 0.05 }, { "year": 2020, "month": 8, "avg_high_c": 26.66, "avg_low_c": 10.99, "total_rain_mm": 2.32, "total_rain_in": 0.09 }, { "year": 2020, "month": 9, "avg_high_c": 26.07, "avg_low_c": 11.71, "total_rain_mm": 58.73, "total_rain_in": 2.31 }, { "year": 2020, "month": 10, "avg_high_c": 19.05, "avg_low_c": 7.03, "total_rain_mm": 64.71, "total_rain_in": 2.55 }, { "year": 2020, "month": 11, "avg_high_c": 10.65, "avg_low_c": 2.51, "total_rain_mm": 204.9, "total_rain_in": 8.07 }, { "year": 2020, "month": 12, "avg_high_c": 9.4, "avg_low_c": 1.62, "total_rain_mm": 187.39, "total_rain_in": 7.38 }, { "year": 2021, "month": 1, "avg_high_c": 8.67, "avg_low_c": 2.37, "total_rain_mm": 184.79, "total_rain_in": 7.28 }, { "year": 2021, "month": 2, "avg_high_c": 7.16, "avg_low_c": 1.66, "total_rain_mm": 163.15, "total_rain_in": 6.42 }, { "year": 2021, "month": 3, "avg_high_c": 10.78, "avg_low_c": 1.09, "total_rain_mm": 68.13, "total_rain_in": 2.68 }, { "year": 2021, "month": 4, "avg_high_c": 15.69, "avg_low_c": 3.28, "total_rain_mm": 17.85, "total_rain_in": 0.7 }, { "year": 2021, "month": 5, "avg_high_c": 16.96, "avg_low_c": 6.41, "total_rain_mm": 33.24, "total_rain_in": 1.31 }, { "year": 2021, "month": 6, "avg_high_c": 23.28, "avg_low_c": 10.71, "total_rain_mm": 33.37, "total_rain_in": 1.31 }, { "year": 2021, "month": 7, "avg_high_c": 27.7, "avg_low_c": 11.54, "total_rain_mm": 1.42, "total_rain_in": 0.06 }, { "year": 2021, "month": 8, "avg_high_c": 27.84, "avg_low_c": 12.16, "total_rain_mm": 1.11, "total_rain_in": 0.04 }, { "year": 2021, "month": 9, "avg_high_c": 25.0, "avg_low_c": 9.64, "total_rain_mm": 82.72, "total_rain_in": 3.26 }, { "year": 2021, "month": 10, "avg_high_c": 16.05, "avg_low_c": 6.61, "total_rain_mm": 104.65, "total_rain_in": 4.12 }, { "year": 2021, "month": 11, "avg_high_c": 12.26, "avg_low_c": 4.72, "total_rain_mm": 156.92, "total_rain_in": 6.18 }, { "year": 2021, "month": 12, "avg_high_c": 5.99, "avg_low_c": 1.66, "total_rain_mm": 254.46, "total_rain_in": 10.02 }, { "year": 2022, "month": 1, "avg_high_c": 10.25, "avg_low_c": 1.58, "total_rain_mm": 140.49, "total_rain_in": 5.53 }, { "year": 2022, "month": 2, "avg_high_c": 10.43, "avg_low_c": 1.5, "total_rain_mm": 44.88, "total_rain_in": 1.77 }, { "year": 2022, "month": 3, "avg_high_c": 11.97, "avg_low_c": 3.41, "total_rain_mm": 100.24, "total_rain_in": 3.95 }, { "year": 2022, "month": 4, "avg_high_c": 11.32, "avg_low_c": 2.64, "total_rain_mm": 161.54, "total_rain_in": 6.36 }, { "year": 2022, "month": 5, "avg_high_c": 14.57, "avg_low_c": 5.9, "total_rain_mm": 174.98, "total_rain_in": 6.89 }, { "year": 2022, "month": 6, "avg_high_c": 19.98, "avg_low_c": 9.33, "total_rain_mm": 99.4, "total_rain_in": 3.91 }, { "year": 2022, "month": 7, "avg_high_c": 24.74, "avg_low_c": 12.38, "total_rain_mm": 7.74, "total_rain_in": 0.3 }, { "year": 2022, "month": 8, "avg_high_c": 26.85, "avg_low_c": 12.9, "total_rain_mm": 1.93, "total_rain_in": 0.08 }, { "year": 2022, "month": 9, "avg_high_c": 25.2, "avg_low_c": 10.87, "total_rain_mm": 8.62, "total_rain_in": 0.34 }, { "year": 2022, "month": 10, "avg_high_c": 21.99, "avg_low_c": 8.89, "total_rain_mm": 57.5, "total_rain_in": 2.26 }, { "year": 2022, "month": 11, "avg_high_c": 9.82, "avg_low_c": 0.86, "total_rain_mm": 160.98, "total_rain_in": 6.34 }, { "year": 2022, "month": 12, "avg_high_c": 7.61, "avg_low_c": 1.27, "total_rain_mm": 173.4, "total_rain_in": 6.83 }, { "year": 2023, "month": 1, "avg_high_c": 7.82, "avg_low_c": 1.42, "total_rain_mm": 94.49, "total_rain_in": 3.72 }, { "year": 2023, "month": 2, "avg_high_c": 7.78, "avg_low_c": -0.04, "total_rain_mm": 112.98, "total_rain_in": 4.45 }, { "year": 2023, "month": 3, "avg_high_c": 7.61, "avg_low_c": -0.22, "total_rain_mm": 193.63, "total_rain_in": 7.62 }, { "year": 2023, "month": 4, "avg_high_c": 11.76, "avg_low_c": 3.48, "total_rain_mm": 155.44, "total_rain_in": 6.12 }, { "year": 2023, "month": 5, "avg_high_c": 19.43, "avg_low_c": 8.12, "total_rain_mm": 27.62, "total_rain_in": 1.09 }, { "year": 2023, "month": 6, "avg_high_c": 21.13, "avg_low_c": 8.79, "total_rain_mm": 13.29, "total_rain_in": 0.52 }, { "year": 2023, "month": 7, "avg_high_c": 26.83, "avg_low_c": 11.23, "total_rain_mm": 0.8, "total_rain_in": 0.03 }, { "year": 2023, "month": 8, "avg_high_c": 29.16, "avg_low_c": 12.95, "total_rain_mm": 13.99, "total_rain_in": 0.55 }, { "year": 2023, "month": 9, "avg_high_c": 24.05, "avg_low_c": 10.15, "total_rain_mm": 56.6, "total_rain_in": 2.23 }, { "year": 2023, "month": 10, "avg_high_c": 18.3, "avg_low_c": 7.1, "total_rain_mm": 106.79, "total_rain_in": 4.2 }, { "year": 2023, "month": 11, "avg_high_c": 12.28, "avg_low_c": 3.5, "total_rain_mm": 139.45, "total_rain_in": 5.49 }, { "year": 2023, "month": 12, "avg_high_c": 10.7, "avg_low_c": 4.32, "total_rain_mm": 245.67, "total_rain_in": 9.67 }, { "year": 2024, "month": 1, "avg_high_c": 9.33, "avg_low_c": 4.32, "total_rain_mm": 351.31, "total_rain_in": 13.83 }, { "year": 2024, "month": 2, "avg_high_c": 9.73, "avg_low_c": 3.04, "total_rain_mm": 178.71, "total_rain_in": 7.04 }, { "year": 2024, "month": 3, "avg_high_c": 10.96, "avg_low_c": 2.61, "total_rain_mm": 164.28, "total_rain_in": 6.47 }, { "year": 2024, "month": 4, "avg_high_c": 13.62, "avg_low_c": 4.03, "total_rain_mm": 93.19, "total_rain_in": 3.67 }, { "year": 2024, "month": 5, "avg_high_c": 16.89, "avg_low_c": 5.88, "total_rain_mm": 103.89, "total_rain_in": 4.09 }, { "year": 2024, "month": 6, "avg_high_c": 20.35, "avg_low_c": 9.04, "total_rain_mm": 54.09, "total_rain_in": 2.13 }, { "year": 2024, "month": 7, "avg_high_c": 26.5, "avg_low_c": 12.22, "total_rain_mm": 3.37, "total_rain_in": 0.13 }, { "year": 2024, "month": 8, "avg_high_c": 26.3, "avg_low_c": 12.01, "total_rain_mm": 24.29, "total_rain_in": 0.96 }, { "year": 2024, "month": 9, "avg_high_c": 25.02, "avg_low_c": 10.59, "total_rain_mm": 32.9, "total_rain_in": 1.3 }, { "year": 2024, "month": 10, "avg_high_c": 19.19, "avg_low_c": 6.89, "total_rain_mm": 98.47, "total_rain_in": 3.88 }, { "year": 2024, "month": 11, "avg_high_c": 9.64, "avg_low_c": 3.86, "total_rain_mm": 293.22, "total_rain_in": 11.54 }, { "year": 2024, "month": 12, "avg_high_c": 9.76, "avg_low_c": 3.29, "total_rain_mm": 295.17, "total_rain_in": 11.62 }, { "year": 2025, "month": 1, "avg_high_c": 8.65, "avg_low_c": 0.33, "total_rain_mm": 131.95, "total_rain_in": 5.19 }, { "year": 2025, "month": 2, "avg_high_c": 8.13, "avg_low_c": 1.66, "total_rain_mm": 190.55, "total_rain_in": 7.5 }, { "year": 2025, "month": 3, "avg_high_c": 11.05, "avg_low_c": 4.06, "total_rain_mm": 268.39, "total_rain_in": 10.57 }, { "year": 2025, "month": 4, "avg_high_c": 15.16, "avg_low_c": 4.32, "total_rain_mm": 58.55, "total_rain_in": 2.31 }, { "year": 2025, "month": 5, "avg_high_c": 17.27, "avg_low_c": 6.52, "total_rain_mm": 44.19, "total_rain_in": 1.74 }, { "year": 2025, "month": 6, "avg_high_c": 21.41, "avg_low_c": 9.22, "total_rain_mm": 31.7, "total_rain_in": 1.25 }, { "year": 2025, "month": 7, "avg_high_c": 26.68, "avg_low_c": 11.54, "total_rain_mm": 0.73, "total_rain_in": 0.03 }, { "year": 2025, "month": 8, "avg_high_c": 29.54, "avg_low_c": 13.29, "total_rain_mm": 10.11, "total_rain_in": 0.4 }, { "year": 2025, "month": 9, "avg_high_c": 25.66, "avg_low_c": 10.95, "total_rain_mm": 47.25, "total_rain_in": 1.86 }, { "year": 2025, "month": 10, "avg_high_c": 16.4, "avg_low_c": 6.01, "total_rain_mm": 126.39, "total_rain_in": 4.98 }, { "year": 2025, "month": 11, "avg_high_c": 12.57, "avg_low_c": 5.3, "total_rain_mm": 124.05, "total_rain_in": 4.88 }, { "year": 2025, "month": 12, "avg_high_c": 10.45, "avg_low_c": 4.15, "total_rain_mm": 259.14, "total_rain_in": 10.2 } ] }, "geometry": { "type": "MultiPolygon", "coordinates": [ [ [ [ -123.071915634019874, 44.138139432423749 ], [ -123.071556308355568, 44.137780107128464 ], [ -123.071556307568116, 44.137510612338744 ], [ -123.070298666117495, 44.136881791472668 ], [ -123.069669845307132, 44.136522465118496 ], [ -123.069310519255552, 44.136252970971107 ], [ -123.069310519793035, 44.135893645059852 ], [ -123.069669846290708, 44.135624149888486 ], [ -123.069939340656688, 44.135264824029036 ], [ -123.069939340277259, 44.13490549832062 ], [ -123.069669845621647, 44.134905497857915 ], [ -123.069310520001423, 44.134905497825201 ], [ -123.068681699503387, 44.134636003374602 ], [ -123.068412204621765, 44.134007182781758 ], [ -123.068412204036989, 44.133647856902741 ], [ -123.068412204324744, 44.133378362042691 ], [ -123.068681698636041, 44.133019036141576 ], [ -123.069041025115368, 44.13301903560685 ], [ -123.069041025669321, 44.132749541440759 ], [ -123.069041025018635, 44.132390214844165 ], [ -123.069939339762058, 44.132390214828803 ], [ -123.069939340243181, 44.133019035382105 ], [ -123.069669845493436, 44.133019035570904 ], [ -123.069669845153186, 44.133378361651658 ], [ -123.069939340724318, 44.133647856722341 ], [ -123.070298666995299, 44.134007182550043 ], [ -123.070657992886865, 44.13400718259701 ], [ -123.070657991966698, 44.133647856171223 ], [ -123.070927487507163, 44.133647856203453 ], [ -123.070927487647936, 44.134276677512695 ], [ -123.071556307685285, 44.134276677597207 ], [ -123.071556307772028, 44.134905498119316 ], [ -123.071286813262688, 44.134905498102412 ], [ -123.071286812839503, 44.135264823601553 ], [ -123.071915633593463, 44.135264823749694 ], [ -123.071915634087233, 44.135624150010045 ], [ -123.072185128187797, 44.135624150368301 ], [ -123.072454623491652, 44.135624149927708 ], [ -123.072454623026857, 44.135893644713228 ], [ -123.072185129104071, 44.13688179131276 ], [ -123.072274959959969, 44.137780106904245 ], [ -123.07218512896327, 44.1381394328249 ], [ -123.071915634019874, 44.138139432423749 ] ] ] ] } },
{ "type": "Feature", "properties": { "field_id": "WV_AG_035", "lat": 44.875335099955265, "lon": -122.766766104878, "area_acres": 20.977271835978801, "crop_code": 24, "cdl_crop": "Winter Wheat", "crop_dominant_pct": 91.8, "soil_muname": "Jory silty clay loam, 7 to 12 percent slopes", "soil_drainage": "Well drained", "soil_clay_pct": 33.5, "soil_sand_pct": 17.5, "soil_silt_pct": 49.0, "soil_om_pct": 4.5, "soil_ph": 5.5, "soil_cec": 17.5, "soil_depth_cm": 0.0, "weather_monthly": [ { "year": 2020, "month": 1, "avg_high_c": 5.81, "avg_low_c": 2.03, "total_rain_mm": 359.92, "total_rain_in": 14.17 }, { "year": 2020, "month": 2, "avg_high_c": 6.99, "avg_low_c": 0.03, "total_rain_mm": 156.24, "total_rain_in": 6.15 }, { "year": 2020, "month": 3, "avg_high_c": 8.24, "avg_low_c": 0.2, "total_rain_mm": 144.29, "total_rain_in": 5.68 }, { "year": 2020, "month": 4, "avg_high_c": 13.32, "avg_low_c": 3.73, "total_rain_mm": 83.54, "total_rain_in": 3.29 }, { "year": 2020, "month": 5, "avg_high_c": 16.34, "avg_low_c": 6.92, "total_rain_mm": 155.36, "total_rain_in": 6.12 }, { "year": 2020, "month": 6, "avg_high_c": 17.93, "avg_low_c": 8.84, "total_rain_mm": 126.7, "total_rain_in": 4.99 }, { "year": 2020, "month": 7, "avg_high_c": 24.27, "avg_low_c": 11.44, "total_rain_mm": 6.27, "total_rain_in": 0.25 }, { "year": 2020, "month": 8, "avg_high_c": 26.48, "avg_low_c": 11.41, "total_rain_mm": 6.86, "total_rain_in": 0.27 }, { "year": 2020, "month": 9, "avg_high_c": 24.68, "avg_low_c": 11.64, "total_rain_mm": 74.35, "total_rain_in": 2.93 }, { "year": 2020, "month": 10, "avg_high_c": 16.8, "avg_low_c": 6.5, "total_rain_mm": 130.57, "total_rain_in": 5.14 }, { "year": 2020, "month": 11, "avg_high_c": 8.61, "avg_low_c": 1.9, "total_rain_mm": 281.72, "total_rain_in": 11.09 }, { "year": 2020, "month": 12, "avg_high_c": 7.65, "avg_low_c": 1.25, "total_rain_mm": 259.29, "total_rain_in": 10.21 }, { "year": 2021, "month": 1, "avg_high_c": 6.98, "avg_low_c": 1.34, "total_rain_mm": 261.43, "total_rain_in": 10.29 }, { "year": 2021, "month": 2, "avg_high_c": 4.47, "avg_low_c": 0.24, "total_rain_mm": 269.97, "total_rain_in": 10.63 }, { "year": 2021, "month": 3, "avg_high_c": 9.28, "avg_low_c": 0.48, "total_rain_mm": 92.81, "total_rain_in": 3.65 }, { "year": 2021, "month": 4, "avg_high_c": 14.09, "avg_low_c": 2.76, "total_rain_mm": 31.72, "total_rain_in": 1.25 }, { "year": 2021, "month": 5, "avg_high_c": 16.27, "avg_low_c": 6.07, "total_rain_mm": 61.46, "total_rain_in": 2.42 }, { "year": 2021, "month": 6, "avg_high_c": 24.04, "avg_low_c": 11.21, "total_rain_mm": 49.22, "total_rain_in": 1.94 }, { "year": 2021, "month": 7, "avg_high_c": 28.38, "avg_low_c": 12.51, "total_rain_mm": 1.03, "total_rain_in": 0.04 }, { "year": 2021, "month": 8, "avg_high_c": 27.64, "avg_low_c": 12.44, "total_rain_mm": 4.68, "total_rain_in": 0.18 }, { "year": 2021, "month": 9, "avg_high_c": 23.59, "avg_low_c": 9.74, "total_rain_mm": 114.11, "total_rain_in": 4.49 }, { "year": 2021, "month": 10, "avg_high_c": 13.46, "avg_low_c": 5.2, "total_rain_mm": 156.64, "total_rain_in": 6.17 }, { "year": 2021, "month": 11, "avg_high_c": 10.34, "avg_low_c": 4.21, "total_rain_mm": 274.71, "total_rain_in": 10.82 }, { "year": 2021, "month": 12, "avg_high_c": 3.78, "avg_low_c": -0.31, "total_rain_mm": 350.28, "total_rain_in": 13.79 }, { "year": 2022, "month": 1, "avg_high_c": 8.06, "avg_low_c": 1.23, "total_rain_mm": 225.32, "total_rain_in": 8.87 }, { "year": 2022, "month": 2, "avg_high_c": 8.05, "avg_low_c": 0.03, "total_rain_mm": 107.61, "total_rain_in": 4.24 }, { "year": 2022, "month": 3, "avg_high_c": 10.15, "avg_low_c": 2.61, "total_rain_mm": 151.02, "total_rain_in": 5.95 }, { "year": 2022, "month": 4, "avg_high_c": 9.2, "avg_low_c": 1.3, "total_rain_mm": 229.03, "total_rain_in": 9.02 }, { "year": 2022, "month": 5, "avg_high_c": 13.16, "avg_low_c": 5.08, "total_rain_mm": 234.81, "total_rain_in": 9.24 }, { "year": 2022, "month": 6, "avg_high_c": 18.67, "avg_low_c": 8.78, "total_rain_mm": 164.65, "total_rain_in": 6.48 }, { "year": 2022, "month": 7, "avg_high_c": 25.12, "avg_low_c": 12.9, "total_rain_mm": 12.17, "total_rain_in": 0.48 }, { "year": 2022, "month": 8, "avg_high_c": 29.06, "avg_low_c": 13.57, "total_rain_mm": 2.79, "total_rain_in": 0.11 }, { "year": 2022, "month": 9, "avg_high_c": 25.76, "avg_low_c": 11.09, "total_rain_mm": 17.6, "total_rain_in": 0.69 }, { "year": 2022, "month": 10, "avg_high_c": 21.87, "avg_low_c": 9.05, "total_rain_mm": 105.7, "total_rain_in": 4.16 }, { "year": 2022, "month": 11, "avg_high_c": 7.14, "avg_low_c": 0.32, "total_rain_mm": 242.69, "total_rain_in": 9.55 }, { "year": 2022, "month": 12, "avg_high_c": 5.01, "avg_low_c": 0.13, "total_rain_mm": 239.46, "total_rain_in": 9.43 }, { "year": 2023, "month": 1, "avg_high_c": 6.39, "avg_low_c": 0.82, "total_rain_mm": 121.96, "total_rain_in": 4.8 }, { "year": 2023, "month": 2, "avg_high_c": 5.15, "avg_low_c": -1.05, "total_rain_mm": 146.96, "total_rain_in": 5.79 }, { "year": 2023, "month": 3, "avg_high_c": 5.83, "avg_low_c": -0.97, "total_rain_mm": 208.72, "total_rain_in": 8.22 }, { "year": 2023, "month": 4, "avg_high_c": 10.03, "avg_low_c": 2.47, "total_rain_mm": 208.63, "total_rain_in": 8.21 }, { "year": 2023, "month": 5, "avg_high_c": 18.49, "avg_low_c": 8.23, "total_rain_mm": 39.53, "total_rain_in": 1.56 }, { "year": 2023, "month": 6, "avg_high_c": 20.7, "avg_low_c": 8.66, "total_rain_mm": 27.84, "total_rain_in": 1.1 }, { "year": 2023, "month": 7, "avg_high_c": 27.74, "avg_low_c": 12.12, "total_rain_mm": 2.53, "total_rain_in": 0.1 }, { "year": 2023, "month": 8, "avg_high_c": 28.71, "avg_low_c": 13.39, "total_rain_mm": 25.38, "total_rain_in": 1.0 }, { "year": 2023, "month": 9, "avg_high_c": 22.44, "avg_low_c": 9.97, "total_rain_mm": 69.83, "total_rain_in": 2.75 }, { "year": 2023, "month": 10, "avg_high_c": 17.1, "avg_low_c": 6.69, "total_rain_mm": 132.51, "total_rain_in": 5.22 }, { "year": 2023, "month": 11, "avg_high_c": 10.75, "avg_low_c": 3.03, "total_rain_mm": 202.29, "total_rain_in": 7.96 }, { "year": 2023, "month": 12, "avg_high_c": 9.57, "avg_low_c": 3.84, "total_rain_mm": 316.81, "total_rain_in": 12.47 }, { "year": 2024, "month": 1, "avg_high_c": 6.31, "avg_low_c": 1.57, "total_rain_mm": 421.31, "total_rain_in": 16.59 }, { "year": 2024, "month": 2, "avg_high_c": 7.68, "avg_low_c": 1.43, "total_rain_mm": 222.12, "total_rain_in": 8.74 }, { "year": 2024, "month": 3, "avg_high_c": 9.44, "avg_low_c": 1.78, "total_rain_mm": 169.03, "total_rain_in": 6.65 }, { "year": 2024, "month": 4, "avg_high_c": 12.13, "avg_low_c": 3.07, "total_rain_mm": 116.57, "total_rain_in": 4.59 }, { "year": 2024, "month": 5, "avg_high_c": 15.29, "avg_low_c": 5.39, "total_rain_mm": 143.39, "total_rain_in": 5.65 }, { "year": 2024, "month": 6, "avg_high_c": 19.39, "avg_low_c": 8.93, "total_rain_mm": 89.0, "total_rain_in": 3.5 }, { "year": 2024, "month": 7, "avg_high_c": 28.25, "avg_low_c": 13.13, "total_rain_mm": 9.04, "total_rain_in": 0.36 }, { "year": 2024, "month": 8, "avg_high_c": 26.69, "avg_low_c": 12.07, "total_rain_mm": 28.51, "total_rain_in": 1.12 }, { "year": 2024, "month": 9, "avg_high_c": 24.27, "avg_low_c": 10.79, "total_rain_mm": 36.96, "total_rain_in": 1.46 }, { "year": 2024, "month": 10, "avg_high_c": 17.47, "avg_low_c": 6.03, "total_rain_mm": 141.25, "total_rain_in": 5.56 }, { "year": 2024, "month": 11, "avg_high_c": 7.85, "avg_low_c": 2.65, "total_rain_mm": 304.21, "total_rain_in": 11.98 }, { "year": 2024, "month": 12, "avg_high_c": 8.3, "avg_low_c": 2.23, "total_rain_mm": 333.84, "total_rain_in": 13.14 }, { "year": 2025, "month": 1, "avg_high_c": 7.18, "avg_low_c": -0.76, "total_rain_mm": 132.35, "total_rain_in": 5.21 }, { "year": 2025, "month": 2, "avg_high_c": 5.84, "avg_low_c": -0.17, "total_rain_mm": 236.43, "total_rain_in": 9.31 }, { "year": 2025, "month": 3, "avg_high_c": 9.17, "avg_low_c": 2.53, "total_rain_mm": 282.53, "total_rain_in": 11.12 }, { "year": 2025, "month": 4, "avg_high_c": 13.94, "avg_low_c": 3.09, "total_rain_mm": 73.03, "total_rain_in": 2.88 }, { "year": 2025, "month": 5, "avg_high_c": 15.8, "avg_low_c": 5.06, "total_rain_mm": 68.67, "total_rain_in": 2.7 }, { "year": 2025, "month": 6, "avg_high_c": 20.74, "avg_low_c": 8.79, "total_rain_mm": 39.96, "total_rain_in": 1.57 }, { "year": 2025, "month": 7, "avg_high_c": 26.46, "avg_low_c": 11.76, "total_rain_mm": 2.21, "total_rain_in": 0.09 }, { "year": 2025, "month": 8, "avg_high_c": 28.09, "avg_low_c": 13.36, "total_rain_mm": 24.98, "total_rain_in": 0.98 }, { "year": 2025, "month": 9, "avg_high_c": 24.85, "avg_low_c": 11.09, "total_rain_mm": 53.01, "total_rain_in": 2.09 }, { "year": 2025, "month": 10, "avg_high_c": 13.55, "avg_low_c": 4.47, "total_rain_mm": 162.62, "total_rain_in": 6.4 }, { "year": 2025, "month": 11, "avg_high_c": 10.71, "avg_low_c": 4.08, "total_rain_mm": 190.66, "total_rain_in": 7.51 }, { "year": 2025, "month": 12, "avg_high_c": 8.4, "avg_low_c": 3.2, "total_rain_mm": 412.06, "total_rain_in": 16.22 } ] }, "geometry": { "type": "MultiPolygon", "coordinates": [ [ [ [ -122.765114907032256, 44.877487845105165 ], [ -122.765114907042175, 44.877218350656904 ], [ -122.764755581314816, 44.877218349859241 ], [ -122.764755580759129, 44.876230204619716 ], [ -122.765114906950799, 44.87623020330593 ], [ -122.76538440029654, 44.876230203357721 ], [ -122.765743727474316, 44.87596070877855 ], [ -122.766103052672719, 44.875601383378033 ], [ -122.76610305324715, 44.875331888235444 ], [ -122.766103053561338, 44.874613235586828 ], [ -122.766103054135769, 44.874343741055583 ], [ -122.766103053906164, 44.873714920517834 ], [ -122.765743727708369, 44.873714920685913 ], [ -122.765743727251348, 44.873355594195679 ], [ -122.766103053324244, 44.873086100024601 ], [ -122.766372548027817, 44.87308609990842 ], [ -122.766372548883979, 44.873355594524668 ], [ -122.767360693610826, 44.87335559515639 ], [ -122.767360695241351, 44.873086100154588 ], [ -122.767989515958959, 44.873086100054067 ], [ -122.767989515274479, 44.873355594442614 ], [ -122.768618337129823, 44.873355594481481 ], [ -122.76861833690171, 44.873714920516278 ], [ -122.768618335945632, 44.873984414930177 ], [ -122.767989515685684, 44.874972562412637 ], [ -122.767630190441736, 44.875601382971496 ], [ -122.767630189460107, 44.875960708996971 ], [ -122.767630189420856, 44.876230203801484 ], [ -122.767630189656899, 44.876589530096041 ], [ -122.767989516065796, 44.876589529844821 ], [ -122.767989515894243, 44.876859024425229 ], [ -122.767630190482905, 44.876859024177001 ], [ -122.76736069529484, 44.876859023824366 ], [ -122.767001368687119, 44.877218350180868 ], [ -122.766731874002915, 44.877487844874452 ], [ -122.766372548216154, 44.87748784532139 ], [ -122.766103054004347, 44.877487844530734 ], [ -122.765114907032256, 44.877487845105165 ] ] ] ] } },
{ "type": "Feature", "properties": { "field_id": "WV_AG_036", "lat": 44.186177595698943, "lon": -123.13093410763247, "area_acres": 70.987239405551506, "crop_code": 24, "cdl_crop": "Winter Wheat", "crop_dominant_pct": 95.3, "soil_muname": "Newberg loam", "soil_drainage": "Well drained", "soil_clay_pct": 11.0, "soil_sand_pct": 45.6, "soil_silt_pct": 43.4, "soil_om_pct": 3.0, "soil_ph": 6.1, "soil_cec": 20.0, "soil_depth_cm": 0.0, "weather_monthly": [ { "year": 2020, "month": 1, "avg_high_c": 7.66, "avg_low_c": 3.21, "total_rain_mm": 280.71, "total_rain_in": 11.05 }, { "year": 2020, "month": 2, "avg_high_c": 9.12, "avg_low_c": 0.7, "total_rain_mm": 88.78, "total_rain_in": 3.5 }, { "year": 2020, "month": 3, "avg_high_c": 10.54, "avg_low_c": 1.58, "total_rain_mm": 108.69, "total_rain_in": 4.28 }, { "year": 2020, "month": 4, "avg_high_c": 15.02, "avg_low_c": 4.71, "total_rain_mm": 73.03, "total_rain_in": 2.88 }, { "year": 2020, "month": 5, "avg_high_c": 17.39, "avg_low_c": 7.19, "total_rain_mm": 120.67, "total_rain_in": 4.75 }, { "year": 2020, "month": 6, "avg_high_c": 19.11, "avg_low_c": 9.05, "total_rain_mm": 70.28, "total_rain_in": 2.77 }, { "year": 2020, "month": 7, "avg_high_c": 23.77, "avg_low_c": 11.01, "total_rain_mm": 1.23, "total_rain_in": 0.05 }, { "year": 2020, "month": 8, "avg_high_c": 26.66, "avg_low_c": 10.99, "total_rain_mm": 2.32, "total_rain_in": 0.09 }, { "year": 2020, "month": 9, "avg_high_c": 26.07, "avg_low_c": 11.71, "total_rain_mm": 58.73, "total_rain_in": 2.31 }, { "year": 2020, "month": 10, "avg_high_c": 19.05, "avg_low_c": 7.03, "total_rain_mm": 64.71, "total_rain_in": 2.55 }, { "year": 2020, "month": 11, "avg_high_c": 10.65, "avg_low_c": 2.51, "total_rain_mm": 204.9, "total_rain_in": 8.07 }, { "year": 2020, "month": 12, "avg_high_c": 9.4, "avg_low_c": 1.62, "total_rain_mm": 187.39, "total_rain_in": 7.38 }, { "year": 2021, "month": 1, "avg_high_c": 8.67, "avg_low_c": 2.37, "total_rain_mm": 184.79, "total_rain_in": 7.28 }, { "year": 2021, "month": 2, "avg_high_c": 7.16, "avg_low_c": 1.66, "total_rain_mm": 163.15, "total_rain_in": 6.42 }, { "year": 2021, "month": 3, "avg_high_c": 10.78, "avg_low_c": 1.09, "total_rain_mm": 68.13, "total_rain_in": 2.68 }, { "year": 2021, "month": 4, "avg_high_c": 15.69, "avg_low_c": 3.28, "total_rain_mm": 17.85, "total_rain_in": 0.7 }, { "year": 2021, "month": 5, "avg_high_c": 16.96, "avg_low_c": 6.41, "total_rain_mm": 33.24, "total_rain_in": 1.31 }, { "year": 2021, "month": 6, "avg_high_c": 23.28, "avg_low_c": 10.71, "total_rain_mm": 33.37, "total_rain_in": 1.31 }, { "year": 2021, "month": 7, "avg_high_c": 27.7, "avg_low_c": 11.54, "total_rain_mm": 1.42, "total_rain_in": 0.06 }, { "year": 2021, "month": 8, "avg_high_c": 27.84, "avg_low_c": 12.16, "total_rain_mm": 1.11, "total_rain_in": 0.04 }, { "year": 2021, "month": 9, "avg_high_c": 25.0, "avg_low_c": 9.64, "total_rain_mm": 82.72, "total_rain_in": 3.26 }, { "year": 2021, "month": 10, "avg_high_c": 16.05, "avg_low_c": 6.61, "total_rain_mm": 104.65, "total_rain_in": 4.12 }, { "year": 2021, "month": 11, "avg_high_c": 12.26, "avg_low_c": 4.72, "total_rain_mm": 156.92, "total_rain_in": 6.18 }, { "year": 2021, "month": 12, "avg_high_c": 5.99, "avg_low_c": 1.66, "total_rain_mm": 254.46, "total_rain_in": 10.02 }, { "year": 2022, "month": 1, "avg_high_c": 10.25, "avg_low_c": 1.58, "total_rain_mm": 140.49, "total_rain_in": 5.53 }, { "year": 2022, "month": 2, "avg_high_c": 10.43, "avg_low_c": 1.5, "total_rain_mm": 44.88, "total_rain_in": 1.77 }, { "year": 2022, "month": 3, "avg_high_c": 11.97, "avg_low_c": 3.41, "total_rain_mm": 100.24, "total_rain_in": 3.95 }, { "year": 2022, "month": 4, "avg_high_c": 11.32, "avg_low_c": 2.64, "total_rain_mm": 161.54, "total_rain_in": 6.36 }, { "year": 2022, "month": 5, "avg_high_c": 14.57, "avg_low_c": 5.9, "total_rain_mm": 174.98, "total_rain_in": 6.89 }, { "year": 2022, "month": 6, "avg_high_c": 19.98, "avg_low_c": 9.33, "total_rain_mm": 99.4, "total_rain_in": 3.91 }, { "year": 2022, "month": 7, "avg_high_c": 24.74, "avg_low_c": 12.38, "total_rain_mm": 7.74, "total_rain_in": 0.3 }, { "year": 2022, "month": 8, "avg_high_c": 26.85, "avg_low_c": 12.9, "total_rain_mm": 1.93, "total_rain_in": 0.08 }, { "year": 2022, "month": 9, "avg_high_c": 25.2, "avg_low_c": 10.87, "total_rain_mm": 8.62, "total_rain_in": 0.34 }, { "year": 2022, "month": 10, "avg_high_c": 21.99, "avg_low_c": 8.89, "total_rain_mm": 57.5, "total_rain_in": 2.26 }, { "year": 2022, "month": 11, "avg_high_c": 9.82, "avg_low_c": 0.86, "total_rain_mm": 160.98, "total_rain_in": 6.34 }, { "year": 2022, "month": 12, "avg_high_c": 7.61, "avg_low_c": 1.27, "total_rain_mm": 173.4, "total_rain_in": 6.83 }, { "year": 2023, "month": 1, "avg_high_c": 7.82, "avg_low_c": 1.42, "total_rain_mm": 94.49, "total_rain_in": 3.72 }, { "year": 2023, "month": 2, "avg_high_c": 7.78, "avg_low_c": -0.04, "total_rain_mm": 112.98, "total_rain_in": 4.45 }, { "year": 2023, "month": 3, "avg_high_c": 7.61, "avg_low_c": -0.22, "total_rain_mm": 193.63, "total_rain_in": 7.62 }, { "year": 2023, "month": 4, "avg_high_c": 11.76, "avg_low_c": 3.48, "total_rain_mm": 155.44, "total_rain_in": 6.12 }, { "year": 2023, "month": 5, "avg_high_c": 19.43, "avg_low_c": 8.12, "total_rain_mm": 27.62, "total_rain_in": 1.09 }, { "year": 2023, "month": 6, "avg_high_c": 21.13, "avg_low_c": 8.79, "total_rain_mm": 13.29, "total_rain_in": 0.52 }, { "year": 2023, "month": 7, "avg_high_c": 26.83, "avg_low_c": 11.23, "total_rain_mm": 0.8, "total_rain_in": 0.03 }, { "year": 2023, "month": 8, "avg_high_c": 29.16, "avg_low_c": 12.95, "total_rain_mm": 13.99, "total_rain_in": 0.55 }, { "year": 2023, "month": 9, "avg_high_c": 24.05, "avg_low_c": 10.15, "total_rain_mm": 56.6, "total_rain_in": 2.23 }, { "year": 2023, "month": 10, "avg_high_c": 18.3, "avg_low_c": 7.1, "total_rain_mm": 106.79, "total_rain_in": 4.2 }, { "year": 2023, "month": 11, "avg_high_c": 12.28, "avg_low_c": 3.5, "total_rain_mm": 139.45, "total_rain_in": 5.49 }, { "year": 2023, "month": 12, "avg_high_c": 10.7, "avg_low_c": 4.32, "total_rain_mm": 245.67, "total_rain_in": 9.67 }, { "year": 2024, "month": 1, "avg_high_c": 9.33, "avg_low_c": 4.32, "total_rain_mm": 351.31, "total_rain_in": 13.83 }, { "year": 2024, "month": 2, "avg_high_c": 9.73, "avg_low_c": 3.04, "total_rain_mm": 178.71, "total_rain_in": 7.04 }, { "year": 2024, "month": 3, "avg_high_c": 10.96, "avg_low_c": 2.61, "total_rain_mm": 164.28, "total_rain_in": 6.47 }, { "year": 2024, "month": 4, "avg_high_c": 13.62, "avg_low_c": 4.03, "total_rain_mm": 93.19, "total_rain_in": 3.67 }, { "year": 2024, "month": 5, "avg_high_c": 16.89, "avg_low_c": 5.88, "total_rain_mm": 103.89, "total_rain_in": 4.09 }, { "year": 2024, "month": 6, "avg_high_c": 20.35, "avg_low_c": 9.04, "total_rain_mm": 54.09, "total_rain_in": 2.13 }, { "year": 2024, "month": 7, "avg_high_c": 26.5, "avg_low_c": 12.22, "total_rain_mm": 3.37, "total_rain_in": 0.13 }, { "year": 2024, "month": 8, "avg_high_c": 26.3, "avg_low_c": 12.01, "total_rain_mm": 24.29, "total_rain_in": 0.96 }, { "year": 2024, "month": 9, "avg_high_c": 25.02, "avg_low_c": 10.59, "total_rain_mm": 32.9, "total_rain_in": 1.3 }, { "year": 2024, "month": 10, "avg_high_c": 19.19, "avg_low_c": 6.89, "total_rain_mm": 98.47, "total_rain_in": 3.88 }, { "year": 2024, "month": 11, "avg_high_c": 9.64, "avg_low_c": 3.86, "total_rain_mm": 293.22, "total_rain_in": 11.54 }, { "year": 2024, "month": 12, "avg_high_c": 9.76, "avg_low_c": 3.29, "total_rain_mm": 295.17, "total_rain_in": 11.62 }, { "year": 2025, "month": 1, "avg_high_c": 8.65, "avg_low_c": 0.33, "total_rain_mm": 131.95, "total_rain_in": 5.19 }, { "year": 2025, "month": 2, "avg_high_c": 8.13, "avg_low_c": 1.66, "total_rain_mm": 190.55, "total_rain_in": 7.5 }, { "year": 2025, "month": 3, "avg_high_c": 11.05, "avg_low_c": 4.06, "total_rain_mm": 268.39, "total_rain_in": 10.57 }, { "year": 2025, "month": 4, "avg_high_c": 15.16, "avg_low_c": 4.32, "total_rain_mm": 58.55, "total_rain_in": 2.31 }, { "year": 2025, "month": 5, "avg_high_c": 17.27, "avg_low_c": 6.52, "total_rain_mm": 44.19, "total_rain_in": 1.74 }, { "year": 2025, "month": 6, "avg_high_c": 21.41, "avg_low_c": 9.22, "total_rain_mm": 31.7, "total_rain_in": 1.25 }, { "year": 2025, "month": 7, "avg_high_c": 26.68, "avg_low_c": 11.54, "total_rain_mm": 0.73, "total_rain_in": 0.03 }, { "year": 2025, "month": 8, "avg_high_c": 29.54, "avg_low_c": 13.29, "total_rain_mm": 10.11, "total_rain_in": 0.4 }, { "year": 2025, "month": 9, "avg_high_c": 25.66, "avg_low_c": 10.95, "total_rain_mm": 47.25, "total_rain_in": 1.86 }, { "year": 2025, "month": 10, "avg_high_c": 16.4, "avg_low_c": 6.01, "total_rain_mm": 126.39, "total_rain_in": 4.98 }, { "year": 2025, "month": 11, "avg_high_c": 12.57, "avg_low_c": 5.3, "total_rain_mm": 124.05, "total_rain_in": 4.88 }, { "year": 2025, "month": 12, "avg_high_c": 10.45, "avg_low_c": 4.15, "total_rain_mm": 259.14, "total_rain_in": 10.2 } ] }, "geometry": { "type": "MultiPolygon", "coordinates": [ [ [ [ -123.132551916174947, 44.18862475188245 ], [ -123.132282420588609, 44.188624751674908 ], [ -123.132282420691396, 44.188894246155449 ], [ -123.13129427468634, 44.18889424737214 ], [ -123.13129427418437, 44.188624751928032 ], [ -123.131024779658205, 44.188624751753075 ], [ -123.130665453575347, 44.188624751614952 ], [ -123.130665453990986, 44.188894246553787 ], [ -123.130395959102557, 44.188894246825498 ], [ -123.130036633175806, 44.188624752022875 ], [ -123.130036632846483, 44.188355257735516 ], [ -123.129677306487679, 44.188355257153027 ], [ -123.129407812279055, 44.188624751430467 ], [ -123.129048485930127, 44.188894246266926 ], [ -123.127162024446861, 44.188894245896535 ], [ -123.126892529019273, 44.188624751967367 ], [ -123.126892529077921, 44.186109469301762 ], [ -123.126892529785508, 44.18575014276346 ], [ -123.126892529181859, 44.185121323033982 ], [ -123.127521349901798, 44.184851828111384 ], [ -123.127790844551356, 44.184851827548592 ], [ -123.128150171291665, 44.184851828327808 ], [ -123.128150171218181, 44.185121322034938 ], [ -123.12904848656764, 44.185121321730946 ], [ -123.129407812181356, 44.185121322450591 ], [ -123.130395959546163, 44.185121322522704 ], [ -123.130395959492745, 44.184851827907998 ], [ -123.130665454207801, 44.184851828047663 ], [ -123.131024779809692, 44.184851827839267 ], [ -123.131024779949414, 44.18512132295924 ], [ -123.131653601412765, 44.185121323003308 ], [ -123.131923095757926, 44.184851827802795 ], [ -123.132282420821397, 44.184492501259648 ], [ -123.132282422025071, 44.183863681623151 ], [ -123.131923094923877, 44.183234861272311 ], [ -123.131923094479461, 44.182965365555958 ], [ -123.1319230948735, 44.182246713810926 ], [ -123.132282421210817, 44.182246713701602 ], [ -123.134168883089174, 44.182246712909198 ], [ -123.134528209250519, 44.18296536514557 ], [ -123.134797703933017, 44.183234861025589 ], [ -123.134797703875108, 44.184223007092747 ], [ -123.135157029541531, 44.184223007156184 ], [ -123.135157030210976, 44.184492501524183 ], [ -123.135157030300974, 44.184851827743898 ], [ -123.134797704423633, 44.184851828896612 ], [ -123.134168882705239, 44.184851827474866 ], [ -123.133540062178781, 44.185121321941011 ], [ -123.133540061923043, 44.185750142606942 ], [ -123.133540062595785, 44.186109469688319 ], [ -123.133540063397973, 44.187726437756737 ], [ -123.133540063320012, 44.187995931899856 ], [ -123.133540062776646, 44.188894247137284 ], [ -123.132551916142759, 44.188894246615646 ], [ -123.132551916174947, 44.18862475188245 ] ] ] ] } },
{ "type": "Feature", "properties": { "field_id": "WV_AG_037", "lat": 44.469949299980613, "lon": -123.24915365920704, "area_acres": 16.573594225420202, "crop_code": 24, "cdl_crop": "Winter Wheat", "crop_dominant_pct": 96.1, "soil_muname": "Chehalis silty clay loam, 0 to 3 percent slopes", "soil_drainage": "Well drained", "soil_clay_pct": 28.0, "soil_sand_pct": 10.0, "soil_silt_pct": 62.0, "soil_om_pct": 5.0, "soil_ph": 6.2, "soil_cec": 30.0, "soil_depth_cm": 0.0, "weather_monthly": [ { "year": 2020, "month": 1, "avg_high_c": 8.29, "avg_low_c": 3.45, "total_rain_mm": 335.74, "total_rain_in": 13.22 }, { "year": 2020, "month": 2, "avg_high_c": 9.41, "avg_low_c": 1.31, "total_rain_mm": 106.13, "total_rain_in": 4.18 }, { "year": 2020, "month": 3, "avg_high_c": 10.89, "avg_low_c": 1.82, "total_rain_mm": 122.53, "total_rain_in": 4.82 }, { "year": 2020, "month": 4, "avg_high_c": 15.33, "avg_low_c": 4.78, "total_rain_mm": 69.14, "total_rain_in": 2.72 }, { "year": 2020, "month": 5, "avg_high_c": 17.79, "avg_low_c": 7.72, "total_rain_mm": 134.18, "total_rain_in": 5.28 }, { "year": 2020, "month": 6, "avg_high_c": 19.47, "avg_low_c": 9.28, "total_rain_mm": 75.69, "total_rain_in": 2.98 }, { "year": 2020, "month": 7, "avg_high_c": 23.62, "avg_low_c": 10.84, "total_rain_mm": 1.22, "total_rain_in": 0.05 }, { "year": 2020, "month": 8, "avg_high_c": 25.28, "avg_low_c": 10.98, "total_rain_mm": 2.78, "total_rain_in": 0.11 }, { "year": 2020, "month": 9, "avg_high_c": 24.88, "avg_low_c": 11.82, "total_rain_mm": 72.75, "total_rain_in": 2.86 }, { "year": 2020, "month": 10, "avg_high_c": 18.05, "avg_low_c": 6.83, "total_rain_mm": 69.47, "total_rain_in": 2.74 }, { "year": 2020, "month": 11, "avg_high_c": 10.89, "avg_low_c": 2.86, "total_rain_mm": 232.5, "total_rain_in": 9.15 }, { "year": 2020, "month": 12, "avg_high_c": 9.48, "avg_low_c": 1.8, "total_rain_mm": 218.39, "total_rain_in": 8.6 }, { "year": 2021, "month": 1, "avg_high_c": 8.91, "avg_low_c": 2.45, "total_rain_mm": 254.08, "total_rain_in": 10.0 }, { "year": 2021, "month": 2, "avg_high_c": 7.83, "avg_low_c": 1.9, "total_rain_mm": 199.0, "total_rain_in": 7.83 }, { "year": 2021, "month": 3, "avg_high_c": 11.03, "avg_low_c": 1.41, "total_rain_mm": 76.2, "total_rain_in": 3.0 }, { "year": 2021, "month": 4, "avg_high_c": 16.03, "avg_low_c": 3.49, "total_rain_mm": 26.64, "total_rain_in": 1.05 }, { "year": 2021, "month": 5, "avg_high_c": 17.61, "avg_low_c": 6.63, "total_rain_mm": 32.61, "total_rain_in": 1.28 }, { "year": 2021, "month": 6, "avg_high_c": 23.31, "avg_low_c": 10.75, "total_rain_mm": 48.27, "total_rain_in": 1.9 }, { "year": 2021, "month": 7, "avg_high_c": 26.5, "avg_low_c": 11.41, "total_rain_mm": 1.97, "total_rain_in": 0.08 }, { "year": 2021, "month": 8, "avg_high_c": 27.12, "avg_low_c": 12.3, "total_rain_mm": 1.69, "total_rain_in": 0.07 }, { "year": 2021, "month": 9, "avg_high_c": 24.68, "avg_low_c": 9.98, "total_rain_mm": 85.39, "total_rain_in": 3.36 }, { "year": 2021, "month": 10, "avg_high_c": 15.78, "avg_low_c": 6.61, "total_rain_mm": 126.84, "total_rain_in": 4.99 }, { "year": 2021, "month": 11, "avg_high_c": 12.39, "avg_low_c": 4.82, "total_rain_mm": 205.74, "total_rain_in": 8.1 }, { "year": 2021, "month": 12, "avg_high_c": 6.18, "avg_low_c": 1.36, "total_rain_mm": 308.92, "total_rain_in": 12.16 }, { "year": 2022, "month": 1, "avg_high_c": 9.77, "avg_low_c": 1.92, "total_rain_mm": 158.73, "total_rain_in": 6.25 }, { "year": 2022, "month": 2, "avg_high_c": 10.27, "avg_low_c": 1.55, "total_rain_mm": 85.78, "total_rain_in": 3.38 }, { "year": 2022, "month": 3, "avg_high_c": 12.11, "avg_low_c": 3.66, "total_rain_mm": 115.37, "total_rain_in": 4.54 }, { "year": 2022, "month": 4, "avg_high_c": 11.74, "avg_low_c": 2.97, "total_rain_mm": 181.66, "total_rain_in": 7.15 }, { "year": 2022, "month": 5, "avg_high_c": 15.02, "avg_low_c": 6.09, "total_rain_mm": 173.68, "total_rain_in": 6.84 }, { "year": 2022, "month": 6, "avg_high_c": 20.05, "avg_low_c": 9.46, "total_rain_mm": 102.97, "total_rain_in": 4.05 }, { "year": 2022, "month": 7, "avg_high_c": 24.84, "avg_low_c": 12.19, "total_rain_mm": 7.17, "total_rain_in": 0.28 }, { "year": 2022, "month": 8, "avg_high_c": 26.1, "avg_low_c": 12.91, "total_rain_mm": 2.85, "total_rain_in": 0.11 }, { "year": 2022, "month": 9, "avg_high_c": 24.47, "avg_low_c": 11.0, "total_rain_mm": 8.81, "total_rain_in": 0.35 }, { "year": 2022, "month": 10, "avg_high_c": 21.37, "avg_low_c": 8.75, "total_rain_mm": 58.08, "total_rain_in": 2.29 }, { "year": 2022, "month": 11, "avg_high_c": 9.79, "avg_low_c": 0.95, "total_rain_mm": 178.0, "total_rain_in": 7.01 }, { "year": 2022, "month": 12, "avg_high_c": 7.87, "avg_low_c": 1.37, "total_rain_mm": 195.13, "total_rain_in": 7.68 }, { "year": 2023, "month": 1, "avg_high_c": 8.03, "avg_low_c": 1.69, "total_rain_mm": 125.73, "total_rain_in": 4.95 }, { "year": 2023, "month": 2, "avg_high_c": 7.67, "avg_low_c": 0.08, "total_rain_mm": 120.26, "total_rain_in": 4.73 }, { "year": 2023, "month": 3, "avg_high_c": 8.6, "avg_low_c": 0.45, "total_rain_mm": 204.35, "total_rain_in": 8.05 }, { "year": 2023, "month": 4, "avg_high_c": 12.24, "avg_low_c": 3.7, "total_rain_mm": 183.89, "total_rain_in": 7.24 }, { "year": 2023, "month": 5, "avg_high_c": 19.84, "avg_low_c": 8.26, "total_rain_mm": 19.98, "total_rain_in": 0.79 }, { "year": 2023, "month": 6, "avg_high_c": 21.61, "avg_low_c": 8.67, "total_rain_mm": 11.98, "total_rain_in": 0.47 }, { "year": 2023, "month": 7, "avg_high_c": 26.14, "avg_low_c": 11.26, "total_rain_mm": 1.1, "total_rain_in": 0.04 }, { "year": 2023, "month": 8, "avg_high_c": 28.47, "avg_low_c": 13.2, "total_rain_mm": 15.84, "total_rain_in": 0.62 }, { "year": 2023, "month": 9, "avg_high_c": 23.69, "avg_low_c": 10.6, "total_rain_mm": 69.32, "total_rain_in": 2.73 }, { "year": 2023, "month": 10, "avg_high_c": 18.08, "avg_low_c": 7.62, "total_rain_mm": 112.67, "total_rain_in": 4.44 }, { "year": 2023, "month": 11, "avg_high_c": 12.32, "avg_low_c": 3.76, "total_rain_mm": 171.73, "total_rain_in": 6.76 }, { "year": 2023, "month": 12, "avg_high_c": 10.81, "avg_low_c": 4.63, "total_rain_mm": 291.62, "total_rain_in": 11.48 }, { "year": 2024, "month": 1, "avg_high_c": 9.42, "avg_low_c": 4.06, "total_rain_mm": 392.13, "total_rain_in": 15.44 }, { "year": 2024, "month": 2, "avg_high_c": 10.23, "avg_low_c": 3.33, "total_rain_mm": 199.65, "total_rain_in": 7.86 }, { "year": 2024, "month": 3, "avg_high_c": 11.63, "avg_low_c": 2.94, "total_rain_mm": 178.34, "total_rain_in": 7.02 }, { "year": 2024, "month": 4, "avg_high_c": 14.12, "avg_low_c": 4.3, "total_rain_mm": 93.08, "total_rain_in": 3.66 }, { "year": 2024, "month": 5, "avg_high_c": 17.1, "avg_low_c": 6.17, "total_rain_mm": 106.35, "total_rain_in": 4.19 }, { "year": 2024, "month": 6, "avg_high_c": 20.44, "avg_low_c": 9.21, "total_rain_mm": 57.73, "total_rain_in": 2.27 }, { "year": 2024, "month": 7, "avg_high_c": 26.3, "avg_low_c": 11.94, "total_rain_mm": 5.44, "total_rain_in": 0.21 }, { "year": 2024, "month": 8, "avg_high_c": 25.26, "avg_low_c": 12.04, "total_rain_mm": 20.57, "total_rain_in": 0.81 }, { "year": 2024, "month": 9, "avg_high_c": 24.25, "avg_low_c": 10.86, "total_rain_mm": 34.03, "total_rain_in": 1.34 }, { "year": 2024, "month": 10, "avg_high_c": 18.82, "avg_low_c": 7.09, "total_rain_mm": 123.02, "total_rain_in": 4.84 }, { "year": 2024, "month": 11, "avg_high_c": 10.25, "avg_low_c": 4.12, "total_rain_mm": 316.42, "total_rain_in": 12.46 }, { "year": 2024, "month": 12, "avg_high_c": 9.56, "avg_low_c": 3.41, "total_rain_mm": 301.4, "total_rain_in": 11.87 }, { "year": 2025, "month": 1, "avg_high_c": 8.3, "avg_low_c": 0.38, "total_rain_mm": 131.61, "total_rain_in": 5.18 }, { "year": 2025, "month": 2, "avg_high_c": 8.57, "avg_low_c": 1.98, "total_rain_mm": 208.24, "total_rain_in": 8.2 }, { "year": 2025, "month": 3, "avg_high_c": 11.43, "avg_low_c": 4.26, "total_rain_mm": 258.95, "total_rain_in": 10.19 }, { "year": 2025, "month": 4, "avg_high_c": 15.68, "avg_low_c": 4.55, "total_rain_mm": 62.07, "total_rain_in": 2.44 }, { "year": 2025, "month": 5, "avg_high_c": 17.55, "avg_low_c": 6.39, "total_rain_mm": 43.47, "total_rain_in": 1.71 }, { "year": 2025, "month": 6, "avg_high_c": 21.52, "avg_low_c": 9.24, "total_rain_mm": 31.15, "total_rain_in": 1.23 }, { "year": 2025, "month": 7, "avg_high_c": 25.74, "avg_low_c": 11.48, "total_rain_mm": 0.4, "total_rain_in": 0.02 }, { "year": 2025, "month": 8, "avg_high_c": 28.03, "avg_low_c": 13.28, "total_rain_mm": 12.83, "total_rain_in": 0.51 }, { "year": 2025, "month": 9, "avg_high_c": 24.93, "avg_low_c": 11.27, "total_rain_mm": 48.46, "total_rain_in": 1.91 }, { "year": 2025, "month": 10, "avg_high_c": 15.99, "avg_low_c": 6.03, "total_rain_mm": 137.17, "total_rain_in": 5.4 }, { "year": 2025, "month": 11, "avg_high_c": 12.27, "avg_low_c": 5.4, "total_rain_mm": 167.03, "total_rain_in": 6.58 }, { "year": 2025, "month": 12, "avg_high_c": 10.32, "avg_low_c": 4.3, "total_rain_mm": 310.36, "total_rain_in": 12.22 } ] }, "geometry": { "type": "MultiPolygon", "coordinates": [ [ [ [ -123.249953797543554, 44.47145372256518 ], [ -123.249953796443876, 44.471094397151745 ], [ -123.2480673354099, 44.471094397011846 ], [ -123.247708007794913, 44.471094396947727 ], [ -123.247708008854218, 44.470196082121412 ], [ -123.247708009423164, 44.468938440136228 ], [ -123.247438514899727, 44.468938439836428 ], [ -123.247079186642367, 44.468938440616974 ], [ -123.247079187785232, 44.468579114245358 ], [ -123.247708007584777, 44.468579114625584 ], [ -123.248696156228803, 44.468579113900311 ], [ -123.248965650390858, 44.468579114242324 ], [ -123.249324975253373, 44.468579114307751 ], [ -123.249594469771779, 44.468579114240377 ], [ -123.249953796555573, 44.468579114080079 ], [ -123.249953796307196, 44.468938440661169 ], [ -123.249953797151278, 44.469207935092903 ], [ -123.250582617080411, 44.46983675568665 ], [ -123.250941944302511, 44.470196081830963 ], [ -123.251211439022754, 44.470465576188545 ], [ -123.251211437076293, 44.471094397098021 ], [ -123.250941943065655, 44.471094397286052 ], [ -123.2505826162255, 44.471094397315461 ], [ -123.250313122571285, 44.471094397094241 ], [ -123.250313123161035, 44.47145372301528 ], [ -123.249953797543554, 44.47145372256518 ] ] ] ] } },
{ "type": "Feature", "properties": { "field_id": "WV_AG_038", "lat": 43.966583626531296, "lon": -122.89882800338839, "area_acres": 10.8729325027771, "crop_code": 37, "cdl_crop": "Other Hay", "crop_dominant_pct": 46.9, "soil_muname": "Courtney gravelly silty clay loam, 0 to 3 percent slopes", "soil_drainage": "Poorly drained", "soil_clay_pct": 31.0, "soil_sand_pct": 20.0, "soil_silt_pct": 49.0, "soil_om_pct": 3.5, "soil_ph": 5.6, "soil_cec": 25.2, "soil_depth_cm": 0.0, "weather_monthly": [ { "year": 2020, "month": 1, "avg_high_c": 7.66, "avg_low_c": 3.21, "total_rain_mm": 280.71, "total_rain_in": 11.05 }, { "year": 2020, "month": 2, "avg_high_c": 9.12, "avg_low_c": 0.7, "total_rain_mm": 88.78, "total_rain_in": 3.5 }, { "year": 2020, "month": 3, "avg_high_c": 10.54, "avg_low_c": 1.58, "total_rain_mm": 108.69, "total_rain_in": 4.28 }, { "year": 2020, "month": 4, "avg_high_c": 15.02, "avg_low_c": 4.71, "total_rain_mm": 73.03, "total_rain_in": 2.88 }, { "year": 2020, "month": 5, "avg_high_c": 17.39, "avg_low_c": 7.19, "total_rain_mm": 120.67, "total_rain_in": 4.75 }, { "year": 2020, "month": 6, "avg_high_c": 19.11, "avg_low_c": 9.05, "total_rain_mm": 70.28, "total_rain_in": 2.77 }, { "year": 2020, "month": 7, "avg_high_c": 23.77, "avg_low_c": 11.01, "total_rain_mm": 1.23, "total_rain_in": 0.05 }, { "year": 2020, "month": 8, "avg_high_c": 26.66, "avg_low_c": 10.99, "total_rain_mm": 2.32, "total_rain_in": 0.09 }, { "year": 2020, "month": 9, "avg_high_c": 26.07, "avg_low_c": 11.71, "total_rain_mm": 58.73, "total_rain_in": 2.31 }, { "year": 2020, "month": 10, "avg_high_c": 19.05, "avg_low_c": 7.03, "total_rain_mm": 64.71, "total_rain_in": 2.55 }, { "year": 2020, "month": 11, "avg_high_c": 10.65, "avg_low_c": 2.51, "total_rain_mm": 204.9, "total_rain_in": 8.07 }, { "year": 2020, "month": 12, "avg_high_c": 9.4, "avg_low_c": 1.62, "total_rain_mm": 187.39, "total_rain_in": 7.38 }, { "year": 2021, "month": 1, "avg_high_c": 8.67, "avg_low_c": 2.37, "total_rain_mm": 184.79, "total_rain_in": 7.28 }, { "year": 2021, "month": 2, "avg_high_c": 7.16, "avg_low_c": 1.66, "total_rain_mm": 163.15, "total_rain_in": 6.42 }, { "year": 2021, "month": 3, "avg_high_c": 10.78, "avg_low_c": 1.09, "total_rain_mm": 68.13, "total_rain_in": 2.68 }, { "year": 2021, "month": 4, "avg_high_c": 15.69, "avg_low_c": 3.28, "total_rain_mm": 17.85, "total_rain_in": 0.7 }, { "year": 2021, "month": 5, "avg_high_c": 16.96, "avg_low_c": 6.41, "total_rain_mm": 33.24, "total_rain_in": 1.31 }, { "year": 2021, "month": 6, "avg_high_c": 23.28, "avg_low_c": 10.71, "total_rain_mm": 33.37, "total_rain_in": 1.31 }, { "year": 2021, "month": 7, "avg_high_c": 27.7, "avg_low_c": 11.54, "total_rain_mm": 1.42, "total_rain_in": 0.06 }, { "year": 2021, "month": 8, "avg_high_c": 27.84, "avg_low_c": 12.16, "total_rain_mm": 1.11, "total_rain_in": 0.04 }, { "year": 2021, "month": 9, "avg_high_c": 25.0, "avg_low_c": 9.64, "total_rain_mm": 82.72, "total_rain_in": 3.26 }, { "year": 2021, "month": 10, "avg_high_c": 16.05, "avg_low_c": 6.61, "total_rain_mm": 104.65, "total_rain_in": 4.12 }, { "year": 2021, "month": 11, "avg_high_c": 12.26, "avg_low_c": 4.72, "total_rain_mm": 156.92, "total_rain_in": 6.18 }, { "year": 2021, "month": 12, "avg_high_c": 5.99, "avg_low_c": 1.66, "total_rain_mm": 254.46, "total_rain_in": 10.02 }, { "year": 2022, "month": 1, "avg_high_c": 10.25, "avg_low_c": 1.58, "total_rain_mm": 140.49, "total_rain_in": 5.53 }, { "year": 2022, "month": 2, "avg_high_c": 10.43, "avg_low_c": 1.5, "total_rain_mm": 44.88, "total_rain_in": 1.77 }, { "year": 2022, "month": 3, "avg_high_c": 11.97, "avg_low_c": 3.41, "total_rain_mm": 100.24, "total_rain_in": 3.95 }, { "year": 2022, "month": 4, "avg_high_c": 11.32, "avg_low_c": 2.64, "total_rain_mm": 161.54, "total_rain_in": 6.36 }, { "year": 2022, "month": 5, "avg_high_c": 14.57, "avg_low_c": 5.9, "total_rain_mm": 174.98, "total_rain_in": 6.89 }, { "year": 2022, "month": 6, "avg_high_c": 19.98, "avg_low_c": 9.33, "total_rain_mm": 99.4, "total_rain_in": 3.91 }, { "year": 2022, "month": 7, "avg_high_c": 24.74, "avg_low_c": 12.38, "total_rain_mm": 7.74, "total_rain_in": 0.3 }, { "year": 2022, "month": 8, "avg_high_c": 26.85, "avg_low_c": 12.9, "total_rain_mm": 1.93, "total_rain_in": 0.08 }, { "year": 2022, "month": 9, "avg_high_c": 25.2, "avg_low_c": 10.87, "total_rain_mm": 8.62, "total_rain_in": 0.34 }, { "year": 2022, "month": 10, "avg_high_c": 21.99, "avg_low_c": 8.89, "total_rain_mm": 57.5, "total_rain_in": 2.26 }, { "year": 2022, "month": 11, "avg_high_c": 9.82, "avg_low_c": 0.86, "total_rain_mm": 160.98, "total_rain_in": 6.34 }, { "year": 2022, "month": 12, "avg_high_c": 7.61, "avg_low_c": 1.27, "total_rain_mm": 173.4, "total_rain_in": 6.83 }, { "year": 2023, "month": 1, "avg_high_c": 7.82, "avg_low_c": 1.42, "total_rain_mm": 94.49, "total_rain_in": 3.72 }, { "year": 2023, "month": 2, "avg_high_c": 7.78, "avg_low_c": -0.04, "total_rain_mm": 112.98, "total_rain_in": 4.45 }, { "year": 2023, "month": 3, "avg_high_c": 7.61, "avg_low_c": -0.22, "total_rain_mm": 193.63, "total_rain_in": 7.62 }, { "year": 2023, "month": 4, "avg_high_c": 11.76, "avg_low_c": 3.48, "total_rain_mm": 155.44, "total_rain_in": 6.12 }, { "year": 2023, "month": 5, "avg_high_c": 19.43, "avg_low_c": 8.12, "total_rain_mm": 27.62, "total_rain_in": 1.09 }, { "year": 2023, "month": 6, "avg_high_c": 21.13, "avg_low_c": 8.79, "total_rain_mm": 13.29, "total_rain_in": 0.52 }, { "year": 2023, "month": 7, "avg_high_c": 26.83, "avg_low_c": 11.23, "total_rain_mm": 0.8, "total_rain_in": 0.03 }, { "year": 2023, "month": 8, "avg_high_c": 29.16, "avg_low_c": 12.95, "total_rain_mm": 13.99, "total_rain_in": 0.55 }, { "year": 2023, "month": 9, "avg_high_c": 24.05, "avg_low_c": 10.15, "total_rain_mm": 56.6, "total_rain_in": 2.23 }, { "year": 2023, "month": 10, "avg_high_c": 18.3, "avg_low_c": 7.1, "total_rain_mm": 106.79, "total_rain_in": 4.2 }, { "year": 2023, "month": 11, "avg_high_c": 12.28, "avg_low_c": 3.5, "total_rain_mm": 139.45, "total_rain_in": 5.49 }, { "year": 2023, "month": 12, "avg_high_c": 10.7, "avg_low_c": 4.32, "total_rain_mm": 245.67, "total_rain_in": 9.67 }, { "year": 2024, "month": 1, "avg_high_c": 9.33, "avg_low_c": 4.32, "total_rain_mm": 351.31, "total_rain_in": 13.83 }, { "year": 2024, "month": 2, "avg_high_c": 9.73, "avg_low_c": 3.04, "total_rain_mm": 178.71, "total_rain_in": 7.04 }, { "year": 2024, "month": 3, "avg_high_c": 10.96, "avg_low_c": 2.61, "total_rain_mm": 164.28, "total_rain_in": 6.47 }, { "year": 2024, "month": 4, "avg_high_c": 13.62, "avg_low_c": 4.03, "total_rain_mm": 93.19, "total_rain_in": 3.67 }, { "year": 2024, "month": 5, "avg_high_c": 16.89, "avg_low_c": 5.88, "total_rain_mm": 103.89, "total_rain_in": 4.09 }, { "year": 2024, "month": 6, "avg_high_c": 20.35, "avg_low_c": 9.04, "total_rain_mm": 54.09, "total_rain_in": 2.13 }, { "year": 2024, "month": 7, "avg_high_c": 26.5, "avg_low_c": 12.22, "total_rain_mm": 3.37, "total_rain_in": 0.13 }, { "year": 2024, "month": 8, "avg_high_c": 26.3, "avg_low_c": 12.01, "total_rain_mm": 24.29, "total_rain_in": 0.96 }, { "year": 2024, "month": 9, "avg_high_c": 25.02, "avg_low_c": 10.59, "total_rain_mm": 32.9, "total_rain_in": 1.3 }, { "year": 2024, "month": 10, "avg_high_c": 19.19, "avg_low_c": 6.89, "total_rain_mm": 98.47, "total_rain_in": 3.88 }, { "year": 2024, "month": 11, "avg_high_c": 9.64, "avg_low_c": 3.86, "total_rain_mm": 293.22, "total_rain_in": 11.54 }, { "year": 2024, "month": 12, "avg_high_c": 9.76, "avg_low_c": 3.29, "total_rain_mm": 295.17, "total_rain_in": 11.62 }, { "year": 2025, "month": 1, "avg_high_c": 8.65, "avg_low_c": 0.33, "total_rain_mm": 131.95, "total_rain_in": 5.19 }, { "year": 2025, "month": 2, "avg_high_c": 8.13, "avg_low_c": 1.66, "total_rain_mm": 190.55, "total_rain_in": 7.5 }, { "year": 2025, "month": 3, "avg_high_c": 11.05, "avg_low_c": 4.06, "total_rain_mm": 268.39, "total_rain_in": 10.57 }, { "year": 2025, "month": 4, "avg_high_c": 15.16, "avg_low_c": 4.32, "total_rain_mm": 58.55, "total_rain_in": 2.31 }, { "year": 2025, "month": 5, "avg_high_c": 17.27, "avg_low_c": 6.52, "total_rain_mm": 44.19, "total_rain_in": 1.74 }, { "year": 2025, "month": 6, "avg_high_c": 21.41, "avg_low_c": 9.22, "total_rain_mm": 31.7, "total_rain_in": 1.25 }, { "year": 2025, "month": 7, "avg_high_c": 26.68, "avg_low_c": 11.54, "total_rain_mm": 0.73, "total_rain_in": 0.03 }, { "year": 2025, "month": 8, "avg_high_c": 29.54, "avg_low_c": 13.29, "total_rain_mm": 10.11, "total_rain_in": 0.4 }, { "year": 2025, "month": 9, "avg_high_c": 25.66, "avg_low_c": 10.95, "total_rain_mm": 47.25, "total_rain_in": 1.86 }, { "year": 2025, "month": 10, "avg_high_c": 16.4, "avg_low_c": 6.01, "total_rain_mm": 126.39, "total_rain_in": 4.98 }, { "year": 2025, "month": 11, "avg_high_c": 12.57, "avg_low_c": 5.3, "total_rain_mm": 124.05, "total_rain_in": 4.88 }, { "year": 2025, "month": 12, "avg_high_c": 10.45, "avg_low_c": 4.15, "total_rain_mm": 259.14, "total_rain_in": 10.2 } ] }, "geometry": { "type": "MultiPolygon", "coordinates": [ [ [ [ -122.898035336689347, 43.968263811280472 ], [ -122.898035336286114, 43.967904485349663 ], [ -122.898035336584158, 43.967634990939274 ], [ -122.898304830694315, 43.967275664644752 ], [ -122.898304830587506, 43.966377350128013 ], [ -122.898035336975326, 43.966018023966647 ], [ -122.897676010473901, 43.965748528230677 ], [ -122.897586178589449, 43.965119707815845 ], [ -122.897586178306284, 43.964760381725043 ], [ -122.897676010330045, 43.964760381646975 ], [ -122.898304830391282, 43.964760382119458 ], [ -122.898304830550003, 43.965748528734053 ], [ -122.898933650987559, 43.965389202782099 ], [ -122.899562472594226, 43.965389202845437 ], [ -122.899562472644917, 43.965748528791067 ], [ -122.899562472382712, 43.966018023475762 ], [ -122.899921797699307, 43.966018023138631 ], [ -122.900191292351678, 43.966377349190068 ], [ -122.900191293026467, 43.966646843590077 ], [ -122.899921798448446, 43.967006170373196 ], [ -122.899562471523225, 43.967006169959049 ], [ -122.899562472112621, 43.967275664184143 ], [ -122.899292977752324, 43.967275664705873 ], [ -122.899562471813979, 43.967634990572336 ], [ -122.899562472403403, 43.967904485123427 ], [ -122.898933651282661, 43.968263811789839 ], [ -122.898035336689347, 43.968263811280472 ] ] ] ] } },
{ "type": "Feature", "properties": { "field_id": "WV_AG_039", "lat": 44.728829832700477, "lon": -123.12798947427636, "area_acres": 10.7694800050082, "crop_code": 24, "cdl_crop": "Winter Wheat", "crop_dominant_pct": 79.6, "soil_muname": "Chehalis silty clay loam", "soil_drainage": "Well drained", "soil_clay_pct": 35.0, "soil_sand_pct": 6.5, "soil_silt_pct": 58.5, "soil_om_pct": 7.5, "soil_ph": 6.1, "soil_cec": 30.0, "soil_depth_cm": 0.0, "weather_monthly": [ { "year": 2020, "month": 1, "avg_high_c": 8.29, "avg_low_c": 3.45, "total_rain_mm": 335.74, "total_rain_in": 13.22 }, { "year": 2020, "month": 2, "avg_high_c": 9.41, "avg_low_c": 1.31, "total_rain_mm": 106.13, "total_rain_in": 4.18 }, { "year": 2020, "month": 3, "avg_high_c": 10.89, "avg_low_c": 1.82, "total_rain_mm": 122.53, "total_rain_in": 4.82 }, { "year": 2020, "month": 4, "avg_high_c": 15.33, "avg_low_c": 4.78, "total_rain_mm": 69.14, "total_rain_in": 2.72 }, { "year": 2020, "month": 5, "avg_high_c": 17.79, "avg_low_c": 7.72, "total_rain_mm": 134.18, "total_rain_in": 5.28 }, { "year": 2020, "month": 6, "avg_high_c": 19.47, "avg_low_c": 9.28, "total_rain_mm": 75.69, "total_rain_in": 2.98 }, { "year": 2020, "month": 7, "avg_high_c": 23.62, "avg_low_c": 10.84, "total_rain_mm": 1.22, "total_rain_in": 0.05 }, { "year": 2020, "month": 8, "avg_high_c": 25.28, "avg_low_c": 10.98, "total_rain_mm": 2.78, "total_rain_in": 0.11 }, { "year": 2020, "month": 9, "avg_high_c": 24.88, "avg_low_c": 11.82, "total_rain_mm": 72.75, "total_rain_in": 2.86 }, { "year": 2020, "month": 10, "avg_high_c": 18.05, "avg_low_c": 6.83, "total_rain_mm": 69.47, "total_rain_in": 2.74 }, { "year": 2020, "month": 11, "avg_high_c": 10.89, "avg_low_c": 2.86, "total_rain_mm": 232.5, "total_rain_in": 9.15 }, { "year": 2020, "month": 12, "avg_high_c": 9.48, "avg_low_c": 1.8, "total_rain_mm": 218.39, "total_rain_in": 8.6 }, { "year": 2021, "month": 1, "avg_high_c": 8.91, "avg_low_c": 2.45, "total_rain_mm": 254.08, "total_rain_in": 10.0 }, { "year": 2021, "month": 2, "avg_high_c": 7.83, "avg_low_c": 1.9, "total_rain_mm": 199.0, "total_rain_in": 7.83 }, { "year": 2021, "month": 3, "avg_high_c": 11.03, "avg_low_c": 1.41, "total_rain_mm": 76.2, "total_rain_in": 3.0 }, { "year": 2021, "month": 4, "avg_high_c": 16.03, "avg_low_c": 3.49, "total_rain_mm": 26.64, "total_rain_in": 1.05 }, { "year": 2021, "month": 5, "avg_high_c": 17.61, "avg_low_c": 6.63, "total_rain_mm": 32.61, "total_rain_in": 1.28 }, { "year": 2021, "month": 6, "avg_high_c": 23.31, "avg_low_c": 10.75, "total_rain_mm": 48.27, "total_rain_in": 1.9 }, { "year": 2021, "month": 7, "avg_high_c": 26.5, "avg_low_c": 11.41, "total_rain_mm": 1.97, "total_rain_in": 0.08 }, { "year": 2021, "month": 8, "avg_high_c": 27.12, "avg_low_c": 12.3, "total_rain_mm": 1.69, "total_rain_in": 0.07 }, { "year": 2021, "month": 9, "avg_high_c": 24.68, "avg_low_c": 9.98, "total_rain_mm": 85.39, "total_rain_in": 3.36 }, { "year": 2021, "month": 10, "avg_high_c": 15.78, "avg_low_c": 6.61, "total_rain_mm": 126.84, "total_rain_in": 4.99 }, { "year": 2021, "month": 11, "avg_high_c": 12.39, "avg_low_c": 4.82, "total_rain_mm": 205.74, "total_rain_in": 8.1 }, { "year": 2021, "month": 12, "avg_high_c": 6.18, "avg_low_c": 1.36, "total_rain_mm": 308.92, "total_rain_in": 12.16 }, { "year": 2022, "month": 1, "avg_high_c": 9.77, "avg_low_c": 1.92, "total_rain_mm": 158.73, "total_rain_in": 6.25 }, { "year": 2022, "month": 2, "avg_high_c": 10.27, "avg_low_c": 1.55, "total_rain_mm": 85.78, "total_rain_in": 3.38 }, { "year": 2022, "month": 3, "avg_high_c": 12.11, "avg_low_c": 3.66, "total_rain_mm": 115.37, "total_rain_in": 4.54 }, { "year": 2022, "month": 4, "avg_high_c": 11.74, "avg_low_c": 2.97, "total_rain_mm": 181.66, "total_rain_in": 7.15 }, { "year": 2022, "month": 5, "avg_high_c": 15.02, "avg_low_c": 6.09, "total_rain_mm": 173.68, "total_rain_in": 6.84 }, { "year": 2022, "month": 6, "avg_high_c": 20.05, "avg_low_c": 9.46, "total_rain_mm": 102.97, "total_rain_in": 4.05 }, { "year": 2022, "month": 7, "avg_high_c": 24.84, "avg_low_c": 12.19, "total_rain_mm": 7.17, "total_rain_in": 0.28 }, { "year": 2022, "month": 8, "avg_high_c": 26.1, "avg_low_c": 12.91, "total_rain_mm": 2.85, "total_rain_in": 0.11 }, { "year": 2022, "month": 9, "avg_high_c": 24.47, "avg_low_c": 11.0, "total_rain_mm": 8.81, "total_rain_in": 0.35 }, { "year": 2022, "month": 10, "avg_high_c": 21.37, "avg_low_c": 8.75, "total_rain_mm": 58.08, "total_rain_in": 2.29 }, { "year": 2022, "month": 11, "avg_high_c": 9.79, "avg_low_c": 0.95, "total_rain_mm": 178.0, "total_rain_in": 7.01 }, { "year": 2022, "month": 12, "avg_high_c": 7.87, "avg_low_c": 1.37, "total_rain_mm": 195.13, "total_rain_in": 7.68 }, { "year": 2023, "month": 1, "avg_high_c": 8.03, "avg_low_c": 1.69, "total_rain_mm": 125.73, "total_rain_in": 4.95 }, { "year": 2023, "month": 2, "avg_high_c": 7.67, "avg_low_c": 0.08, "total_rain_mm": 120.26, "total_rain_in": 4.73 }, { "year": 2023, "month": 3, "avg_high_c": 8.6, "avg_low_c": 0.45, "total_rain_mm": 204.35, "total_rain_in": 8.05 }, { "year": 2023, "month": 4, "avg_high_c": 12.24, "avg_low_c": 3.7, "total_rain_mm": 183.89, "total_rain_in": 7.24 }, { "year": 2023, "month": 5, "avg_high_c": 19.84, "avg_low_c": 8.26, "total_rain_mm": 19.98, "total_rain_in": 0.79 }, { "year": 2023, "month": 6, "avg_high_c": 21.61, "avg_low_c": 8.67, "total_rain_mm": 11.98, "total_rain_in": 0.47 }, { "year": 2023, "month": 7, "avg_high_c": 26.14, "avg_low_c": 11.26, "total_rain_mm": 1.1, "total_rain_in": 0.04 }, { "year": 2023, "month": 8, "avg_high_c": 28.47, "avg_low_c": 13.2, "total_rain_mm": 15.84, "total_rain_in": 0.62 }, { "year": 2023, "month": 9, "avg_high_c": 23.69, "avg_low_c": 10.6, "total_rain_mm": 69.32, "total_rain_in": 2.73 }, { "year": 2023, "month": 10, "avg_high_c": 18.08, "avg_low_c": 7.62, "total_rain_mm": 112.67, "total_rain_in": 4.44 }, { "year": 2023, "month": 11, "avg_high_c": 12.32, "avg_low_c": 3.76, "total_rain_mm": 171.73, "total_rain_in": 6.76 }, { "year": 2023, "month": 12, "avg_high_c": 10.81, "avg_low_c": 4.63, "total_rain_mm": 291.62, "total_rain_in": 11.48 }, { "year": 2024, "month": 1, "avg_high_c": 9.42, "avg_low_c": 4.06, "total_rain_mm": 392.13, "total_rain_in": 15.44 }, { "year": 2024, "month": 2, "avg_high_c": 10.23, "avg_low_c": 3.33, "total_rain_mm": 199.65, "total_rain_in": 7.86 }, { "year": 2024, "month": 3, "avg_high_c": 11.63, "avg_low_c": 2.94, "total_rain_mm": 178.34, "total_rain_in": 7.02 }, { "year": 2024, "month": 4, "avg_high_c": 14.12, "avg_low_c": 4.3, "total_rain_mm": 93.08, "total_rain_in": 3.66 }, { "year": 2024, "month": 5, "avg_high_c": 17.1, "avg_low_c": 6.17, "total_rain_mm": 106.35, "total_rain_in": 4.19 }, { "year": 2024, "month": 6, "avg_high_c": 20.44, "avg_low_c": 9.21, "total_rain_mm": 57.73, "total_rain_in": 2.27 }, { "year": 2024, "month": 7, "avg_high_c": 26.3, "avg_low_c": 11.94, "total_rain_mm": 5.44, "total_rain_in": 0.21 }, { "year": 2024, "month": 8, "avg_high_c": 25.26, "avg_low_c": 12.04, "total_rain_mm": 20.57, "total_rain_in": 0.81 }, { "year": 2024, "month": 9, "avg_high_c": 24.25, "avg_low_c": 10.86, "total_rain_mm": 34.03, "total_rain_in": 1.34 }, { "year": 2024, "month": 10, "avg_high_c": 18.82, "avg_low_c": 7.09, "total_rain_mm": 123.02, "total_rain_in": 4.84 }, { "year": 2024, "month": 11, "avg_high_c": 10.25, "avg_low_c": 4.12, "total_rain_mm": 316.42, "total_rain_in": 12.46 }, { "year": 2024, "month": 12, "avg_high_c": 9.56, "avg_low_c": 3.41, "total_rain_mm": 301.4, "total_rain_in": 11.87 }, { "year": 2025, "month": 1, "avg_high_c": 8.3, "avg_low_c": 0.38, "total_rain_mm": 131.61, "total_rain_in": 5.18 }, { "year": 2025, "month": 2, "avg_high_c": 8.57, "avg_low_c": 1.98, "total_rain_mm": 208.24, "total_rain_in": 8.2 }, { "year": 2025, "month": 3, "avg_high_c": 11.43, "avg_low_c": 4.26, "total_rain_mm": 258.95, "total_rain_in": 10.19 }, { "year": 2025, "month": 4, "avg_high_c": 15.68, "avg_low_c": 4.55, "total_rain_mm": 62.07, "total_rain_in": 2.44 }, { "year": 2025, "month": 5, "avg_high_c": 17.55, "avg_low_c": 6.39, "total_rain_mm": 43.47, "total_rain_in": 1.71 }, { "year": 2025, "month": 6, "avg_high_c": 21.52, "avg_low_c": 9.24, "total_rain_mm": 31.15, "total_rain_in": 1.23 }, { "year": 2025, "month": 7, "avg_high_c": 25.74, "avg_low_c": 11.48, "total_rain_mm": 0.4, "total_rain_in": 0.02 }, { "year": 2025, "month": 8, "avg_high_c": 28.03, "avg_low_c": 13.28, "total_rain_mm": 12.83, "total_rain_in": 0.51 }, { "year": 2025, "month": 9, "avg_high_c": 24.93, "avg_low_c": 11.27, "total_rain_mm": 48.46, "total_rain_in": 1.91 }, { "year": 2025, "month": 10, "avg_high_c": 15.99, "avg_low_c": 6.03, "total_rain_mm": 137.17, "total_rain_in": 5.4 }, { "year": 2025, "month": 11, "avg_high_c": 12.27, "avg_low_c": 5.4, "total_rain_mm": 167.03, "total_rain_in": 6.58 }, { "year": 2025, "month": 12, "avg_high_c": 10.32, "avg_low_c": 4.3, "total_rain_mm": 310.36, "total_rain_in": 12.22 } ] }, "geometry": { "type": "MultiPolygon", "coordinates": [ [ [ [ -123.12911872640278, 44.729019673300108 ], [ -123.128489905445349, 44.729019673189164 ], [ -123.128130579328854, 44.729378998555639 ], [ -123.127232263562007, 44.729648493076773 ], [ -123.126872937996339, 44.729648493083722 ], [ -123.126603443089891, 44.729648493076311 ], [ -123.126244116666697, 44.729648492509661 ], [ -123.12597462255377, 44.72937899828775 ], [ -123.125974621734144, 44.729019672192273 ], [ -123.125615295730839, 44.729019672419611 ], [ -123.12525597025153, 44.728750177894788 ], [ -123.125615295677306, 44.728750177517504 ], [ -123.125615296361474, 44.72812135654177 ], [ -123.125974621934475, 44.728121357279285 ], [ -123.125974621853288, 44.728390851193836 ], [ -123.127232263129628, 44.728390851067751 ], [ -123.127501757722712, 44.728390851635552 ], [ -123.128130579033581, 44.728390852286367 ], [ -123.128759399503366, 44.728750177137563 ], [ -123.129118725205984, 44.728750177592573 ], [ -123.129747546222774, 44.728390851753339 ], [ -123.129747546511751, 44.728121356527474 ], [ -123.130017040306726, 44.727762030654311 ], [ -123.130376367382937, 44.727762031029954 ], [ -123.130645861601735, 44.727762030437447 ], [ -123.130645861757486, 44.728390851142422 ], [ -123.130376366873577, 44.728750177316002 ], [ -123.130017040466385, 44.729378998480982 ], [ -123.129118725192953, 44.729378998627368 ], [ -123.12911872640278, 44.729019673300108 ] ] ] ] } },
{ "type": "Feature", "properties": { "field_id": "WV_AG_040", "lat": 44.868844211835352, "lon": -122.84776466529046, "area_acres": 35.199505305145699, "crop_code": 24, "cdl_crop": "Winter Wheat", "crop_dominant_pct": 93.6, "soil_muname": "Nekia silty clay loam, 2 to 7 percent slopes", "soil_drainage": "Well drained", "soil_clay_pct": 35.0, "soil_sand_pct": 16.9, "soil_silt_pct": 48.1, "soil_om_pct": 5.5, "soil_ph": 5.6, "soil_cec": 20.0, "soil_depth_cm": 0.0, "weather_monthly": [ { "year": 2020, "month": 1, "avg_high_c": 8.33, "avg_low_c": 3.69, "total_rain_mm": 331.66, "total_rain_in": 13.06 }, { "year": 2020, "month": 2, "avg_high_c": 9.3, "avg_low_c": 1.59, "total_rain_mm": 119.69, "total_rain_in": 4.71 }, { "year": 2020, "month": 3, "avg_high_c": 10.58, "avg_low_c": 1.93, "total_rain_mm": 119.65, "total_rain_in": 4.71 }, { "year": 2020, "month": 4, "avg_high_c": 15.36, "avg_low_c": 4.91, "total_rain_mm": 65.25, "total_rain_in": 2.57 }, { "year": 2020, "month": 5, "avg_high_c": 18.1, "avg_low_c": 7.97, "total_rain_mm": 129.22, "total_rain_in": 5.09 }, { "year": 2020, "month": 6, "avg_high_c": 19.57, "avg_low_c": 9.34, "total_rain_mm": 97.62, "total_rain_in": 3.84 }, { "year": 2020, "month": 7, "avg_high_c": 24.4, "avg_low_c": 11.06, "total_rain_mm": 3.63, "total_rain_in": 0.14 }, { "year": 2020, "month": 8, "avg_high_c": 25.88, "avg_low_c": 11.44, "total_rain_mm": 5.11, "total_rain_in": 0.2 }, { "year": 2020, "month": 9, "avg_high_c": 24.8, "avg_low_c": 11.76, "total_rain_mm": 75.48, "total_rain_in": 2.97 }, { "year": 2020, "month": 10, "avg_high_c": 17.88, "avg_low_c": 7.03, "total_rain_mm": 95.76, "total_rain_in": 3.77 }, { "year": 2020, "month": 11, "avg_high_c": 10.62, "avg_low_c": 2.98, "total_rain_mm": 245.69, "total_rain_in": 9.67 }, { "year": 2020, "month": 12, "avg_high_c": 9.56, "avg_low_c": 2.24, "total_rain_mm": 231.54, "total_rain_in": 9.12 }, { "year": 2021, "month": 1, "avg_high_c": 8.81, "avg_low_c": 2.61, "total_rain_mm": 260.36, "total_rain_in": 10.25 }, { "year": 2021, "month": 2, "avg_high_c": 7.61, "avg_low_c": 1.86, "total_rain_mm": 215.93, "total_rain_in": 8.5 }, { "year": 2021, "month": 3, "avg_high_c": 11.05, "avg_low_c": 1.47, "total_rain_mm": 82.08, "total_rain_in": 3.23 }, { "year": 2021, "month": 4, "avg_high_c": 16.05, "avg_low_c": 3.87, "total_rain_mm": 27.34, "total_rain_in": 1.08 }, { "year": 2021, "month": 5, "avg_high_c": 18.03, "avg_low_c": 6.8, "total_rain_mm": 47.74, "total_rain_in": 1.88 }, { "year": 2021, "month": 6, "avg_high_c": 24.25, "avg_low_c": 11.1, "total_rain_mm": 49.29, "total_rain_in": 1.94 }, { "year": 2021, "month": 7, "avg_high_c": 27.3, "avg_low_c": 11.55, "total_rain_mm": 1.83, "total_rain_in": 0.07 }, { "year": 2021, "month": 8, "avg_high_c": 27.65, "avg_low_c": 12.56, "total_rain_mm": 2.92, "total_rain_in": 0.11 }, { "year": 2021, "month": 9, "avg_high_c": 24.55, "avg_low_c": 10.43, "total_rain_mm": 101.83, "total_rain_in": 4.01 }, { "year": 2021, "month": 10, "avg_high_c": 15.52, "avg_low_c": 6.56, "total_rain_mm": 148.73, "total_rain_in": 5.86 }, { "year": 2021, "month": 11, "avg_high_c": 12.28, "avg_low_c": 5.35, "total_rain_mm": 250.09, "total_rain_in": 9.85 }, { "year": 2021, "month": 12, "avg_high_c": 5.61, "avg_low_c": 0.97, "total_rain_mm": 309.17, "total_rain_in": 12.17 }, { "year": 2022, "month": 1, "avg_high_c": 9.29, "avg_low_c": 1.87, "total_rain_mm": 185.19, "total_rain_in": 7.29 }, { "year": 2022, "month": 2, "avg_high_c": 9.66, "avg_low_c": 1.72, "total_rain_mm": 98.54, "total_rain_in": 3.88 }, { "year": 2022, "month": 3, "avg_high_c": 11.99, "avg_low_c": 3.83, "total_rain_mm": 125.82, "total_rain_in": 4.95 }, { "year": 2022, "month": 4, "avg_high_c": 11.48, "avg_low_c": 2.65, "total_rain_mm": 200.52, "total_rain_in": 7.89 }, { "year": 2022, "month": 5, "avg_high_c": 15.04, "avg_low_c": 6.2, "total_rain_mm": 191.01, "total_rain_in": 7.52 }, { "year": 2022, "month": 6, "avg_high_c": 19.96, "avg_low_c": 9.78, "total_rain_mm": 128.91, "total_rain_in": 5.08 }, { "year": 2022, "month": 7, "avg_high_c": 25.26, "avg_low_c": 12.21, "total_rain_mm": 8.52, "total_rain_in": 0.34 }, { "year": 2022, "month": 8, "avg_high_c": 27.38, "avg_low_c": 13.3, "total_rain_mm": 1.96, "total_rain_in": 0.08 }, { "year": 2022, "month": 9, "avg_high_c": 25.27, "avg_low_c": 11.26, "total_rain_mm": 12.33, "total_rain_in": 0.49 }, { "year": 2022, "month": 10, "avg_high_c": 21.88, "avg_low_c": 8.89, "total_rain_mm": 83.79, "total_rain_in": 3.3 }, { "year": 2022, "month": 11, "avg_high_c": 9.53, "avg_low_c": 1.32, "total_rain_mm": 209.49, "total_rain_in": 8.25 }, { "year": 2022, "month": 12, "avg_high_c": 7.23, "avg_low_c": 1.41, "total_rain_mm": 213.47, "total_rain_in": 8.4 }, { "year": 2023, "month": 1, "avg_high_c": 8.1, "avg_low_c": 2.21, "total_rain_mm": 124.27, "total_rain_in": 4.89 }, { "year": 2023, "month": 2, "avg_high_c": 7.34, "avg_low_c": 0.11, "total_rain_mm": 126.83, "total_rain_in": 4.99 }, { "year": 2023, "month": 3, "avg_high_c": 8.74, "avg_low_c": 0.78, "total_rain_mm": 189.54, "total_rain_in": 7.46 }, { "year": 2023, "month": 4, "avg_high_c": 12.14, "avg_low_c": 3.83, "total_rain_mm": 194.6, "total_rain_in": 7.66 }, { "year": 2023, "month": 5, "avg_high_c": 20.07, "avg_low_c": 8.51, "total_rain_mm": 27.12, "total_rain_in": 1.07 }, { "year": 2023, "month": 6, "avg_high_c": 21.75, "avg_low_c": 8.84, "total_rain_mm": 19.41, "total_rain_in": 0.76 }, { "year": 2023, "month": 7, "avg_high_c": 26.77, "avg_low_c": 11.45, "total_rain_mm": 2.08, "total_rain_in": 0.08 }, { "year": 2023, "month": 8, "avg_high_c": 29.03, "avg_low_c": 13.52, "total_rain_mm": 21.34, "total_rain_in": 0.84 }, { "year": 2023, "month": 9, "avg_high_c": 23.57, "avg_low_c": 10.75, "total_rain_mm": 70.6, "total_rain_in": 2.78 }, { "year": 2023, "month": 10, "avg_high_c": 18.22, "avg_low_c": 7.61, "total_rain_mm": 117.2, "total_rain_in": 4.61 }, { "year": 2023, "month": 11, "avg_high_c": 11.95, "avg_low_c": 3.59, "total_rain_mm": 187.96, "total_rain_in": 7.4 }, { "year": 2023, "month": 12, "avg_high_c": 10.68, "avg_low_c": 4.45, "total_rain_mm": 295.35, "total_rain_in": 11.63 }, { "year": 2024, "month": 1, "avg_high_c": 8.28, "avg_low_c": 2.91, "total_rain_mm": 370.12, "total_rain_in": 14.57 }, { "year": 2024, "month": 2, "avg_high_c": 10.14, "avg_low_c": 3.26, "total_rain_mm": 200.23, "total_rain_in": 7.88 }, { "year": 2024, "month": 3, "avg_high_c": 11.51, "avg_low_c": 3.24, "total_rain_mm": 164.08, "total_rain_in": 6.46 }, { "year": 2024, "month": 4, "avg_high_c": 14.23, "avg_low_c": 4.47, "total_rain_mm": 94.88, "total_rain_in": 3.74 }, { "year": 2024, "month": 5, "avg_high_c": 17.15, "avg_low_c": 6.5, "total_rain_mm": 118.44, "total_rain_in": 4.66 }, { "year": 2024, "month": 6, "avg_high_c": 20.38, "avg_low_c": 9.29, "total_rain_mm": 74.42, "total_rain_in": 2.93 }, { "year": 2024, "month": 7, "avg_high_c": 27.02, "avg_low_c": 12.01, "total_rain_mm": 7.22, "total_rain_in": 0.28 }, { "year": 2024, "month": 8, "avg_high_c": 25.73, "avg_low_c": 12.22, "total_rain_mm": 22.59, "total_rain_in": 0.89 }, { "year": 2024, "month": 9, "avg_high_c": 24.48, "avg_low_c": 11.29, "total_rain_mm": 33.37, "total_rain_in": 1.31 }, { "year": 2024, "month": 10, "avg_high_c": 18.76, "avg_low_c": 7.37, "total_rain_mm": 131.82, "total_rain_in": 5.19 }, { "year": 2024, "month": 11, "avg_high_c": 9.95, "avg_low_c": 4.08, "total_rain_mm": 284.69, "total_rain_in": 11.21 }, { "year": 2024, "month": 12, "avg_high_c": 9.31, "avg_low_c": 3.22, "total_rain_mm": 297.03, "total_rain_in": 11.69 }, { "year": 2025, "month": 1, "avg_high_c": 7.89, "avg_low_c": 0.22, "total_rain_mm": 116.9, "total_rain_in": 4.6 }, { "year": 2025, "month": 2, "avg_high_c": 8.27, "avg_low_c": 1.66, "total_rain_mm": 206.54, "total_rain_in": 8.13 }, { "year": 2025, "month": 3, "avg_high_c": 11.38, "avg_low_c": 4.41, "total_rain_mm": 241.61, "total_rain_in": 9.51 }, { "year": 2025, "month": 4, "avg_high_c": 15.77, "avg_low_c": 4.72, "total_rain_mm": 64.12, "total_rain_in": 2.52 }, { "year": 2025, "month": 5, "avg_high_c": 17.45, "avg_low_c": 6.68, "total_rain_mm": 52.17, "total_rain_in": 2.05 }, { "year": 2025, "month": 6, "avg_high_c": 21.6, "avg_low_c": 9.69, "total_rain_mm": 34.37, "total_rain_in": 1.35 }, { "year": 2025, "month": 7, "avg_high_c": 26.13, "avg_low_c": 11.56, "total_rain_mm": 1.41, "total_rain_in": 0.06 }, { "year": 2025, "month": 8, "avg_high_c": 28.06, "avg_low_c": 13.39, "total_rain_mm": 20.61, "total_rain_in": 0.81 }, { "year": 2025, "month": 9, "avg_high_c": 24.77, "avg_low_c": 11.37, "total_rain_mm": 49.32, "total_rain_in": 1.94 }, { "year": 2025, "month": 10, "avg_high_c": 15.59, "avg_low_c": 6.02, "total_rain_mm": 148.04, "total_rain_in": 5.83 }, { "year": 2025, "month": 11, "avg_high_c": 11.64, "avg_low_c": 5.24, "total_rain_mm": 176.54, "total_rain_in": 6.95 }, { "year": 2025, "month": 12, "avg_high_c": 9.99, "avg_low_c": 4.33, "total_rain_mm": 352.37, "total_rain_in": 13.87 } ] }, "geometry": { "type": "MultiPolygon", "coordinates": [ [ [ [ -122.850185364092738, 44.870211491145106 ], [ -122.850185364615115, 44.869852164602641 ], [ -122.850454858952645, 44.869852165010101 ], [ -122.850454859049151, 44.869223344391656 ], [ -122.849826038712408, 44.869223343850543 ], [ -122.849826037843783, 44.869582670487098 ], [ -122.849197217825122, 44.87021149055505 ], [ -122.84731075525066, 44.870211490694182 ], [ -122.847041261084982, 44.870211491119719 ], [ -122.846681934944144, 44.870570816969391 ], [ -122.846322608349936, 44.87057081679815 ], [ -122.846322608942458, 44.870211491378306 ], [ -122.845693787507642, 44.870211491300914 ], [ -122.845424293184692, 44.870211491315168 ], [ -122.844795473163131, 44.870211490475825 ], [ -122.844795472674846, 44.869852165379562 ], [ -122.844436146458534, 44.869852164605497 ], [ -122.844436146161101, 44.869223344402478 ], [ -122.844795472298827, 44.868953849551112 ], [ -122.845064967241498, 44.868325028526286 ], [ -122.845424292777025, 44.867965702682433 ], [ -122.846322608187023, 44.867336882036689 ], [ -122.847041260860053, 44.867067387208486 ], [ -122.847939576189404, 44.86706738754409 ], [ -122.848568396189407, 44.867067387248071 ], [ -122.848568396346863, 44.867336882236245 ], [ -122.848568397132738, 44.867696208404027 ], [ -122.84892772252735, 44.867696208067613 ], [ -122.848927722551849, 44.867965702832002 ], [ -122.849556543830801, 44.867965703105675 ], [ -122.849556543243281, 44.867336882396366 ], [ -122.849826038472457, 44.867336881813635 ], [ -122.850185364934234, 44.867336882170044 ], [ -122.850814185097619, 44.868325029060969 ], [ -122.851083679805797, 44.868953849253131 ], [ -122.851083680092643, 44.869223343709152 ], [ -122.851083679691641, 44.870211491148311 ], [ -122.850185364092738, 44.870211491145106 ] ] ] ] } },
{ "type": "Feature", "properties": { "field_id": "WV_AG_041", "lat": 44.45061613875643, "lon": -123.1028039264326, "area_acres": 10.785174635120899, "crop_code": 24, "cdl_crop": "Winter Wheat", "crop_dominant_pct": 93.9, "soil_muname": "Dayton silt loam", "soil_drainage": "Poorly drained", "soil_clay_pct": 17.5, "soil_sand_pct": 29.1, "soil_silt_pct": 53.4, "soil_om_pct": 2.5, "soil_ph": 5.6, "soil_cec": 15.0, "soil_depth_cm": 0.0, "weather_monthly": [ { "year": 2020, "month": 1, "avg_high_c": 8.29, "avg_low_c": 3.45, "total_rain_mm": 335.74, "total_rain_in": 13.22 }, { "year": 2020, "month": 2, "avg_high_c": 9.41, "avg_low_c": 1.31, "total_rain_mm": 106.13, "total_rain_in": 4.18 }, { "year": 2020, "month": 3, "avg_high_c": 10.89, "avg_low_c": 1.82, "total_rain_mm": 122.53, "total_rain_in": 4.82 }, { "year": 2020, "month": 4, "avg_high_c": 15.33, "avg_low_c": 4.78, "total_rain_mm": 69.14, "total_rain_in": 2.72 }, { "year": 2020, "month": 5, "avg_high_c": 17.79, "avg_low_c": 7.72, "total_rain_mm": 134.18, "total_rain_in": 5.28 }, { "year": 2020, "month": 6, "avg_high_c": 19.47, "avg_low_c": 9.28, "total_rain_mm": 75.69, "total_rain_in": 2.98 }, { "year": 2020, "month": 7, "avg_high_c": 23.62, "avg_low_c": 10.84, "total_rain_mm": 1.22, "total_rain_in": 0.05 }, { "year": 2020, "month": 8, "avg_high_c": 25.28, "avg_low_c": 10.98, "total_rain_mm": 2.78, "total_rain_in": 0.11 }, { "year": 2020, "month": 9, "avg_high_c": 24.88, "avg_low_c": 11.82, "total_rain_mm": 72.75, "total_rain_in": 2.86 }, { "year": 2020, "month": 10, "avg_high_c": 18.05, "avg_low_c": 6.83, "total_rain_mm": 69.47, "total_rain_in": 2.74 }, { "year": 2020, "month": 11, "avg_high_c": 10.89, "avg_low_c": 2.86, "total_rain_mm": 232.5, "total_rain_in": 9.15 }, { "year": 2020, "month": 12, "avg_high_c": 9.48, "avg_low_c": 1.8, "total_rain_mm": 218.39, "total_rain_in": 8.6 }, { "year": 2021, "month": 1, "avg_high_c": 8.91, "avg_low_c": 2.45, "total_rain_mm": 254.08, "total_rain_in": 10.0 }, { "year": 2021, "month": 2, "avg_high_c": 7.83, "avg_low_c": 1.9, "total_rain_mm": 199.0, "total_rain_in": 7.83 }, { "year": 2021, "month": 3, "avg_high_c": 11.03, "avg_low_c": 1.41, "total_rain_mm": 76.2, "total_rain_in": 3.0 }, { "year": 2021, "month": 4, "avg_high_c": 16.03, "avg_low_c": 3.49, "total_rain_mm": 26.64, "total_rain_in": 1.05 }, { "year": 2021, "month": 5, "avg_high_c": 17.61, "avg_low_c": 6.63, "total_rain_mm": 32.61, "total_rain_in": 1.28 }, { "year": 2021, "month": 6, "avg_high_c": 23.31, "avg_low_c": 10.75, "total_rain_mm": 48.27, "total_rain_in": 1.9 }, { "year": 2021, "month": 7, "avg_high_c": 26.5, "avg_low_c": 11.41, "total_rain_mm": 1.97, "total_rain_in": 0.08 }, { "year": 2021, "month": 8, "avg_high_c": 27.12, "avg_low_c": 12.3, "total_rain_mm": 1.69, "total_rain_in": 0.07 }, { "year": 2021, "month": 9, "avg_high_c": 24.68, "avg_low_c": 9.98, "total_rain_mm": 85.39, "total_rain_in": 3.36 }, { "year": 2021, "month": 10, "avg_high_c": 15.78, "avg_low_c": 6.61, "total_rain_mm": 126.84, "total_rain_in": 4.99 }, { "year": 2021, "month": 11, "avg_high_c": 12.39, "avg_low_c": 4.82, "total_rain_mm": 205.74, "total_rain_in": 8.1 }, { "year": 2021, "month": 12, "avg_high_c": 6.18, "avg_low_c": 1.36, "total_rain_mm": 308.92, "total_rain_in": 12.16 }, { "year": 2022, "month": 1, "avg_high_c": 9.77, "avg_low_c": 1.92, "total_rain_mm": 158.73, "total_rain_in": 6.25 }, { "year": 2022, "month": 2, "avg_high_c": 10.27, "avg_low_c": 1.55, "total_rain_mm": 85.78, "total_rain_in": 3.38 }, { "year": 2022, "month": 3, "avg_high_c": 12.11, "avg_low_c": 3.66, "total_rain_mm": 115.37, "total_rain_in": 4.54 }, { "year": 2022, "month": 4, "avg_high_c": 11.74, "avg_low_c": 2.97, "total_rain_mm": 181.66, "total_rain_in": 7.15 }, { "year": 2022, "month": 5, "avg_high_c": 15.02, "avg_low_c": 6.09, "total_rain_mm": 173.68, "total_rain_in": 6.84 }, { "year": 2022, "month": 6, "avg_high_c": 20.05, "avg_low_c": 9.46, "total_rain_mm": 102.97, "total_rain_in": 4.05 }, { "year": 2022, "month": 7, "avg_high_c": 24.84, "avg_low_c": 12.19, "total_rain_mm": 7.17, "total_rain_in": 0.28 }, { "year": 2022, "month": 8, "avg_high_c": 26.1, "avg_low_c": 12.91, "total_rain_mm": 2.85, "total_rain_in": 0.11 }, { "year": 2022, "month": 9, "avg_high_c": 24.47, "avg_low_c": 11.0, "total_rain_mm": 8.81, "total_rain_in": 0.35 }, { "year": 2022, "month": 10, "avg_high_c": 21.37, "avg_low_c": 8.75, "total_rain_mm": 58.08, "total_rain_in": 2.29 }, { "year": 2022, "month": 11, "avg_high_c": 9.79, "avg_low_c": 0.95, "total_rain_mm": 178.0, "total_rain_in": 7.01 }, { "year": 2022, "month": 12, "avg_high_c": 7.87, "avg_low_c": 1.37, "total_rain_mm": 195.13, "total_rain_in": 7.68 }, { "year": 2023, "month": 1, "avg_high_c": 8.03, "avg_low_c": 1.69, "total_rain_mm": 125.73, "total_rain_in": 4.95 }, { "year": 2023, "month": 2, "avg_high_c": 7.67, "avg_low_c": 0.08, "total_rain_mm": 120.26, "total_rain_in": 4.73 }, { "year": 2023, "month": 3, "avg_high_c": 8.6, "avg_low_c": 0.45, "total_rain_mm": 204.35, "total_rain_in": 8.05 }, { "year": 2023, "month": 4, "avg_high_c": 12.24, "avg_low_c": 3.7, "total_rain_mm": 183.89, "total_rain_in": 7.24 }, { "year": 2023, "month": 5, "avg_high_c": 19.84, "avg_low_c": 8.26, "total_rain_mm": 19.98, "total_rain_in": 0.79 }, { "year": 2023, "month": 6, "avg_high_c": 21.61, "avg_low_c": 8.67, "total_rain_mm": 11.98, "total_rain_in": 0.47 }, { "year": 2023, "month": 7, "avg_high_c": 26.14, "avg_low_c": 11.26, "total_rain_mm": 1.1, "total_rain_in": 0.04 }, { "year": 2023, "month": 8, "avg_high_c": 28.47, "avg_low_c": 13.2, "total_rain_mm": 15.84, "total_rain_in": 0.62 }, { "year": 2023, "month": 9, "avg_high_c": 23.69, "avg_low_c": 10.6, "total_rain_mm": 69.32, "total_rain_in": 2.73 }, { "year": 2023, "month": 10, "avg_high_c": 18.08, "avg_low_c": 7.62, "total_rain_mm": 112.67, "total_rain_in": 4.44 }, { "year": 2023, "month": 11, "avg_high_c": 12.32, "avg_low_c": 3.76, "total_rain_mm": 171.73, "total_rain_in": 6.76 }, { "year": 2023, "month": 12, "avg_high_c": 10.81, "avg_low_c": 4.63, "total_rain_mm": 291.62, "total_rain_in": 11.48 }, { "year": 2024, "month": 1, "avg_high_c": 9.42, "avg_low_c": 4.06, "total_rain_mm": 392.13, "total_rain_in": 15.44 }, { "year": 2024, "month": 2, "avg_high_c": 10.23, "avg_low_c": 3.33, "total_rain_mm": 199.65, "total_rain_in": 7.86 }, { "year": 2024, "month": 3, "avg_high_c": 11.63, "avg_low_c": 2.94, "total_rain_mm": 178.34, "total_rain_in": 7.02 }, { "year": 2024, "month": 4, "avg_high_c": 14.12, "avg_low_c": 4.3, "total_rain_mm": 93.08, "total_rain_in": 3.66 }, { "year": 2024, "month": 5, "avg_high_c": 17.1, "avg_low_c": 6.17, "total_rain_mm": 106.35, "total_rain_in": 4.19 }, { "year": 2024, "month": 6, "avg_high_c": 20.44, "avg_low_c": 9.21, "total_rain_mm": 57.73, "total_rain_in": 2.27 }, { "year": 2024, "month": 7, "avg_high_c": 26.3, "avg_low_c": 11.94, "total_rain_mm": 5.44, "total_rain_in": 0.21 }, { "year": 2024, "month": 8, "avg_high_c": 25.26, "avg_low_c": 12.04, "total_rain_mm": 20.57, "total_rain_in": 0.81 }, { "year": 2024, "month": 9, "avg_high_c": 24.25, "avg_low_c": 10.86, "total_rain_mm": 34.03, "total_rain_in": 1.34 }, { "year": 2024, "month": 10, "avg_high_c": 18.82, "avg_low_c": 7.09, "total_rain_mm": 123.02, "total_rain_in": 4.84 }, { "year": 2024, "month": 11, "avg_high_c": 10.25, "avg_low_c": 4.12, "total_rain_mm": 316.42, "total_rain_in": 12.46 }, { "year": 2024, "month": 12, "avg_high_c": 9.56, "avg_low_c": 3.41, "total_rain_mm": 301.4, "total_rain_in": 11.87 }, { "year": 2025, "month": 1, "avg_high_c": 8.3, "avg_low_c": 0.38, "total_rain_mm": 131.61, "total_rain_in": 5.18 }, { "year": 2025, "month": 2, "avg_high_c": 8.57, "avg_low_c": 1.98, "total_rain_mm": 208.24, "total_rain_in": 8.2 }, { "year": 2025, "month": 3, "avg_high_c": 11.43, "avg_low_c": 4.26, "total_rain_mm": 258.95, "total_rain_in": 10.19 }, { "year": 2025, "month": 4, "avg_high_c": 15.68, "avg_low_c": 4.55, "total_rain_mm": 62.07, "total_rain_in": 2.44 }, { "year": 2025, "month": 5, "avg_high_c": 17.55, "avg_low_c": 6.39, "total_rain_mm": 43.47, "total_rain_in": 1.71 }, { "year": 2025, "month": 6, "avg_high_c": 21.52, "avg_low_c": 9.24, "total_rain_mm": 31.15, "total_rain_in": 1.23 }, { "year": 2025, "month": 7, "avg_high_c": 25.74, "avg_low_c": 11.48, "total_rain_mm": 0.4, "total_rain_in": 0.02 }, { "year": 2025, "month": 8, "avg_high_c": 28.03, "avg_low_c": 13.28, "total_rain_mm": 12.83, "total_rain_in": 0.51 }, { "year": 2025, "month": 9, "avg_high_c": 24.93, "avg_low_c": 11.27, "total_rain_mm": 48.46, "total_rain_in": 1.91 }, { "year": 2025, "month": 10, "avg_high_c": 15.99, "avg_low_c": 6.03, "total_rain_mm": 137.17, "total_rain_in": 5.4 }, { "year": 2025, "month": 11, "avg_high_c": 12.27, "avg_low_c": 5.4, "total_rain_mm": 167.03, "total_rain_in": 6.58 }, { "year": 2025, "month": 12, "avg_high_c": 10.32, "avg_low_c": 4.3, "total_rain_mm": 310.36, "total_rain_in": 12.22 } ] }, "geometry": { "type": "MultiPolygon", "coordinates": [ [ [ [ -123.102360595179022, 44.452409438952841 ], [ -123.102360595170751, 44.452050113235025 ], [ -123.102719922725157, 44.452050113192435 ], [ -123.102719922166372, 44.451421291858516 ], [ -123.102989415470276, 44.451421292331013 ], [ -123.102989414899611, 44.451151797708938 ], [ -123.102719921607587, 44.450792471362874 ], [ -123.102360595537405, 44.450792471554266 ], [ -123.102360594697444, 44.450522976935183 ], [ -123.102001269821614, 44.450792471638913 ], [ -123.101731774893963, 44.450792471902446 ], [ -123.101731774993439, 44.450522976674563 ], [ -123.10137244899893, 44.450522977292671 ], [ -123.101102954702171, 44.450163650683351 ], [ -123.101102954886713, 44.449894156319637 ], [ -123.101731775295164, 44.449894156307352 ], [ -123.101731773934219, 44.4495348306789 ], [ -123.101372447639434, 44.449534830584433 ], [ -123.101372449039644, 44.44917550411585 ], [ -123.102360594978222, 44.449175504277136 ], [ -123.102360594840889, 44.449534830642001 ], [ -123.102719920841935, 44.449894156079019 ], [ -123.103348743231066, 44.449894156447264 ], [ -123.103348743314257, 44.449534829659953 ], [ -123.102989416810715, 44.449534830224245 ], [ -123.102989416383139, 44.449175504215631 ], [ -123.103618237642507, 44.449175504025689 ], [ -123.103977563784184, 44.449534830508554 ], [ -123.103977563911457, 44.449894156078315 ], [ -123.103618237209872, 44.449894156109082 ], [ -123.103618237865604, 44.450163650517837 ], [ -123.103618237649329, 44.450522977175176 ], [ -123.103348742376639, 44.450522977260789 ], [ -123.103618237950641, 44.450792471081748 ], [ -123.103977563020877, 44.450792471452282 ], [ -123.10397756367081, 44.451421292498075 ], [ -123.103618238035693, 44.451421292483765 ], [ -123.103618237110538, 44.451780618376382 ], [ -123.103618237411908, 44.45205011300142 ], [ -123.103977563611906, 44.452050112659485 ], [ -123.103977562175942, 44.45240943953619 ], [ -123.102719921013787, 44.452409439667761 ], [ -123.102360595179022, 44.452409438952841 ] ] ] ] } },
{ "type": "Feature", "properties": { "field_id": "WV_AG_042", "lat": 44.643536619404571, "lon": -122.94709237783644, "area_acres": 37.664486233310001, "crop_code": 24, "cdl_crop": "Winter Wheat", "crop_dominant_pct": 84.7, "soil_muname": "Cloquato silt loam", "soil_drainage": "Well drained", "soil_clay_pct": 10.0, "soil_sand_pct": 21.2, "soil_silt_pct": 68.8, "soil_om_pct": 7.5, "soil_ph": 6.1, "soil_cec": 17.5, "soil_depth_cm": 0.0, "weather_monthly": [ { "year": 2020, "month": 1, "avg_high_c": 8.29, "avg_low_c": 3.45, "total_rain_mm": 335.74, "total_rain_in": 13.22 }, { "year": 2020, "month": 2, "avg_high_c": 9.41, "avg_low_c": 1.31, "total_rain_mm": 106.13, "total_rain_in": 4.18 }, { "year": 2020, "month": 3, "avg_high_c": 10.89, "avg_low_c": 1.82, "total_rain_mm": 122.53, "total_rain_in": 4.82 }, { "year": 2020, "month": 4, "avg_high_c": 15.33, "avg_low_c": 4.78, "total_rain_mm": 69.14, "total_rain_in": 2.72 }, { "year": 2020, "month": 5, "avg_high_c": 17.79, "avg_low_c": 7.72, "total_rain_mm": 134.18, "total_rain_in": 5.28 }, { "year": 2020, "month": 6, "avg_high_c": 19.47, "avg_low_c": 9.28, "total_rain_mm": 75.69, "total_rain_in": 2.98 }, { "year": 2020, "month": 7, "avg_high_c": 23.62, "avg_low_c": 10.84, "total_rain_mm": 1.22, "total_rain_in": 0.05 }, { "year": 2020, "month": 8, "avg_high_c": 25.28, "avg_low_c": 10.98, "total_rain_mm": 2.78, "total_rain_in": 0.11 }, { "year": 2020, "month": 9, "avg_high_c": 24.88, "avg_low_c": 11.82, "total_rain_mm": 72.75, "total_rain_in": 2.86 }, { "year": 2020, "month": 10, "avg_high_c": 18.05, "avg_low_c": 6.83, "total_rain_mm": 69.47, "total_rain_in": 2.74 }, { "year": 2020, "month": 11, "avg_high_c": 10.89, "avg_low_c": 2.86, "total_rain_mm": 232.5, "total_rain_in": 9.15 }, { "year": 2020, "month": 12, "avg_high_c": 9.48, "avg_low_c": 1.8, "total_rain_mm": 218.39, "total_rain_in": 8.6 }, { "year": 2021, "month": 1, "avg_high_c": 8.91, "avg_low_c": 2.45, "total_rain_mm": 254.08, "total_rain_in": 10.0 }, { "year": 2021, "month": 2, "avg_high_c": 7.83, "avg_low_c": 1.9, "total_rain_mm": 199.0, "total_rain_in": 7.83 }, { "year": 2021, "month": 3, "avg_high_c": 11.03, "avg_low_c": 1.41, "total_rain_mm": 76.2, "total_rain_in": 3.0 }, { "year": 2021, "month": 4, "avg_high_c": 16.03, "avg_low_c": 3.49, "total_rain_mm": 26.64, "total_rain_in": 1.05 }, { "year": 2021, "month": 5, "avg_high_c": 17.61, "avg_low_c": 6.63, "total_rain_mm": 32.61, "total_rain_in": 1.28 }, { "year": 2021, "month": 6, "avg_high_c": 23.31, "avg_low_c": 10.75, "total_rain_mm": 48.27, "total_rain_in": 1.9 }, { "year": 2021, "month": 7, "avg_high_c": 26.5, "avg_low_c": 11.41, "total_rain_mm": 1.97, "total_rain_in": 0.08 }, { "year": 2021, "month": 8, "avg_high_c": 27.12, "avg_low_c": 12.3, "total_rain_mm": 1.69, "total_rain_in": 0.07 }, { "year": 2021, "month": 9, "avg_high_c": 24.68, "avg_low_c": 9.98, "total_rain_mm": 85.39, "total_rain_in": 3.36 }, { "year": 2021, "month": 10, "avg_high_c": 15.78, "avg_low_c": 6.61, "total_rain_mm": 126.84, "total_rain_in": 4.99 }, { "year": 2021, "month": 11, "avg_high_c": 12.39, "avg_low_c": 4.82, "total_rain_mm": 205.74, "total_rain_in": 8.1 }, { "year": 2021, "month": 12, "avg_high_c": 6.18, "avg_low_c": 1.36, "total_rain_mm": 308.92, "total_rain_in": 12.16 }, { "year": 2022, "month": 1, "avg_high_c": 9.77, "avg_low_c": 1.92, "total_rain_mm": 158.73, "total_rain_in": 6.25 }, { "year": 2022, "month": 2, "avg_high_c": 10.27, "avg_low_c": 1.55, "total_rain_mm": 85.78, "total_rain_in": 3.38 }, { "year": 2022, "month": 3, "avg_high_c": 12.11, "avg_low_c": 3.66, "total_rain_mm": 115.37, "total_rain_in": 4.54 }, { "year": 2022, "month": 4, "avg_high_c": 11.74, "avg_low_c": 2.97, "total_rain_mm": 181.66, "total_rain_in": 7.15 }, { "year": 2022, "month": 5, "avg_high_c": 15.02, "avg_low_c": 6.09, "total_rain_mm": 173.68, "total_rain_in": 6.84 }, { "year": 2022, "month": 6, "avg_high_c": 20.05, "avg_low_c": 9.46, "total_rain_mm": 102.97, "total_rain_in": 4.05 }, { "year": 2022, "month": 7, "avg_high_c": 24.84, "avg_low_c": 12.19, "total_rain_mm": 7.17, "total_rain_in": 0.28 }, { "year": 2022, "month": 8, "avg_high_c": 26.1, "avg_low_c": 12.91, "total_rain_mm": 2.85, "total_rain_in": 0.11 }, { "year": 2022, "month": 9, "avg_high_c": 24.47, "avg_low_c": 11.0, "total_rain_mm": 8.81, "total_rain_in": 0.35 }, { "year": 2022, "month": 10, "avg_high_c": 21.37, "avg_low_c": 8.75, "total_rain_mm": 58.08, "total_rain_in": 2.29 }, { "year": 2022, "month": 11, "avg_high_c": 9.79, "avg_low_c": 0.95, "total_rain_mm": 178.0, "total_rain_in": 7.01 }, { "year": 2022, "month": 12, "avg_high_c": 7.87, "avg_low_c": 1.37, "total_rain_mm": 195.13, "total_rain_in": 7.68 }, { "year": 2023, "month": 1, "avg_high_c": 8.03, "avg_low_c": 1.69, "total_rain_mm": 125.73, "total_rain_in": 4.95 }, { "year": 2023, "month": 2, "avg_high_c": 7.67, "avg_low_c": 0.08, "total_rain_mm": 120.26, "total_rain_in": 4.73 }, { "year": 2023, "month": 3, "avg_high_c": 8.6, "avg_low_c": 0.45, "total_rain_mm": 204.35, "total_rain_in": 8.05 }, { "year": 2023, "month": 4, "avg_high_c": 12.24, "avg_low_c": 3.7, "total_rain_mm": 183.89, "total_rain_in": 7.24 }, { "year": 2023, "month": 5, "avg_high_c": 19.84, "avg_low_c": 8.26, "total_rain_mm": 19.98, "total_rain_in": 0.79 }, { "year": 2023, "month": 6, "avg_high_c": 21.61, "avg_low_c": 8.67, "total_rain_mm": 11.98, "total_rain_in": 0.47 }, { "year": 2023, "month": 7, "avg_high_c": 26.14, "avg_low_c": 11.26, "total_rain_mm": 1.1, "total_rain_in": 0.04 }, { "year": 2023, "month": 8, "avg_high_c": 28.47, "avg_low_c": 13.2, "total_rain_mm": 15.84, "total_rain_in": 0.62 }, { "year": 2023, "month": 9, "avg_high_c": 23.69, "avg_low_c": 10.6, "total_rain_mm": 69.32, "total_rain_in": 2.73 }, { "year": 2023, "month": 10, "avg_high_c": 18.08, "avg_low_c": 7.62, "total_rain_mm": 112.67, "total_rain_in": 4.44 }, { "year": 2023, "month": 11, "avg_high_c": 12.32, "avg_low_c": 3.76, "total_rain_mm": 171.73, "total_rain_in": 6.76 }, { "year": 2023, "month": 12, "avg_high_c": 10.81, "avg_low_c": 4.63, "total_rain_mm": 291.62, "total_rain_in": 11.48 }, { "year": 2024, "month": 1, "avg_high_c": 9.42, "avg_low_c": 4.06, "total_rain_mm": 392.13, "total_rain_in": 15.44 }, { "year": 2024, "month": 2, "avg_high_c": 10.23, "avg_low_c": 3.33, "total_rain_mm": 199.65, "total_rain_in": 7.86 }, { "year": 2024, "month": 3, "avg_high_c": 11.63, "avg_low_c": 2.94, "total_rain_mm": 178.34, "total_rain_in": 7.02 }, { "year": 2024, "month": 4, "avg_high_c": 14.12, "avg_low_c": 4.3, "total_rain_mm": 93.08, "total_rain_in": 3.66 }, { "year": 2024, "month": 5, "avg_high_c": 17.1, "avg_low_c": 6.17, "total_rain_mm": 106.35, "total_rain_in": 4.19 }, { "year": 2024, "month": 6, "avg_high_c": 20.44, "avg_low_c": 9.21, "total_rain_mm": 57.73, "total_rain_in": 2.27 }, { "year": 2024, "month": 7, "avg_high_c": 26.3, "avg_low_c": 11.94, "total_rain_mm": 5.44, "total_rain_in": 0.21 }, { "year": 2024, "month": 8, "avg_high_c": 25.26, "avg_low_c": 12.04, "total_rain_mm": 20.57, "total_rain_in": 0.81 }, { "year": 2024, "month": 9, "avg_high_c": 24.25, "avg_low_c": 10.86, "total_rain_mm": 34.03, "total_rain_in": 1.34 }, { "year": 2024, "month": 10, "avg_high_c": 18.82, "avg_low_c": 7.09, "total_rain_mm": 123.02, "total_rain_in": 4.84 }, { "year": 2024, "month": 11, "avg_high_c": 10.25, "avg_low_c": 4.12, "total_rain_mm": 316.42, "total_rain_in": 12.46 }, { "year": 2024, "month": 12, "avg_high_c": 9.56, "avg_low_c": 3.41, "total_rain_mm": 301.4, "total_rain_in": 11.87 }, { "year": 2025, "month": 1, "avg_high_c": 8.3, "avg_low_c": 0.38, "total_rain_mm": 131.61, "total_rain_in": 5.18 }, { "year": 2025, "month": 2, "avg_high_c": 8.57, "avg_low_c": 1.98, "total_rain_mm": 208.24, "total_rain_in": 8.2 }, { "year": 2025, "month": 3, "avg_high_c": 11.43, "avg_low_c": 4.26, "total_rain_mm": 258.95, "total_rain_in": 10.19 }, { "year": 2025, "month": 4, "avg_high_c": 15.68, "avg_low_c": 4.55, "total_rain_mm": 62.07, "total_rain_in": 2.44 }, { "year": 2025, "month": 5, "avg_high_c": 17.55, "avg_low_c": 6.39, "total_rain_mm": 43.47, "total_rain_in": 1.71 }, { "year": 2025, "month": 6, "avg_high_c": 21.52, "avg_low_c": 9.24, "total_rain_mm": 31.15, "total_rain_in": 1.23 }, { "year": 2025, "month": 7, "avg_high_c": 25.74, "avg_low_c": 11.48, "total_rain_mm": 0.4, "total_rain_in": 0.02 }, { "year": 2025, "month": 8, "avg_high_c": 28.03, "avg_low_c": 13.28, "total_rain_mm": 12.83, "total_rain_in": 0.51 }, { "year": 2025, "month": 9, "avg_high_c": 24.93, "avg_low_c": 11.27, "total_rain_mm": 48.46, "total_rain_in": 1.91 }, { "year": 2025, "month": 10, "avg_high_c": 15.99, "avg_low_c": 6.03, "total_rain_mm": 137.17, "total_rain_in": 5.4 }, { "year": 2025, "month": 11, "avg_high_c": 12.27, "avg_low_c": 5.4, "total_rain_mm": 167.03, "total_rain_in": 6.58 }, { "year": 2025, "month": 12, "avg_high_c": 10.32, "avg_low_c": 4.3, "total_rain_mm": 310.36, "total_rain_in": 12.22 } ] }, "geometry": { "type": "MultiPolygon", "coordinates": [ [ [ [ -122.942996563983868, 44.64234846009299 ], [ -122.943625384254617, 44.642348460090496 ], [ -122.943625383953432, 44.641989134422673 ], [ -122.943355889173475, 44.641989134493052 ], [ -122.94335588936616, 44.641719639629123 ], [ -122.942996563449199, 44.641719639703879 ], [ -122.942996563983868, 44.64234846009299 ], [ -122.942727068477126, 44.642348460619935 ], [ -122.942727069017124, 44.641360313478202 ], [ -122.943625383629168, 44.641360313274433 ], [ -122.94362538428372, 44.641719639307631 ], [ -122.944883026201438, 44.64171963987868 ], [ -122.945242352022291, 44.641989133942182 ], [ -122.945242352081777, 44.642348460506284 ], [ -122.945511845716993, 44.642348459973086 ], [ -122.945511846142011, 44.64261795499251 ], [ -122.945871171680892, 44.642617954837213 ], [ -122.945871171952916, 44.642977280676355 ], [ -122.946499993322305, 44.642977281232163 ], [ -122.946499993321638, 44.642348460590554 ], [ -122.945511845716993, 44.642348459973086 ], [ -122.945511846577929, 44.64171963912186 ], [ -122.94524235145964, 44.641719639546501 ], [ -122.945242351400182, 44.64136031347924 ], [ -122.945871172270898, 44.641360313978218 ], [ -122.946140666662444, 44.641360314010086 ], [ -122.946769487380578, 44.641360313121332 ], [ -122.94676948793331, 44.641719639833823 ], [ -122.947128814204291, 44.641989134033906 ], [ -122.947128813641214, 44.642617954572749 ], [ -122.946769487901506, 44.642617954408621 ], [ -122.946769487985264, 44.64324677592527 ], [ -122.947128814290878, 44.643246775729779 ], [ -122.947757635084855, 44.643246775685697 ], [ -122.948386454977111, 44.643606102034603 ], [ -122.94874578096946, 44.643606101695241 ], [ -122.949644096665253, 44.64387559620895 ], [ -122.95350685263476, 44.643875596169501 ], [ -122.953506852392991, 44.644234922170099 ], [ -122.953776347330901, 44.644504416805297 ], [ -122.954405167746657, 44.644504416993691 ], [ -122.954405168291572, 44.644863743382992 ], [ -122.954135673020332, 44.644953574395515 ], [ -122.951889884663984, 44.644953574540786 ], [ -122.951889884664013, 44.644863743096217 ], [ -122.952249210825045, 44.644863743109603 ], [ -122.952249211339335, 44.644504417006289 ], [ -122.951620390682649, 44.644234922289421 ], [ -122.9506322438409, 44.644234922777748 ], [ -122.950632242896134, 44.644863742968909 ], [ -122.946499992416548, 44.644863742950783 ], [ -122.946499993144826, 44.644504416591396 ], [ -122.946769487598488, 44.644504417005741 ], [ -122.946769487362147, 44.643875596587336 ], [ -122.946499992991605, 44.643875596675407 ], [ -122.946140666473411, 44.643875596402651 ], [ -122.945871172456265, 44.643875596085266 ], [ -122.94551184621838, 44.644234922428389 ], [ -122.945511845936579, 44.644504416841656 ], [ -122.946140667626935, 44.644504417289205 ], [ -122.946140667412905, 44.644863743146082 ], [ -122.945242351895814, 44.644863743306011 ], [ -122.944883025526735, 44.644863743210067 ], [ -122.94425420453139, 44.644863743492934 ], [ -122.943625383435531, 44.644504416862524 ], [ -122.943625384472639, 44.644234921981045 ], [ -122.943984710075057, 44.644234922117228 ], [ -122.943984710598343, 44.6436061016718 ], [ -122.943355889808487, 44.643246775555447 ], [ -122.942996562952331, 44.642977280740524 ], [ -122.942996563983868, 44.64234846009299 ] ] ] ] } },
{ "type": "Feature", "properties": { "field_id": "WV_AG_043", "lat": 44.182101160999807, "lon": -123.16499701818665, "area_acres": 17.315334461176398, "crop_code": 24, "cdl_crop": "Winter Wheat", "crop_dominant_pct": 83.5, "soil_muname": "Chapman loam", "soil_drainage": "Well drained", "soil_clay_pct": 22.5, "soil_sand_pct": 39.8, "soil_silt_pct": 37.7, "soil_om_pct": 3.5, "soil_ph": 6.1, "soil_cec": 15.0, "soil_depth_cm": 0.0, "weather_monthly": [ { "year": 2020, "month": 1, "avg_high_c": 7.66, "avg_low_c": 3.21, "total_rain_mm": 280.71, "total_rain_in": 11.05 }, { "year": 2020, "month": 2, "avg_high_c": 9.12, "avg_low_c": 0.7, "total_rain_mm": 88.78, "total_rain_in": 3.5 }, { "year": 2020, "month": 3, "avg_high_c": 10.54, "avg_low_c": 1.58, "total_rain_mm": 108.69, "total_rain_in": 4.28 }, { "year": 2020, "month": 4, "avg_high_c": 15.02, "avg_low_c": 4.71, "total_rain_mm": 73.03, "total_rain_in": 2.88 }, { "year": 2020, "month": 5, "avg_high_c": 17.39, "avg_low_c": 7.19, "total_rain_mm": 120.67, "total_rain_in": 4.75 }, { "year": 2020, "month": 6, "avg_high_c": 19.11, "avg_low_c": 9.05, "total_rain_mm": 70.28, "total_rain_in": 2.77 }, { "year": 2020, "month": 7, "avg_high_c": 23.77, "avg_low_c": 11.01, "total_rain_mm": 1.23, "total_rain_in": 0.05 }, { "year": 2020, "month": 8, "avg_high_c": 26.66, "avg_low_c": 10.99, "total_rain_mm": 2.32, "total_rain_in": 0.09 }, { "year": 2020, "month": 9, "avg_high_c": 26.07, "avg_low_c": 11.71, "total_rain_mm": 58.73, "total_rain_in": 2.31 }, { "year": 2020, "month": 10, "avg_high_c": 19.05, "avg_low_c": 7.03, "total_rain_mm": 64.71, "total_rain_in": 2.55 }, { "year": 2020, "month": 11, "avg_high_c": 10.65, "avg_low_c": 2.51, "total_rain_mm": 204.9, "total_rain_in": 8.07 }, { "year": 2020, "month": 12, "avg_high_c": 9.4, "avg_low_c": 1.62, "total_rain_mm": 187.39, "total_rain_in": 7.38 }, { "year": 2021, "month": 1, "avg_high_c": 8.67, "avg_low_c": 2.37, "total_rain_mm": 184.79, "total_rain_in": 7.28 }, { "year": 2021, "month": 2, "avg_high_c": 7.16, "avg_low_c": 1.66, "total_rain_mm": 163.15, "total_rain_in": 6.42 }, { "year": 2021, "month": 3, "avg_high_c": 10.78, "avg_low_c": 1.09, "total_rain_mm": 68.13, "total_rain_in": 2.68 }, { "year": 2021, "month": 4, "avg_high_c": 15.69, "avg_low_c": 3.28, "total_rain_mm": 17.85, "total_rain_in": 0.7 }, { "year": 2021, "month": 5, "avg_high_c": 16.96, "avg_low_c": 6.41, "total_rain_mm": 33.24, "total_rain_in": 1.31 }, { "year": 2021, "month": 6, "avg_high_c": 23.28, "avg_low_c": 10.71, "total_rain_mm": 33.37, "total_rain_in": 1.31 }, { "year": 2021, "month": 7, "avg_high_c": 27.7, "avg_low_c": 11.54, "total_rain_mm": 1.42, "total_rain_in": 0.06 }, { "year": 2021, "month": 8, "avg_high_c": 27.84, "avg_low_c": 12.16, "total_rain_mm": 1.11, "total_rain_in": 0.04 }, { "year": 2021, "month": 9, "avg_high_c": 25.0, "avg_low_c": 9.64, "total_rain_mm": 82.72, "total_rain_in": 3.26 }, { "year": 2021, "month": 10, "avg_high_c": 16.05, "avg_low_c": 6.61, "total_rain_mm": 104.65, "total_rain_in": 4.12 }, { "year": 2021, "month": 11, "avg_high_c": 12.26, "avg_low_c": 4.72, "total_rain_mm": 156.92, "total_rain_in": 6.18 }, { "year": 2021, "month": 12, "avg_high_c": 5.99, "avg_low_c": 1.66, "total_rain_mm": 254.46, "total_rain_in": 10.02 }, { "year": 2022, "month": 1, "avg_high_c": 10.25, "avg_low_c": 1.58, "total_rain_mm": 140.49, "total_rain_in": 5.53 }, { "year": 2022, "month": 2, "avg_high_c": 10.43, "avg_low_c": 1.5, "total_rain_mm": 44.88, "total_rain_in": 1.77 }, { "year": 2022, "month": 3, "avg_high_c": 11.97, "avg_low_c": 3.41, "total_rain_mm": 100.24, "total_rain_in": 3.95 }, { "year": 2022, "month": 4, "avg_high_c": 11.32, "avg_low_c": 2.64, "total_rain_mm": 161.54, "total_rain_in": 6.36 }, { "year": 2022, "month": 5, "avg_high_c": 14.57, "avg_low_c": 5.9, "total_rain_mm": 174.98, "total_rain_in": 6.89 }, { "year": 2022, "month": 6, "avg_high_c": 19.98, "avg_low_c": 9.33, "total_rain_mm": 99.4, "total_rain_in": 3.91 }, { "year": 2022, "month": 7, "avg_high_c": 24.74, "avg_low_c": 12.38, "total_rain_mm": 7.74, "total_rain_in": 0.3 }, { "year": 2022, "month": 8, "avg_high_c": 26.85, "avg_low_c": 12.9, "total_rain_mm": 1.93, "total_rain_in": 0.08 }, { "year": 2022, "month": 9, "avg_high_c": 25.2, "avg_low_c": 10.87, "total_rain_mm": 8.62, "total_rain_in": 0.34 }, { "year": 2022, "month": 10, "avg_high_c": 21.99, "avg_low_c": 8.89, "total_rain_mm": 57.5, "total_rain_in": 2.26 }, { "year": 2022, "month": 11, "avg_high_c": 9.82, "avg_low_c": 0.86, "total_rain_mm": 160.98, "total_rain_in": 6.34 }, { "year": 2022, "month": 12, "avg_high_c": 7.61, "avg_low_c": 1.27, "total_rain_mm": 173.4, "total_rain_in": 6.83 }, { "year": 2023, "month": 1, "avg_high_c": 7.82, "avg_low_c": 1.42, "total_rain_mm": 94.49, "total_rain_in": 3.72 }, { "year": 2023, "month": 2, "avg_high_c": 7.78, "avg_low_c": -0.04, "total_rain_mm": 112.98, "total_rain_in": 4.45 }, { "year": 2023, "month": 3, "avg_high_c": 7.61, "avg_low_c": -0.22, "total_rain_mm": 193.63, "total_rain_in": 7.62 }, { "year": 2023, "month": 4, "avg_high_c": 11.76, "avg_low_c": 3.48, "total_rain_mm": 155.44, "total_rain_in": 6.12 }, { "year": 2023, "month": 5, "avg_high_c": 19.43, "avg_low_c": 8.12, "total_rain_mm": 27.62, "total_rain_in": 1.09 }, { "year": 2023, "month": 6, "avg_high_c": 21.13, "avg_low_c": 8.79, "total_rain_mm": 13.29, "total_rain_in": 0.52 }, { "year": 2023, "month": 7, "avg_high_c": 26.83, "avg_low_c": 11.23, "total_rain_mm": 0.8, "total_rain_in": 0.03 }, { "year": 2023, "month": 8, "avg_high_c": 29.16, "avg_low_c": 12.95, "total_rain_mm": 13.99, "total_rain_in": 0.55 }, { "year": 2023, "month": 9, "avg_high_c": 24.05, "avg_low_c": 10.15, "total_rain_mm": 56.6, "total_rain_in": 2.23 }, { "year": 2023, "month": 10, "avg_high_c": 18.3, "avg_low_c": 7.1, "total_rain_mm": 106.79, "total_rain_in": 4.2 }, { "year": 2023, "month": 11, "avg_high_c": 12.28, "avg_low_c": 3.5, "total_rain_mm": 139.45, "total_rain_in": 5.49 }, { "year": 2023, "month": 12, "avg_high_c": 10.7, "avg_low_c": 4.32, "total_rain_mm": 245.67, "total_rain_in": 9.67 }, { "year": 2024, "month": 1, "avg_high_c": 9.33, "avg_low_c": 4.32, "total_rain_mm": 351.31, "total_rain_in": 13.83 }, { "year": 2024, "month": 2, "avg_high_c": 9.73, "avg_low_c": 3.04, "total_rain_mm": 178.71, "total_rain_in": 7.04 }, { "year": 2024, "month": 3, "avg_high_c": 10.96, "avg_low_c": 2.61, "total_rain_mm": 164.28, "total_rain_in": 6.47 }, { "year": 2024, "month": 4, "avg_high_c": 13.62, "avg_low_c": 4.03, "total_rain_mm": 93.19, "total_rain_in": 3.67 }, { "year": 2024, "month": 5, "avg_high_c": 16.89, "avg_low_c": 5.88, "total_rain_mm": 103.89, "total_rain_in": 4.09 }, { "year": 2024, "month": 6, "avg_high_c": 20.35, "avg_low_c": 9.04, "total_rain_mm": 54.09, "total_rain_in": 2.13 }, { "year": 2024, "month": 7, "avg_high_c": 26.5, "avg_low_c": 12.22, "total_rain_mm": 3.37, "total_rain_in": 0.13 }, { "year": 2024, "month": 8, "avg_high_c": 26.3, "avg_low_c": 12.01, "total_rain_mm": 24.29, "total_rain_in": 0.96 }, { "year": 2024, "month": 9, "avg_high_c": 25.02, "avg_low_c": 10.59, "total_rain_mm": 32.9, "total_rain_in": 1.3 }, { "year": 2024, "month": 10, "avg_high_c": 19.19, "avg_low_c": 6.89, "total_rain_mm": 98.47, "total_rain_in": 3.88 }, { "year": 2024, "month": 11, "avg_high_c": 9.64, "avg_low_c": 3.86, "total_rain_mm": 293.22, "total_rain_in": 11.54 }, { "year": 2024, "month": 12, "avg_high_c": 9.76, "avg_low_c": 3.29, "total_rain_mm": 295.17, "total_rain_in": 11.62 }, { "year": 2025, "month": 1, "avg_high_c": 8.65, "avg_low_c": 0.33, "total_rain_mm": 131.95, "total_rain_in": 5.19 }, { "year": 2025, "month": 2, "avg_high_c": 8.13, "avg_low_c": 1.66, "total_rain_mm": 190.55, "total_rain_in": 7.5 }, { "year": 2025, "month": 3, "avg_high_c": 11.05, "avg_low_c": 4.06, "total_rain_mm": 268.39, "total_rain_in": 10.57 }, { "year": 2025, "month": 4, "avg_high_c": 15.16, "avg_low_c": 4.32, "total_rain_mm": 58.55, "total_rain_in": 2.31 }, { "year": 2025, "month": 5, "avg_high_c": 17.27, "avg_low_c": 6.52, "total_rain_mm": 44.19, "total_rain_in": 1.74 }, { "year": 2025, "month": 6, "avg_high_c": 21.41, "avg_low_c": 9.22, "total_rain_mm": 31.7, "total_rain_in": 1.25 }, { "year": 2025, "month": 7, "avg_high_c": 26.68, "avg_low_c": 11.54, "total_rain_mm": 0.73, "total_rain_in": 0.03 }, { "year": 2025, "month": 8, "avg_high_c": 29.54, "avg_low_c": 13.29, "total_rain_mm": 10.11, "total_rain_in": 0.4 }, { "year": 2025, "month": 9, "avg_high_c": 25.66, "avg_low_c": 10.95, "total_rain_mm": 47.25, "total_rain_in": 1.86 }, { "year": 2025, "month": 10, "avg_high_c": 16.4, "avg_low_c": 6.01, "total_rain_mm": 126.39, "total_rain_in": 4.98 }, { "year": 2025, "month": 11, "avg_high_c": 12.57, "avg_low_c": 5.3, "total_rain_mm": 124.05, "total_rain_in": 4.88 }, { "year": 2025, "month": 12, "avg_high_c": 10.45, "avg_low_c": 4.15, "total_rain_mm": 259.14, "total_rain_in": 10.2 } ] }, "geometry": { "type": "MultiPolygon", "coordinates": [ [ [ [ -123.166238739350419, 44.182965365222927 ], [ -123.165609917887949, 44.182965365625485 ], [ -123.165340423895699, 44.182965365762577 ], [ -123.16498109748683, 44.182965365635198 ], [ -123.164711602644587, 44.182965365610983 ], [ -123.16471160299956, 44.183234859671977 ], [ -123.163992950657871, 44.183234859957182 ], [ -123.163992950391986, 44.182965365541357 ], [ -123.163723456257301, 44.182965365234963 ], [ -123.163364130413569, 44.182965365292716 ], [ -123.16336412974286, 44.183234860316205 ], [ -123.163094635246779, 44.183234860456224 ], [ -123.163094635293277, 44.182606039804895 ], [ -123.163094635346681, 44.181617892807118 ], [ -123.163094635528765, 44.181348398051711 ], [ -123.162735309809847, 44.181348398180013 ], [ -123.162735309309497, 44.180989071998681 ], [ -123.163094635889408, 44.180989072225195 ], [ -123.163723455138026, 44.180989071929062 ], [ -123.164352277005435, 44.18098907184779 ], [ -123.164711602592874, 44.180989071651524 ], [ -123.164981097526649, 44.180989071879388 ], [ -123.165340423821632, 44.180989071704523 ], [ -123.165340423796252, 44.181348398086151 ], [ -123.166598064901237, 44.181348398429307 ], [ -123.166867559554802, 44.181438229353304 ], [ -123.167226886221712, 44.18224671302174 ], [ -123.167406549221994, 44.182606038928057 ], [ -123.167466202695408, 44.182726048354716 ], [ -123.167496380880024, 44.182875534263417 ], [ -123.167496379653443, 44.183234859980864 ], [ -123.16722688558464, 44.18323485999418 ], [ -123.167226885590892, 44.182965365630857 ], [ -123.166598064766944, 44.182965365898987 ], [ -123.166238739350419, 44.182965365222927 ] ] ] ] } },
{ "type": "Feature", "properties": { "field_id": "WV_AG_044", "lat": 44.19076570292205, "lon": -123.1240894938981, "area_acres": 10.3728569400627, "crop_code": 24, "cdl_crop": "Winter Wheat", "crop_dominant_pct": 93.8, "soil_muname": "Cloquato silt loam", "soil_drainage": "Well drained", "soil_clay_pct": 10.0, "soil_sand_pct": 21.2, "soil_silt_pct": 68.8, "soil_om_pct": 7.5, "soil_ph": 6.1, "soil_cec": 17.5, "soil_depth_cm": 0.0, "weather_monthly": [ { "year": 2020, "month": 1, "avg_high_c": 7.66, "avg_low_c": 3.21, "total_rain_mm": 280.71, "total_rain_in": 11.05 }, { "year": 2020, "month": 2, "avg_high_c": 9.12, "avg_low_c": 0.7, "total_rain_mm": 88.78, "total_rain_in": 3.5 }, { "year": 2020, "month": 3, "avg_high_c": 10.54, "avg_low_c": 1.58, "total_rain_mm": 108.69, "total_rain_in": 4.28 }, { "year": 2020, "month": 4, "avg_high_c": 15.02, "avg_low_c": 4.71, "total_rain_mm": 73.03, "total_rain_in": 2.88 }, { "year": 2020, "month": 5, "avg_high_c": 17.39, "avg_low_c": 7.19, "total_rain_mm": 120.67, "total_rain_in": 4.75 }, { "year": 2020, "month": 6, "avg_high_c": 19.11, "avg_low_c": 9.05, "total_rain_mm": 70.28, "total_rain_in": 2.77 }, { "year": 2020, "month": 7, "avg_high_c": 23.77, "avg_low_c": 11.01, "total_rain_mm": 1.23, "total_rain_in": 0.05 }, { "year": 2020, "month": 8, "avg_high_c": 26.66, "avg_low_c": 10.99, "total_rain_mm": 2.32, "total_rain_in": 0.09 }, { "year": 2020, "month": 9, "avg_high_c": 26.07, "avg_low_c": 11.71, "total_rain_mm": 58.73, "total_rain_in": 2.31 }, { "year": 2020, "month": 10, "avg_high_c": 19.05, "avg_low_c": 7.03, "total_rain_mm": 64.71, "total_rain_in": 2.55 }, { "year": 2020, "month": 11, "avg_high_c": 10.65, "avg_low_c": 2.51, "total_rain_mm": 204.9, "total_rain_in": 8.07 }, { "year": 2020, "month": 12, "avg_high_c": 9.4, "avg_low_c": 1.62, "total_rain_mm": 187.39, "total_rain_in": 7.38 }, { "year": 2021, "month": 1, "avg_high_c": 8.67, "avg_low_c": 2.37, "total_rain_mm": 184.79, "total_rain_in": 7.28 }, { "year": 2021, "month": 2, "avg_high_c": 7.16, "avg_low_c": 1.66, "total_rain_mm": 163.15, "total_rain_in": 6.42 }, { "year": 2021, "month": 3, "avg_high_c": 10.78, "avg_low_c": 1.09, "total_rain_mm": 68.13, "total_rain_in": 2.68 }, { "year": 2021, "month": 4, "avg_high_c": 15.69, "avg_low_c": 3.28, "total_rain_mm": 17.85, "total_rain_in": 0.7 }, { "year": 2021, "month": 5, "avg_high_c": 16.96, "avg_low_c": 6.41, "total_rain_mm": 33.24, "total_rain_in": 1.31 }, { "year": 2021, "month": 6, "avg_high_c": 23.28, "avg_low_c": 10.71, "total_rain_mm": 33.37, "total_rain_in": 1.31 }, { "year": 2021, "month": 7, "avg_high_c": 27.7, "avg_low_c": 11.54, "total_rain_mm": 1.42, "total_rain_in": 0.06 }, { "year": 2021, "month": 8, "avg_high_c": 27.84, "avg_low_c": 12.16, "total_rain_mm": 1.11, "total_rain_in": 0.04 }, { "year": 2021, "month": 9, "avg_high_c": 25.0, "avg_low_c": 9.64, "total_rain_mm": 82.72, "total_rain_in": 3.26 }, { "year": 2021, "month": 10, "avg_high_c": 16.05, "avg_low_c": 6.61, "total_rain_mm": 104.65, "total_rain_in": 4.12 }, { "year": 2021, "month": 11, "avg_high_c": 12.26, "avg_low_c": 4.72, "total_rain_mm": 156.92, "total_rain_in": 6.18 }, { "year": 2021, "month": 12, "avg_high_c": 5.99, "avg_low_c": 1.66, "total_rain_mm": 254.46, "total_rain_in": 10.02 }, { "year": 2022, "month": 1, "avg_high_c": 10.25, "avg_low_c": 1.58, "total_rain_mm": 140.49, "total_rain_in": 5.53 }, { "year": 2022, "month": 2, "avg_high_c": 10.43, "avg_low_c": 1.5, "total_rain_mm": 44.88, "total_rain_in": 1.77 }, { "year": 2022, "month": 3, "avg_high_c": 11.97, "avg_low_c": 3.41, "total_rain_mm": 100.24, "total_rain_in": 3.95 }, { "year": 2022, "month": 4, "avg_high_c": 11.32, "avg_low_c": 2.64, "total_rain_mm": 161.54, "total_rain_in": 6.36 }, { "year": 2022, "month": 5, "avg_high_c": 14.57, "avg_low_c": 5.9, "total_rain_mm": 174.98, "total_rain_in": 6.89 }, { "year": 2022, "month": 6, "avg_high_c": 19.98, "avg_low_c": 9.33, "total_rain_mm": 99.4, "total_rain_in": 3.91 }, { "year": 2022, "month": 7, "avg_high_c": 24.74, "avg_low_c": 12.38, "total_rain_mm": 7.74, "total_rain_in": 0.3 }, { "year": 2022, "month": 8, "avg_high_c": 26.85, "avg_low_c": 12.9, "total_rain_mm": 1.93, "total_rain_in": 0.08 }, { "year": 2022, "month": 9, "avg_high_c": 25.2, "avg_low_c": 10.87, "total_rain_mm": 8.62, "total_rain_in": 0.34 }, { "year": 2022, "month": 10, "avg_high_c": 21.99, "avg_low_c": 8.89, "total_rain_mm": 57.5, "total_rain_in": 2.26 }, { "year": 2022, "month": 11, "avg_high_c": 9.82, "avg_low_c": 0.86, "total_rain_mm": 160.98, "total_rain_in": 6.34 }, { "year": 2022, "month": 12, "avg_high_c": 7.61, "avg_low_c": 1.27, "total_rain_mm": 173.4, "total_rain_in": 6.83 }, { "year": 2023, "month": 1, "avg_high_c": 7.82, "avg_low_c": 1.42, "total_rain_mm": 94.49, "total_rain_in": 3.72 }, { "year": 2023, "month": 2, "avg_high_c": 7.78, "avg_low_c": -0.04, "total_rain_mm": 112.98, "total_rain_in": 4.45 }, { "year": 2023, "month": 3, "avg_high_c": 7.61, "avg_low_c": -0.22, "total_rain_mm": 193.63, "total_rain_in": 7.62 }, { "year": 2023, "month": 4, "avg_high_c": 11.76, "avg_low_c": 3.48, "total_rain_mm": 155.44, "total_rain_in": 6.12 }, { "year": 2023, "month": 5, "avg_high_c": 19.43, "avg_low_c": 8.12, "total_rain_mm": 27.62, "total_rain_in": 1.09 }, { "year": 2023, "month": 6, "avg_high_c": 21.13, "avg_low_c": 8.79, "total_rain_mm": 13.29, "total_rain_in": 0.52 }, { "year": 2023, "month": 7, "avg_high_c": 26.83, "avg_low_c": 11.23, "total_rain_mm": 0.8, "total_rain_in": 0.03 }, { "year": 2023, "month": 8, "avg_high_c": 29.16, "avg_low_c": 12.95, "total_rain_mm": 13.99, "total_rain_in": 0.55 }, { "year": 2023, "month": 9, "avg_high_c": 24.05, "avg_low_c": 10.15, "total_rain_mm": 56.6, "total_rain_in": 2.23 }, { "year": 2023, "month": 10, "avg_high_c": 18.3, "avg_low_c": 7.1, "total_rain_mm": 106.79, "total_rain_in": 4.2 }, { "year": 2023, "month": 11, "avg_high_c": 12.28, "avg_low_c": 3.5, "total_rain_mm": 139.45, "total_rain_in": 5.49 }, { "year": 2023, "month": 12, "avg_high_c": 10.7, "avg_low_c": 4.32, "total_rain_mm": 245.67, "total_rain_in": 9.67 }, { "year": 2024, "month": 1, "avg_high_c": 9.33, "avg_low_c": 4.32, "total_rain_mm": 351.31, "total_rain_in": 13.83 }, { "year": 2024, "month": 2, "avg_high_c": 9.73, "avg_low_c": 3.04, "total_rain_mm": 178.71, "total_rain_in": 7.04 }, { "year": 2024, "month": 3, "avg_high_c": 10.96, "avg_low_c": 2.61, "total_rain_mm": 164.28, "total_rain_in": 6.47 }, { "year": 2024, "month": 4, "avg_high_c": 13.62, "avg_low_c": 4.03, "total_rain_mm": 93.19, "total_rain_in": 3.67 }, { "year": 2024, "month": 5, "avg_high_c": 16.89, "avg_low_c": 5.88, "total_rain_mm": 103.89, "total_rain_in": 4.09 }, { "year": 2024, "month": 6, "avg_high_c": 20.35, "avg_low_c": 9.04, "total_rain_mm": 54.09, "total_rain_in": 2.13 }, { "year": 2024, "month": 7, "avg_high_c": 26.5, "avg_low_c": 12.22, "total_rain_mm": 3.37, "total_rain_in": 0.13 }, { "year": 2024, "month": 8, "avg_high_c": 26.3, "avg_low_c": 12.01, "total_rain_mm": 24.29, "total_rain_in": 0.96 }, { "year": 2024, "month": 9, "avg_high_c": 25.02, "avg_low_c": 10.59, "total_rain_mm": 32.9, "total_rain_in": 1.3 }, { "year": 2024, "month": 10, "avg_high_c": 19.19, "avg_low_c": 6.89, "total_rain_mm": 98.47, "total_rain_in": 3.88 }, { "year": 2024, "month": 11, "avg_high_c": 9.64, "avg_low_c": 3.86, "total_rain_mm": 293.22, "total_rain_in": 11.54 }, { "year": 2024, "month": 12, "avg_high_c": 9.76, "avg_low_c": 3.29, "total_rain_mm": 295.17, "total_rain_in": 11.62 }, { "year": 2025, "month": 1, "avg_high_c": 8.65, "avg_low_c": 0.33, "total_rain_mm": 131.95, "total_rain_in": 5.19 }, { "year": 2025, "month": 2, "avg_high_c": 8.13, "avg_low_c": 1.66, "total_rain_mm": 190.55, "total_rain_in": 7.5 }, { "year": 2025, "month": 3, "avg_high_c": 11.05, "avg_low_c": 4.06, "total_rain_mm": 268.39, "total_rain_in": 10.57 }, { "year": 2025, "month": 4, "avg_high_c": 15.16, "avg_low_c": 4.32, "total_rain_mm": 58.55, "total_rain_in": 2.31 }, { "year": 2025, "month": 5, "avg_high_c": 17.27, "avg_low_c": 6.52, "total_rain_mm": 44.19, "total_rain_in": 1.74 }, { "year": 2025, "month": 6, "avg_high_c": 21.41, "avg_low_c": 9.22, "total_rain_mm": 31.7, "total_rain_in": 1.25 }, { "year": 2025, "month": 7, "avg_high_c": 26.68, "avg_low_c": 11.54, "total_rain_mm": 0.73, "total_rain_in": 0.03 }, { "year": 2025, "month": 8, "avg_high_c": 29.54, "avg_low_c": 13.29, "total_rain_mm": 10.11, "total_rain_in": 0.4 }, { "year": 2025, "month": 9, "avg_high_c": 25.66, "avg_low_c": 10.95, "total_rain_mm": 47.25, "total_rain_in": 1.86 }, { "year": 2025, "month": 10, "avg_high_c": 16.4, "avg_low_c": 6.01, "total_rain_mm": 126.39, "total_rain_in": 4.98 }, { "year": 2025, "month": 11, "avg_high_c": 12.57, "avg_low_c": 5.3, "total_rain_mm": 124.05, "total_rain_in": 4.88 }, { "year": 2025, "month": 12, "avg_high_c": 10.45, "avg_low_c": 4.15, "total_rain_mm": 259.14, "total_rain_in": 10.2 } ] }, "geometry": { "type": "MultiPolygon", "coordinates": [ [ [ [ -123.123389099815213, 44.192128181672665 ], [ -123.123110393694233, 44.19145422602638 ], [ -123.123029773718244, 44.1911400348881 ], [ -123.123029773656327, 44.190241719631402 ], [ -123.123389099811064, 44.190241719751029 ], [ -123.123658594992989, 44.189882393061268 ], [ -123.123658594115994, 44.189612898839854 ], [ -123.12338909926892, 44.189612898323105 ], [ -123.123389100092098, 44.189253572179751 ], [ -123.124287415297516, 44.189253572538377 ], [ -123.124646740706197, 44.189612898489393 ], [ -123.124916235752053, 44.189882392801493 ], [ -123.124916236278949, 44.19024171894111 ], [ -123.124916235771053, 44.190511213905793 ], [ -123.125275561505518, 44.190511213987847 ], [ -123.125275562375521, 44.19087053997405 ], [ -123.125275562252341, 44.191499360252351 ], [ -123.124646741355306, 44.191499360538131 ], [ -123.124646741307629, 44.191858686734243 ], [ -123.124287414932525, 44.192128181608986 ], [ -123.123389099815213, 44.192128181672665 ] ] ] ] } },
{ "type": "Feature", "properties": { "field_id": "WV_AG_045", "lat": 44.335210624706583, "lon": -122.74878873578649, "area_acres": 12.537979929187401, "crop_code": 24, "cdl_crop": "Winter Wheat", "crop_dominant_pct": 96.3, "soil_muname": "Santiam silt loam, 3 to 6 percent slopes", "soil_drainage": "Moderately well drained", "soil_clay_pct": 22.5, "soil_sand_pct": 24.8, "soil_silt_pct": 52.7, "soil_om_pct": 2.5, "soil_ph": 5.6, "soil_cec": 15.0, "soil_depth_cm": 0.0, "weather_monthly": [ { "year": 2020, "month": 1, "avg_high_c": 5.34, "avg_low_c": 1.53, "total_rain_mm": 331.85, "total_rain_in": 13.06 }, { "year": 2020, "month": 2, "avg_high_c": 6.98, "avg_low_c": -0.51, "total_rain_mm": 130.43, "total_rain_in": 5.14 }, { "year": 2020, "month": 3, "avg_high_c": 8.36, "avg_low_c": 0.03, "total_rain_mm": 135.36, "total_rain_in": 5.33 }, { "year": 2020, "month": 4, "avg_high_c": 13.21, "avg_low_c": 3.44, "total_rain_mm": 83.57, "total_rain_in": 3.29 }, { "year": 2020, "month": 5, "avg_high_c": 16.56, "avg_low_c": 6.5, "total_rain_mm": 144.92, "total_rain_in": 5.71 }, { "year": 2020, "month": 6, "avg_high_c": 17.83, "avg_low_c": 8.46, "total_rain_mm": 101.1, "total_rain_in": 3.98 }, { "year": 2020, "month": 7, "avg_high_c": 23.71, "avg_low_c": 11.39, "total_rain_mm": 3.85, "total_rain_in": 0.15 }, { "year": 2020, "month": 8, "avg_high_c": 26.32, "avg_low_c": 11.02, "total_rain_mm": 3.46, "total_rain_in": 0.14 }, { "year": 2020, "month": 9, "avg_high_c": 25.14, "avg_low_c": 11.79, "total_rain_mm": 65.4, "total_rain_in": 2.57 }, { "year": 2020, "month": 10, "avg_high_c": 17.19, "avg_low_c": 6.33, "total_rain_mm": 97.35, "total_rain_in": 3.83 }, { "year": 2020, "month": 11, "avg_high_c": 8.43, "avg_low_c": 1.51, "total_rain_mm": 256.94, "total_rain_in": 10.12 }, { "year": 2020, "month": 12, "avg_high_c": 7.61, "avg_low_c": 0.7, "total_rain_mm": 214.88, "total_rain_in": 8.46 }, { "year": 2021, "month": 1, "avg_high_c": 7.13, "avg_low_c": 1.01, "total_rain_mm": 209.14, "total_rain_in": 8.23 }, { "year": 2021, "month": 2, "avg_high_c": 4.32, "avg_low_c": 0.17, "total_rain_mm": 214.13, "total_rain_in": 8.43 }, { "year": 2021, "month": 3, "avg_high_c": 9.09, "avg_low_c": 0.11, "total_rain_mm": 76.7, "total_rain_in": 3.02 }, { "year": 2021, "month": 4, "avg_high_c": 14.26, "avg_low_c": 2.58, "total_rain_mm": 23.45, "total_rain_in": 0.92 }, { "year": 2021, "month": 5, "avg_high_c": 15.84, "avg_low_c": 5.83, "total_rain_mm": 48.27, "total_rain_in": 1.9 }, { "year": 2021, "month": 6, "avg_high_c": 24.15, "avg_low_c": 11.05, "total_rain_mm": 38.73, "total_rain_in": 1.52 }, { "year": 2021, "month": 7, "avg_high_c": 28.64, "avg_low_c": 12.44, "total_rain_mm": 1.51, "total_rain_in": 0.06 }, { "year": 2021, "month": 8, "avg_high_c": 27.8, "avg_low_c": 12.53, "total_rain_mm": 2.44, "total_rain_in": 0.1 }, { "year": 2021, "month": 9, "avg_high_c": 23.79, "avg_low_c": 9.27, "total_rain_mm": 100.22, "total_rain_in": 3.95 }, { "year": 2021, "month": 10, "avg_high_c": 13.87, "avg_low_c": 5.13, "total_rain_mm": 127.35, "total_rain_in": 5.01 }, { "year": 2021, "month": 11, "avg_high_c": 10.36, "avg_low_c": 3.91, "total_rain_mm": 206.13, "total_rain_in": 8.12 }, { "year": 2021, "month": 12, "avg_high_c": 4.04, "avg_low_c": -0.13, "total_rain_mm": 298.43, "total_rain_in": 11.75 }, { "year": 2022, "month": 1, "avg_high_c": 8.25, "avg_low_c": 0.92, "total_rain_mm": 185.77, "total_rain_in": 7.31 }, { "year": 2022, "month": 2, "avg_high_c": 8.79, "avg_low_c": 0.12, "total_rain_mm": 72.84, "total_rain_in": 2.87 }, { "year": 2022, "month": 3, "avg_high_c": 10.23, "avg_low_c": 2.24, "total_rain_mm": 120.32, "total_rain_in": 4.74 }, { "year": 2022, "month": 4, "avg_high_c": 9.22, "avg_low_c": 1.24, "total_rain_mm": 197.88, "total_rain_in": 7.79 }, { "year": 2022, "month": 5, "avg_high_c": 13.16, "avg_low_c": 4.62, "total_rain_mm": 214.96, "total_rain_in": 8.46 }, { "year": 2022, "month": 6, "avg_high_c": 18.84, "avg_low_c": 8.58, "total_rain_mm": 134.24, "total_rain_in": 5.29 }, { "year": 2022, "month": 7, "avg_high_c": 24.73, "avg_low_c": 12.83, "total_rain_mm": 11.42, "total_rain_in": 0.45 }, { "year": 2022, "month": 8, "avg_high_c": 28.62, "avg_low_c": 13.54, "total_rain_mm": 3.08, "total_rain_in": 0.12 }, { "year": 2022, "month": 9, "avg_high_c": 25.45, "avg_low_c": 10.95, "total_rain_mm": 13.25, "total_rain_in": 0.52 }, { "year": 2022, "month": 10, "avg_high_c": 22.04, "avg_low_c": 8.72, "total_rain_mm": 75.26, "total_rain_in": 2.96 }, { "year": 2022, "month": 11, "avg_high_c": 7.52, "avg_low_c": 0.03, "total_rain_mm": 197.87, "total_rain_in": 7.79 }, { "year": 2022, "month": 12, "avg_high_c": 5.2, "avg_low_c": -0.39, "total_rain_mm": 196.97, "total_rain_in": 7.75 }, { "year": 2023, "month": 1, "avg_high_c": 6.16, "avg_low_c": 0.16, "total_rain_mm": 94.78, "total_rain_in": 3.73 }, { "year": 2023, "month": 2, "avg_high_c": 5.62, "avg_low_c": -1.58, "total_rain_mm": 128.77, "total_rain_in": 5.07 }, { "year": 2023, "month": 3, "avg_high_c": 5.46, "avg_low_c": -1.76, "total_rain_mm": 197.43, "total_rain_in": 7.77 }, { "year": 2023, "month": 4, "avg_high_c": 9.79, "avg_low_c": 2.21, "total_rain_mm": 181.29, "total_rain_in": 7.14 }, { "year": 2023, "month": 5, "avg_high_c": 18.55, "avg_low_c": 7.82, "total_rain_mm": 40.93, "total_rain_in": 1.61 }, { "year": 2023, "month": 6, "avg_high_c": 20.75, "avg_low_c": 8.65, "total_rain_mm": 22.49, "total_rain_in": 0.89 }, { "year": 2023, "month": 7, "avg_high_c": 27.63, "avg_low_c": 11.8, "total_rain_mm": 1.24, "total_rain_in": 0.05 }, { "year": 2023, "month": 8, "avg_high_c": 28.58, "avg_low_c": 13.55, "total_rain_mm": 19.34, "total_rain_in": 0.76 }, { "year": 2023, "month": 9, "avg_high_c": 22.5, "avg_low_c": 9.67, "total_rain_mm": 61.6, "total_rain_in": 2.43 }, { "year": 2023, "month": 10, "avg_high_c": 17.22, "avg_low_c": 6.74, "total_rain_mm": 119.12, "total_rain_in": 4.69 }, { "year": 2023, "month": 11, "avg_high_c": 11.08, "avg_low_c": 2.81, "total_rain_mm": 164.18, "total_rain_in": 6.46 }, { "year": 2023, "month": 12, "avg_high_c": 9.43, "avg_low_c": 3.57, "total_rain_mm": 270.37, "total_rain_in": 10.64 }, { "year": 2024, "month": 1, "avg_high_c": 6.52, "avg_low_c": 2.44, "total_rain_mm": 393.39, "total_rain_in": 15.49 }, { "year": 2024, "month": 2, "avg_high_c": 7.69, "avg_low_c": 1.17, "total_rain_mm": 197.0, "total_rain_in": 7.76 }, { "year": 2024, "month": 3, "avg_high_c": 9.19, "avg_low_c": 1.15, "total_rain_mm": 155.25, "total_rain_in": 6.11 }, { "year": 2024, "month": 4, "avg_high_c": 12.0, "avg_low_c": 2.91, "total_rain_mm": 106.26, "total_rain_in": 4.18 }, { "year": 2024, "month": 5, "avg_high_c": 15.17, "avg_low_c": 5.1, "total_rain_mm": 122.01, "total_rain_in": 4.8 }, { "year": 2024, "month": 6, "avg_high_c": 19.09, "avg_low_c": 8.84, "total_rain_mm": 64.13, "total_rain_in": 2.52 }, { "year": 2024, "month": 7, "avg_high_c": 28.15, "avg_low_c": 12.91, "total_rain_mm": 5.29, "total_rain_in": 0.21 }, { "year": 2024, "month": 8, "avg_high_c": 26.36, "avg_low_c": 11.93, "total_rain_mm": 27.54, "total_rain_in": 1.08 }, { "year": 2024, "month": 9, "avg_high_c": 24.42, "avg_low_c": 10.39, "total_rain_mm": 29.22, "total_rain_in": 1.15 }, { "year": 2024, "month": 10, "avg_high_c": 17.58, "avg_low_c": 5.79, "total_rain_mm": 114.89, "total_rain_in": 4.52 }, { "year": 2024, "month": 11, "avg_high_c": 7.83, "avg_low_c": 2.22, "total_rain_mm": 290.92, "total_rain_in": 11.45 }, { "year": 2024, "month": 12, "avg_high_c": 8.11, "avg_low_c": 1.86, "total_rain_mm": 317.7, "total_rain_in": 12.51 }, { "year": 2025, "month": 1, "avg_high_c": 7.36, "avg_low_c": -0.64, "total_rain_mm": 133.62, "total_rain_in": 5.26 }, { "year": 2025, "month": 2, "avg_high_c": 5.74, "avg_low_c": -0.37, "total_rain_mm": 214.01, "total_rain_in": 8.43 }, { "year": 2025, "month": 3, "avg_high_c": 8.98, "avg_low_c": 2.41, "total_rain_mm": 271.07, "total_rain_in": 10.67 }, { "year": 2025, "month": 4, "avg_high_c": 13.9, "avg_low_c": 3.0, "total_rain_mm": 63.84, "total_rain_in": 2.51 }, { "year": 2025, "month": 5, "avg_high_c": 15.9, "avg_low_c": 5.02, "total_rain_mm": 57.39, "total_rain_in": 2.26 }, { "year": 2025, "month": 6, "avg_high_c": 20.86, "avg_low_c": 8.63, "total_rain_mm": 37.01, "total_rain_in": 1.46 }, { "year": 2025, "month": 7, "avg_high_c": 27.14, "avg_low_c": 12.1, "total_rain_mm": 2.25, "total_rain_in": 0.09 }, { "year": 2025, "month": 8, "avg_high_c": 28.55, "avg_low_c": 13.57, "total_rain_mm": 17.47, "total_rain_in": 0.69 }, { "year": 2025, "month": 9, "avg_high_c": 25.14, "avg_low_c": 11.1, "total_rain_mm": 50.13, "total_rain_in": 1.97 }, { "year": 2025, "month": 10, "avg_high_c": 14.31, "avg_low_c": 4.69, "total_rain_mm": 142.59, "total_rain_in": 5.61 }, { "year": 2025, "month": 11, "avg_high_c": 11.19, "avg_low_c": 4.16, "total_rain_mm": 142.53, "total_rain_in": 5.61 }, { "year": 2025, "month": 12, "avg_high_c": 8.78, "avg_low_c": 2.95, "total_rain_mm": 343.99, "total_rain_in": 13.54 } ] }, "geometry": { "type": "MultiPolygon", "coordinates": [ [ [ [ -122.749330615641696, 44.335768795662425 ], [ -122.749330614848006, 44.33540946898114 ], [ -122.749061121010328, 44.335409468067091 ], [ -122.749061121074632, 44.335768796472458 ], [ -122.749330615641696, 44.335768795662425 ], [ -122.749689941859842, 44.336038290167799 ], [ -122.749689941442824, 44.336397616091894 ], [ -122.74906112104054, 44.336756942370151 ], [ -122.74870179506641, 44.336756941809199 ], [ -122.748432301244392, 44.336756943185151 ], [ -122.748072974158944, 44.335768795434731 ], [ -122.748072973639751, 44.335409469137645 ], [ -122.747174658892121, 44.33540946896791 ], [ -122.746815332657931, 44.334780649021525 ], [ -122.746545837651027, 44.334511154019552 ], [ -122.746545838485005, 44.334151828180914 ], [ -122.746815332826472, 44.334151828379206 ], [ -122.74744415348529, 44.334151829102886 ], [ -122.747444153437883, 44.334511154827169 ], [ -122.748432300308366, 44.334511153956626 ], [ -122.748432301139658, 44.334780649757349 ], [ -122.74906112126888, 44.334780649763033 ], [ -122.7493306158038, 44.334511154242847 ], [ -122.749330615868843, 44.334151827386641 ], [ -122.749689941916657, 44.333882334208049 ], [ -122.750049268043014, 44.333882334533278 ], [ -122.750049268212223, 44.334151828643058 ], [ -122.750049267632491, 44.334511154523064 ], [ -122.750318762222861, 44.334511154413704 ], [ -122.750678088057171, 44.334511153790061 ], [ -122.750947583346203, 44.334511154132322 ], [ -122.750947583111952, 44.334780648478969 ], [ -122.750678088658603, 44.334780649611503 ], [ -122.750678088645472, 44.335139975596114 ], [ -122.750318763103266, 44.335139975471968 ], [ -122.750049268599128, 44.335409469894792 ], [ -122.750049267670079, 44.335768795849134 ], [ -122.749689941910603, 44.335768795253884 ], [ -122.749330615641696, 44.335768795662425 ] ] ] ] } },
{ "type": "Feature", "properties": { "field_id": "WV_AG_046", "lat": 44.771312407225771, "lon": -123.01607700832467, "area_acres": 44.672143680986103, "crop_code": 24, "cdl_crop": "Winter Wheat", "crop_dominant_pct": 92.6, "soil_muname": "Willamette silt loam, 3 to 12 percent slopes", "soil_drainage": "Well drained", "soil_clay_pct": 23.5, "soil_sand_pct": 7.0, "soil_silt_pct": 69.5, "soil_om_pct": 4.0, "soil_ph": 6.1, "soil_cec": 17.5, "soil_depth_cm": 0.0, "weather_monthly": [ { "year": 2020, "month": 1, "avg_high_c": 8.33, "avg_low_c": 3.69, "total_rain_mm": 331.66, "total_rain_in": 13.06 }, { "year": 2020, "month": 2, "avg_high_c": 9.3, "avg_low_c": 1.59, "total_rain_mm": 119.69, "total_rain_in": 4.71 }, { "year": 2020, "month": 3, "avg_high_c": 10.58, "avg_low_c": 1.93, "total_rain_mm": 119.65, "total_rain_in": 4.71 }, { "year": 2020, "month": 4, "avg_high_c": 15.36, "avg_low_c": 4.91, "total_rain_mm": 65.25, "total_rain_in": 2.57 }, { "year": 2020, "month": 5, "avg_high_c": 18.1, "avg_low_c": 7.97, "total_rain_mm": 129.22, "total_rain_in": 5.09 }, { "year": 2020, "month": 6, "avg_high_c": 19.57, "avg_low_c": 9.34, "total_rain_mm": 97.62, "total_rain_in": 3.84 }, { "year": 2020, "month": 7, "avg_high_c": 24.4, "avg_low_c": 11.06, "total_rain_mm": 3.63, "total_rain_in": 0.14 }, { "year": 2020, "month": 8, "avg_high_c": 25.88, "avg_low_c": 11.44, "total_rain_mm": 5.11, "total_rain_in": 0.2 }, { "year": 2020, "month": 9, "avg_high_c": 24.8, "avg_low_c": 11.76, "total_rain_mm": 75.48, "total_rain_in": 2.97 }, { "year": 2020, "month": 10, "avg_high_c": 17.88, "avg_low_c": 7.03, "total_rain_mm": 95.76, "total_rain_in": 3.77 }, { "year": 2020, "month": 11, "avg_high_c": 10.62, "avg_low_c": 2.98, "total_rain_mm": 245.69, "total_rain_in": 9.67 }, { "year": 2020, "month": 12, "avg_high_c": 9.56, "avg_low_c": 2.24, "total_rain_mm": 231.54, "total_rain_in": 9.12 }, { "year": 2021, "month": 1, "avg_high_c": 8.81, "avg_low_c": 2.61, "total_rain_mm": 260.36, "total_rain_in": 10.25 }, { "year": 2021, "month": 2, "avg_high_c": 7.61, "avg_low_c": 1.86, "total_rain_mm": 215.93, "total_rain_in": 8.5 }, { "year": 2021, "month": 3, "avg_high_c": 11.05, "avg_low_c": 1.47, "total_rain_mm": 82.08, "total_rain_in": 3.23 }, { "year": 2021, "month": 4, "avg_high_c": 16.05, "avg_low_c": 3.87, "total_rain_mm": 27.34, "total_rain_in": 1.08 }, { "year": 2021, "month": 5, "avg_high_c": 18.03, "avg_low_c": 6.8, "total_rain_mm": 47.74, "total_rain_in": 1.88 }, { "year": 2021, "month": 6, "avg_high_c": 24.25, "avg_low_c": 11.1, "total_rain_mm": 49.29, "total_rain_in": 1.94 }, { "year": 2021, "month": 7, "avg_high_c": 27.3, "avg_low_c": 11.55, "total_rain_mm": 1.83, "total_rain_in": 0.07 }, { "year": 2021, "month": 8, "avg_high_c": 27.65, "avg_low_c": 12.56, "total_rain_mm": 2.92, "total_rain_in": 0.11 }, { "year": 2021, "month": 9, "avg_high_c": 24.55, "avg_low_c": 10.43, "total_rain_mm": 101.83, "total_rain_in": 4.01 }, { "year": 2021, "month": 10, "avg_high_c": 15.52, "avg_low_c": 6.56, "total_rain_mm": 148.73, "total_rain_in": 5.86 }, { "year": 2021, "month": 11, "avg_high_c": 12.28, "avg_low_c": 5.35, "total_rain_mm": 250.09, "total_rain_in": 9.85 }, { "year": 2021, "month": 12, "avg_high_c": 5.61, "avg_low_c": 0.97, "total_rain_mm": 309.17, "total_rain_in": 12.17 }, { "year": 2022, "month": 1, "avg_high_c": 9.29, "avg_low_c": 1.87, "total_rain_mm": 185.19, "total_rain_in": 7.29 }, { "year": 2022, "month": 2, "avg_high_c": 9.66, "avg_low_c": 1.72, "total_rain_mm": 98.54, "total_rain_in": 3.88 }, { "year": 2022, "month": 3, "avg_high_c": 11.99, "avg_low_c": 3.83, "total_rain_mm": 125.82, "total_rain_in": 4.95 }, { "year": 2022, "month": 4, "avg_high_c": 11.48, "avg_low_c": 2.65, "total_rain_mm": 200.52, "total_rain_in": 7.89 }, { "year": 2022, "month": 5, "avg_high_c": 15.04, "avg_low_c": 6.2, "total_rain_mm": 191.01, "total_rain_in": 7.52 }, { "year": 2022, "month": 6, "avg_high_c": 19.96, "avg_low_c": 9.78, "total_rain_mm": 128.91, "total_rain_in": 5.08 }, { "year": 2022, "month": 7, "avg_high_c": 25.26, "avg_low_c": 12.21, "total_rain_mm": 8.52, "total_rain_in": 0.34 }, { "year": 2022, "month": 8, "avg_high_c": 27.38, "avg_low_c": 13.3, "total_rain_mm": 1.96, "total_rain_in": 0.08 }, { "year": 2022, "month": 9, "avg_high_c": 25.27, "avg_low_c": 11.26, "total_rain_mm": 12.33, "total_rain_in": 0.49 }, { "year": 2022, "month": 10, "avg_high_c": 21.88, "avg_low_c": 8.89, "total_rain_mm": 83.79, "total_rain_in": 3.3 }, { "year": 2022, "month": 11, "avg_high_c": 9.53, "avg_low_c": 1.32, "total_rain_mm": 209.49, "total_rain_in": 8.25 }, { "year": 2022, "month": 12, "avg_high_c": 7.23, "avg_low_c": 1.41, "total_rain_mm": 213.47, "total_rain_in": 8.4 }, { "year": 2023, "month": 1, "avg_high_c": 8.1, "avg_low_c": 2.21, "total_rain_mm": 124.27, "total_rain_in": 4.89 }, { "year": 2023, "month": 2, "avg_high_c": 7.34, "avg_low_c": 0.11, "total_rain_mm": 126.83, "total_rain_in": 4.99 }, { "year": 2023, "month": 3, "avg_high_c": 8.74, "avg_low_c": 0.78, "total_rain_mm": 189.54, "total_rain_in": 7.46 }, { "year": 2023, "month": 4, "avg_high_c": 12.14, "avg_low_c": 3.83, "total_rain_mm": 194.6, "total_rain_in": 7.66 }, { "year": 2023, "month": 5, "avg_high_c": 20.07, "avg_low_c": 8.51, "total_rain_mm": 27.12, "total_rain_in": 1.07 }, { "year": 2023, "month": 6, "avg_high_c": 21.75, "avg_low_c": 8.84, "total_rain_mm": 19.41, "total_rain_in": 0.76 }, { "year": 2023, "month": 7, "avg_high_c": 26.77, "avg_low_c": 11.45, "total_rain_mm": 2.08, "total_rain_in": 0.08 }, { "year": 2023, "month": 8, "avg_high_c": 29.03, "avg_low_c": 13.52, "total_rain_mm": 21.34, "total_rain_in": 0.84 }, { "year": 2023, "month": 9, "avg_high_c": 23.57, "avg_low_c": 10.75, "total_rain_mm": 70.6, "total_rain_in": 2.78 }, { "year": 2023, "month": 10, "avg_high_c": 18.22, "avg_low_c": 7.61, "total_rain_mm": 117.2, "total_rain_in": 4.61 }, { "year": 2023, "month": 11, "avg_high_c": 11.95, "avg_low_c": 3.59, "total_rain_mm": 187.96, "total_rain_in": 7.4 }, { "year": 2023, "month": 12, "avg_high_c": 10.68, "avg_low_c": 4.45, "total_rain_mm": 295.35, "total_rain_in": 11.63 }, { "year": 2024, "month": 1, "avg_high_c": 8.28, "avg_low_c": 2.91, "total_rain_mm": 370.12, "total_rain_in": 14.57 }, { "year": 2024, "month": 2, "avg_high_c": 10.14, "avg_low_c": 3.26, "total_rain_mm": 200.23, "total_rain_in": 7.88 }, { "year": 2024, "month": 3, "avg_high_c": 11.51, "avg_low_c": 3.24, "total_rain_mm": 164.08, "total_rain_in": 6.46 }, { "year": 2024, "month": 4, "avg_high_c": 14.23, "avg_low_c": 4.47, "total_rain_mm": 94.88, "total_rain_in": 3.74 }, { "year": 2024, "month": 5, "avg_high_c": 17.15, "avg_low_c": 6.5, "total_rain_mm": 118.44, "total_rain_in": 4.66 }, { "year": 2024, "month": 6, "avg_high_c": 20.38, "avg_low_c": 9.29, "total_rain_mm": 74.42, "total_rain_in": 2.93 }, { "year": 2024, "month": 7, "avg_high_c": 27.02, "avg_low_c": 12.01, "total_rain_mm": 7.22, "total_rain_in": 0.28 }, { "year": 2024, "month": 8, "avg_high_c": 25.73, "avg_low_c": 12.22, "total_rain_mm": 22.59, "total_rain_in": 0.89 }, { "year": 2024, "month": 9, "avg_high_c": 24.48, "avg_low_c": 11.29, "total_rain_mm": 33.37, "total_rain_in": 1.31 }, { "year": 2024, "month": 10, "avg_high_c": 18.76, "avg_low_c": 7.37, "total_rain_mm": 131.82, "total_rain_in": 5.19 }, { "year": 2024, "month": 11, "avg_high_c": 9.95, "avg_low_c": 4.08, "total_rain_mm": 284.69, "total_rain_in": 11.21 }, { "year": 2024, "month": 12, "avg_high_c": 9.31, "avg_low_c": 3.22, "total_rain_mm": 297.03, "total_rain_in": 11.69 }, { "year": 2025, "month": 1, "avg_high_c": 7.89, "avg_low_c": 0.22, "total_rain_mm": 116.9, "total_rain_in": 4.6 }, { "year": 2025, "month": 2, "avg_high_c": 8.27, "avg_low_c": 1.66, "total_rain_mm": 206.54, "total_rain_in": 8.13 }, { "year": 2025, "month": 3, "avg_high_c": 11.38, "avg_low_c": 4.41, "total_rain_mm": 241.61, "total_rain_in": 9.51 }, { "year": 2025, "month": 4, "avg_high_c": 15.77, "avg_low_c": 4.72, "total_rain_mm": 64.12, "total_rain_in": 2.52 }, { "year": 2025, "month": 5, "avg_high_c": 17.45, "avg_low_c": 6.68, "total_rain_mm": 52.17, "total_rain_in": 2.05 }, { "year": 2025, "month": 6, "avg_high_c": 21.6, "avg_low_c": 9.69, "total_rain_mm": 34.37, "total_rain_in": 1.35 }, { "year": 2025, "month": 7, "avg_high_c": 26.13, "avg_low_c": 11.56, "total_rain_mm": 1.41, "total_rain_in": 0.06 }, { "year": 2025, "month": 8, "avg_high_c": 28.06, "avg_low_c": 13.39, "total_rain_mm": 20.61, "total_rain_in": 0.81 }, { "year": 2025, "month": 9, "avg_high_c": 24.77, "avg_low_c": 11.37, "total_rain_mm": 49.32, "total_rain_in": 1.94 }, { "year": 2025, "month": 10, "avg_high_c": 15.59, "avg_low_c": 6.02, "total_rain_mm": 148.04, "total_rain_in": 5.83 }, { "year": 2025, "month": 11, "avg_high_c": 11.64, "avg_low_c": 5.24, "total_rain_mm": 176.54, "total_rain_in": 6.95 }, { "year": 2025, "month": 12, "avg_high_c": 9.99, "avg_low_c": 4.33, "total_rain_mm": 352.37, "total_rain_in": 13.87 } ] }, "geometry": { "type": "MultiPolygon", "coordinates": [ [ [ [ -123.017287237968915, 44.771885524043832 ], [ -123.017017743041606, 44.771885523861499 ], [ -123.017017742623807, 44.772244850234991 ], [ -123.017287237772123, 44.772244850669239 ], [ -123.017287237968915, 44.771885524043832 ], [ -123.018634710231069, 44.771885523862998 ], [ -123.018904205427873, 44.77224485004232 ], [ -123.018904204984381, 44.772873671506872 ], [ -123.018904204981354, 44.773143165317343 ], [ -123.019263530644608, 44.773143165386756 ], [ -123.019263531626649, 44.773771986651681 ], [ -123.018634710726033, 44.773771986524416 ], [ -123.018275383637246, 44.773771986240078 ], [ -123.017916058473361, 44.773771986463977 ], [ -123.01728723762804, 44.773771986548304 ], [ -123.017017743161503, 44.773771986578744 ], [ -123.015400775762558, 44.7737719867255 ], [ -123.015400774981984, 44.77350249185573 ], [ -123.014771954834899, 44.773502491734554 ], [ -123.014771954714774, 44.773143165999969 ], [ -123.015131280977599, 44.773143165803752 ], [ -123.015131280099183, 44.772514344976223 ], [ -123.014771954402036, 44.772514344814049 ], [ -123.014771954089269, 44.771885524519071 ], [ -123.014143134440516, 44.771885524467955 ], [ -123.014143134330979, 44.771616029774989 ], [ -123.013514313045462, 44.771616029502994 ], [ -123.013154987480021, 44.771616029710088 ], [ -123.013154987640462, 44.771885524509557 ], [ -123.012885492263223, 44.771885524526191 ], [ -123.012885492533485, 44.770987208805856 ], [ -123.013154987105693, 44.770987209147592 ], [ -123.013154986536875, 44.770627882649563 ], [ -123.013154987022517, 44.76999906237242 ], [ -123.013514313186633, 44.769999062126345 ], [ -123.013514313611509, 44.769370241121841 ], [ -123.01351431355792, 44.769010915428417 ], [ -123.013873639069104, 44.768741420514125 ], [ -123.014143133376052, 44.768741420804425 ], [ -123.014771954135455, 44.768741421096905 ], [ -123.015131280587909, 44.768741420677202 ], [ -123.015400775959705, 44.768741421022916 ], [ -123.015400775020524, 44.769010915230808 ], [ -123.016029595563097, 44.769010915797892 ], [ -123.016149605056398, 44.768890905734906 ], [ -123.016538407397633, 44.768951261821329 ], [ -123.016658416815559, 44.769010915136406 ], [ -123.016658416763036, 44.769370241518175 ], [ -123.018904205157227, 44.769370241564694 ], [ -123.018904205004375, 44.76963973608698 ], [ -123.017646563820861, 44.769639735999888 ], [ -123.01764656346387, 44.769999062173852 ], [ -123.017916057992053, 44.769999062417504 ], [ -123.017916058613963, 44.770627883248288 ], [ -123.017646564002689, 44.770627882500797 ], [ -123.017646563290725, 44.770987208612169 ], [ -123.018275384092775, 44.770987208950963 ], [ -123.018275384925388, 44.771616029960782 ], [ -123.017287237294127, 44.771616029670142 ], [ -123.017287237968915, 44.771885524043832 ] ], [ [ -123.015131280548545, 44.770627882519925 ], [ -123.015131280233703, 44.770268556883934 ], [ -123.015400774923791, 44.770268556764883 ], [ -123.015400774648128, 44.769999062045763 ], [ -123.015131281034954, 44.769999062164828 ], [ -123.0145024598379, 44.769999062154788 ], [ -123.014502460523374, 44.770268556980341 ], [ -123.014771954473687, 44.770627882648661 ], [ -123.015131280548545, 44.770627882519925 ] ] ] ] } },
{ "type": "Feature", "properties": { "field_id": "WV_AG_047", "lat": 44.796740943045918, "lon": -123.33944672530762, "area_acres": 62.411615115215596, "crop_code": 24, "cdl_crop": "Winter Wheat", "crop_dominant_pct": 84.9, "soil_muname": "Coburg silty clay loam, occasionally flooded", "soil_drainage": "Moderately well drained", "soil_clay_pct": 31.0, "soil_sand_pct": 18.1, "soil_silt_pct": 50.9, "soil_om_pct": 4.0, "soil_ph": 6.1, "soil_cec": 22.5, "soil_depth_cm": 0.0, "weather_monthly": [ { "year": 2020, "month": 1, "avg_high_c": 8.33, "avg_low_c": 3.69, "total_rain_mm": 331.66, "total_rain_in": 13.06 }, { "year": 2020, "month": 2, "avg_high_c": 9.3, "avg_low_c": 1.59, "total_rain_mm": 119.69, "total_rain_in": 4.71 }, { "year": 2020, "month": 3, "avg_high_c": 10.58, "avg_low_c": 1.93, "total_rain_mm": 119.65, "total_rain_in": 4.71 }, { "year": 2020, "month": 4, "avg_high_c": 15.36, "avg_low_c": 4.91, "total_rain_mm": 65.25, "total_rain_in": 2.57 }, { "year": 2020, "month": 5, "avg_high_c": 18.1, "avg_low_c": 7.97, "total_rain_mm": 129.22, "total_rain_in": 5.09 }, { "year": 2020, "month": 6, "avg_high_c": 19.57, "avg_low_c": 9.34, "total_rain_mm": 97.62, "total_rain_in": 3.84 }, { "year": 2020, "month": 7, "avg_high_c": 24.4, "avg_low_c": 11.06, "total_rain_mm": 3.63, "total_rain_in": 0.14 }, { "year": 2020, "month": 8, "avg_high_c": 25.88, "avg_low_c": 11.44, "total_rain_mm": 5.11, "total_rain_in": 0.2 }, { "year": 2020, "month": 9, "avg_high_c": 24.8, "avg_low_c": 11.76, "total_rain_mm": 75.48, "total_rain_in": 2.97 }, { "year": 2020, "month": 10, "avg_high_c": 17.88, "avg_low_c": 7.03, "total_rain_mm": 95.76, "total_rain_in": 3.77 }, { "year": 2020, "month": 11, "avg_high_c": 10.62, "avg_low_c": 2.98, "total_rain_mm": 245.69, "total_rain_in": 9.67 }, { "year": 2020, "month": 12, "avg_high_c": 9.56, "avg_low_c": 2.24, "total_rain_mm": 231.54, "total_rain_in": 9.12 }, { "year": 2021, "month": 1, "avg_high_c": 8.81, "avg_low_c": 2.61, "total_rain_mm": 260.36, "total_rain_in": 10.25 }, { "year": 2021, "month": 2, "avg_high_c": 7.61, "avg_low_c": 1.86, "total_rain_mm": 215.93, "total_rain_in": 8.5 }, { "year": 2021, "month": 3, "avg_high_c": 11.05, "avg_low_c": 1.47, "total_rain_mm": 82.08, "total_rain_in": 3.23 }, { "year": 2021, "month": 4, "avg_high_c": 16.05, "avg_low_c": 3.87, "total_rain_mm": 27.34, "total_rain_in": 1.08 }, { "year": 2021, "month": 5, "avg_high_c": 18.03, "avg_low_c": 6.8, "total_rain_mm": 47.74, "total_rain_in": 1.88 }, { "year": 2021, "month": 6, "avg_high_c": 24.25, "avg_low_c": 11.1, "total_rain_mm": 49.29, "total_rain_in": 1.94 }, { "year": 2021, "month": 7, "avg_high_c": 27.3, "avg_low_c": 11.55, "total_rain_mm": 1.83, "total_rain_in": 0.07 }, { "year": 2021, "month": 8, "avg_high_c": 27.65, "avg_low_c": 12.56, "total_rain_mm": 2.92, "total_rain_in": 0.11 }, { "year": 2021, "month": 9, "avg_high_c": 24.55, "avg_low_c": 10.43, "total_rain_mm": 101.83, "total_rain_in": 4.01 }, { "year": 2021, "month": 10, "avg_high_c": 15.52, "avg_low_c": 6.56, "total_rain_mm": 148.73, "total_rain_in": 5.86 }, { "year": 2021, "month": 11, "avg_high_c": 12.28, "avg_low_c": 5.35, "total_rain_mm": 250.09, "total_rain_in": 9.85 }, { "year": 2021, "month": 12, "avg_high_c": 5.61, "avg_low_c": 0.97, "total_rain_mm": 309.17, "total_rain_in": 12.17 }, { "year": 2022, "month": 1, "avg_high_c": 9.29, "avg_low_c": 1.87, "total_rain_mm": 185.19, "total_rain_in": 7.29 }, { "year": 2022, "month": 2, "avg_high_c": 9.66, "avg_low_c": 1.72, "total_rain_mm": 98.54, "total_rain_in": 3.88 }, { "year": 2022, "month": 3, "avg_high_c": 11.99, "avg_low_c": 3.83, "total_rain_mm": 125.82, "total_rain_in": 4.95 }, { "year": 2022, "month": 4, "avg_high_c": 11.48, "avg_low_c": 2.65, "total_rain_mm": 200.52, "total_rain_in": 7.89 }, { "year": 2022, "month": 5, "avg_high_c": 15.04, "avg_low_c": 6.2, "total_rain_mm": 191.01, "total_rain_in": 7.52 }, { "year": 2022, "month": 6, "avg_high_c": 19.96, "avg_low_c": 9.78, "total_rain_mm": 128.91, "total_rain_in": 5.08 }, { "year": 2022, "month": 7, "avg_high_c": 25.26, "avg_low_c": 12.21, "total_rain_mm": 8.52, "total_rain_in": 0.34 }, { "year": 2022, "month": 8, "avg_high_c": 27.38, "avg_low_c": 13.3, "total_rain_mm": 1.96, "total_rain_in": 0.08 }, { "year": 2022, "month": 9, "avg_high_c": 25.27, "avg_low_c": 11.26, "total_rain_mm": 12.33, "total_rain_in": 0.49 }, { "year": 2022, "month": 10, "avg_high_c": 21.88, "avg_low_c": 8.89, "total_rain_mm": 83.79, "total_rain_in": 3.3 }, { "year": 2022, "month": 11, "avg_high_c": 9.53, "avg_low_c": 1.32, "total_rain_mm": 209.49, "total_rain_in": 8.25 }, { "year": 2022, "month": 12, "avg_high_c": 7.23, "avg_low_c": 1.41, "total_rain_mm": 213.47, "total_rain_in": 8.4 }, { "year": 2023, "month": 1, "avg_high_c": 8.1, "avg_low_c": 2.21, "total_rain_mm": 124.27, "total_rain_in": 4.89 }, { "year": 2023, "month": 2, "avg_high_c": 7.34, "avg_low_c": 0.11, "total_rain_mm": 126.83, "total_rain_in": 4.99 }, { "year": 2023, "month": 3, "avg_high_c": 8.74, "avg_low_c": 0.78, "total_rain_mm": 189.54, "total_rain_in": 7.46 }, { "year": 2023, "month": 4, "avg_high_c": 12.14, "avg_low_c": 3.83, "total_rain_mm": 194.6, "total_rain_in": 7.66 }, { "year": 2023, "month": 5, "avg_high_c": 20.07, "avg_low_c": 8.51, "total_rain_mm": 27.12, "total_rain_in": 1.07 }, { "year": 2023, "month": 6, "avg_high_c": 21.75, "avg_low_c": 8.84, "total_rain_mm": 19.41, "total_rain_in": 0.76 }, { "year": 2023, "month": 7, "avg_high_c": 26.77, "avg_low_c": 11.45, "total_rain_mm": 2.08, "total_rain_in": 0.08 }, { "year": 2023, "month": 8, "avg_high_c": 29.03, "avg_low_c": 13.52, "total_rain_mm": 21.34, "total_rain_in": 0.84 }, { "year": 2023, "month": 9, "avg_high_c": 23.57, "avg_low_c": 10.75, "total_rain_mm": 70.6, "total_rain_in": 2.78 }, { "year": 2023, "month": 10, "avg_high_c": 18.22, "avg_low_c": 7.61, "total_rain_mm": 117.2, "total_rain_in": 4.61 }, { "year": 2023, "month": 11, "avg_high_c": 11.95, "avg_low_c": 3.59, "total_rain_mm": 187.96, "total_rain_in": 7.4 }, { "year": 2023, "month": 12, "avg_high_c": 10.68, "avg_low_c": 4.45, "total_rain_mm": 295.35, "total_rain_in": 11.63 }, { "year": 2024, "month": 1, "avg_high_c": 8.28, "avg_low_c": 2.91, "total_rain_mm": 370.12, "total_rain_in": 14.57 }, { "year": 2024, "month": 2, "avg_high_c": 10.14, "avg_low_c": 3.26, "total_rain_mm": 200.23, "total_rain_in": 7.88 }, { "year": 2024, "month": 3, "avg_high_c": 11.51, "avg_low_c": 3.24, "total_rain_mm": 164.08, "total_rain_in": 6.46 }, { "year": 2024, "month": 4, "avg_high_c": 14.23, "avg_low_c": 4.47, "total_rain_mm": 94.88, "total_rain_in": 3.74 }, { "year": 2024, "month": 5, "avg_high_c": 17.15, "avg_low_c": 6.5, "total_rain_mm": 118.44, "total_rain_in": 4.66 }, { "year": 2024, "month": 6, "avg_high_c": 20.38, "avg_low_c": 9.29, "total_rain_mm": 74.42, "total_rain_in": 2.93 }, { "year": 2024, "month": 7, "avg_high_c": 27.02, "avg_low_c": 12.01, "total_rain_mm": 7.22, "total_rain_in": 0.28 }, { "year": 2024, "month": 8, "avg_high_c": 25.73, "avg_low_c": 12.22, "total_rain_mm": 22.59, "total_rain_in": 0.89 }, { "year": 2024, "month": 9, "avg_high_c": 24.48, "avg_low_c": 11.29, "total_rain_mm": 33.37, "total_rain_in": 1.31 }, { "year": 2024, "month": 10, "avg_high_c": 18.76, "avg_low_c": 7.37, "total_rain_mm": 131.82, "total_rain_in": 5.19 }, { "year": 2024, "month": 11, "avg_high_c": 9.95, "avg_low_c": 4.08, "total_rain_mm": 284.69, "total_rain_in": 11.21 }, { "year": 2024, "month": 12, "avg_high_c": 9.31, "avg_low_c": 3.22, "total_rain_mm": 297.03, "total_rain_in": 11.69 }, { "year": 2025, "month": 1, "avg_high_c": 7.89, "avg_low_c": 0.22, "total_rain_mm": 116.9, "total_rain_in": 4.6 }, { "year": 2025, "month": 2, "avg_high_c": 8.27, "avg_low_c": 1.66, "total_rain_mm": 206.54, "total_rain_in": 8.13 }, { "year": 2025, "month": 3, "avg_high_c": 11.38, "avg_low_c": 4.41, "total_rain_mm": 241.61, "total_rain_in": 9.51 }, { "year": 2025, "month": 4, "avg_high_c": 15.77, "avg_low_c": 4.72, "total_rain_mm": 64.12, "total_rain_in": 2.52 }, { "year": 2025, "month": 5, "avg_high_c": 17.45, "avg_low_c": 6.68, "total_rain_mm": 52.17, "total_rain_in": 2.05 }, { "year": 2025, "month": 6, "avg_high_c": 21.6, "avg_low_c": 9.69, "total_rain_mm": 34.37, "total_rain_in": 1.35 }, { "year": 2025, "month": 7, "avg_high_c": 26.13, "avg_low_c": 11.56, "total_rain_mm": 1.41, "total_rain_in": 0.06 }, { "year": 2025, "month": 8, "avg_high_c": 28.06, "avg_low_c": 13.39, "total_rain_mm": 20.61, "total_rain_in": 0.81 }, { "year": 2025, "month": 9, "avg_high_c": 24.77, "avg_low_c": 11.37, "total_rain_mm": 49.32, "total_rain_in": 1.94 }, { "year": 2025, "month": 10, "avg_high_c": 15.59, "avg_low_c": 6.02, "total_rain_mm": 148.04, "total_rain_in": 5.83 }, { "year": 2025, "month": 11, "avg_high_c": 11.64, "avg_low_c": 5.24, "total_rain_mm": 176.54, "total_rain_in": 6.95 }, { "year": 2025, "month": 12, "avg_high_c": 9.99, "avg_low_c": 4.33, "total_rain_mm": 352.37, "total_rain_in": 13.87 } ] }, "geometry": { "type": "MultiPolygon", "coordinates": [ [ [ [ -123.339863491640401, 44.800345905632696 ], [ -123.339863491493887, 44.800076411329208 ], [ -123.339593996327125, 44.800076411333883 ], [ -123.339593996610503, 44.800345905382493 ], [ -123.338336354706556, 44.800345906084395 ], [ -123.338336354526319, 44.800705231697442 ], [ -123.337348208901915, 44.800705232028989 ], [ -123.336988882108145, 44.800345905997062 ], [ -123.336988881661242, 44.799717084992096 ], [ -123.337348207762844, 44.799717085059299 ], [ -123.337348208820956, 44.799088263930329 ], [ -123.337348208664949, 44.798459443951351 ], [ -123.33770753485264, 44.798459443503177 ], [ -123.337707534826919, 44.798818769655746 ], [ -123.338336355138239, 44.798818769940283 ], [ -123.338336354921552, 44.797201801927798 ], [ -123.338605849619, 44.796842476302672 ], [ -123.338605849420347, 44.796572981455768 ], [ -123.338336354860104, 44.796213655781699 ], [ -123.337977029132887, 44.796213655648728 ], [ -123.337977028474498, 44.796572981345889 ], [ -123.337707534925386, 44.796842476163768 ], [ -123.337348207779257, 44.79684247581185 ], [ -123.33734820896548, 44.796572981729462 ], [ -123.336988882400831, 44.796572981529842 ], [ -123.336988882750958, 44.796213655129392 ], [ -123.337348207876659, 44.795584834624805 ], [ -123.336988882576961, 44.795584834328345 ], [ -123.336988882052907, 44.795315339799899 ], [ -123.337348208703631, 44.795315340447964 ], [ -123.337348208363849, 44.79369837245661 ], [ -123.336988882687294, 44.793698372476221 ], [ -123.336988881804032, 44.793428878236433 ], [ -123.337348208617229, 44.793069551630118 ], [ -123.337707534088949, 44.793069551859617 ], [ -123.338965175506644, 44.793069552090031 ], [ -123.340222817592831, 44.793069551612916 ], [ -123.340492311299329, 44.793428878081343 ], [ -123.34112113281337, 44.793428877906393 ], [ -123.341480458484625, 44.793698373125984 ], [ -123.341749952549748, 44.79405769849798 ], [ -123.34174995281613, 44.794327193498567 ], [ -123.341480459185931, 44.79432719336959 ], [ -123.341480458313953, 44.79495601390115 ], [ -123.341480458594859, 44.795944161242311 ], [ -123.341480458279548, 44.796213655415627 ], [ -123.341480458337486, 44.797201801868603 ], [ -123.341480458456587, 44.797830622535308 ], [ -123.341480459355367, 44.798100117604157 ], [ -123.341749953014869, 44.798818769762924 ], [ -123.341749953058283, 44.79908826396688 ], [ -123.341480459265497, 44.799447590756564 ], [ -123.341480458231587, 44.799717085344206 ], [ -123.341480459161573, 44.800076410919985 ], [ -123.341121132007643, 44.800345905904301 ], [ -123.340851638687482, 44.800345905951765 ], [ -123.339863491640401, 44.800345905632696 ] ] ] ] } },
{ "type": "Feature", "properties": { "field_id": "WV_AG_048", "lat": 44.18453153742422, "lon": -123.17100342558331, "area_acres": 15.1120027916767, "crop_code": 24, "cdl_crop": "Winter Wheat", "crop_dominant_pct": 89.4, "soil_muname": "Chapman loam", "soil_drainage": "Well drained", "soil_clay_pct": 22.5, "soil_sand_pct": 39.8, "soil_silt_pct": 37.7, "soil_om_pct": 3.5, "soil_ph": 6.1, "soil_cec": 15.0, "soil_depth_cm": 0.0, "weather_monthly": [ { "year": 2020, "month": 1, "avg_high_c": 7.66, "avg_low_c": 3.21, "total_rain_mm": 280.71, "total_rain_in": 11.05 }, { "year": 2020, "month": 2, "avg_high_c": 9.12, "avg_low_c": 0.7, "total_rain_mm": 88.78, "total_rain_in": 3.5 }, { "year": 2020, "month": 3, "avg_high_c": 10.54, "avg_low_c": 1.58, "total_rain_mm": 108.69, "total_rain_in": 4.28 }, { "year": 2020, "month": 4, "avg_high_c": 15.02, "avg_low_c": 4.71, "total_rain_mm": 73.03, "total_rain_in": 2.88 }, { "year": 2020, "month": 5, "avg_high_c": 17.39, "avg_low_c": 7.19, "total_rain_mm": 120.67, "total_rain_in": 4.75 }, { "year": 2020, "month": 6, "avg_high_c": 19.11, "avg_low_c": 9.05, "total_rain_mm": 70.28, "total_rain_in": 2.77 }, { "year": 2020, "month": 7, "avg_high_c": 23.77, "avg_low_c": 11.01, "total_rain_mm": 1.23, "total_rain_in": 0.05 }, { "year": 2020, "month": 8, "avg_high_c": 26.66, "avg_low_c": 10.99, "total_rain_mm": 2.32, "total_rain_in": 0.09 }, { "year": 2020, "month": 9, "avg_high_c": 26.07, "avg_low_c": 11.71, "total_rain_mm": 58.73, "total_rain_in": 2.31 }, { "year": 2020, "month": 10, "avg_high_c": 19.05, "avg_low_c": 7.03, "total_rain_mm": 64.71, "total_rain_in": 2.55 }, { "year": 2020, "month": 11, "avg_high_c": 10.65, "avg_low_c": 2.51, "total_rain_mm": 204.9, "total_rain_in": 8.07 }, { "year": 2020, "month": 12, "avg_high_c": 9.4, "avg_low_c": 1.62, "total_rain_mm": 187.39, "total_rain_in": 7.38 }, { "year": 2021, "month": 1, "avg_high_c": 8.67, "avg_low_c": 2.37, "total_rain_mm": 184.79, "total_rain_in": 7.28 }, { "year": 2021, "month": 2, "avg_high_c": 7.16, "avg_low_c": 1.66, "total_rain_mm": 163.15, "total_rain_in": 6.42 }, { "year": 2021, "month": 3, "avg_high_c": 10.78, "avg_low_c": 1.09, "total_rain_mm": 68.13, "total_rain_in": 2.68 }, { "year": 2021, "month": 4, "avg_high_c": 15.69, "avg_low_c": 3.28, "total_rain_mm": 17.85, "total_rain_in": 0.7 }, { "year": 2021, "month": 5, "avg_high_c": 16.96, "avg_low_c": 6.41, "total_rain_mm": 33.24, "total_rain_in": 1.31 }, { "year": 2021, "month": 6, "avg_high_c": 23.28, "avg_low_c": 10.71, "total_rain_mm": 33.37, "total_rain_in": 1.31 }, { "year": 2021, "month": 7, "avg_high_c": 27.7, "avg_low_c": 11.54, "total_rain_mm": 1.42, "total_rain_in": 0.06 }, { "year": 2021, "month": 8, "avg_high_c": 27.84, "avg_low_c": 12.16, "total_rain_mm": 1.11, "total_rain_in": 0.04 }, { "year": 2021, "month": 9, "avg_high_c": 25.0, "avg_low_c": 9.64, "total_rain_mm": 82.72, "total_rain_in": 3.26 }, { "year": 2021, "month": 10, "avg_high_c": 16.05, "avg_low_c": 6.61, "total_rain_mm": 104.65, "total_rain_in": 4.12 }, { "year": 2021, "month": 11, "avg_high_c": 12.26, "avg_low_c": 4.72, "total_rain_mm": 156.92, "total_rain_in": 6.18 }, { "year": 2021, "month": 12, "avg_high_c": 5.99, "avg_low_c": 1.66, "total_rain_mm": 254.46, "total_rain_in": 10.02 }, { "year": 2022, "month": 1, "avg_high_c": 10.25, "avg_low_c": 1.58, "total_rain_mm": 140.49, "total_rain_in": 5.53 }, { "year": 2022, "month": 2, "avg_high_c": 10.43, "avg_low_c": 1.5, "total_rain_mm": 44.88, "total_rain_in": 1.77 }, { "year": 2022, "month": 3, "avg_high_c": 11.97, "avg_low_c": 3.41, "total_rain_mm": 100.24, "total_rain_in": 3.95 }, { "year": 2022, "month": 4, "avg_high_c": 11.32, "avg_low_c": 2.64, "total_rain_mm": 161.54, "total_rain_in": 6.36 }, { "year": 2022, "month": 5, "avg_high_c": 14.57, "avg_low_c": 5.9, "total_rain_mm": 174.98, "total_rain_in": 6.89 }, { "year": 2022, "month": 6, "avg_high_c": 19.98, "avg_low_c": 9.33, "total_rain_mm": 99.4, "total_rain_in": 3.91 }, { "year": 2022, "month": 7, "avg_high_c": 24.74, "avg_low_c": 12.38, "total_rain_mm": 7.74, "total_rain_in": 0.3 }, { "year": 2022, "month": 8, "avg_high_c": 26.85, "avg_low_c": 12.9, "total_rain_mm": 1.93, "total_rain_in": 0.08 }, { "year": 2022, "month": 9, "avg_high_c": 25.2, "avg_low_c": 10.87, "total_rain_mm": 8.62, "total_rain_in": 0.34 }, { "year": 2022, "month": 10, "avg_high_c": 21.99, "avg_low_c": 8.89, "total_rain_mm": 57.5, "total_rain_in": 2.26 }, { "year": 2022, "month": 11, "avg_high_c": 9.82, "avg_low_c": 0.86, "total_rain_mm": 160.98, "total_rain_in": 6.34 }, { "year": 2022, "month": 12, "avg_high_c": 7.61, "avg_low_c": 1.27, "total_rain_mm": 173.4, "total_rain_in": 6.83 }, { "year": 2023, "month": 1, "avg_high_c": 7.82, "avg_low_c": 1.42, "total_rain_mm": 94.49, "total_rain_in": 3.72 }, { "year": 2023, "month": 2, "avg_high_c": 7.78, "avg_low_c": -0.04, "total_rain_mm": 112.98, "total_rain_in": 4.45 }, { "year": 2023, "month": 3, "avg_high_c": 7.61, "avg_low_c": -0.22, "total_rain_mm": 193.63, "total_rain_in": 7.62 }, { "year": 2023, "month": 4, "avg_high_c": 11.76, "avg_low_c": 3.48, "total_rain_mm": 155.44, "total_rain_in": 6.12 }, { "year": 2023, "month": 5, "avg_high_c": 19.43, "avg_low_c": 8.12, "total_rain_mm": 27.62, "total_rain_in": 1.09 }, { "year": 2023, "month": 6, "avg_high_c": 21.13, "avg_low_c": 8.79, "total_rain_mm": 13.29, "total_rain_in": 0.52 }, { "year": 2023, "month": 7, "avg_high_c": 26.83, "avg_low_c": 11.23, "total_rain_mm": 0.8, "total_rain_in": 0.03 }, { "year": 2023, "month": 8, "avg_high_c": 29.16, "avg_low_c": 12.95, "total_rain_mm": 13.99, "total_rain_in": 0.55 }, { "year": 2023, "month": 9, "avg_high_c": 24.05, "avg_low_c": 10.15, "total_rain_mm": 56.6, "total_rain_in": 2.23 }, { "year": 2023, "month": 10, "avg_high_c": 18.3, "avg_low_c": 7.1, "total_rain_mm": 106.79, "total_rain_in": 4.2 }, { "year": 2023, "month": 11, "avg_high_c": 12.28, "avg_low_c": 3.5, "total_rain_mm": 139.45, "total_rain_in": 5.49 }, { "year": 2023, "month": 12, "avg_high_c": 10.7, "avg_low_c": 4.32, "total_rain_mm": 245.67, "total_rain_in": 9.67 }, { "year": 2024, "month": 1, "avg_high_c": 9.33, "avg_low_c": 4.32, "total_rain_mm": 351.31, "total_rain_in": 13.83 }, { "year": 2024, "month": 2, "avg_high_c": 9.73, "avg_low_c": 3.04, "total_rain_mm": 178.71, "total_rain_in": 7.04 }, { "year": 2024, "month": 3, "avg_high_c": 10.96, "avg_low_c": 2.61, "total_rain_mm": 164.28, "total_rain_in": 6.47 }, { "year": 2024, "month": 4, "avg_high_c": 13.62, "avg_low_c": 4.03, "total_rain_mm": 93.19, "total_rain_in": 3.67 }, { "year": 2024, "month": 5, "avg_high_c": 16.89, "avg_low_c": 5.88, "total_rain_mm": 103.89, "total_rain_in": 4.09 }, { "year": 2024, "month": 6, "avg_high_c": 20.35, "avg_low_c": 9.04, "total_rain_mm": 54.09, "total_rain_in": 2.13 }, { "year": 2024, "month": 7, "avg_high_c": 26.5, "avg_low_c": 12.22, "total_rain_mm": 3.37, "total_rain_in": 0.13 }, { "year": 2024, "month": 8, "avg_high_c": 26.3, "avg_low_c": 12.01, "total_rain_mm": 24.29, "total_rain_in": 0.96 }, { "year": 2024, "month": 9, "avg_high_c": 25.02, "avg_low_c": 10.59, "total_rain_mm": 32.9, "total_rain_in": 1.3 }, { "year": 2024, "month": 10, "avg_high_c": 19.19, "avg_low_c": 6.89, "total_rain_mm": 98.47, "total_rain_in": 3.88 }, { "year": 2024, "month": 11, "avg_high_c": 9.64, "avg_low_c": 3.86, "total_rain_mm": 293.22, "total_rain_in": 11.54 }, { "year": 2024, "month": 12, "avg_high_c": 9.76, "avg_low_c": 3.29, "total_rain_mm": 295.17, "total_rain_in": 11.62 }, { "year": 2025, "month": 1, "avg_high_c": 8.65, "avg_low_c": 0.33, "total_rain_mm": 131.95, "total_rain_in": 5.19 }, { "year": 2025, "month": 2, "avg_high_c": 8.13, "avg_low_c": 1.66, "total_rain_mm": 190.55, "total_rain_in": 7.5 }, { "year": 2025, "month": 3, "avg_high_c": 11.05, "avg_low_c": 4.06, "total_rain_mm": 268.39, "total_rain_in": 10.57 }, { "year": 2025, "month": 4, "avg_high_c": 15.16, "avg_low_c": 4.32, "total_rain_mm": 58.55, "total_rain_in": 2.31 }, { "year": 2025, "month": 5, "avg_high_c": 17.27, "avg_low_c": 6.52, "total_rain_mm": 44.19, "total_rain_in": 1.74 }, { "year": 2025, "month": 6, "avg_high_c": 21.41, "avg_low_c": 9.22, "total_rain_mm": 31.7, "total_rain_in": 1.25 }, { "year": 2025, "month": 7, "avg_high_c": 26.68, "avg_low_c": 11.54, "total_rain_mm": 0.73, "total_rain_in": 0.03 }, { "year": 2025, "month": 8, "avg_high_c": 29.54, "avg_low_c": 13.29, "total_rain_mm": 10.11, "total_rain_in": 0.4 }, { "year": 2025, "month": 9, "avg_high_c": 25.66, "avg_low_c": 10.95, "total_rain_mm": 47.25, "total_rain_in": 1.86 }, { "year": 2025, "month": 10, "avg_high_c": 16.4, "avg_low_c": 6.01, "total_rain_mm": 126.39, "total_rain_in": 4.98 }, { "year": 2025, "month": 11, "avg_high_c": 12.57, "avg_low_c": 5.3, "total_rain_mm": 124.05, "total_rain_in": 4.88 }, { "year": 2025, "month": 12, "avg_high_c": 10.45, "avg_low_c": 4.15, "total_rain_mm": 259.14, "total_rain_in": 10.2 } ] }, "geometry": { "type": "MultiPolygon", "coordinates": [ [ [ [ -123.171987956402759, 44.185480648357235 ], [ -123.171987956462686, 44.185121321880175 ], [ -123.171628631047341, 44.185121322157876 ], [ -123.171359137003179, 44.185121323361344 ], [ -123.171359136025231, 44.18548064933232 ], [ -123.170999810621055, 44.185480649378498 ], [ -123.17073031479778, 44.185480648446429 ], [ -123.170730315136083, 44.185121322373774 ], [ -123.170370989578558, 44.185121322086701 ], [ -123.16974216863089, 44.185121321841429 ], [ -123.169472674444535, 44.185121322055217 ], [ -123.168843852858515, 44.185121322369461 ], [ -123.168574358360502, 44.184851828060111 ], [ -123.168304864508812, 44.184223007267114 ], [ -123.168215031962902, 44.183863680570141 ], [ -123.168484526825992, 44.183863680780696 ], [ -123.168843852743478, 44.183863680953785 ], [ -123.169113347960391, 44.183863680750065 ], [ -123.169472674585563, 44.183863680944604 ], [ -123.169742168952567, 44.183863680579549 ], [ -123.170370988598719, 44.183863680522236 ], [ -123.170730315435534, 44.183863681012603 ], [ -123.171359135647222, 44.183863680836829 ], [ -123.171987957274382, 44.18386368112877 ], [ -123.172257450881986, 44.183594186277759 ], [ -123.172616776859144, 44.183594186224667 ], [ -123.173245598544725, 44.183863680685533 ], [ -123.173245597928528, 44.185121322548589 ], [ -123.17297610296184, 44.185480648241942 ], [ -123.171987956402759, 44.185480648357235 ] ] ] ] } },
{ "type": "Feature", "properties": { "field_id": "WV_AG_049", "lat": 45.032975432328584, "lon": -122.79339345798157, "area_acres": 13.4987880159994, "crop_code": 24, "cdl_crop": "Winter Wheat", "crop_dominant_pct": 66.7, "soil_muname": "Newberg silt loam", "soil_drainage": "Well drained", "soil_clay_pct": 11.0, "soil_sand_pct": 32.6, "soil_silt_pct": 56.4, "soil_om_pct": 3.0, "soil_ph": 6.1, "soil_cec": 20.0, "soil_depth_cm": 0.0, "weather_monthly": [ { "year": 2020, "month": 1, "avg_high_c": 5.81, "avg_low_c": 2.03, "total_rain_mm": 359.92, "total_rain_in": 14.17 }, { "year": 2020, "month": 2, "avg_high_c": 6.99, "avg_low_c": 0.03, "total_rain_mm": 156.24, "total_rain_in": 6.15 }, { "year": 2020, "month": 3, "avg_high_c": 8.24, "avg_low_c": 0.2, "total_rain_mm": 144.29, "total_rain_in": 5.68 }, { "year": 2020, "month": 4, "avg_high_c": 13.32, "avg_low_c": 3.73, "total_rain_mm": 83.54, "total_rain_in": 3.29 }, { "year": 2020, "month": 5, "avg_high_c": 16.34, "avg_low_c": 6.92, "total_rain_mm": 155.36, "total_rain_in": 6.12 }, { "year": 2020, "month": 6, "avg_high_c": 17.93, "avg_low_c": 8.84, "total_rain_mm": 126.7, "total_rain_in": 4.99 }, { "year": 2020, "month": 7, "avg_high_c": 24.27, "avg_low_c": 11.44, "total_rain_mm": 6.27, "total_rain_in": 0.25 }, { "year": 2020, "month": 8, "avg_high_c": 26.48, "avg_low_c": 11.41, "total_rain_mm": 6.86, "total_rain_in": 0.27 }, { "year": 2020, "month": 9, "avg_high_c": 24.68, "avg_low_c": 11.64, "total_rain_mm": 74.35, "total_rain_in": 2.93 }, { "year": 2020, "month": 10, "avg_high_c": 16.8, "avg_low_c": 6.5, "total_rain_mm": 130.57, "total_rain_in": 5.14 }, { "year": 2020, "month": 11, "avg_high_c": 8.61, "avg_low_c": 1.9, "total_rain_mm": 281.72, "total_rain_in": 11.09 }, { "year": 2020, "month": 12, "avg_high_c": 7.65, "avg_low_c": 1.25, "total_rain_mm": 259.29, "total_rain_in": 10.21 }, { "year": 2021, "month": 1, "avg_high_c": 6.98, "avg_low_c": 1.34, "total_rain_mm": 261.43, "total_rain_in": 10.29 }, { "year": 2021, "month": 2, "avg_high_c": 4.47, "avg_low_c": 0.24, "total_rain_mm": 269.97, "total_rain_in": 10.63 }, { "year": 2021, "month": 3, "avg_high_c": 9.28, "avg_low_c": 0.48, "total_rain_mm": 92.81, "total_rain_in": 3.65 }, { "year": 2021, "month": 4, "avg_high_c": 14.09, "avg_low_c": 2.76, "total_rain_mm": 31.72, "total_rain_in": 1.25 }, { "year": 2021, "month": 5, "avg_high_c": 16.27, "avg_low_c": 6.07, "total_rain_mm": 61.46, "total_rain_in": 2.42 }, { "year": 2021, "month": 6, "avg_high_c": 24.04, "avg_low_c": 11.21, "total_rain_mm": 49.22, "total_rain_in": 1.94 }, { "year": 2021, "month": 7, "avg_high_c": 28.38, "avg_low_c": 12.51, "total_rain_mm": 1.03, "total_rain_in": 0.04 }, { "year": 2021, "month": 8, "avg_high_c": 27.64, "avg_low_c": 12.44, "total_rain_mm": 4.68, "total_rain_in": 0.18 }, { "year": 2021, "month": 9, "avg_high_c": 23.59, "avg_low_c": 9.74, "total_rain_mm": 114.11, "total_rain_in": 4.49 }, { "year": 2021, "month": 10, "avg_high_c": 13.46, "avg_low_c": 5.2, "total_rain_mm": 156.64, "total_rain_in": 6.17 }, { "year": 2021, "month": 11, "avg_high_c": 10.34, "avg_low_c": 4.21, "total_rain_mm": 274.71, "total_rain_in": 10.82 }, { "year": 2021, "month": 12, "avg_high_c": 3.78, "avg_low_c": -0.31, "total_rain_mm": 350.28, "total_rain_in": 13.79 }, { "year": 2022, "month": 1, "avg_high_c": 8.06, "avg_low_c": 1.23, "total_rain_mm": 225.32, "total_rain_in": 8.87 }, { "year": 2022, "month": 2, "avg_high_c": 8.05, "avg_low_c": 0.03, "total_rain_mm": 107.61, "total_rain_in": 4.24 }, { "year": 2022, "month": 3, "avg_high_c": 10.15, "avg_low_c": 2.61, "total_rain_mm": 151.02, "total_rain_in": 5.95 }, { "year": 2022, "month": 4, "avg_high_c": 9.2, "avg_low_c": 1.3, "total_rain_mm": 229.03, "total_rain_in": 9.02 }, { "year": 2022, "month": 5, "avg_high_c": 13.16, "avg_low_c": 5.08, "total_rain_mm": 234.81, "total_rain_in": 9.24 }, { "year": 2022, "month": 6, "avg_high_c": 18.67, "avg_low_c": 8.78, "total_rain_mm": 164.65, "total_rain_in": 6.48 }, { "year": 2022, "month": 7, "avg_high_c": 25.12, "avg_low_c": 12.9, "total_rain_mm": 12.17, "total_rain_in": 0.48 }, { "year": 2022, "month": 8, "avg_high_c": 29.06, "avg_low_c": 13.57, "total_rain_mm": 2.79, "total_rain_in": 0.11 }, { "year": 2022, "month": 9, "avg_high_c": 25.76, "avg_low_c": 11.09, "total_rain_mm": 17.6, "total_rain_in": 0.69 }, { "year": 2022, "month": 10, "avg_high_c": 21.87, "avg_low_c": 9.05, "total_rain_mm": 105.7, "total_rain_in": 4.16 }, { "year": 2022, "month": 11, "avg_high_c": 7.14, "avg_low_c": 0.32, "total_rain_mm": 242.69, "total_rain_in": 9.55 }, { "year": 2022, "month": 12, "avg_high_c": 5.01, "avg_low_c": 0.13, "total_rain_mm": 239.46, "total_rain_in": 9.43 }, { "year": 2023, "month": 1, "avg_high_c": 6.39, "avg_low_c": 0.82, "total_rain_mm": 121.96, "total_rain_in": 4.8 }, { "year": 2023, "month": 2, "avg_high_c": 5.15, "avg_low_c": -1.05, "total_rain_mm": 146.96, "total_rain_in": 5.79 }, { "year": 2023, "month": 3, "avg_high_c": 5.83, "avg_low_c": -0.97, "total_rain_mm": 208.72, "total_rain_in": 8.22 }, { "year": 2023, "month": 4, "avg_high_c": 10.03, "avg_low_c": 2.47, "total_rain_mm": 208.63, "total_rain_in": 8.21 }, { "year": 2023, "month": 5, "avg_high_c": 18.49, "avg_low_c": 8.23, "total_rain_mm": 39.53, "total_rain_in": 1.56 }, { "year": 2023, "month": 6, "avg_high_c": 20.7, "avg_low_c": 8.66, "total_rain_mm": 27.84, "total_rain_in": 1.1 }, { "year": 2023, "month": 7, "avg_high_c": 27.74, "avg_low_c": 12.12, "total_rain_mm": 2.53, "total_rain_in": 0.1 }, { "year": 2023, "month": 8, "avg_high_c": 28.71, "avg_low_c": 13.39, "total_rain_mm": 25.38, "total_rain_in": 1.0 }, { "year": 2023, "month": 9, "avg_high_c": 22.44, "avg_low_c": 9.97, "total_rain_mm": 69.83, "total_rain_in": 2.75 }, { "year": 2023, "month": 10, "avg_high_c": 17.1, "avg_low_c": 6.69, "total_rain_mm": 132.51, "total_rain_in": 5.22 }, { "year": 2023, "month": 11, "avg_high_c": 10.75, "avg_low_c": 3.03, "total_rain_mm": 202.29, "total_rain_in": 7.96 }, { "year": 2023, "month": 12, "avg_high_c": 9.57, "avg_low_c": 3.84, "total_rain_mm": 316.81, "total_rain_in": 12.47 }, { "year": 2024, "month": 1, "avg_high_c": 6.31, "avg_low_c": 1.57, "total_rain_mm": 421.31, "total_rain_in": 16.59 }, { "year": 2024, "month": 2, "avg_high_c": 7.68, "avg_low_c": 1.43, "total_rain_mm": 222.12, "total_rain_in": 8.74 }, { "year": 2024, "month": 3, "avg_high_c": 9.44, "avg_low_c": 1.78, "total_rain_mm": 169.03, "total_rain_in": 6.65 }, { "year": 2024, "month": 4, "avg_high_c": 12.13, "avg_low_c": 3.07, "total_rain_mm": 116.57, "total_rain_in": 4.59 }, { "year": 2024, "month": 5, "avg_high_c": 15.29, "avg_low_c": 5.39, "total_rain_mm": 143.39, "total_rain_in": 5.65 }, { "year": 2024, "month": 6, "avg_high_c": 19.39, "avg_low_c": 8.93, "total_rain_mm": 89.0, "total_rain_in": 3.5 }, { "year": 2024, "month": 7, "avg_high_c": 28.25, "avg_low_c": 13.13, "total_rain_mm": 9.04, "total_rain_in": 0.36 }, { "year": 2024, "month": 8, "avg_high_c": 26.69, "avg_low_c": 12.07, "total_rain_mm": 28.51, "total_rain_in": 1.12 }, { "year": 2024, "month": 9, "avg_high_c": 24.27, "avg_low_c": 10.79, "total_rain_mm": 36.96, "total_rain_in": 1.46 }, { "year": 2024, "month": 10, "avg_high_c": 17.47, "avg_low_c": 6.03, "total_rain_mm": 141.25, "total_rain_in": 5.56 }, { "year": 2024, "month": 11, "avg_high_c": 7.85, "avg_low_c": 2.65, "total_rain_mm": 304.21, "total_rain_in": 11.98 }, { "year": 2024, "month": 12, "avg_high_c": 8.3, "avg_low_c": 2.23, "total_rain_mm": 333.84, "total_rain_in": 13.14 }, { "year": 2025, "month": 1, "avg_high_c": 7.18, "avg_low_c": -0.76, "total_rain_mm": 132.35, "total_rain_in": 5.21 }, { "year": 2025, "month": 2, "avg_high_c": 5.84, "avg_low_c": -0.17, "total_rain_mm": 236.43, "total_rain_in": 9.31 }, { "year": 2025, "month": 3, "avg_high_c": 9.17, "avg_low_c": 2.53, "total_rain_mm": 282.53, "total_rain_in": 11.12 }, { "year": 2025, "month": 4, "avg_high_c": 13.94, "avg_low_c": 3.09, "total_rain_mm": 73.03, "total_rain_in": 2.88 }, { "year": 2025, "month": 5, "avg_high_c": 15.8, "avg_low_c": 5.06, "total_rain_mm": 68.67, "total_rain_in": 2.7 }, { "year": 2025, "month": 6, "avg_high_c": 20.74, "avg_low_c": 8.79, "total_rain_mm": 39.96, "total_rain_in": 1.57 }, { "year": 2025, "month": 7, "avg_high_c": 26.46, "avg_low_c": 11.76, "total_rain_mm": 2.21, "total_rain_in": 0.09 }, { "year": 2025, "month": 8, "avg_high_c": 28.09, "avg_low_c": 13.36, "total_rain_mm": 24.98, "total_rain_in": 0.98 }, { "year": 2025, "month": 9, "avg_high_c": 24.85, "avg_low_c": 11.09, "total_rain_mm": 53.01, "total_rain_in": 2.09 }, { "year": 2025, "month": 10, "avg_high_c": 13.55, "avg_low_c": 4.47, "total_rain_mm": 162.62, "total_rain_in": 6.4 }, { "year": 2025, "month": 11, "avg_high_c": 10.71, "avg_low_c": 4.08, "total_rain_mm": 190.66, "total_rain_in": 7.51 }, { "year": 2025, "month": 12, "avg_high_c": 8.4, "avg_low_c": 3.2, "total_rain_mm": 412.06, "total_rain_in": 16.22 } ] }, "geometry": { "type": "MultiPolygon", "coordinates": [ [ [ [ -122.794938975013821, 45.033345546899923 ], [ -122.794310152529775, 45.033704873321192 ], [ -122.794310152870395, 45.033974368307113 ], [ -122.7936813329041, 45.033974367644731 ], [ -122.793322006966207, 45.033974367197658 ], [ -122.793322006035098, 45.034333693937818 ], [ -122.792693184828408, 45.034333693830149 ], [ -122.792693186680069, 45.033974367590019 ], [ -122.7924236916692, 45.033345546705185 ], [ -122.79179487114358, 45.03307605155814 ], [ -122.791435545004305, 45.032447230845627 ], [ -122.791435545195739, 45.032087905117486 ], [ -122.791794871330779, 45.031728578983341 ], [ -122.792064365925228, 45.031728578961022 ], [ -122.792423691708876, 45.03172857940806 ], [ -122.793052512793906, 45.031728578616146 ], [ -122.793052512349632, 45.0320879049263 ], [ -122.793322006426735, 45.032447231473043 ], [ -122.79368133309768, 45.032447231033025 ], [ -122.793681332974884, 45.0320879047811 ], [ -122.793950827983053, 45.032087904927771 ], [ -122.794310153793703, 45.032087905395734 ], [ -122.794310153263154, 45.032447231534611 ], [ -122.794310153603789, 45.032716725719787 ], [ -122.794938974556487, 45.032716725504798 ], [ -122.795298300774348, 45.032716725806608 ], [ -122.795567795086001, 45.033076052246201 ], [ -122.795567795483564, 45.033704872585631 ], [ -122.795567795277591, 45.033974366845257 ], [ -122.795298300895666, 45.033974367328433 ], [ -122.794938973543722, 45.033974367752876 ], [ -122.794938975013821, 45.033345546899923 ] ] ] ] } },
{ "type": "Feature", "properties": { "field_id": "WV_AG_050", "lat": 45.032563301092246, "lon": -122.97901043496529, "area_acres": 18.414719764086001, "crop_code": 24, "cdl_crop": "Winter Wheat", "crop_dominant_pct": 86.7, "soil_muname": "Woodburn silt loam, 0 to 3 percent slopes", "soil_drainage": "Moderately well drained", "soil_clay_pct": 15.0, "soil_sand_pct": 14.0, "soil_silt_pct": 71.0, "soil_om_pct": 4.0, "soil_ph": 6.1, "soil_cec": 15.0, "soil_depth_cm": 0.0, "weather_monthly": [ { "year": 2020, "month": 1, "avg_high_c": 8.33, "avg_low_c": 3.69, "total_rain_mm": 331.66, "total_rain_in": 13.06 }, { "year": 2020, "month": 2, "avg_high_c": 9.3, "avg_low_c": 1.59, "total_rain_mm": 119.69, "total_rain_in": 4.71 }, { "year": 2020, "month": 3, "avg_high_c": 10.58, "avg_low_c": 1.93, "total_rain_mm": 119.65, "total_rain_in": 4.71 }, { "year": 2020, "month": 4, "avg_high_c": 15.36, "avg_low_c": 4.91, "total_rain_mm": 65.25, "total_rain_in": 2.57 }, { "year": 2020, "month": 5, "avg_high_c": 18.1, "avg_low_c": 7.97, "total_rain_mm": 129.22, "total_rain_in": 5.09 }, { "year": 2020, "month": 6, "avg_high_c": 19.57, "avg_low_c": 9.34, "total_rain_mm": 97.62, "total_rain_in": 3.84 }, { "year": 2020, "month": 7, "avg_high_c": 24.4, "avg_low_c": 11.06, "total_rain_mm": 3.63, "total_rain_in": 0.14 }, { "year": 2020, "month": 8, "avg_high_c": 25.88, "avg_low_c": 11.44, "total_rain_mm": 5.11, "total_rain_in": 0.2 }, { "year": 2020, "month": 9, "avg_high_c": 24.8, "avg_low_c": 11.76, "total_rain_mm": 75.48, "total_rain_in": 2.97 }, { "year": 2020, "month": 10, "avg_high_c": 17.88, "avg_low_c": 7.03, "total_rain_mm": 95.76, "total_rain_in": 3.77 }, { "year": 2020, "month": 11, "avg_high_c": 10.62, "avg_low_c": 2.98, "total_rain_mm": 245.69, "total_rain_in": 9.67 }, { "year": 2020, "month": 12, "avg_high_c": 9.56, "avg_low_c": 2.24, "total_rain_mm": 231.54, "total_rain_in": 9.12 }, { "year": 2021, "month": 1, "avg_high_c": 8.81, "avg_low_c": 2.61, "total_rain_mm": 260.36, "total_rain_in": 10.25 }, { "year": 2021, "month": 2, "avg_high_c": 7.61, "avg_low_c": 1.86, "total_rain_mm": 215.93, "total_rain_in": 8.5 }, { "year": 2021, "month": 3, "avg_high_c": 11.05, "avg_low_c": 1.47, "total_rain_mm": 82.08, "total_rain_in": 3.23 }, { "year": 2021, "month": 4, "avg_high_c": 16.05, "avg_low_c": 3.87, "total_rain_mm": 27.34, "total_rain_in": 1.08 }, { "year": 2021, "month": 5, "avg_high_c": 18.03, "avg_low_c": 6.8, "total_rain_mm": 47.74, "total_rain_in": 1.88 }, { "year": 2021, "month": 6, "avg_high_c": 24.25, "avg_low_c": 11.1, "total_rain_mm": 49.29, "total_rain_in": 1.94 }, { "year": 2021, "month": 7, "avg_high_c": 27.3, "avg_low_c": 11.55, "total_rain_mm": 1.83, "total_rain_in": 0.07 }, { "year": 2021, "month": 8, "avg_high_c": 27.65, "avg_low_c": 12.56, "total_rain_mm": 2.92, "total_rain_in": 0.11 }, { "year": 2021, "month": 9, "avg_high_c": 24.55, "avg_low_c": 10.43, "total_rain_mm": 101.83, "total_rain_in": 4.01 }, { "year": 2021, "month": 10, "avg_high_c": 15.52, "avg_low_c": 6.56, "total_rain_mm": 148.73, "total_rain_in": 5.86 }, { "year": 2021, "month": 11, "avg_high_c": 12.28, "avg_low_c": 5.35, "total_rain_mm": 250.09, "total_rain_in": 9.85 }, { "year": 2021, "month": 12, "avg_high_c": 5.61, "avg_low_c": 0.97, "total_rain_mm": 309.17, "total_rain_in": 12.17 }, { "year": 2022, "month": 1, "avg_high_c": 9.29, "avg_low_c": 1.87, "total_rain_mm": 185.19, "total_rain_in": 7.29 }, { "year": 2022, "month": 2, "avg_high_c": 9.66, "avg_low_c": 1.72, "total_rain_mm": 98.54, "total_rain_in": 3.88 }, { "year": 2022, "month": 3, "avg_high_c": 11.99, "avg_low_c": 3.83, "total_rain_mm": 125.82, "total_rain_in": 4.95 }, { "year": 2022, "month": 4, "avg_high_c": 11.48, "avg_low_c": 2.65, "total_rain_mm": 200.52, "total_rain_in": 7.89 }, { "year": 2022, "month": 5, "avg_high_c": 15.04, "avg_low_c": 6.2, "total_rain_mm": 191.01, "total_rain_in": 7.52 }, { "year": 2022, "month": 6, "avg_high_c": 19.96, "avg_low_c": 9.78, "total_rain_mm": 128.91, "total_rain_in": 5.08 }, { "year": 2022, "month": 7, "avg_high_c": 25.26, "avg_low_c": 12.21, "total_rain_mm": 8.52, "total_rain_in": 0.34 }, { "year": 2022, "month": 8, "avg_high_c": 27.38, "avg_low_c": 13.3, "total_rain_mm": 1.96, "total_rain_in": 0.08 }, { "year": 2022, "month": 9, "avg_high_c": 25.27, "avg_low_c": 11.26, "total_rain_mm": 12.33, "total_rain_in": 0.49 }, { "year": 2022, "month": 10, "avg_high_c": 21.88, "avg_low_c": 8.89, "total_rain_mm": 83.79, "total_rain_in": 3.3 }, { "year": 2022, "month": 11, "avg_high_c": 9.53, "avg_low_c": 1.32, "total_rain_mm": 209.49, "total_rain_in": 8.25 }, { "year": 2022, "month": 12, "avg_high_c": 7.23, "avg_low_c": 1.41, "total_rain_mm": 213.47, "total_rain_in": 8.4 }, { "year": 2023, "month": 1, "avg_high_c": 8.1, "avg_low_c": 2.21, "total_rain_mm": 124.27, "total_rain_in": 4.89 }, { "year": 2023, "month": 2, "avg_high_c": 7.34, "avg_low_c": 0.11, "total_rain_mm": 126.83, "total_rain_in": 4.99 }, { "year": 2023, "month": 3, "avg_high_c": 8.74, "avg_low_c": 0.78, "total_rain_mm": 189.54, "total_rain_in": 7.46 }, { "year": 2023, "month": 4, "avg_high_c": 12.14, "avg_low_c": 3.83, "total_rain_mm": 194.6, "total_rain_in": 7.66 }, { "year": 2023, "month": 5, "avg_high_c": 20.07, "avg_low_c": 8.51, "total_rain_mm": 27.12, "total_rain_in": 1.07 }, { "year": 2023, "month": 6, "avg_high_c": 21.75, "avg_low_c": 8.84, "total_rain_mm": 19.41, "total_rain_in": 0.76 }, { "year": 2023, "month": 7, "avg_high_c": 26.77, "avg_low_c": 11.45, "total_rain_mm": 2.08, "total_rain_in": 0.08 }, { "year": 2023, "month": 8, "avg_high_c": 29.03, "avg_low_c": 13.52, "total_rain_mm": 21.34, "total_rain_in": 0.84 }, { "year": 2023, "month": 9, "avg_high_c": 23.57, "avg_low_c": 10.75, "total_rain_mm": 70.6, "total_rain_in": 2.78 }, { "year": 2023, "month": 10, "avg_high_c": 18.22, "avg_low_c": 7.61, "total_rain_mm": 117.2, "total_rain_in": 4.61 }, { "year": 2023, "month": 11, "avg_high_c": 11.95, "avg_low_c": 3.59, "total_rain_mm": 187.96, "total_rain_in": 7.4 }, { "year": 2023, "month": 12, "avg_high_c": 10.68, "avg_low_c": 4.45, "total_rain_mm": 295.35, "total_rain_in": 11.63 }, { "year": 2024, "month": 1, "avg_high_c": 8.28, "avg_low_c": 2.91, "total_rain_mm": 370.12, "total_rain_in": 14.57 }, { "year": 2024, "month": 2, "avg_high_c": 10.14, "avg_low_c": 3.26, "total_rain_mm": 200.23, "total_rain_in": 7.88 }, { "year": 2024, "month": 3, "avg_high_c": 11.51, "avg_low_c": 3.24, "total_rain_mm": 164.08, "total_rain_in": 6.46 }, { "year": 2024, "month": 4, "avg_high_c": 14.23, "avg_low_c": 4.47, "total_rain_mm": 94.88, "total_rain_in": 3.74 }, { "year": 2024, "month": 5, "avg_high_c": 17.15, "avg_low_c": 6.5, "total_rain_mm": 118.44, "total_rain_in": 4.66 }, { "year": 2024, "month": 6, "avg_high_c": 20.38, "avg_low_c": 9.29, "total_rain_mm": 74.42, "total_rain_in": 2.93 }, { "year": 2024, "month": 7, "avg_high_c": 27.02, "avg_low_c": 12.01, "total_rain_mm": 7.22, "total_rain_in": 0.28 }, { "year": 2024, "month": 8, "avg_high_c": 25.73, "avg_low_c": 12.22, "total_rain_mm": 22.59, "total_rain_in": 0.89 }, { "year": 2024, "month": 9, "avg_high_c": 24.48, "avg_low_c": 11.29, "total_rain_mm": 33.37, "total_rain_in": 1.31 }, { "year": 2024, "month": 10, "avg_high_c": 18.76, "avg_low_c": 7.37, "total_rain_mm": 131.82, "total_rain_in": 5.19 }, { "year": 2024, "month": 11, "avg_high_c": 9.95, "avg_low_c": 4.08, "total_rain_mm": 284.69, "total_rain_in": 11.21 }, { "year": 2024, "month": 12, "avg_high_c": 9.31, "avg_low_c": 3.22, "total_rain_mm": 297.03, "total_rain_in": 11.69 }, { "year": 2025, "month": 1, "avg_high_c": 7.89, "avg_low_c": 0.22, "total_rain_mm": 116.9, "total_rain_in": 4.6 }, { "year": 2025, "month": 2, "avg_high_c": 8.27, "avg_low_c": 1.66, "total_rain_mm": 206.54, "total_rain_in": 8.13 }, { "year": 2025, "month": 3, "avg_high_c": 11.38, "avg_low_c": 4.41, "total_rain_mm": 241.61, "total_rain_in": 9.51 }, { "year": 2025, "month": 4, "avg_high_c": 15.77, "avg_low_c": 4.72, "total_rain_mm": 64.12, "total_rain_in": 2.52 }, { "year": 2025, "month": 5, "avg_high_c": 17.45, "avg_low_c": 6.68, "total_rain_mm": 52.17, "total_rain_in": 2.05 }, { "year": 2025, "month": 6, "avg_high_c": 21.6, "avg_low_c": 9.69, "total_rain_mm": 34.37, "total_rain_in": 1.35 }, { "year": 2025, "month": 7, "avg_high_c": 26.13, "avg_low_c": 11.56, "total_rain_mm": 1.41, "total_rain_in": 0.06 }, { "year": 2025, "month": 8, "avg_high_c": 28.06, "avg_low_c": 13.39, "total_rain_mm": 20.61, "total_rain_in": 0.81 }, { "year": 2025, "month": 9, "avg_high_c": 24.77, "avg_low_c": 11.37, "total_rain_mm": 49.32, "total_rain_in": 1.94 }, { "year": 2025, "month": 10, "avg_high_c": 15.59, "avg_low_c": 6.02, "total_rain_mm": 148.04, "total_rain_in": 5.83 }, { "year": 2025, "month": 11, "avg_high_c": 11.64, "avg_low_c": 5.24, "total_rain_mm": 176.54, "total_rain_in": 6.95 }, { "year": 2025, "month": 12, "avg_high_c": 9.99, "avg_low_c": 4.33, "total_rain_mm": 352.37, "total_rain_in": 13.87 } ] }, "geometry": { "type": "MultiPolygon", "coordinates": [ [ [ [ -122.97999192365269, 45.033974367491901 ], [ -122.979991922734811, 45.033704873036683 ], [ -122.979363101925571, 45.033345547082824 ], [ -122.976847819284899, 45.033345546751406 ], [ -122.976218998244349, 45.033345546410814 ], [ -122.976218998751563, 45.032716726152024 ], [ -122.976488493801796, 45.03244723098112 ], [ -122.976847819650473, 45.03244723125681 ], [ -122.976847819512031, 45.032087904902539 ], [ -122.976847819373589, 45.031728578853283 ], [ -122.978374955870891, 45.031728579170583 ], [ -122.978374955489173, 45.031459084563785 ], [ -122.979003776061759, 45.031459084375108 ], [ -122.97900377652509, 45.031728579485367 ], [ -122.980980069576603, 45.031728579057564 ], [ -122.980980069575978, 45.031459085025197 ], [ -122.98124956399154, 45.031459084382746 ], [ -122.981608891115982, 45.031459084614355 ], [ -122.98160889025749, 45.032087905057594 ], [ -122.981249564940185, 45.032447231253322 ], [ -122.980980069579743, 45.033076051792833 ], [ -122.980620743428773, 45.033704872399404 ], [ -122.980351249534209, 45.033974367565285 ], [ -122.97999192365269, 45.033974367491901 ] ] ] ] } }
]
}
