{
  "type": "FeatureCollection",
  "name": "fields_complete",
  "crs": {
    "type": "name",
    "properties": {
      "name": "urn:ogc:def:crs:EPSG::5070"
    }
  },
  "features": [
    {
      "type": "Feature",
      "properties": {
        "field_id": "WV_AG_001",
        "lat": 44.877609573272174,
        "lon": -122.8960468518566,
        "area_acres": 14.0951862354688,
        "crop_code": 24,
        "cdl_crop": "Winter Wheat",
        "crop_dominant_pct": 53.2,
        "soil_muname": "Salkum silty clay loam, basin, 0 to 6 percent slopes",
        "soil_drainage": "Well drained",
        "soil_clay_pct": 31.0,
        "soil_sand_pct": 18.1,
        "soil_silt_pct": 50.9,
        "soil_om_pct": 4.0,
        "soil_ph": 6.1,
        "soil_cec": 22.5,
        "soil_depth_cm": 0.0,
        "weather_monthly": [
          {
            "year": 2020,
            "month": 1,
            "avg_high_c": 8.33,
            "avg_low_c": 3.69,
            "total_rain_mm": 331.66,
            "total_rain_in": 13.06
          },
          {
            "year": 2020,
            "month": 2,
            "avg_high_c": 9.3,
            "avg_low_c": 1.59,
            "total_rain_mm": 119.69,
            "total_rain_in": 4.71
          },
          {
            "year": 2020,
            "month": 3,
            "avg_high_c": 10.58,
            "avg_low_c": 1.93,
            "total_rain_mm": 119.65,
            "total_rain_in": 4.71
          },
          {
            "year": 2020,
            "month": 4,
            "avg_high_c": 15.36,
            "avg_low_c": 4.91,
            "total_rain_mm": 65.25,
            "total_rain_in": 2.57
          },
          {
            "year": 2020,
            "month": 5,
            "avg_high_c": 18.1,
            "avg_low_c": 7.97,
            "total_rain_mm": 129.22,
            "total_rain_in": 5.09
          },
          {
            "year": 2020,
            "month": 6,
            "avg_high_c": 19.57,
            "avg_low_c": 9.34,
            "total_rain_mm": 97.62,
            "total_rain_in": 3.84
          },
          {
            "year": 2020,
            "month": 7,
            "avg_high_c": 24.4,
            "avg_low_c": 11.06,
            "total_rain_mm": 3.63,
            "total_rain_in": 0.14
          },
          {
            "year": 2020,
            "month": 8,
            "avg_high_c": 25.88,
            "avg_low_c": 11.44,
            "total_rain_mm": 5.11,
            "total_rain_in": 0.2
          },
          {
            "year": 2020,
            "month": 9,
            "avg_high_c": 24.8,
            "avg_low_c": 11.76,
            "total_rain_mm": 75.48,
            "total_rain_in": 2.97
          },
          {
            "year": 2020,
            "month": 10,
            "avg_high_c": 17.88,
            "avg_low_c": 7.03,
            "total_rain_mm": 95.76,
            "total_rain_in": 3.77
          },
          {
            "year": 2020,
            "month": 11,
            "avg_high_c": 10.62,
            "avg_low_c": 2.98,
            "total_rain_mm": 245.69,
            "total_rain_in": 9.67
          },
          {
            "year": 2020,
            "month": 12,
            "avg_high_c": 9.56,
            "avg_low_c": 2.24,
            "total_rain_mm": 231.54,
            "total_rain_in": 9.12
          },
          {
            "year": 2021,
            "month": 1,
            "avg_high_c": 8.81,
            "avg_low_c": 2.61,
            "total_rain_mm": 260.36,
            "total_rain_in": 10.25
          },
          {
            "year": 2021,
            "month": 2,
            "avg_high_c": 7.61,
            "avg_low_c": 1.86,
            "total_rain_mm": 215.93,
            "total_rain_in": 8.5
          },
          {
            "year": 2021,
            "month": 3,
            "avg_high_c": 11.05,
            "avg_low_c": 1.47,
            "total_rain_mm": 82.08,
            "total_rain_in": 3.23
          },
          {
            "year": 2021,
            "month": 4,
            "avg_high_c": 16.05,
            "avg_low_c": 3.87,
            "total_rain_mm": 27.34,
            "total_rain_in": 1.08
          },
          {
            "year": 2021,
            "month": 5,
            "avg_high_c": 18.03,
            "avg_low_c": 6.8,
            "total_rain_mm": 47.74,
            "total_rain_in": 1.88
          },
          {
            "year": 2021,
            "month": 6,
            "avg_high_c": 24.25,
            "avg_low_c": 11.1,
            "total_rain_mm": 49.29,
            "total_rain_in": 1.94
          },
          {
            "year": 2021,
            "month": 7,
            "avg_high_c": 27.3,
            "avg_low_c": 11.55,
            "total_rain_mm": 1.83,
            "total_rain_in": 0.07
          },
          {
            "year": 2021,
            "month": 8,
            "avg_high_c": 27.65,
            "avg_low_c": 12.56,
            "total_rain_mm": 2.92,
            "total_rain_in": 0.11
          },
          {
            "year": 2021,
            "month": 9,
            "avg_high_c": 24.55,
            "avg_low_c": 10.43,
            "total_rain_mm": 101.83,
            "total_rain_in": 4.01
          },
          {
            "year": 2021,
            "month": 10,
            "avg_high_c": 15.52,
            "avg_low_c": 6.56,
            "total_rain_mm": 148.73,
            "total_rain_in": 5.86
          },
          {
            "year": 2021,
            "month": 11,
            "avg_high_c": 12.28,
            "avg_low_c": 5.35,
            "total_rain_mm": 250.09,
            "total_rain_in": 9.85
          },
          {
            "year": 2021,
            "month": 12,
            "avg_high_c": 5.61,
            "avg_low_c": 0.97,
            "total_rain_mm": 309.17,
            "total_rain_in": 12.17
          },
          {
            "year": 2022,
            "month": 1,
            "avg_high_c": 9.29,
            "avg_low_c": 1.87,
            "total_rain_mm": 185.19,
            "total_rain_in": 7.29
          },
          {
            "year": 2022,
            "month": 2,
            "avg_high_c": 9.66,
            "avg_low_c": 1.72,
            "total_rain_mm": 98.54,
            "total_rain_in": 3.88
          },
          {
            "year": 2022,
            "month": 3,
            "avg_high_c": 11.99,
            "avg_low_c": 3.83,
            "total_rain_mm": 125.82,
            "total_rain_in": 4.95
          },
          {
            "year": 2022,
            "month": 4,
            "avg_high_c": 11.48,
            "avg_low_c": 2.65,
            "total_rain_mm": 200.52,
            "total_rain_in": 7.89
          },
          {
            "year": 2022,
            "month": 5,
            "avg_high_c": 15.04,
            "avg_low_c": 6.2,
            "total_rain_mm": 191.01,
            "total_rain_in": 7.52
          },
          {
            "year": 2022,
            "month": 6,
            "avg_high_c": 19.96,
            "avg_low_c": 9.78,
            "total_rain_mm": 128.91,
            "total_rain_in": 5.08
          },
          {
            "year": 2022,
            "month": 7,
            "avg_high_c": 25.26,
            "avg_low_c": 12.21,
            "total_rain_mm": 8.52,
            "total_rain_in": 0.34
          },
          {
            "year": 2022,
            "month": 8,
            "avg_high_c": 27.38,
            "avg_low_c": 13.3,
            "total_rain_mm": 1.96,
            "total_rain_in": 0.08
          },
          {
            "year": 2022,
            "month": 9,
            "avg_high_c": 25.27,
            "avg_low_c": 11.26,
            "total_rain_mm": 12.33,
            "total_rain_in": 0.49
          },
          {
            "year": 2022,
            "month": 10,
            "avg_high_c": 21.88,
            "avg_low_c": 8.89,
            "total_rain_mm": 83.79,
            "total_rain_in": 3.3
          },
          {
            "year": 2022,
            "month": 11,
            "avg_high_c": 9.53,
            "avg_low_c": 1.32,
            "total_rain_mm": 209.49,
            "total_rain_in": 8.25
          },
          {
            "year": 2022,
            "month": 12,
            "avg_high_c": 7.23,
            "avg_low_c": 1.41,
            "total_rain_mm": 213.47,
            "total_rain_in": 8.4
          },
          {
            "year": 2023,
            "month": 1,
            "avg_high_c": 8.1,
            "avg_low_c": 2.21,
            "total_rain_mm": 124.27,
            "total_rain_in": 4.89
          },
          {
            "year": 2023,
            "month": 2,
            "avg_high_c": 7.34,
            "avg_low_c": 0.11,
            "total_rain_mm": 126.83,
            "total_rain_in": 4.99
          },
          {
            "year": 2023,
            "month": 3,
            "avg_high_c": 8.74,
            "avg_low_c": 0.78,
            "total_rain_mm": 189.54,
            "total_rain_in": 7.46
          },
          {
            "year": 2023,
            "month": 4,
            "avg_high_c": 12.14,
            "avg_low_c": 3.83,
            "total_rain_mm": 194.6,
            "total_rain_in": 7.66
          },
          {
            "year": 2023,
            "month": 5,
            "avg_high_c": 20.07,
            "avg_low_c": 8.51,
            "total_rain_mm": 27.12,
            "total_rain_in": 1.07
          },
          {
            "year": 2023,
            "month": 6,
            "avg_high_c": 21.75,
            "avg_low_c": 8.84,
            "total_rain_mm": 19.41,
            "total_rain_in": 0.76
          },
          {
            "year": 2023,
            "month": 7,
            "avg_high_c": 26.77,
            "avg_low_c": 11.45,
            "total_rain_mm": 2.08,
            "total_rain_in": 0.08
          },
          {
            "year": 2023,
            "month": 8,
            "avg_high_c": 29.03,
            "avg_low_c": 13.52,
            "total_rain_mm": 21.34,
            "total_rain_in": 0.84
          },
          {
            "year": 2023,
            "month": 9,
            "avg_high_c": 23.57,
            "avg_low_c": 10.75,
            "total_rain_mm": 70.6,
            "total_rain_in": 2.78
          },
          {
            "year": 2023,
            "month": 10,
            "avg_high_c": 18.22,
            "avg_low_c": 7.61,
            "total_rain_mm": 117.2,
            "total_rain_in": 4.61
          },
          {
            "year": 2023,
            "month": 11,
            "avg_high_c": 11.95,
            "avg_low_c": 3.59,
            "total_rain_mm": 187.96,
            "total_rain_in": 7.4
          },
          {
            "year": 2023,
            "month": 12,
            "avg_high_c": 10.68,
            "avg_low_c": 4.45,
            "total_rain_mm": 295.35,
            "total_rain_in": 11.63
          },
          {
            "year": 2024,
            "month": 1,
            "avg_high_c": 8.28,
            "avg_low_c": 2.91,
            "total_rain_mm": 370.12,
            "total_rain_in": 14.57
          },
          {
            "year": 2024,
            "month": 2,
            "avg_high_c": 10.14,
            "avg_low_c": 3.26,
            "total_rain_mm": 200.23,
            "total_rain_in": 7.88
          },
          {
            "year": 2024,
            "month": 3,
            "avg_high_c": 11.51,
            "avg_low_c": 3.24,
            "total_rain_mm": 164.08,
            "total_rain_in": 6.46
          },
          {
            "year": 2024,
            "month": 4,
            "avg_high_c": 14.23,
            "avg_low_c": 4.47,
            "total_rain_mm": 94.88,
            "total_rain_in": 3.74
          },
          {
            "year": 2024,
            "month": 5,
            "avg_high_c": 17.15,
            "avg_low_c": 6.5,
            "total_rain_mm": 118.44,
            "total_rain_in": 4.66
          },
          {
            "year": 2024,
            "month": 6,
            "avg_high_c": 20.38,
            "avg_low_c": 9.29,
            "total_rain_mm": 74.42,
            "total_rain_in": 2.93
          },
          {
            "year": 2024,
            "month": 7,
            "avg_high_c": 27.02,
            "avg_low_c": 12.01,
            "total_rain_mm": 7.22,
            "total_rain_in": 0.28
          },
          {
            "year": 2024,
            "month": 8,
            "avg_high_c": 25.73,
            "avg_low_c": 12.22,
            "total_rain_mm": 22.59,
            "total_rain_in": 0.89
          },
          {
            "year": 2024,
            "month": 9,
            "avg_high_c": 24.48,
            "avg_low_c": 11.29,
            "total_rain_mm": 33.37,
            "total_rain_in": 1.31
          },
          {
            "year": 2024,
            "month": 10,
            "avg_high_c": 18.76,
            "avg_low_c": 7.37,
            "total_rain_mm": 131.82,
            "total_rain_in": 5.19
          },
          {
            "year": 2024,
            "month": 11,
            "avg_high_c": 9.95,
            "avg_low_c": 4.08,
            "total_rain_mm": 284.69,
            "total_rain_in": 11.21
          },
          {
            "year": 2024,
            "month": 12,
            "avg_high_c": 9.31,
            "avg_low_c": 3.22,
            "total_rain_mm": 297.03,
            "total_rain_in": 11.69
          },
          {
            "year": 2025,
            "month": 1,
            "avg_high_c": 7.89,
            "avg_low_c": 0.22,
            "total_rain_mm": 116.9,
            "total_rain_in": 4.6
          },
          {
            "year": 2025,
            "month": 2,
            "avg_high_c": 8.27,
            "avg_low_c": 1.66,
            "total_rain_mm": 206.54,
            "total_rain_in": 8.13
          },
          {
            "year": 2025,
            "month": 3,
            "avg_high_c": 11.38,
            "avg_low_c": 4.41,
            "total_rain_mm": 241.61,
            "total_rain_in": 9.51
          },
          {
            "year": 2025,
            "month": 4,
            "avg_high_c": 15.77,
            "avg_low_c": 4.72,
            "total_rain_mm": 64.12,
            "total_rain_in": 2.52
          },
          {
            "year": 2025,
            "month": 5,
            "avg_high_c": 17.45,
            "avg_low_c": 6.68,
            "total_rain_mm": 52.17,
            "total_rain_in": 2.05
          },
          {
            "year": 2025,
            "month": 6,
            "avg_high_c": 21.6,
            "avg_low_c": 9.69,
            "total_rain_mm": 34.37,
            "total_rain_in": 1.35
          },
          {
            "year": 2025,
            "month": 7,
            "avg_high_c": 26.13,
            "avg_low_c": 11.56,
            "total_rain_mm": 1.41,
            "total_rain_in": 0.06
          },
          {
            "year": 2025,
            "month": 8,
            "avg_high_c": 28.06,
            "avg_low_c": 13.39,
            "total_rain_mm": 20.61,
            "total_rain_in": 0.81
          },
          {
            "year": 2025,
            "month": 9,
            "avg_high_c": 24.77,
            "avg_low_c": 11.37,
            "total_rain_mm": 49.32,
            "total_rain_in": 1.94
          },
          {
            "year": 2025,
            "month": 10,
            "avg_high_c": 15.59,
            "avg_low_c": 6.02,
            "total_rain_mm": 148.04,
            "total_rain_in": 5.83
          },
          {
            "year": 2025,
            "month": 11,
            "avg_high_c": 11.64,
            "avg_low_c": 5.24,
            "total_rain_mm": 176.54,
            "total_rain_in": 6.95
          },
          {
            "year": 2025,
            "month": 12,
            "avg_high_c": 9.99,
            "avg_low_c": 4.33,
            "total_rain_mm": 352.37,
            "total_rain_in": 13.87
          }
        ]
      },
      "geometry": {
        "type": "MultiPolygon",
        "coordinates": [
          [
            [
              [
                -2093279.8693000004,
                2730332.4623000007
              ],
              [
                -2093288.2453000005,
                2730303.6580999997
              ],
              [
                -2093335.8775999993,
                2730317.5091999993
              ],
              [
                -2093347.0458000004,
                2730279.103700001
              ],
              [
                -2093355.4220000003,
                2730250.2994999997
              ],
              [
                -2093366.5901999995,
                2730211.8937999997
              ],
              [
                -2093509.488500001,
                2730253.4496999998
              ],
              [
                -2093498.3194999993,
                2730291.8552
              ],
              [
                -2093536.7071000002,
                2730261.3654999994
              ],
              [
                -2093631.9721000008,
                2730289.0714
              ],
              [
                -2093620.8025000002,
                2730327.4767000005
              ],
              [
                -2093652.386,
                2730295.0086000003
              ],
              [
                -2093679.6044999994,
                2730302.9246999994
              ],
              [
                -2093668.4344999995,
                2730341.3299000002
              ],
              [
                -2093688.8483000007,
                2730347.2672000006
              ],
              [
                -2093716.0665000007,
                2730355.183599999
              ],
              [
                -2093696.5187999997,
                2730422.3924000002
              ],
              [
                -2093676.9710000008,
                2730489.6010999996
              ],
              [
                -2093649.7533,
                2730481.6849000007
              ],
              [
                -2093534.0774000008,
                2730448.0418999996
              ],
              [
                -2093545.2467999998,
                2730409.6368000004
              ],
              [
                -2093518.0286999997,
                2730401.720899999
              ],
              [
                -2093497.6152,
                2730395.7841
              ],
              [
                -2093449.9834000003,
                2730381.9319
              ],
              [
                -2093422.7653,
                2730374.0165
              ],
              [
                -2093402.3516000006,
                2730368.08
              ],
              [
                -2093347.9151000008,
                2730352.2497000005
              ],
              [
                -2093279.8693000004,
                2730332.4623000007
              ]
            ]
          ]
        ]
      }
    },
    {
      "type": "Feature",
      "properties": {
        "field_id": "WV_AG_002",
        "lat": 44.188688221398095,
        "lon": -123.18398918373292,
        "area_acres": 66.7946443331596,
        "crop_code": 24,
        "cdl_crop": "Winter Wheat",
        "crop_dominant_pct": 96.0,
        "soil_muname": "Malabon silty clay loam",
        "soil_drainage": "Well drained",
        "soil_clay_pct": 31.0,
        "soil_sand_pct": 20.0,
        "soil_silt_pct": 49.0,
        "soil_om_pct": 5.0,
        "soil_ph": 6.1,
        "soil_cec": 25.0,
        "soil_depth_cm": 0.0,
        "weather_monthly": [
          {
            "year": 2020,
            "month": 1,
            "avg_high_c": 7.66,
            "avg_low_c": 3.21,
            "total_rain_mm": 280.71,
            "total_rain_in": 11.05
          },
          {
            "year": 2020,
            "month": 2,
            "avg_high_c": 9.12,
            "avg_low_c": 0.7,
            "total_rain_mm": 88.78,
            "total_rain_in": 3.5
          },
          {
            "year": 2020,
            "month": 3,
            "avg_high_c": 10.54,
            "avg_low_c": 1.58,
            "total_rain_mm": 108.69,
            "total_rain_in": 4.28
          },
          {
            "year": 2020,
            "month": 4,
            "avg_high_c": 15.02,
            "avg_low_c": 4.71,
            "total_rain_mm": 73.03,
            "total_rain_in": 2.88
          },
          {
            "year": 2020,
            "month": 5,
            "avg_high_c": 17.39,
            "avg_low_c": 7.19,
            "total_rain_mm": 120.67,
            "total_rain_in": 4.75
          },
          {
            "year": 2020,
            "month": 6,
            "avg_high_c": 19.11,
            "avg_low_c": 9.05,
            "total_rain_mm": 70.28,
            "total_rain_in": 2.77
          },
          {
            "year": 2020,
            "month": 7,
            "avg_high_c": 23.77,
            "avg_low_c": 11.01,
            "total_rain_mm": 1.23,
            "total_rain_in": 0.05
          },
          {
            "year": 2020,
            "month": 8,
            "avg_high_c": 26.66,
            "avg_low_c": 10.99,
            "total_rain_mm": 2.32,
            "total_rain_in": 0.09
          },
          {
            "year": 2020,
            "month": 9,
            "avg_high_c": 26.07,
            "avg_low_c": 11.71,
            "total_rain_mm": 58.73,
            "total_rain_in": 2.31
          },
          {
            "year": 2020,
            "month": 10,
            "avg_high_c": 19.05,
            "avg_low_c": 7.03,
            "total_rain_mm": 64.71,
            "total_rain_in": 2.55
          },
          {
            "year": 2020,
            "month": 11,
            "avg_high_c": 10.65,
            "avg_low_c": 2.51,
            "total_rain_mm": 204.9,
            "total_rain_in": 8.07
          },
          {
            "year": 2020,
            "month": 12,
            "avg_high_c": 9.4,
            "avg_low_c": 1.62,
            "total_rain_mm": 187.39,
            "total_rain_in": 7.38
          },
          {
            "year": 2021,
            "month": 1,
            "avg_high_c": 8.67,
            "avg_low_c": 2.37,
            "total_rain_mm": 184.79,
            "total_rain_in": 7.28
          },
          {
            "year": 2021,
            "month": 2,
            "avg_high_c": 7.16,
            "avg_low_c": 1.66,
            "total_rain_mm": 163.15,
            "total_rain_in": 6.42
          },
          {
            "year": 2021,
            "month": 3,
            "avg_high_c": 10.78,
            "avg_low_c": 1.09,
            "total_rain_mm": 68.13,
            "total_rain_in": 2.68
          },
          {
            "year": 2021,
            "month": 4,
            "avg_high_c": 15.69,
            "avg_low_c": 3.28,
            "total_rain_mm": 17.85,
            "total_rain_in": 0.7
          },
          {
            "year": 2021,
            "month": 5,
            "avg_high_c": 16.96,
            "avg_low_c": 6.41,
            "total_rain_mm": 33.24,
            "total_rain_in": 1.31
          },
          {
            "year": 2021,
            "month": 6,
            "avg_high_c": 23.28,
            "avg_low_c": 10.71,
            "total_rain_mm": 33.37,
            "total_rain_in": 1.31
          },
          {
            "year": 2021,
            "month": 7,
            "avg_high_c": 27.7,
            "avg_low_c": 11.54,
            "total_rain_mm": 1.42,
            "total_rain_in": 0.06
          },
          {
            "year": 2021,
            "month": 8,
            "avg_high_c": 27.84,
            "avg_low_c": 12.16,
            "total_rain_mm": 1.11,
            "total_rain_in": 0.04
          },
          {
            "year": 2021,
            "month": 9,
            "avg_high_c": 25.0,
            "avg_low_c": 9.64,
            "total_rain_mm": 82.72,
            "total_rain_in": 3.26
          },
          {
            "year": 2021,
            "month": 10,
            "avg_high_c": 16.05,
            "avg_low_c": 6.61,
            "total_rain_mm": 104.65,
            "total_rain_in": 4.12
          },
          {
            "year": 2021,
            "month": 11,
            "avg_high_c": 12.26,
            "avg_low_c": 4.72,
            "total_rain_mm": 156.92,
            "total_rain_in": 6.18
          },
          {
            "year": 2021,
            "month": 12,
            "avg_high_c": 5.99,
            "avg_low_c": 1.66,
            "total_rain_mm": 254.46,
            "total_rain_in": 10.02
          },
          {
            "year": 2022,
            "month": 1,
            "avg_high_c": 10.25,
            "avg_low_c": 1.58,
            "total_rain_mm": 140.49,
            "total_rain_in": 5.53
          },
          {
            "year": 2022,
            "month": 2,
            "avg_high_c": 10.43,
            "avg_low_c": 1.5,
            "total_rain_mm": 44.88,
            "total_rain_in": 1.77
          },
          {
            "year": 2022,
            "month": 3,
            "avg_high_c": 11.97,
            "avg_low_c": 3.41,
            "total_rain_mm": 100.24,
            "total_rain_in": 3.95
          },
          {
            "year": 2022,
            "month": 4,
            "avg_high_c": 11.32,
            "avg_low_c": 2.64,
            "total_rain_mm": 161.54,
            "total_rain_in": 6.36
          },
          {
            "year": 2022,
            "month": 5,
            "avg_high_c": 14.57,
            "avg_low_c": 5.9,
            "total_rain_mm": 174.98,
            "total_rain_in": 6.89
          },
          {
            "year": 2022,
            "month": 6,
            "avg_high_c": 19.98,
            "avg_low_c": 9.33,
            "total_rain_mm": 99.4,
            "total_rain_in": 3.91
          },
          {
            "year": 2022,
            "month": 7,
            "avg_high_c": 24.74,
            "avg_low_c": 12.38,
            "total_rain_mm": 7.74,
            "total_rain_in": 0.3
          },
          {
            "year": 2022,
            "month": 8,
            "avg_high_c": 26.85,
            "avg_low_c": 12.9,
            "total_rain_mm": 1.93,
            "total_rain_in": 0.08
          },
          {
            "year": 2022,
            "month": 9,
            "avg_high_c": 25.2,
            "avg_low_c": 10.87,
            "total_rain_mm": 8.62,
            "total_rain_in": 0.34
          },
          {
            "year": 2022,
            "month": 10,
            "avg_high_c": 21.99,
            "avg_low_c": 8.89,
            "total_rain_mm": 57.5,
            "total_rain_in": 2.26
          },
          {
            "year": 2022,
            "month": 11,
            "avg_high_c": 9.82,
            "avg_low_c": 0.86,
            "total_rain_mm": 160.98,
            "total_rain_in": 6.34
          },
          {
            "year": 2022,
            "month": 12,
            "avg_high_c": 7.61,
            "avg_low_c": 1.27,
            "total_rain_mm": 173.4,
            "total_rain_in": 6.83
          },
          {
            "year": 2023,
            "month": 1,
            "avg_high_c": 7.82,
            "avg_low_c": 1.42,
            "total_rain_mm": 94.49,
            "total_rain_in": 3.72
          },
          {
            "year": 2023,
            "month": 2,
            "avg_high_c": 7.78,
            "avg_low_c": -0.04,
            "total_rain_mm": 112.98,
            "total_rain_in": 4.45
          },
          {
            "year": 2023,
            "month": 3,
            "avg_high_c": 7.61,
            "avg_low_c": -0.22,
            "total_rain_mm": 193.63,
            "total_rain_in": 7.62
          },
          {
            "year": 2023,
            "month": 4,
            "avg_high_c": 11.76,
            "avg_low_c": 3.48,
            "total_rain_mm": 155.44,
            "total_rain_in": 6.12
          },
          {
            "year": 2023,
            "month": 5,
            "avg_high_c": 19.43,
            "avg_low_c": 8.12,
            "total_rain_mm": 27.62,
            "total_rain_in": 1.09
          },
          {
            "year": 2023,
            "month": 6,
            "avg_high_c": 21.13,
            "avg_low_c": 8.79,
            "total_rain_mm": 13.29,
            "total_rain_in": 0.52
          },
          {
            "year": 2023,
            "month": 7,
            "avg_high_c": 26.83,
            "avg_low_c": 11.23,
            "total_rain_mm": 0.8,
            "total_rain_in": 0.03
          },
          {
            "year": 2023,
            "month": 8,
            "avg_high_c": 29.16,
            "avg_low_c": 12.95,
            "total_rain_mm": 13.99,
            "total_rain_in": 0.55
          },
          {
            "year": 2023,
            "month": 9,
            "avg_high_c": 24.05,
            "avg_low_c": 10.15,
            "total_rain_mm": 56.6,
            "total_rain_in": 2.23
          },
          {
            "year": 2023,
            "month": 10,
            "avg_high_c": 18.3,
            "avg_low_c": 7.1,
            "total_rain_mm": 106.79,
            "total_rain_in": 4.2
          },
          {
            "year": 2023,
            "month": 11,
            "avg_high_c": 12.28,
            "avg_low_c": 3.5,
            "total_rain_mm": 139.45,
            "total_rain_in": 5.49
          },
          {
            "year": 2023,
            "month": 12,
            "avg_high_c": 10.7,
            "avg_low_c": 4.32,
            "total_rain_mm": 245.67,
            "total_rain_in": 9.67
          },
          {
            "year": 2024,
            "month": 1,
            "avg_high_c": 9.33,
            "avg_low_c": 4.32,
            "total_rain_mm": 351.31,
            "total_rain_in": 13.83
          },
          {
            "year": 2024,
            "month": 2,
            "avg_high_c": 9.73,
            "avg_low_c": 3.04,
            "total_rain_mm": 178.71,
            "total_rain_in": 7.04
          },
          {
            "year": 2024,
            "month": 3,
            "avg_high_c": 10.96,
            "avg_low_c": 2.61,
            "total_rain_mm": 164.28,
            "total_rain_in": 6.47
          },
          {
            "year": 2024,
            "month": 4,
            "avg_high_c": 13.62,
            "avg_low_c": 4.03,
            "total_rain_mm": 93.19,
            "total_rain_in": 3.67
          },
          {
            "year": 2024,
            "month": 5,
            "avg_high_c": 16.89,
            "avg_low_c": 5.88,
            "total_rain_mm": 103.89,
            "total_rain_in": 4.09
          },
          {
            "year": 2024,
            "month": 6,
            "avg_high_c": 20.35,
            "avg_low_c": 9.04,
            "total_rain_mm": 54.09,
            "total_rain_in": 2.13
          },
          {
            "year": 2024,
            "month": 7,
            "avg_high_c": 26.5,
            "avg_low_c": 12.22,
            "total_rain_mm": 3.37,
            "total_rain_in": 0.13
          },
          {
            "year": 2024,
            "month": 8,
            "avg_high_c": 26.3,
            "avg_low_c": 12.01,
            "total_rain_mm": 24.29,
            "total_rain_in": 0.96
          },
          {
            "year": 2024,
            "month": 9,
            "avg_high_c": 25.02,
            "avg_low_c": 10.59,
            "total_rain_mm": 32.9,
            "total_rain_in": 1.3
          },
          {
            "year": 2024,
            "month": 10,
            "avg_high_c": 19.19,
            "avg_low_c": 6.89,
            "total_rain_mm": 98.47,
            "total_rain_in": 3.88
          },
          {
            "year": 2024,
            "month": 11,
            "avg_high_c": 9.64,
            "avg_low_c": 3.86,
            "total_rain_mm": 293.22,
            "total_rain_in": 11.54
          },
          {
            "year": 2024,
            "month": 12,
            "avg_high_c": 9.76,
            "avg_low_c": 3.29,
            "total_rain_mm": 295.17,
            "total_rain_in": 11.62
          },
          {
            "year": 2025,
            "month": 1,
            "avg_high_c": 8.65,
            "avg_low_c": 0.33,
            "total_rain_mm": 131.95,
            "total_rain_in": 5.19
          },
          {
            "year": 2025,
            "month": 2,
            "avg_high_c": 8.13,
            "avg_low_c": 1.66,
            "total_rain_mm": 190.55,
            "total_rain_in": 7.5
          },
          {
            "year": 2025,
            "month": 3,
            "avg_high_c": 11.05,
            "avg_low_c": 4.06,
            "total_rain_mm": 268.39,
            "total_rain_in": 10.57
          },
          {
            "year": 2025,
            "month": 4,
            "avg_high_c": 15.16,
            "avg_low_c": 4.32,
            "total_rain_mm": 58.55,
            "total_rain_in": 2.31
          },
          {
            "year": 2025,
            "month": 5,
            "avg_high_c": 17.27,
            "avg_low_c": 6.52,
            "total_rain_mm": 44.19,
            "total_rain_in": 1.74
          },
          {
            "year": 2025,
            "month": 6,
            "avg_high_c": 21.41,
            "avg_low_c": 9.22,
            "total_rain_mm": 31.7,
            "total_rain_in": 1.25
          },
          {
            "year": 2025,
            "month": 7,
            "avg_high_c": 26.68,
            "avg_low_c": 11.54,
            "total_rain_mm": 0.73,
            "total_rain_in": 0.03
          },
          {
            "year": 2025,
            "month": 8,
            "avg_high_c": 29.54,
            "avg_low_c": 13.29,
            "total_rain_mm": 10.11,
            "total_rain_in": 0.4
          },
          {
            "year": 2025,
            "month": 9,
            "avg_high_c": 25.66,
            "avg_low_c": 10.95,
            "total_rain_mm": 47.25,
            "total_rain_in": 1.86
          },
          {
            "year": 2025,
            "month": 10,
            "avg_high_c": 16.4,
            "avg_low_c": 6.01,
            "total_rain_mm": 126.39,
            "total_rain_in": 4.98
          },
          {
            "year": 2025,
            "month": 11,
            "avg_high_c": 12.57,
            "avg_low_c": 5.3,
            "total_rain_mm": 124.05,
            "total_rain_in": 4.88
          },
          {
            "year": 2025,
            "month": 12,
            "avg_high_c": 10.45,
            "avg_low_c": 4.15,
            "total_rain_mm": 259.14,
            "total_rain_in": 10.2
          }
        ]
      },
      "geometry": {
        "type": "MultiPolygon",
        "coordinates": [
          [
            [
              [
                -2137024.545,
                2663510.4442999996
              ],
              [
                -2137033.0221999995,
                2663481.6235000007
              ],
              [
                -2137005.5511000007,
                2663473.543299999
              ],
              [
                -2136997.0738999993,
                2663502.3641
              ],
              [
                -2137024.545,
                2663510.4442999996
              ],
              [
                -2137013.2420000006,
                2663548.8720999993
              ],
              [
                -2136910.226,
                2663518.5721000005
              ],
              [
                -2136900.9251000006,
                2663474.0844
              ],
              [
                -2136920.7041999996,
                2663406.8354
              ],
              [
                -2136893.2327999994,
                2663398.7556
              ],
              [
                -2136892.4079,
                2663325.4466999993
              ],
              [
                -2136816.8606000002,
                2663303.2279000003
              ],
              [
                -2136828.1624,
                2663264.7995999996
              ],
              [
                -2136836.638699999,
                2663235.9783999994
              ],
              [
                -2136788.5625,
                2663221.839400001
              ],
              [
                -2136779.2598,
                2663177.351500001
              ],
              [
                -2136703.710999999,
                2663155.1339
              ],
              [
                -2136712.1866999995,
                2663126.3125
              ],
              [
                -2136732.791099999,
                2663132.3718
              ],
              [
                -2136744.0921,
                2663093.9431999996
              ],
              [
                -2136696.0151000004,
                2663079.8049
              ],
              [
                -2136683.8861999996,
                2663044.9241000004
              ],
              [
                -2136714.963199999,
                2662939.245100001
              ],
              [
                -2136687.49,
                2662931.166099999
              ],
              [
                -2136715.7415999994,
                2662835.0940000005
              ],
              [
                -2136763.8203,
                2662849.2325
              ],
              [
                -2136775.121200001,
                2662810.8037
              ],
              [
                -2136727.042300001,
                2662796.665100001
              ],
              [
                -2136738.3429000005,
                2662758.236199999
              ],
              [
                -2136765.8168,
                2662766.3154000007
              ],
              [
                -2136822.3717,
                2662751.6326
              ],
              [
                -2136833.672700001,
                2662713.2037000004
              ],
              [
                -2136854.2783000004,
                2662719.2633999996
              ],
              [
                -2136881.7522,
                2662727.3430000003
              ],
              [
                -2136870.4508999996,
                2662765.7718
              ],
              [
                -2136850.6735999994,
                2662833.0220999997
              ],
              [
                -2136847.0681999996,
                2662946.7804000005
              ],
              [
                -2136867.6731000002,
                2662952.8400999997
              ],
              [
                -2136887.4507999998,
                2662885.5900999997
              ],
              [
                -2136937.5275,
                2662816.8126
              ],
              [
                -2136957.3055000007,
                2662749.5625
              ],
              [
                -2136977.9109000005,
                2662755.6225000005
              ],
              [
                -2136958.1327,
                2662822.8726000004
              ],
              [
                -2137006.2115,
                2662837.012700001
              ],
              [
                -2137014.688100001,
                2662808.191299999
              ],
              [
                -2136994.082800001,
                2662802.1312000006
              ],
              [
                -2137005.3848,
                2662763.7026000004
              ],
              [
                -2137025.9901,
                2662769.762700001
              ],
              [
                -2137101.5429999996,
                2662791.9836999997
              ],
              [
                -2137122.1482999995,
                2662798.0440999996
              ],
              [
                -2137170.2271999996,
                2662812.1853
              ],
              [
                -2137197.7007999998,
                2662820.2661000006
              ],
              [
                -2137213.8713000007,
                2662866.7753
              ],
              [
                -2137261.9497999996,
                2662880.9170999993
              ],
              [
                -2137242.1688,
                2662948.1663000006
              ],
              [
                -2137230.8654999994,
                2662986.5944
              ],
              [
                -2137251.4702000003,
                2662992.655200001
              ],
              [
                -2137242.9925999995,
                2663021.4761999995
              ],
              [
                -2137211.0845999997,
                2663053.8434999995
              ],
              [
                -2137183.6118,
                2663045.762599999
              ],
              [
                -2137175.134400001,
                2663074.5836999994
              ],
              [
                -2137202.6071000006,
                2663082.6645
              ],
              [
                -2137151.7421000004,
                2663255.5902999993
              ],
              [
                -2137124.2700999994,
                2663247.5097000003
              ],
              [
                -2137131.9613000005,
                2663322.8390999995
              ],
              [
                -2137112.1806000005,
                2663390.0877
              ],
              [
                -2137100.8773,
                2663428.5154999997
              ],
              [
                -2137121.480799999,
                2663434.5758999996
              ],
              [
                -2137148.9520999994,
                2663442.6566000003
              ],
              [
                -2137129.1709000003,
                2663509.9049999993
              ],
              [
                -2137101.6998999994,
                2663501.8245
              ],
              [
                -2137081.0966,
                2663495.7642
              ],
              [
                -2137061.3159,
                2663563.0124999993
              ],
              [
                -2137033.8451000005,
                2663554.9321999997
              ],
              [
                -2137045.1481999997,
                2663516.5045
              ],
              [
                -2137024.545,
                2663510.4442999996
              ]
            ],
            [
              [
                -2136903.7101000007,
                2663287.0185000002
              ],
              [
                -2136931.965399999,
                2663190.9481000006
              ],
              [
                -2136883.8890000004,
                2663176.8084999993
              ],
              [
                -2136875.4125999995,
                2663205.6296999995
              ],
              [
                -2136896.0166999996,
                2663211.6894000005
              ],
              [
                -2136884.7147000004,
                2663250.1176999994
              ],
              [
                -2136864.1107,
                2663244.0579000004
              ],
              [
                -2136855.634299999,
                2663272.8791000005
              ],
              [
                -2136903.7101000007,
                2663287.0185000002
              ]
            ],
            [
              [
                -2136914.9692,
                2663071.1305
              ],
              [
                -2136887.4965000004,
                2663063.0507999994
              ],
              [
                -2136876.1948000006,
                2663101.4792
              ],
              [
                -2136903.667300001,
                2663109.5589000005
              ],
              [
                -2136914.9692,
                2663071.1305
              ]
            ],
            [
              [
                -2136855.5902999993,
                2663095.419500001
              ],
              [
                -2136866.892000001,
                2663056.9910000004
              ],
              [
                -2136859.196900001,
                2662981.6614999995
              ],
              [
                -2136838.5922,
                2662975.6019
              ],
              [
                -2136818.8147,
                2663042.8518000003
              ],
              [
                -2136791.3419000003,
                2663034.772500001
              ],
              [
                -2136780.0406,
                2663073.2009999994
              ],
              [
                -2136855.5902999993,
                2663095.419500001
              ]
            ],
            [
              [
                -2136974.3044000007,
                2662869.381100001
              ],
              [
                -2136946.8309000004,
                2662861.3012000006
              ],
              [
                -2136935.529100001,
                2662899.729699999
              ],
              [
                -2136963.0023999996,
                2662907.8095999993
              ],
              [
                -2136974.3044000007,
                2662869.381100001
              ]
            ],
            [
              [
                -2137062.766899999,
                2662822.331700001
              ],
              [
                -2137042.161699999,
                2662816.2715000007
              ],
              [
                -2137033.6850000005,
                2662845.0929000005
              ],
              [
                -2137054.2902000006,
                2662851.1531000007
              ],
              [
                -2137062.766899999,
                2662822.331700001
              ]
            ],
            [
              [
                -2136755.3445999995,
                2662878.0540999994
              ],
              [
                -2136734.739600001,
                2662871.9946999997
              ],
              [
                -2136723.4387999997,
                2662910.4234999996
              ],
              [
                -2136744.0438,
                2662916.4828999992
              ],
              [
                -2136755.3445999995,
                2662878.0540999994
              ]
            ]
          ]
        ]
      }
    },
    {
      "type": "Feature",
      "properties": {
        "field_id": "WV_AG_003",
        "lat": 44.561012256132436,
        "lon": -123.18811142446494,
        "area_acres": 14.0042103139171,
        "crop_code": 24,
        "cdl_crop": "Winter Wheat",
        "crop_dominant_pct": 82.5,
        "soil_muname": "Bashaw silty clay",
        "soil_drainage": "Poorly drained",
        "soil_clay_pct": 55.0,
        "soil_sand_pct": 2.5,
        "soil_silt_pct": 42.5,
        "soil_om_pct": 6.0,
        "soil_ph": 6.5,
        "soil_cec": 47.5,
        "soil_depth_cm": 0.0,
        "weather_monthly": [
          {
            "year": 2020,
            "month": 1,
            "avg_high_c": 8.29,
            "avg_low_c": 3.45,
            "total_rain_mm": 335.74,
            "total_rain_in": 13.22
          },
          {
            "year": 2020,
            "month": 2,
            "avg_high_c": 9.41,
            "avg_low_c": 1.31,
            "total_rain_mm": 106.13,
            "total_rain_in": 4.18
          },
          {
            "year": 2020,
            "month": 3,
            "avg_high_c": 10.89,
            "avg_low_c": 1.82,
            "total_rain_mm": 122.53,
            "total_rain_in": 4.82
          },
          {
            "year": 2020,
            "month": 4,
            "avg_high_c": 15.33,
            "avg_low_c": 4.78,
            "total_rain_mm": 69.14,
            "total_rain_in": 2.72
          },
          {
            "year": 2020,
            "month": 5,
            "avg_high_c": 17.79,
            "avg_low_c": 7.72,
            "total_rain_mm": 134.18,
            "total_rain_in": 5.28
          },
          {
            "year": 2020,
            "month": 6,
            "avg_high_c": 19.47,
            "avg_low_c": 9.28,
            "total_rain_mm": 75.69,
            "total_rain_in": 2.98
          },
          {
            "year": 2020,
            "month": 7,
            "avg_high_c": 23.62,
            "avg_low_c": 10.84,
            "total_rain_mm": 1.22,
            "total_rain_in": 0.05
          },
          {
            "year": 2020,
            "month": 8,
            "avg_high_c": 25.28,
            "avg_low_c": 10.98,
            "total_rain_mm": 2.78,
            "total_rain_in": 0.11
          },
          {
            "year": 2020,
            "month": 9,
            "avg_high_c": 24.88,
            "avg_low_c": 11.82,
            "total_rain_mm": 72.75,
            "total_rain_in": 2.86
          },
          {
            "year": 2020,
            "month": 10,
            "avg_high_c": 18.05,
            "avg_low_c": 6.83,
            "total_rain_mm": 69.47,
            "total_rain_in": 2.74
          },
          {
            "year": 2020,
            "month": 11,
            "avg_high_c": 10.89,
            "avg_low_c": 2.86,
            "total_rain_mm": 232.5,
            "total_rain_in": 9.15
          },
          {
            "year": 2020,
            "month": 12,
            "avg_high_c": 9.48,
            "avg_low_c": 1.8,
            "total_rain_mm": 218.39,
            "total_rain_in": 8.6
          },
          {
            "year": 2021,
            "month": 1,
            "avg_high_c": 8.91,
            "avg_low_c": 2.45,
            "total_rain_mm": 254.08,
            "total_rain_in": 10.0
          },
          {
            "year": 2021,
            "month": 2,
            "avg_high_c": 7.83,
            "avg_low_c": 1.9,
            "total_rain_mm": 199.0,
            "total_rain_in": 7.83
          },
          {
            "year": 2021,
            "month": 3,
            "avg_high_c": 11.03,
            "avg_low_c": 1.41,
            "total_rain_mm": 76.2,
            "total_rain_in": 3.0
          },
          {
            "year": 2021,
            "month": 4,
            "avg_high_c": 16.03,
            "avg_low_c": 3.49,
            "total_rain_mm": 26.64,
            "total_rain_in": 1.05
          },
          {
            "year": 2021,
            "month": 5,
            "avg_high_c": 17.61,
            "avg_low_c": 6.63,
            "total_rain_mm": 32.61,
            "total_rain_in": 1.28
          },
          {
            "year": 2021,
            "month": 6,
            "avg_high_c": 23.31,
            "avg_low_c": 10.75,
            "total_rain_mm": 48.27,
            "total_rain_in": 1.9
          },
          {
            "year": 2021,
            "month": 7,
            "avg_high_c": 26.5,
            "avg_low_c": 11.41,
            "total_rain_mm": 1.97,
            "total_rain_in": 0.08
          },
          {
            "year": 2021,
            "month": 8,
            "avg_high_c": 27.12,
            "avg_low_c": 12.3,
            "total_rain_mm": 1.69,
            "total_rain_in": 0.07
          },
          {
            "year": 2021,
            "month": 9,
            "avg_high_c": 24.68,
            "avg_low_c": 9.98,
            "total_rain_mm": 85.39,
            "total_rain_in": 3.36
          },
          {
            "year": 2021,
            "month": 10,
            "avg_high_c": 15.78,
            "avg_low_c": 6.61,
            "total_rain_mm": 126.84,
            "total_rain_in": 4.99
          },
          {
            "year": 2021,
            "month": 11,
            "avg_high_c": 12.39,
            "avg_low_c": 4.82,
            "total_rain_mm": 205.74,
            "total_rain_in": 8.1
          },
          {
            "year": 2021,
            "month": 12,
            "avg_high_c": 6.18,
            "avg_low_c": 1.36,
            "total_rain_mm": 308.92,
            "total_rain_in": 12.16
          },
          {
            "year": 2022,
            "month": 1,
            "avg_high_c": 9.77,
            "avg_low_c": 1.92,
            "total_rain_mm": 158.73,
            "total_rain_in": 6.25
          },
          {
            "year": 2022,
            "month": 2,
            "avg_high_c": 10.27,
            "avg_low_c": 1.55,
            "total_rain_mm": 85.78,
            "total_rain_in": 3.38
          },
          {
            "year": 2022,
            "month": 3,
            "avg_high_c": 12.11,
            "avg_low_c": 3.66,
            "total_rain_mm": 115.37,
            "total_rain_in": 4.54
          },
          {
            "year": 2022,
            "month": 4,
            "avg_high_c": 11.74,
            "avg_low_c": 2.97,
            "total_rain_mm": 181.66,
            "total_rain_in": 7.15
          },
          {
            "year": 2022,
            "month": 5,
            "avg_high_c": 15.02,
            "avg_low_c": 6.09,
            "total_rain_mm": 173.68,
            "total_rain_in": 6.84
          },
          {
            "year": 2022,
            "month": 6,
            "avg_high_c": 20.05,
            "avg_low_c": 9.46,
            "total_rain_mm": 102.97,
            "total_rain_in": 4.05
          },
          {
            "year": 2022,
            "month": 7,
            "avg_high_c": 24.84,
            "avg_low_c": 12.19,
            "total_rain_mm": 7.17,
            "total_rain_in": 0.28
          },
          {
            "year": 2022,
            "month": 8,
            "avg_high_c": 26.1,
            "avg_low_c": 12.91,
            "total_rain_mm": 2.85,
            "total_rain_in": 0.11
          },
          {
            "year": 2022,
            "month": 9,
            "avg_high_c": 24.47,
            "avg_low_c": 11.0,
            "total_rain_mm": 8.81,
            "total_rain_in": 0.35
          },
          {
            "year": 2022,
            "month": 10,
            "avg_high_c": 21.37,
            "avg_low_c": 8.75,
            "total_rain_mm": 58.08,
            "total_rain_in": 2.29
          },
          {
            "year": 2022,
            "month": 11,
            "avg_high_c": 9.79,
            "avg_low_c": 0.95,
            "total_rain_mm": 178.0,
            "total_rain_in": 7.01
          },
          {
            "year": 2022,
            "month": 12,
            "avg_high_c": 7.87,
            "avg_low_c": 1.37,
            "total_rain_mm": 195.13,
            "total_rain_in": 7.68
          },
          {
            "year": 2023,
            "month": 1,
            "avg_high_c": 8.03,
            "avg_low_c": 1.69,
            "total_rain_mm": 125.73,
            "total_rain_in": 4.95
          },
          {
            "year": 2023,
            "month": 2,
            "avg_high_c": 7.67,
            "avg_low_c": 0.08,
            "total_rain_mm": 120.26,
            "total_rain_in": 4.73
          },
          {
            "year": 2023,
            "month": 3,
            "avg_high_c": 8.6,
            "avg_low_c": 0.45,
            "total_rain_mm": 204.35,
            "total_rain_in": 8.05
          },
          {
            "year": 2023,
            "month": 4,
            "avg_high_c": 12.24,
            "avg_low_c": 3.7,
            "total_rain_mm": 183.89,
            "total_rain_in": 7.24
          },
          {
            "year": 2023,
            "month": 5,
            "avg_high_c": 19.84,
            "avg_low_c": 8.26,
            "total_rain_mm": 19.98,
            "total_rain_in": 0.79
          },
          {
            "year": 2023,
            "month": 6,
            "avg_high_c": 21.61,
            "avg_low_c": 8.67,
            "total_rain_mm": 11.98,
            "total_rain_in": 0.47
          },
          {
            "year": 2023,
            "month": 7,
            "avg_high_c": 26.14,
            "avg_low_c": 11.26,
            "total_rain_mm": 1.1,
            "total_rain_in": 0.04
          },
          {
            "year": 2023,
            "month": 8,
            "avg_high_c": 28.47,
            "avg_low_c": 13.2,
            "total_rain_mm": 15.84,
            "total_rain_in": 0.62
          },
          {
            "year": 2023,
            "month": 9,
            "avg_high_c": 23.69,
            "avg_low_c": 10.6,
            "total_rain_mm": 69.32,
            "total_rain_in": 2.73
          },
          {
            "year": 2023,
            "month": 10,
            "avg_high_c": 18.08,
            "avg_low_c": 7.62,
            "total_rain_mm": 112.67,
            "total_rain_in": 4.44
          },
          {
            "year": 2023,
            "month": 11,
            "avg_high_c": 12.32,
            "avg_low_c": 3.76,
            "total_rain_mm": 171.73,
            "total_rain_in": 6.76
          },
          {
            "year": 2023,
            "month": 12,
            "avg_high_c": 10.81,
            "avg_low_c": 4.63,
            "total_rain_mm": 291.62,
            "total_rain_in": 11.48
          },
          {
            "year": 2024,
            "month": 1,
            "avg_high_c": 9.42,
            "avg_low_c": 4.06,
            "total_rain_mm": 392.13,
            "total_rain_in": 15.44
          },
          {
            "year": 2024,
            "month": 2,
            "avg_high_c": 10.23,
            "avg_low_c": 3.33,
            "total_rain_mm": 199.65,
            "total_rain_in": 7.86
          },
          {
            "year": 2024,
            "month": 3,
            "avg_high_c": 11.63,
            "avg_low_c": 2.94,
            "total_rain_mm": 178.34,
            "total_rain_in": 7.02
          },
          {
            "year": 2024,
            "month": 4,
            "avg_high_c": 14.12,
            "avg_low_c": 4.3,
            "total_rain_mm": 93.08,
            "total_rain_in": 3.66
          },
          {
            "year": 2024,
            "month": 5,
            "avg_high_c": 17.1,
            "avg_low_c": 6.17,
            "total_rain_mm": 106.35,
            "total_rain_in": 4.19
          },
          {
            "year": 2024,
            "month": 6,
            "avg_high_c": 20.44,
            "avg_low_c": 9.21,
            "total_rain_mm": 57.73,
            "total_rain_in": 2.27
          },
          {
            "year": 2024,
            "month": 7,
            "avg_high_c": 26.3,
            "avg_low_c": 11.94,
            "total_rain_mm": 5.44,
            "total_rain_in": 0.21
          },
          {
            "year": 2024,
            "month": 8,
            "avg_high_c": 25.26,
            "avg_low_c": 12.04,
            "total_rain_mm": 20.57,
            "total_rain_in": 0.81
          },
          {
            "year": 2024,
            "month": 9,
            "avg_high_c": 24.25,
            "avg_low_c": 10.86,
            "total_rain_mm": 34.03,
            "total_rain_in": 1.34
          },
          {
            "year": 2024,
            "month": 10,
            "avg_high_c": 18.82,
            "avg_low_c": 7.09,
            "total_rain_mm": 123.02,
            "total_rain_in": 4.84
          },
          {
            "year": 2024,
            "month": 11,
            "avg_high_c": 10.25,
            "avg_low_c": 4.12,
            "total_rain_mm": 316.42,
            "total_rain_in": 12.46
          },
          {
            "year": 2024,
            "month": 12,
            "avg_high_c": 9.56,
            "avg_low_c": 3.41,
            "total_rain_mm": 301.4,
            "total_rain_in": 11.87
          },
          {
            "year": 2025,
            "month": 1,
            "avg_high_c": 8.3,
            "avg_low_c": 0.38,
            "total_rain_mm": 131.61,
            "total_rain_in": 5.18
          },
          {
            "year": 2025,
            "month": 2,
            "avg_high_c": 8.57,
            "avg_low_c": 1.98,
            "total_rain_mm": 208.24,
            "total_rain_in": 8.2
          },
          {
            "year": 2025,
            "month": 3,
            "avg_high_c": 11.43,
            "avg_low_c": 4.26,
            "total_rain_mm": 258.95,
            "total_rain_in": 10.19
          },
          {
            "year": 2025,
            "month": 4,
            "avg_high_c": 15.68,
            "avg_low_c": 4.55,
            "total_rain_mm": 62.07,
            "total_rain_in": 2.44
          },
          {
            "year": 2025,
            "month": 5,
            "avg_high_c": 17.55,
            "avg_low_c": 6.39,
            "total_rain_mm": 43.47,
            "total_rain_in": 1.71
          },
          {
            "year": 2025,
            "month": 6,
            "avg_high_c": 21.52,
            "avg_low_c": 9.24,
            "total_rain_mm": 31.15,
            "total_rain_in": 1.23
          },
          {
            "year": 2025,
            "month": 7,
            "avg_high_c": 25.74,
            "avg_low_c": 11.48,
            "total_rain_mm": 0.4,
            "total_rain_in": 0.02
          },
          {
            "year": 2025,
            "month": 8,
            "avg_high_c": 28.03,
            "avg_low_c": 13.28,
            "total_rain_mm": 12.83,
            "total_rain_in": 0.51
          },
          {
            "year": 2025,
            "month": 9,
            "avg_high_c": 24.93,
            "avg_low_c": 11.27,
            "total_rain_mm": 48.46,
            "total_rain_in": 1.91
          },
          {
            "year": 2025,
            "month": 10,
            "avg_high_c": 15.99,
            "avg_low_c": 6.03,
            "total_rain_mm": 137.17,
            "total_rain_in": 5.4
          },
          {
            "year": 2025,
            "month": 11,
            "avg_high_c": 12.27,
            "avg_low_c": 5.4,
            "total_rain_mm": 167.03,
            "total_rain_in": 6.58
          },
          {
            "year": 2025,
            "month": 12,
            "avg_high_c": 10.32,
            "avg_low_c": 4.3,
            "total_rain_mm": 310.36,
            "total_rain_in": 12.22
          }
        ]
      },
      "geometry": {
        "type": "MultiPolygon",
        "coordinates": [
          [
            [
              [
                -2125553.4596999995,
                2703087.7664
              ],
              [
                -2125505.6472999994,
                2703073.7019999996
              ],
              [
                -2125525.4133,
                2703006.5056
              ],
              [
                -2125498.091600001,
                2702998.4690000005
              ],
              [
                -2125489.6205,
                2703027.2675
              ],
              [
                -2125441.8077000007,
                2703013.2036000006
              ],
              [
                -2125421.3165000007,
                2703007.1763000004
              ],
              [
                -2125460.8466999996,
                2702872.7828
              ],
              [
                -2125481.338300001,
                2702878.8102
              ],
              [
                -2125489.8092,
                2702850.011499999
              ],
              [
                -2125708.3862999994,
                2702914.307600001
              ],
              [
                -2125727.2365000006,
                2702951.1435000002
              ],
              [
                -2125707.4689000007,
                2703018.3395000007
              ],
              [
                -2125656.6380000003,
                2703191.1290000007
              ],
              [
                -2125629.317,
                2703183.0919000003
              ],
              [
                -2125640.6126000006,
                2703144.6942
              ],
              [
                -2125592.8005,
                2703130.6293
              ],
              [
                -2125553.4596999995,
                2703087.7664
              ]
            ]
          ]
        ]
      }
    },
    {
      "type": "Feature",
      "properties": {
        "field_id": "WV_AG_004",
        "lat": 44.347487546536044,
        "lon": -123.03216883584248,
        "area_acres": 31.8002601170914,
        "crop_code": 24,
        "cdl_crop": "Winter Wheat",
        "crop_dominant_pct": 91.5,
        "soil_muname": "Holcomb silt loam",
        "soil_drainage": "Somewhat poorly drained",
        "soil_clay_pct": 22.5,
        "soil_sand_pct": 24.8,
        "soil_silt_pct": 52.7,
        "soil_om_pct": 4.0,
        "soil_ph": 6.1,
        "soil_cec": 22.5,
        "soil_depth_cm": 0.0,
        "weather_monthly": [
          {
            "year": 2020,
            "month": 1,
            "avg_high_c": 8.29,
            "avg_low_c": 3.45,
            "total_rain_mm": 335.74,
            "total_rain_in": 13.22
          },
          {
            "year": 2020,
            "month": 2,
            "avg_high_c": 9.41,
            "avg_low_c": 1.31,
            "total_rain_mm": 106.13,
            "total_rain_in": 4.18
          },
          {
            "year": 2020,
            "month": 3,
            "avg_high_c": 10.89,
            "avg_low_c": 1.82,
            "total_rain_mm": 122.53,
            "total_rain_in": 4.82
          },
          {
            "year": 2020,
            "month": 4,
            "avg_high_c": 15.33,
            "avg_low_c": 4.78,
            "total_rain_mm": 69.14,
            "total_rain_in": 2.72
          },
          {
            "year": 2020,
            "month": 5,
            "avg_high_c": 17.79,
            "avg_low_c": 7.72,
            "total_rain_mm": 134.18,
            "total_rain_in": 5.28
          },
          {
            "year": 2020,
            "month": 6,
            "avg_high_c": 19.47,
            "avg_low_c": 9.28,
            "total_rain_mm": 75.69,
            "total_rain_in": 2.98
          },
          {
            "year": 2020,
            "month": 7,
            "avg_high_c": 23.62,
            "avg_low_c": 10.84,
            "total_rain_mm": 1.22,
            "total_rain_in": 0.05
          },
          {
            "year": 2020,
            "month": 8,
            "avg_high_c": 25.28,
            "avg_low_c": 10.98,
            "total_rain_mm": 2.78,
            "total_rain_in": 0.11
          },
          {
            "year": 2020,
            "month": 9,
            "avg_high_c": 24.88,
            "avg_low_c": 11.82,
            "total_rain_mm": 72.75,
            "total_rain_in": 2.86
          },
          {
            "year": 2020,
            "month": 10,
            "avg_high_c": 18.05,
            "avg_low_c": 6.83,
            "total_rain_mm": 69.47,
            "total_rain_in": 2.74
          },
          {
            "year": 2020,
            "month": 11,
            "avg_high_c": 10.89,
            "avg_low_c": 2.86,
            "total_rain_mm": 232.5,
            "total_rain_in": 9.15
          },
          {
            "year": 2020,
            "month": 12,
            "avg_high_c": 9.48,
            "avg_low_c": 1.8,
            "total_rain_mm": 218.39,
            "total_rain_in": 8.6
          },
          {
            "year": 2021,
            "month": 1,
            "avg_high_c": 8.91,
            "avg_low_c": 2.45,
            "total_rain_mm": 254.08,
            "total_rain_in": 10.0
          },
          {
            "year": 2021,
            "month": 2,
            "avg_high_c": 7.83,
            "avg_low_c": 1.9,
            "total_rain_mm": 199.0,
            "total_rain_in": 7.83
          },
          {
            "year": 2021,
            "month": 3,
            "avg_high_c": 11.03,
            "avg_low_c": 1.41,
            "total_rain_mm": 76.2,
            "total_rain_in": 3.0
          },
          {
            "year": 2021,
            "month": 4,
            "avg_high_c": 16.03,
            "avg_low_c": 3.49,
            "total_rain_mm": 26.64,
            "total_rain_in": 1.05
          },
          {
            "year": 2021,
            "month": 5,
            "avg_high_c": 17.61,
            "avg_low_c": 6.63,
            "total_rain_mm": 32.61,
            "total_rain_in": 1.28
          },
          {
            "year": 2021,
            "month": 6,
            "avg_high_c": 23.31,
            "avg_low_c": 10.75,
            "total_rain_mm": 48.27,
            "total_rain_in": 1.9
          },
          {
            "year": 2021,
            "month": 7,
            "avg_high_c": 26.5,
            "avg_low_c": 11.41,
            "total_rain_mm": 1.97,
            "total_rain_in": 0.08
          },
          {
            "year": 2021,
            "month": 8,
            "avg_high_c": 27.12,
            "avg_low_c": 12.3,
            "total_rain_mm": 1.69,
            "total_rain_in": 0.07
          },
          {
            "year": 2021,
            "month": 9,
            "avg_high_c": 24.68,
            "avg_low_c": 9.98,
            "total_rain_mm": 85.39,
            "total_rain_in": 3.36
          },
          {
            "year": 2021,
            "month": 10,
            "avg_high_c": 15.78,
            "avg_low_c": 6.61,
            "total_rain_mm": 126.84,
            "total_rain_in": 4.99
          },
          {
            "year": 2021,
            "month": 11,
            "avg_high_c": 12.39,
            "avg_low_c": 4.82,
            "total_rain_mm": 205.74,
            "total_rain_in": 8.1
          },
          {
            "year": 2021,
            "month": 12,
            "avg_high_c": 6.18,
            "avg_low_c": 1.36,
            "total_rain_mm": 308.92,
            "total_rain_in": 12.16
          },
          {
            "year": 2022,
            "month": 1,
            "avg_high_c": 9.77,
            "avg_low_c": 1.92,
            "total_rain_mm": 158.73,
            "total_rain_in": 6.25
          },
          {
            "year": 2022,
            "month": 2,
            "avg_high_c": 10.27,
            "avg_low_c": 1.55,
            "total_rain_mm": 85.78,
            "total_rain_in": 3.38
          },
          {
            "year": 2022,
            "month": 3,
            "avg_high_c": 12.11,
            "avg_low_c": 3.66,
            "total_rain_mm": 115.37,
            "total_rain_in": 4.54
          },
          {
            "year": 2022,
            "month": 4,
            "avg_high_c": 11.74,
            "avg_low_c": 2.97,
            "total_rain_mm": 181.66,
            "total_rain_in": 7.15
          },
          {
            "year": 2022,
            "month": 5,
            "avg_high_c": 15.02,
            "avg_low_c": 6.09,
            "total_rain_mm": 173.68,
            "total_rain_in": 6.84
          },
          {
            "year": 2022,
            "month": 6,
            "avg_high_c": 20.05,
            "avg_low_c": 9.46,
            "total_rain_mm": 102.97,
            "total_rain_in": 4.05
          },
          {
            "year": 2022,
            "month": 7,
            "avg_high_c": 24.84,
            "avg_low_c": 12.19,
            "total_rain_mm": 7.17,
            "total_rain_in": 0.28
          },
          {
            "year": 2022,
            "month": 8,
            "avg_high_c": 26.1,
            "avg_low_c": 12.91,
            "total_rain_mm": 2.85,
            "total_rain_in": 0.11
          },
          {
            "year": 2022,
            "month": 9,
            "avg_high_c": 24.47,
            "avg_low_c": 11.0,
            "total_rain_mm": 8.81,
            "total_rain_in": 0.35
          },
          {
            "year": 2022,
            "month": 10,
            "avg_high_c": 21.37,
            "avg_low_c": 8.75,
            "total_rain_mm": 58.08,
            "total_rain_in": 2.29
          },
          {
            "year": 2022,
            "month": 11,
            "avg_high_c": 9.79,
            "avg_low_c": 0.95,
            "total_rain_mm": 178.0,
            "total_rain_in": 7.01
          },
          {
            "year": 2022,
            "month": 12,
            "avg_high_c": 7.87,
            "avg_low_c": 1.37,
            "total_rain_mm": 195.13,
            "total_rain_in": 7.68
          },
          {
            "year": 2023,
            "month": 1,
            "avg_high_c": 8.03,
            "avg_low_c": 1.69,
            "total_rain_mm": 125.73,
            "total_rain_in": 4.95
          },
          {
            "year": 2023,
            "month": 2,
            "avg_high_c": 7.67,
            "avg_low_c": 0.08,
            "total_rain_mm": 120.26,
            "total_rain_in": 4.73
          },
          {
            "year": 2023,
            "month": 3,
            "avg_high_c": 8.6,
            "avg_low_c": 0.45,
            "total_rain_mm": 204.35,
            "total_rain_in": 8.05
          },
          {
            "year": 2023,
            "month": 4,
            "avg_high_c": 12.24,
            "avg_low_c": 3.7,
            "total_rain_mm": 183.89,
            "total_rain_in": 7.24
          },
          {
            "year": 2023,
            "month": 5,
            "avg_high_c": 19.84,
            "avg_low_c": 8.26,
            "total_rain_mm": 19.98,
            "total_rain_in": 0.79
          },
          {
            "year": 2023,
            "month": 6,
            "avg_high_c": 21.61,
            "avg_low_c": 8.67,
            "total_rain_mm": 11.98,
            "total_rain_in": 0.47
          },
          {
            "year": 2023,
            "month": 7,
            "avg_high_c": 26.14,
            "avg_low_c": 11.26,
            "total_rain_mm": 1.1,
            "total_rain_in": 0.04
          },
          {
            "year": 2023,
            "month": 8,
            "avg_high_c": 28.47,
            "avg_low_c": 13.2,
            "total_rain_mm": 15.84,
            "total_rain_in": 0.62
          },
          {
            "year": 2023,
            "month": 9,
            "avg_high_c": 23.69,
            "avg_low_c": 10.6,
            "total_rain_mm": 69.32,
            "total_rain_in": 2.73
          },
          {
            "year": 2023,
            "month": 10,
            "avg_high_c": 18.08,
            "avg_low_c": 7.62,
            "total_rain_mm": 112.67,
            "total_rain_in": 4.44
          },
          {
            "year": 2023,
            "month": 11,
            "avg_high_c": 12.32,
            "avg_low_c": 3.76,
            "total_rain_mm": 171.73,
            "total_rain_in": 6.76
          },
          {
            "year": 2023,
            "month": 12,
            "avg_high_c": 10.81,
            "avg_low_c": 4.63,
            "total_rain_mm": 291.62,
            "total_rain_in": 11.48
          },
          {
            "year": 2024,
            "month": 1,
            "avg_high_c": 9.42,
            "avg_low_c": 4.06,
            "total_rain_mm": 392.13,
            "total_rain_in": 15.44
          },
          {
            "year": 2024,
            "month": 2,
            "avg_high_c": 10.23,
            "avg_low_c": 3.33,
            "total_rain_mm": 199.65,
            "total_rain_in": 7.86
          },
          {
            "year": 2024,
            "month": 3,
            "avg_high_c": 11.63,
            "avg_low_c": 2.94,
            "total_rain_mm": 178.34,
            "total_rain_in": 7.02
          },
          {
            "year": 2024,
            "month": 4,
            "avg_high_c": 14.12,
            "avg_low_c": 4.3,
            "total_rain_mm": 93.08,
            "total_rain_in": 3.66
          },
          {
            "year": 2024,
            "month": 5,
            "avg_high_c": 17.1,
            "avg_low_c": 6.17,
            "total_rain_mm": 106.35,
            "total_rain_in": 4.19
          },
          {
            "year": 2024,
            "month": 6,
            "avg_high_c": 20.44,
            "avg_low_c": 9.21,
            "total_rain_mm": 57.73,
            "total_rain_in": 2.27
          },
          {
            "year": 2024,
            "month": 7,
            "avg_high_c": 26.3,
            "avg_low_c": 11.94,
            "total_rain_mm": 5.44,
            "total_rain_in": 0.21
          },
          {
            "year": 2024,
            "month": 8,
            "avg_high_c": 25.26,
            "avg_low_c": 12.04,
            "total_rain_mm": 20.57,
            "total_rain_in": 0.81
          },
          {
            "year": 2024,
            "month": 9,
            "avg_high_c": 24.25,
            "avg_low_c": 10.86,
            "total_rain_mm": 34.03,
            "total_rain_in": 1.34
          },
          {
            "year": 2024,
            "month": 10,
            "avg_high_c": 18.82,
            "avg_low_c": 7.09,
            "total_rain_mm": 123.02,
            "total_rain_in": 4.84
          },
          {
            "year": 2024,
            "month": 11,
            "avg_high_c": 10.25,
            "avg_low_c": 4.12,
            "total_rain_mm": 316.42,
            "total_rain_in": 12.46
          },
          {
            "year": 2024,
            "month": 12,
            "avg_high_c": 9.56,
            "avg_low_c": 3.41,
            "total_rain_mm": 301.4,
            "total_rain_in": 11.87
          },
          {
            "year": 2025,
            "month": 1,
            "avg_high_c": 8.3,
            "avg_low_c": 0.38,
            "total_rain_mm": 131.61,
            "total_rain_in": 5.18
          },
          {
            "year": 2025,
            "month": 2,
            "avg_high_c": 8.57,
            "avg_low_c": 1.98,
            "total_rain_mm": 208.24,
            "total_rain_in": 8.2
          },
          {
            "year": 2025,
            "month": 3,
            "avg_high_c": 11.43,
            "avg_low_c": 4.26,
            "total_rain_mm": 258.95,
            "total_rain_in": 10.19
          },
          {
            "year": 2025,
            "month": 4,
            "avg_high_c": 15.68,
            "avg_low_c": 4.55,
            "total_rain_mm": 62.07,
            "total_rain_in": 2.44
          },
          {
            "year": 2025,
            "month": 5,
            "avg_high_c": 17.55,
            "avg_low_c": 6.39,
            "total_rain_mm": 43.47,
            "total_rain_in": 1.71
          },
          {
            "year": 2025,
            "month": 6,
            "avg_high_c": 21.52,
            "avg_low_c": 9.24,
            "total_rain_mm": 31.15,
            "total_rain_in": 1.23
          },
          {
            "year": 2025,
            "month": 7,
            "avg_high_c": 25.74,
            "avg_low_c": 11.48,
            "total_rain_mm": 0.4,
            "total_rain_in": 0.02
          },
          {
            "year": 2025,
            "month": 8,
            "avg_high_c": 28.03,
            "avg_low_c": 13.28,
            "total_rain_mm": 12.83,
            "total_rain_in": 0.51
          },
          {
            "year": 2025,
            "month": 9,
            "avg_high_c": 24.93,
            "avg_low_c": 11.27,
            "total_rain_mm": 48.46,
            "total_rain_in": 1.91
          },
          {
            "year": 2025,
            "month": 10,
            "avg_high_c": 15.99,
            "avg_low_c": 6.03,
            "total_rain_mm": 137.17,
            "total_rain_in": 5.4
          },
          {
            "year": 2025,
            "month": 11,
            "avg_high_c": 12.27,
            "avg_low_c": 5.4,
            "total_rain_mm": 167.03,
            "total_rain_in": 6.58
          },
          {
            "year": 2025,
            "month": 12,
            "avg_high_c": 10.32,
            "avg_low_c": 4.3,
            "total_rain_mm": 310.36,
            "total_rain_in": 12.22
          }
        ]
      },
      "geometry": {
        "type": "MultiPolygon",
        "coordinates": [
          [
            [
              [
                -2120459.929300001,
                2676849.4761999995
              ],
              [
                -2120471.1669999994,
                2676811.0426000003
              ],
              [
                -2120491.7325,
                2676817.0559
              ],
              [
                -2120500.1609000005,
                2676788.2306999993
              ],
              [
                -2120527.581700001,
                2676796.2485000007
              ],
              [
                -2120559.3852999993,
                2676763.828400001
              ],
              [
                -2120538.819700001,
                2676757.8149999995
              ],
              [
                -2120547.2481999993,
                2676728.9898000006
              ],
              [
                -2120519.8270999994,
                2676720.9718999993
              ],
              [
                -2120511.3987000007,
                2676749.7971
              ],
              [
                -2120415.4252000004,
                2676721.7355000004
              ],
              [
                -2120404.1878999993,
                2676760.1692999993
              ],
              [
                -2120431.6087999996,
                2676768.1866999995
              ],
              [
                -2120423.1807000004,
                2676797.0119000003
              ],
              [
                -2120375.1942999996,
                2676782.9815999996
              ],
              [
                -2120347.773499999,
                2676774.964400001
              ],
              [
                -2120309.115700001,
                2676805.380999999
              ],
              [
                -2120297.878799999,
                2676843.8148
              ],
              [
                -2120249.8926999997,
                2676829.7852999996
              ],
              [
                -2120261.1294,
                2676791.351399999
              ],
              [
                -2120213.142999999,
                2676777.3221000005
              ],
              [
                -2120192.577299999,
                2676771.309699999
              ],
              [
                -2120144.5908000004,
                2676757.2808
              ],
              [
                -2120128.4057,
                2676710.8303999994
              ],
              [
                -2120116.2666999996,
                2676675.9925999995
              ],
              [
                -2120147.1652000006,
                2676570.2984999996
              ],
              [
                -2120190.2032999992,
                2676499.442399999
              ],
              [
                -2120215.3411,
                2676500.9042000007
              ],
              [
                -2120268.4223999996,
                2676511.8797999993
              ],
              [
                -2120288.9888000004,
                2676517.8925
              ],
              [
                -2120364.3987000007,
                2676539.9395000003
              ],
              [
                -2120434.1897,
                2676581.2040999997
              ],
              [
                -2120502.7435999997,
                2676601.2481999993
              ],
              [
                -2120604.3378,
                2676610.0941000003
              ],
              [
                -2120652.3253000006,
                2676624.126
              ],
              [
                -2120700.3126999997,
                2676638.1581999995
              ],
              [
                -2120775.7214,
                2676660.2095
              ],
              [
                -2120770.1019,
                2676679.4261000007
              ],
              [
                -2120738.2970000003,
                2676711.8455
              ],
              [
                -2120710.8759000003,
                2676703.8268999998
              ],
              [
                -2120682.779100001,
                2676799.9102999996
              ],
              [
                -2120634.7927,
                2676785.8782
              ],
              [
                -2120596.1335000005,
                2676816.293400001
              ],
              [
                -2120567.1393,
                2676839.1049000006
              ],
              [
                -2120555.9011000004,
                2676877.5383
              ],
              [
                -2120459.929300001,
                2676849.4761999995
              ]
            ],
            [
              [
                -2120510.499,
                2676676.5250000004
              ],
              [
                -2120518.9274000004,
                2676647.6996999998
              ],
              [
                -2120470.9399999995,
                2676633.6687000003
              ],
              [
                -2120462.5119000003,
                2676662.494000001
              ],
              [
                -2120510.499,
                2676676.5250000004
              ]
            ],
            [
              [
                -2120414.524599999,
                2676648.4634000007
              ],
              [
                -2120422.9525000006,
                2676619.6380000003
              ],
              [
                -2120395.5310999993,
                2676611.6206
              ],
              [
                -2120387.1032,
                2676640.4460000005
              ],
              [
                -2120414.524599999,
                2676648.4634000007
              ]
            ]
          ]
        ]
      }
    },
    {
      "type": "Feature",
      "properties": {
        "field_id": "WV_AG_005",
        "lat": 45.077271069875806,
        "lon": -122.76980725623731,
        "area_acres": 21.7071814508708,
        "crop_code": 37,
        "cdl_crop": "Other Hay",
        "crop_dominant_pct": 80.2,
        "soil_muname": "Willamette silt loam, 3 to 12 percent slopes",
        "soil_drainage": "Well drained",
        "soil_clay_pct": 23.5,
        "soil_sand_pct": 7.0,
        "soil_silt_pct": 69.5,
        "soil_om_pct": 4.0,
        "soil_ph": 6.1,
        "soil_cec": 17.5,
        "soil_depth_cm": 0.0,
        "weather_monthly": [
          {
            "year": 2020,
            "month": 1,
            "avg_high_c": 5.81,
            "avg_low_c": 2.03,
            "total_rain_mm": 359.92,
            "total_rain_in": 14.17
          },
          {
            "year": 2020,
            "month": 2,
            "avg_high_c": 6.99,
            "avg_low_c": 0.03,
            "total_rain_mm": 156.24,
            "total_rain_in": 6.15
          },
          {
            "year": 2020,
            "month": 3,
            "avg_high_c": 8.24,
            "avg_low_c": 0.2,
            "total_rain_mm": 144.29,
            "total_rain_in": 5.68
          },
          {
            "year": 2020,
            "month": 4,
            "avg_high_c": 13.32,
            "avg_low_c": 3.73,
            "total_rain_mm": 83.54,
            "total_rain_in": 3.29
          },
          {
            "year": 2020,
            "month": 5,
            "avg_high_c": 16.34,
            "avg_low_c": 6.92,
            "total_rain_mm": 155.36,
            "total_rain_in": 6.12
          },
          {
            "year": 2020,
            "month": 6,
            "avg_high_c": 17.93,
            "avg_low_c": 8.84,
            "total_rain_mm": 126.7,
            "total_rain_in": 4.99
          },
          {
            "year": 2020,
            "month": 7,
            "avg_high_c": 24.27,
            "avg_low_c": 11.44,
            "total_rain_mm": 6.27,
            "total_rain_in": 0.25
          },
          {
            "year": 2020,
            "month": 8,
            "avg_high_c": 26.48,
            "avg_low_c": 11.41,
            "total_rain_mm": 6.86,
            "total_rain_in": 0.27
          },
          {
            "year": 2020,
            "month": 9,
            "avg_high_c": 24.68,
            "avg_low_c": 11.64,
            "total_rain_mm": 74.35,
            "total_rain_in": 2.93
          },
          {
            "year": 2020,
            "month": 10,
            "avg_high_c": 16.8,
            "avg_low_c": 6.5,
            "total_rain_mm": 130.57,
            "total_rain_in": 5.14
          },
          {
            "year": 2020,
            "month": 11,
            "avg_high_c": 8.61,
            "avg_low_c": 1.9,
            "total_rain_mm": 281.72,
            "total_rain_in": 11.09
          },
          {
            "year": 2020,
            "month": 12,
            "avg_high_c": 7.65,
            "avg_low_c": 1.25,
            "total_rain_mm": 259.29,
            "total_rain_in": 10.21
          },
          {
            "year": 2021,
            "month": 1,
            "avg_high_c": 6.98,
            "avg_low_c": 1.34,
            "total_rain_mm": 261.43,
            "total_rain_in": 10.29
          },
          {
            "year": 2021,
            "month": 2,
            "avg_high_c": 4.47,
            "avg_low_c": 0.24,
            "total_rain_mm": 269.97,
            "total_rain_in": 10.63
          },
          {
            "year": 2021,
            "month": 3,
            "avg_high_c": 9.28,
            "avg_low_c": 0.48,
            "total_rain_mm": 92.81,
            "total_rain_in": 3.65
          },
          {
            "year": 2021,
            "month": 4,
            "avg_high_c": 14.09,
            "avg_low_c": 2.76,
            "total_rain_mm": 31.72,
            "total_rain_in": 1.25
          },
          {
            "year": 2021,
            "month": 5,
            "avg_high_c": 16.27,
            "avg_low_c": 6.07,
            "total_rain_mm": 61.46,
            "total_rain_in": 2.42
          },
          {
            "year": 2021,
            "month": 6,
            "avg_high_c": 24.04,
            "avg_low_c": 11.21,
            "total_rain_mm": 49.22,
            "total_rain_in": 1.94
          },
          {
            "year": 2021,
            "month": 7,
            "avg_high_c": 28.38,
            "avg_low_c": 12.51,
            "total_rain_mm": 1.03,
            "total_rain_in": 0.04
          },
          {
            "year": 2021,
            "month": 8,
            "avg_high_c": 27.64,
            "avg_low_c": 12.44,
            "total_rain_mm": 4.68,
            "total_rain_in": 0.18
          },
          {
            "year": 2021,
            "month": 9,
            "avg_high_c": 23.59,
            "avg_low_c": 9.74,
            "total_rain_mm": 114.11,
            "total_rain_in": 4.49
          },
          {
            "year": 2021,
            "month": 10,
            "avg_high_c": 13.46,
            "avg_low_c": 5.2,
            "total_rain_mm": 156.64,
            "total_rain_in": 6.17
          },
          {
            "year": 2021,
            "month": 11,
            "avg_high_c": 10.34,
            "avg_low_c": 4.21,
            "total_rain_mm": 274.71,
            "total_rain_in": 10.82
          },
          {
            "year": 2021,
            "month": 12,
            "avg_high_c": 3.78,
            "avg_low_c": -0.31,
            "total_rain_mm": 350.28,
            "total_rain_in": 13.79
          },
          {
            "year": 2022,
            "month": 1,
            "avg_high_c": 8.06,
            "avg_low_c": 1.23,
            "total_rain_mm": 225.32,
            "total_rain_in": 8.87
          },
          {
            "year": 2022,
            "month": 2,
            "avg_high_c": 8.05,
            "avg_low_c": 0.03,
            "total_rain_mm": 107.61,
            "total_rain_in": 4.24
          },
          {
            "year": 2022,
            "month": 3,
            "avg_high_c": 10.15,
            "avg_low_c": 2.61,
            "total_rain_mm": 151.02,
            "total_rain_in": 5.95
          },
          {
            "year": 2022,
            "month": 4,
            "avg_high_c": 9.2,
            "avg_low_c": 1.3,
            "total_rain_mm": 229.03,
            "total_rain_in": 9.02
          },
          {
            "year": 2022,
            "month": 5,
            "avg_high_c": 13.16,
            "avg_low_c": 5.08,
            "total_rain_mm": 234.81,
            "total_rain_in": 9.24
          },
          {
            "year": 2022,
            "month": 6,
            "avg_high_c": 18.67,
            "avg_low_c": 8.78,
            "total_rain_mm": 164.65,
            "total_rain_in": 6.48
          },
          {
            "year": 2022,
            "month": 7,
            "avg_high_c": 25.12,
            "avg_low_c": 12.9,
            "total_rain_mm": 12.17,
            "total_rain_in": 0.48
          },
          {
            "year": 2022,
            "month": 8,
            "avg_high_c": 29.06,
            "avg_low_c": 13.57,
            "total_rain_mm": 2.79,
            "total_rain_in": 0.11
          },
          {
            "year": 2022,
            "month": 9,
            "avg_high_c": 25.76,
            "avg_low_c": 11.09,
            "total_rain_mm": 17.6,
            "total_rain_in": 0.69
          },
          {
            "year": 2022,
            "month": 10,
            "avg_high_c": 21.87,
            "avg_low_c": 9.05,
            "total_rain_mm": 105.7,
            "total_rain_in": 4.16
          },
          {
            "year": 2022,
            "month": 11,
            "avg_high_c": 7.14,
            "avg_low_c": 0.32,
            "total_rain_mm": 242.69,
            "total_rain_in": 9.55
          },
          {
            "year": 2022,
            "month": 12,
            "avg_high_c": 5.01,
            "avg_low_c": 0.13,
            "total_rain_mm": 239.46,
            "total_rain_in": 9.43
          },
          {
            "year": 2023,
            "month": 1,
            "avg_high_c": 6.39,
            "avg_low_c": 0.82,
            "total_rain_mm": 121.96,
            "total_rain_in": 4.8
          },
          {
            "year": 2023,
            "month": 2,
            "avg_high_c": 5.15,
            "avg_low_c": -1.05,
            "total_rain_mm": 146.96,
            "total_rain_in": 5.79
          },
          {
            "year": 2023,
            "month": 3,
            "avg_high_c": 5.83,
            "avg_low_c": -0.97,
            "total_rain_mm": 208.72,
            "total_rain_in": 8.22
          },
          {
            "year": 2023,
            "month": 4,
            "avg_high_c": 10.03,
            "avg_low_c": 2.47,
            "total_rain_mm": 208.63,
            "total_rain_in": 8.21
          },
          {
            "year": 2023,
            "month": 5,
            "avg_high_c": 18.49,
            "avg_low_c": 8.23,
            "total_rain_mm": 39.53,
            "total_rain_in": 1.56
          },
          {
            "year": 2023,
            "month": 6,
            "avg_high_c": 20.7,
            "avg_low_c": 8.66,
            "total_rain_mm": 27.84,
            "total_rain_in": 1.1
          },
          {
            "year": 2023,
            "month": 7,
            "avg_high_c": 27.74,
            "avg_low_c": 12.12,
            "total_rain_mm": 2.53,
            "total_rain_in": 0.1
          },
          {
            "year": 2023,
            "month": 8,
            "avg_high_c": 28.71,
            "avg_low_c": 13.39,
            "total_rain_mm": 25.38,
            "total_rain_in": 1.0
          },
          {
            "year": 2023,
            "month": 9,
            "avg_high_c": 22.44,
            "avg_low_c": 9.97,
            "total_rain_mm": 69.83,
            "total_rain_in": 2.75
          },
          {
            "year": 2023,
            "month": 10,
            "avg_high_c": 17.1,
            "avg_low_c": 6.69,
            "total_rain_mm": 132.51,
            "total_rain_in": 5.22
          },
          {
            "year": 2023,
            "month": 11,
            "avg_high_c": 10.75,
            "avg_low_c": 3.03,
            "total_rain_mm": 202.29,
            "total_rain_in": 7.96
          },
          {
            "year": 2023,
            "month": 12,
            "avg_high_c": 9.57,
            "avg_low_c": 3.84,
            "total_rain_mm": 316.81,
            "total_rain_in": 12.47
          },
          {
            "year": 2024,
            "month": 1,
            "avg_high_c": 6.31,
            "avg_low_c": 1.57,
            "total_rain_mm": 421.31,
            "total_rain_in": 16.59
          },
          {
            "year": 2024,
            "month": 2,
            "avg_high_c": 7.68,
            "avg_low_c": 1.43,
            "total_rain_mm": 222.12,
            "total_rain_in": 8.74
          },
          {
            "year": 2024,
            "month": 3,
            "avg_high_c": 9.44,
            "avg_low_c": 1.78,
            "total_rain_mm": 169.03,
            "total_rain_in": 6.65
          },
          {
            "year": 2024,
            "month": 4,
            "avg_high_c": 12.13,
            "avg_low_c": 3.07,
            "total_rain_mm": 116.57,
            "total_rain_in": 4.59
          },
          {
            "year": 2024,
            "month": 5,
            "avg_high_c": 15.29,
            "avg_low_c": 5.39,
            "total_rain_mm": 143.39,
            "total_rain_in": 5.65
          },
          {
            "year": 2024,
            "month": 6,
            "avg_high_c": 19.39,
            "avg_low_c": 8.93,
            "total_rain_mm": 89.0,
            "total_rain_in": 3.5
          },
          {
            "year": 2024,
            "month": 7,
            "avg_high_c": 28.25,
            "avg_low_c": 13.13,
            "total_rain_mm": 9.04,
            "total_rain_in": 0.36
          },
          {
            "year": 2024,
            "month": 8,
            "avg_high_c": 26.69,
            "avg_low_c": 12.07,
            "total_rain_mm": 28.51,
            "total_rain_in": 1.12
          },
          {
            "year": 2024,
            "month": 9,
            "avg_high_c": 24.27,
            "avg_low_c": 10.79,
            "total_rain_mm": 36.96,
            "total_rain_in": 1.46
          },
          {
            "year": 2024,
            "month": 10,
            "avg_high_c": 17.47,
            "avg_low_c": 6.03,
            "total_rain_mm": 141.25,
            "total_rain_in": 5.56
          },
          {
            "year": 2024,
            "month": 11,
            "avg_high_c": 7.85,
            "avg_low_c": 2.65,
            "total_rain_mm": 304.21,
            "total_rain_in": 11.98
          },
          {
            "year": 2024,
            "month": 12,
            "avg_high_c": 8.3,
            "avg_low_c": 2.23,
            "total_rain_mm": 333.84,
            "total_rain_in": 13.14
          },
          {
            "year": 2025,
            "month": 1,
            "avg_high_c": 7.18,
            "avg_low_c": -0.76,
            "total_rain_mm": 132.35,
            "total_rain_in": 5.21
          },
          {
            "year": 2025,
            "month": 2,
            "avg_high_c": 5.84,
            "avg_low_c": -0.17,
            "total_rain_mm": 236.43,
            "total_rain_in": 9.31
          },
          {
            "year": 2025,
            "month": 3,
            "avg_high_c": 9.17,
            "avg_low_c": 2.53,
            "total_rain_mm": 282.53,
            "total_rain_in": 11.12
          },
          {
            "year": 2025,
            "month": 4,
            "avg_high_c": 13.94,
            "avg_low_c": 3.09,
            "total_rain_mm": 73.03,
            "total_rain_in": 2.88
          },
          {
            "year": 2025,
            "month": 5,
            "avg_high_c": 15.8,
            "avg_low_c": 5.06,
            "total_rain_mm": 68.67,
            "total_rain_in": 2.7
          },
          {
            "year": 2025,
            "month": 6,
            "avg_high_c": 20.74,
            "avg_low_c": 8.79,
            "total_rain_mm": 39.96,
            "total_rain_in": 1.57
          },
          {
            "year": 2025,
            "month": 7,
            "avg_high_c": 26.46,
            "avg_low_c": 11.76,
            "total_rain_mm": 2.21,
            "total_rain_in": 0.09
          },
          {
            "year": 2025,
            "month": 8,
            "avg_high_c": 28.09,
            "avg_low_c": 13.36,
            "total_rain_mm": 24.98,
            "total_rain_in": 0.98
          },
          {
            "year": 2025,
            "month": 9,
            "avg_high_c": 24.85,
            "avg_low_c": 11.09,
            "total_rain_mm": 53.01,
            "total_rain_in": 2.09
          },
          {
            "year": 2025,
            "month": 10,
            "avg_high_c": 13.55,
            "avg_low_c": 4.47,
            "total_rain_mm": 162.62,
            "total_rain_in": 6.4
          },
          {
            "year": 2025,
            "month": 11,
            "avg_high_c": 10.71,
            "avg_low_c": 4.08,
            "total_rain_mm": 190.66,
            "total_rain_in": 7.51
          },
          {
            "year": 2025,
            "month": 12,
            "avg_high_c": 8.4,
            "avg_low_c": 3.2,
            "total_rain_mm": 412.06,
            "total_rain_in": 16.22
          }
        ]
      },
      "geometry": {
        "type": "MultiPolygon",
        "coordinates": [
          [
            [
              [
                -2077752.0856999997,
                2749039.9024
              ],
              [
                -2077724.9379999992,
                2749032.0463999994
              ],
              [
                -2077704.577299999,
                2749026.1545
              ],
              [
                -2077677.4296000004,
                2749018.2985999994
              ],
              [
                -2077657.0688000005,
                2749012.4068
              ],
              [
                -2077668.1812999994,
                2748974.0045
              ],
              [
                -2077641.0333999991,
                2748966.1488000005
              ],
              [
                -2077593.5244999994,
                2748952.4014999997
              ],
              [
                -2077601.8586,
                2748923.5997
              ],
              [
                -2077581.4976000004,
                2748917.7081000004
              ],
              [
                -2077600.9434999991,
                2748850.503799999
              ],
              [
                -2077612.0555000007,
                2748812.1012999993
              ],
              [
                -2077620.3894999996,
                2748783.2994999997
              ],
              [
                -2077631.5014999993,
                2748744.8969
              ],
              [
                -2077774.0318999998,
                2748786.1404999997
              ],
              [
                -2077821.5418999996,
                2748799.8890000004
              ],
              [
                -2077943.7098999992,
                2748835.2435999997
              ],
              [
                -2077964.0712000001,
                2748841.1362999994
              ],
              [
                -2077980.1055999994,
                2748887.395199999
              ],
              [
                -2077971.7701999992,
                2748916.1966999993
              ],
              [
                -2077952.3209000006,
                2748983.4001
              ],
              [
                -2077941.2070000004,
                2749021.8018999994
              ],
              [
                -2077932.8715000004,
                2749050.6032999996
              ],
              [
                -2077894.610200001,
                2749081.1483999994
              ],
              [
                -2077847.1020999998,
                2749067.3994999994
              ],
              [
                -2077752.0856999997,
                2749039.9024
              ]
            ]
          ]
        ]
      }
    },
    {
      "type": "Feature",
      "properties": {
        "field_id": "WV_AG_006",
        "lat": 45.03090797339654,
        "lon": -122.70325872683924,
        "area_acres": 23.1652989440418,
        "crop_code": 24,
        "cdl_crop": "Winter Wheat",
        "crop_dominant_pct": 84.6,
        "soil_muname": "Nekia silty clay loam, 2 to 7 percent slopes",
        "soil_drainage": "Well drained",
        "soil_clay_pct": 35.0,
        "soil_sand_pct": 16.9,
        "soil_silt_pct": 48.1,
        "soil_om_pct": 5.5,
        "soil_ph": 5.6,
        "soil_cec": 20.0,
        "soil_depth_cm": 0.0,
        "weather_monthly": [
          {
            "year": 2020,
            "month": 1,
            "avg_high_c": 5.81,
            "avg_low_c": 2.03,
            "total_rain_mm": 359.92,
            "total_rain_in": 14.17
          },
          {
            "year": 2020,
            "month": 2,
            "avg_high_c": 6.99,
            "avg_low_c": 0.03,
            "total_rain_mm": 156.24,
            "total_rain_in": 6.15
          },
          {
            "year": 2020,
            "month": 3,
            "avg_high_c": 8.24,
            "avg_low_c": 0.2,
            "total_rain_mm": 144.29,
            "total_rain_in": 5.68
          },
          {
            "year": 2020,
            "month": 4,
            "avg_high_c": 13.32,
            "avg_low_c": 3.73,
            "total_rain_mm": 83.54,
            "total_rain_in": 3.29
          },
          {
            "year": 2020,
            "month": 5,
            "avg_high_c": 16.34,
            "avg_low_c": 6.92,
            "total_rain_mm": 155.36,
            "total_rain_in": 6.12
          },
          {
            "year": 2020,
            "month": 6,
            "avg_high_c": 17.93,
            "avg_low_c": 8.84,
            "total_rain_mm": 126.7,
            "total_rain_in": 4.99
          },
          {
            "year": 2020,
            "month": 7,
            "avg_high_c": 24.27,
            "avg_low_c": 11.44,
            "total_rain_mm": 6.27,
            "total_rain_in": 0.25
          },
          {
            "year": 2020,
            "month": 8,
            "avg_high_c": 26.48,
            "avg_low_c": 11.41,
            "total_rain_mm": 6.86,
            "total_rain_in": 0.27
          },
          {
            "year": 2020,
            "month": 9,
            "avg_high_c": 24.68,
            "avg_low_c": 11.64,
            "total_rain_mm": 74.35,
            "total_rain_in": 2.93
          },
          {
            "year": 2020,
            "month": 10,
            "avg_high_c": 16.8,
            "avg_low_c": 6.5,
            "total_rain_mm": 130.57,
            "total_rain_in": 5.14
          },
          {
            "year": 2020,
            "month": 11,
            "avg_high_c": 8.61,
            "avg_low_c": 1.9,
            "total_rain_mm": 281.72,
            "total_rain_in": 11.09
          },
          {
            "year": 2020,
            "month": 12,
            "avg_high_c": 7.65,
            "avg_low_c": 1.25,
            "total_rain_mm": 259.29,
            "total_rain_in": 10.21
          },
          {
            "year": 2021,
            "month": 1,
            "avg_high_c": 6.98,
            "avg_low_c": 1.34,
            "total_rain_mm": 261.43,
            "total_rain_in": 10.29
          },
          {
            "year": 2021,
            "month": 2,
            "avg_high_c": 4.47,
            "avg_low_c": 0.24,
            "total_rain_mm": 269.97,
            "total_rain_in": 10.63
          },
          {
            "year": 2021,
            "month": 3,
            "avg_high_c": 9.28,
            "avg_low_c": 0.48,
            "total_rain_mm": 92.81,
            "total_rain_in": 3.65
          },
          {
            "year": 2021,
            "month": 4,
            "avg_high_c": 14.09,
            "avg_low_c": 2.76,
            "total_rain_mm": 31.72,
            "total_rain_in": 1.25
          },
          {
            "year": 2021,
            "month": 5,
            "avg_high_c": 16.27,
            "avg_low_c": 6.07,
            "total_rain_mm": 61.46,
            "total_rain_in": 2.42
          },
          {
            "year": 2021,
            "month": 6,
            "avg_high_c": 24.04,
            "avg_low_c": 11.21,
            "total_rain_mm": 49.22,
            "total_rain_in": 1.94
          },
          {
            "year": 2021,
            "month": 7,
            "avg_high_c": 28.38,
            "avg_low_c": 12.51,
            "total_rain_mm": 1.03,
            "total_rain_in": 0.04
          },
          {
            "year": 2021,
            "month": 8,
            "avg_high_c": 27.64,
            "avg_low_c": 12.44,
            "total_rain_mm": 4.68,
            "total_rain_in": 0.18
          },
          {
            "year": 2021,
            "month": 9,
            "avg_high_c": 23.59,
            "avg_low_c": 9.74,
            "total_rain_mm": 114.11,
            "total_rain_in": 4.49
          },
          {
            "year": 2021,
            "month": 10,
            "avg_high_c": 13.46,
            "avg_low_c": 5.2,
            "total_rain_mm": 156.64,
            "total_rain_in": 6.17
          },
          {
            "year": 2021,
            "month": 11,
            "avg_high_c": 10.34,
            "avg_low_c": 4.21,
            "total_rain_mm": 274.71,
            "total_rain_in": 10.82
          },
          {
            "year": 2021,
            "month": 12,
            "avg_high_c": 3.78,
            "avg_low_c": -0.31,
            "total_rain_mm": 350.28,
            "total_rain_in": 13.79
          },
          {
            "year": 2022,
            "month": 1,
            "avg_high_c": 8.06,
            "avg_low_c": 1.23,
            "total_rain_mm": 225.32,
            "total_rain_in": 8.87
          },
          {
            "year": 2022,
            "month": 2,
            "avg_high_c": 8.05,
            "avg_low_c": 0.03,
            "total_rain_mm": 107.61,
            "total_rain_in": 4.24
          },
          {
            "year": 2022,
            "month": 3,
            "avg_high_c": 10.15,
            "avg_low_c": 2.61,
            "total_rain_mm": 151.02,
            "total_rain_in": 5.95
          },
          {
            "year": 2022,
            "month": 4,
            "avg_high_c": 9.2,
            "avg_low_c": 1.3,
            "total_rain_mm": 229.03,
            "total_rain_in": 9.02
          },
          {
            "year": 2022,
            "month": 5,
            "avg_high_c": 13.16,
            "avg_low_c": 5.08,
            "total_rain_mm": 234.81,
            "total_rain_in": 9.24
          },
          {
            "year": 2022,
            "month": 6,
            "avg_high_c": 18.67,
            "avg_low_c": 8.78,
            "total_rain_mm": 164.65,
            "total_rain_in": 6.48
          },
          {
            "year": 2022,
            "month": 7,
            "avg_high_c": 25.12,
            "avg_low_c": 12.9,
            "total_rain_mm": 12.17,
            "total_rain_in": 0.48
          },
          {
            "year": 2022,
            "month": 8,
            "avg_high_c": 29.06,
            "avg_low_c": 13.57,
            "total_rain_mm": 2.79,
            "total_rain_in": 0.11
          },
          {
            "year": 2022,
            "month": 9,
            "avg_high_c": 25.76,
            "avg_low_c": 11.09,
            "total_rain_mm": 17.6,
            "total_rain_in": 0.69
          },
          {
            "year": 2022,
            "month": 10,
            "avg_high_c": 21.87,
            "avg_low_c": 9.05,
            "total_rain_mm": 105.7,
            "total_rain_in": 4.16
          },
          {
            "year": 2022,
            "month": 11,
            "avg_high_c": 7.14,
            "avg_low_c": 0.32,
            "total_rain_mm": 242.69,
            "total_rain_in": 9.55
          },
          {
            "year": 2022,
            "month": 12,
            "avg_high_c": 5.01,
            "avg_low_c": 0.13,
            "total_rain_mm": 239.46,
            "total_rain_in": 9.43
          },
          {
            "year": 2023,
            "month": 1,
            "avg_high_c": 6.39,
            "avg_low_c": 0.82,
            "total_rain_mm": 121.96,
            "total_rain_in": 4.8
          },
          {
            "year": 2023,
            "month": 2,
            "avg_high_c": 5.15,
            "avg_low_c": -1.05,
            "total_rain_mm": 146.96,
            "total_rain_in": 5.79
          },
          {
            "year": 2023,
            "month": 3,
            "avg_high_c": 5.83,
            "avg_low_c": -0.97,
            "total_rain_mm": 208.72,
            "total_rain_in": 8.22
          },
          {
            "year": 2023,
            "month": 4,
            "avg_high_c": 10.03,
            "avg_low_c": 2.47,
            "total_rain_mm": 208.63,
            "total_rain_in": 8.21
          },
          {
            "year": 2023,
            "month": 5,
            "avg_high_c": 18.49,
            "avg_low_c": 8.23,
            "total_rain_mm": 39.53,
            "total_rain_in": 1.56
          },
          {
            "year": 2023,
            "month": 6,
            "avg_high_c": 20.7,
            "avg_low_c": 8.66,
            "total_rain_mm": 27.84,
            "total_rain_in": 1.1
          },
          {
            "year": 2023,
            "month": 7,
            "avg_high_c": 27.74,
            "avg_low_c": 12.12,
            "total_rain_mm": 2.53,
            "total_rain_in": 0.1
          },
          {
            "year": 2023,
            "month": 8,
            "avg_high_c": 28.71,
            "avg_low_c": 13.39,
            "total_rain_mm": 25.38,
            "total_rain_in": 1.0
          },
          {
            "year": 2023,
            "month": 9,
            "avg_high_c": 22.44,
            "avg_low_c": 9.97,
            "total_rain_mm": 69.83,
            "total_rain_in": 2.75
          },
          {
            "year": 2023,
            "month": 10,
            "avg_high_c": 17.1,
            "avg_low_c": 6.69,
            "total_rain_mm": 132.51,
            "total_rain_in": 5.22
          },
          {
            "year": 2023,
            "month": 11,
            "avg_high_c": 10.75,
            "avg_low_c": 3.03,
            "total_rain_mm": 202.29,
            "total_rain_in": 7.96
          },
          {
            "year": 2023,
            "month": 12,
            "avg_high_c": 9.57,
            "avg_low_c": 3.84,
            "total_rain_mm": 316.81,
            "total_rain_in": 12.47
          },
          {
            "year": 2024,
            "month": 1,
            "avg_high_c": 6.31,
            "avg_low_c": 1.57,
            "total_rain_mm": 421.31,
            "total_rain_in": 16.59
          },
          {
            "year": 2024,
            "month": 2,
            "avg_high_c": 7.68,
            "avg_low_c": 1.43,
            "total_rain_mm": 222.12,
            "total_rain_in": 8.74
          },
          {
            "year": 2024,
            "month": 3,
            "avg_high_c": 9.44,
            "avg_low_c": 1.78,
            "total_rain_mm": 169.03,
            "total_rain_in": 6.65
          },
          {
            "year": 2024,
            "month": 4,
            "avg_high_c": 12.13,
            "avg_low_c": 3.07,
            "total_rain_mm": 116.57,
            "total_rain_in": 4.59
          },
          {
            "year": 2024,
            "month": 5,
            "avg_high_c": 15.29,
            "avg_low_c": 5.39,
            "total_rain_mm": 143.39,
            "total_rain_in": 5.65
          },
          {
            "year": 2024,
            "month": 6,
            "avg_high_c": 19.39,
            "avg_low_c": 8.93,
            "total_rain_mm": 89.0,
            "total_rain_in": 3.5
          },
          {
            "year": 2024,
            "month": 7,
            "avg_high_c": 28.25,
            "avg_low_c": 13.13,
            "total_rain_mm": 9.04,
            "total_rain_in": 0.36
          },
          {
            "year": 2024,
            "month": 8,
            "avg_high_c": 26.69,
            "avg_low_c": 12.07,
            "total_rain_mm": 28.51,
            "total_rain_in": 1.12
          },
          {
            "year": 2024,
            "month": 9,
            "avg_high_c": 24.27,
            "avg_low_c": 10.79,
            "total_rain_mm": 36.96,
            "total_rain_in": 1.46
          },
          {
            "year": 2024,
            "month": 10,
            "avg_high_c": 17.47,
            "avg_low_c": 6.03,
            "total_rain_mm": 141.25,
            "total_rain_in": 5.56
          },
          {
            "year": 2024,
            "month": 11,
            "avg_high_c": 7.85,
            "avg_low_c": 2.65,
            "total_rain_mm": 304.21,
            "total_rain_in": 11.98
          },
          {
            "year": 2024,
            "month": 12,
            "avg_high_c": 8.3,
            "avg_low_c": 2.23,
            "total_rain_mm": 333.84,
            "total_rain_in": 13.14
          },
          {
            "year": 2025,
            "month": 1,
            "avg_high_c": 7.18,
            "avg_low_c": -0.76,
            "total_rain_mm": 132.35,
            "total_rain_in": 5.21
          },
          {
            "year": 2025,
            "month": 2,
            "avg_high_c": 5.84,
            "avg_low_c": -0.17,
            "total_rain_mm": 236.43,
            "total_rain_in": 9.31
          },
          {
            "year": 2025,
            "month": 3,
            "avg_high_c": 9.17,
            "avg_low_c": 2.53,
            "total_rain_mm": 282.53,
            "total_rain_in": 11.12
          },
          {
            "year": 2025,
            "month": 4,
            "avg_high_c": 13.94,
            "avg_low_c": 3.09,
            "total_rain_mm": 73.03,
            "total_rain_in": 2.88
          },
          {
            "year": 2025,
            "month": 5,
            "avg_high_c": 15.8,
            "avg_low_c": 5.06,
            "total_rain_mm": 68.67,
            "total_rain_in": 2.7
          },
          {
            "year": 2025,
            "month": 6,
            "avg_high_c": 20.74,
            "avg_low_c": 8.79,
            "total_rain_mm": 39.96,
            "total_rain_in": 1.57
          },
          {
            "year": 2025,
            "month": 7,
            "avg_high_c": 26.46,
            "avg_low_c": 11.76,
            "total_rain_mm": 2.21,
            "total_rain_in": 0.09
          },
          {
            "year": 2025,
            "month": 8,
            "avg_high_c": 28.09,
            "avg_low_c": 13.36,
            "total_rain_mm": 24.98,
            "total_rain_in": 0.98
          },
          {
            "year": 2025,
            "month": 9,
            "avg_high_c": 24.85,
            "avg_low_c": 11.09,
            "total_rain_mm": 53.01,
            "total_rain_in": 2.09
          },
          {
            "year": 2025,
            "month": 10,
            "avg_high_c": 13.55,
            "avg_low_c": 4.47,
            "total_rain_mm": 162.62,
            "total_rain_in": 6.4
          },
          {
            "year": 2025,
            "month": 11,
            "avg_high_c": 10.71,
            "avg_low_c": 4.08,
            "total_rain_mm": 190.66,
            "total_rain_in": 7.51
          },
          {
            "year": 2025,
            "month": 12,
            "avg_high_c": 8.4,
            "avg_low_c": 3.2,
            "total_rain_mm": 412.06,
            "total_rain_in": 16.22
          }
        ]
      },
      "geometry": {
        "type": "MultiPolygon",
        "coordinates": [
          [
            [
              [
                -2074147.7771000005,
                2742265.6448999997
              ],
              [
                -2074195.3301999997,
                2742279.3694
              ],
              [
                -2074187.0149000008,
                2742308.1801999994
              ],
              [
                -2074234.5678000003,
                2742321.9049999993
              ],
              [
                -2074254.9474999998,
                2742327.7871000003
              ],
              [
                -2074263.2631,
                2742298.976399999
              ],
              [
                -2074337.989,
                2742320.5448000003
              ],
              [
                -2074329.6731000002,
                2742349.3554
              ],
              [
                -2074309.2934000008,
                2742343.473099999
              ],
              [
                -2074282.1205000002,
                2742335.6301000006
              ],
              [
                -2074271.0329,
                2742374.0442999993
              ],
              [
                -2074262.7171999998,
                2742402.8550000004
              ],
              [
                -2074310.2694000006,
                2742416.5801999997
              ],
              [
                -2074357.8214999996,
                2742430.3058
              ],
              [
                -2074373.9058999997,
                2742476.563100001
              ],
              [
                -2074365.5898000002,
                2742505.3736000005
              ],
              [
                -2074338.4174000006,
                2742497.5303000007
              ],
              [
                -2074307.9253000002,
                2742603.1687000003
              ],
              [
                -2074299.6093000006,
                2742631.9791
              ],
              [
                -2074240.9707999993,
                2742656.6679
              ],
              [
                -2074221.5671999995,
                2742723.8922000006
              ],
              [
                -2074174.017000001,
                2742710.1675000004
              ],
              [
                -2074182.3326999992,
                2742681.3571000006
              ],
              [
                -2074107.6105000004,
                2742659.7903000005
              ],
              [
                -2074099.2951999996,
                2742688.6008
              ],
              [
                -2074051.7447999995,
                2742674.8770000003
              ],
              [
                -2074039.6810999997,
                2742640.184800001
              ],
              [
                -2074050.7677999996,
                2742601.7706000004
              ],
              [
                -2074034.6823999994,
                2742555.5143
              ],
              [
                -2074014.3033000007,
                2742549.6328
              ],
              [
                -2074003.2168000005,
                2742588.0471
              ],
              [
                -2073976.0448000003,
                2742580.2051999997
              ],
              [
                -2073966.7520000003,
                2742535.909499999
              ],
              [
                -2073975.0667000003,
                2742507.0987
              ],
              [
                -2074006.5322999991,
                2742474.5656000003
              ],
              [
                -2074128.8079000004,
                2742509.8554
              ],
              [
                -2074137.1231999993,
                2742481.0447000004
              ],
              [
                -2074129.3528000005,
                2742405.9772999994
              ],
              [
                -2074120.0601000004,
                2742361.6810999997
              ],
              [
                -2074112.288899999,
                2742286.613399999
              ],
              [
                -2074120.6039000005,
                2742257.8025
              ],
              [
                -2074147.7771000005,
                2742265.6448999997
              ]
            ]
          ]
        ]
      }
    },
    {
      "type": "Feature",
      "properties": {
        "field_id": "WV_AG_007",
        "lat": 44.59184494530529,
        "lon": -122.72686788822712,
        "area_acres": 87.6324581067163,
        "crop_code": 24,
        "cdl_crop": "Winter Wheat",
        "crop_dominant_pct": 94.1,
        "soil_muname": "Jory silty clay loam, 2 to 12 percent slopes",
        "soil_drainage": "Well drained",
        "soil_clay_pct": 33.5,
        "soil_sand_pct": 18.7,
        "soil_silt_pct": 47.8,
        "soil_om_pct": 4.5,
        "soil_ph": 5.5,
        "soil_cec": 17.5,
        "soil_depth_cm": 0.0,
        "weather_monthly": [
          {
            "year": 2020,
            "month": 1,
            "avg_high_c": 5.34,
            "avg_low_c": 1.53,
            "total_rain_mm": 331.85,
            "total_rain_in": 13.06
          },
          {
            "year": 2020,
            "month": 2,
            "avg_high_c": 6.98,
            "avg_low_c": -0.51,
            "total_rain_mm": 130.43,
            "total_rain_in": 5.14
          },
          {
            "year": 2020,
            "month": 3,
            "avg_high_c": 8.36,
            "avg_low_c": 0.03,
            "total_rain_mm": 135.36,
            "total_rain_in": 5.33
          },
          {
            "year": 2020,
            "month": 4,
            "avg_high_c": 13.21,
            "avg_low_c": 3.44,
            "total_rain_mm": 83.57,
            "total_rain_in": 3.29
          },
          {
            "year": 2020,
            "month": 5,
            "avg_high_c": 16.56,
            "avg_low_c": 6.5,
            "total_rain_mm": 144.92,
            "total_rain_in": 5.71
          },
          {
            "year": 2020,
            "month": 6,
            "avg_high_c": 17.83,
            "avg_low_c": 8.46,
            "total_rain_mm": 101.1,
            "total_rain_in": 3.98
          },
          {
            "year": 2020,
            "month": 7,
            "avg_high_c": 23.71,
            "avg_low_c": 11.39,
            "total_rain_mm": 3.85,
            "total_rain_in": 0.15
          },
          {
            "year": 2020,
            "month": 8,
            "avg_high_c": 26.32,
            "avg_low_c": 11.02,
            "total_rain_mm": 3.46,
            "total_rain_in": 0.14
          },
          {
            "year": 2020,
            "month": 9,
            "avg_high_c": 25.14,
            "avg_low_c": 11.79,
            "total_rain_mm": 65.4,
            "total_rain_in": 2.57
          },
          {
            "year": 2020,
            "month": 10,
            "avg_high_c": 17.19,
            "avg_low_c": 6.33,
            "total_rain_mm": 97.35,
            "total_rain_in": 3.83
          },
          {
            "year": 2020,
            "month": 11,
            "avg_high_c": 8.43,
            "avg_low_c": 1.51,
            "total_rain_mm": 256.94,
            "total_rain_in": 10.12
          },
          {
            "year": 2020,
            "month": 12,
            "avg_high_c": 7.61,
            "avg_low_c": 0.7,
            "total_rain_mm": 214.88,
            "total_rain_in": 8.46
          },
          {
            "year": 2021,
            "month": 1,
            "avg_high_c": 7.13,
            "avg_low_c": 1.01,
            "total_rain_mm": 209.14,
            "total_rain_in": 8.23
          },
          {
            "year": 2021,
            "month": 2,
            "avg_high_c": 4.32,
            "avg_low_c": 0.17,
            "total_rain_mm": 214.13,
            "total_rain_in": 8.43
          },
          {
            "year": 2021,
            "month": 3,
            "avg_high_c": 9.09,
            "avg_low_c": 0.11,
            "total_rain_mm": 76.7,
            "total_rain_in": 3.02
          },
          {
            "year": 2021,
            "month": 4,
            "avg_high_c": 14.26,
            "avg_low_c": 2.58,
            "total_rain_mm": 23.45,
            "total_rain_in": 0.92
          },
          {
            "year": 2021,
            "month": 5,
            "avg_high_c": 15.84,
            "avg_low_c": 5.83,
            "total_rain_mm": 48.27,
            "total_rain_in": 1.9
          },
          {
            "year": 2021,
            "month": 6,
            "avg_high_c": 24.15,
            "avg_low_c": 11.05,
            "total_rain_mm": 38.73,
            "total_rain_in": 1.52
          },
          {
            "year": 2021,
            "month": 7,
            "avg_high_c": 28.64,
            "avg_low_c": 12.44,
            "total_rain_mm": 1.51,
            "total_rain_in": 0.06
          },
          {
            "year": 2021,
            "month": 8,
            "avg_high_c": 27.8,
            "avg_low_c": 12.53,
            "total_rain_mm": 2.44,
            "total_rain_in": 0.1
          },
          {
            "year": 2021,
            "month": 9,
            "avg_high_c": 23.79,
            "avg_low_c": 9.27,
            "total_rain_mm": 100.22,
            "total_rain_in": 3.95
          },
          {
            "year": 2021,
            "month": 10,
            "avg_high_c": 13.87,
            "avg_low_c": 5.13,
            "total_rain_mm": 127.35,
            "total_rain_in": 5.01
          },
          {
            "year": 2021,
            "month": 11,
            "avg_high_c": 10.36,
            "avg_low_c": 3.91,
            "total_rain_mm": 206.13,
            "total_rain_in": 8.12
          },
          {
            "year": 2021,
            "month": 12,
            "avg_high_c": 4.04,
            "avg_low_c": -0.13,
            "total_rain_mm": 298.43,
            "total_rain_in": 11.75
          },
          {
            "year": 2022,
            "month": 1,
            "avg_high_c": 8.25,
            "avg_low_c": 0.92,
            "total_rain_mm": 185.77,
            "total_rain_in": 7.31
          },
          {
            "year": 2022,
            "month": 2,
            "avg_high_c": 8.79,
            "avg_low_c": 0.12,
            "total_rain_mm": 72.84,
            "total_rain_in": 2.87
          },
          {
            "year": 2022,
            "month": 3,
            "avg_high_c": 10.23,
            "avg_low_c": 2.24,
            "total_rain_mm": 120.32,
            "total_rain_in": 4.74
          },
          {
            "year": 2022,
            "month": 4,
            "avg_high_c": 9.22,
            "avg_low_c": 1.24,
            "total_rain_mm": 197.88,
            "total_rain_in": 7.79
          },
          {
            "year": 2022,
            "month": 5,
            "avg_high_c": 13.16,
            "avg_low_c": 4.62,
            "total_rain_mm": 214.96,
            "total_rain_in": 8.46
          },
          {
            "year": 2022,
            "month": 6,
            "avg_high_c": 18.84,
            "avg_low_c": 8.58,
            "total_rain_mm": 134.24,
            "total_rain_in": 5.29
          },
          {
            "year": 2022,
            "month": 7,
            "avg_high_c": 24.73,
            "avg_low_c": 12.83,
            "total_rain_mm": 11.42,
            "total_rain_in": 0.45
          },
          {
            "year": 2022,
            "month": 8,
            "avg_high_c": 28.62,
            "avg_low_c": 13.54,
            "total_rain_mm": 3.08,
            "total_rain_in": 0.12
          },
          {
            "year": 2022,
            "month": 9,
            "avg_high_c": 25.45,
            "avg_low_c": 10.95,
            "total_rain_mm": 13.25,
            "total_rain_in": 0.52
          },
          {
            "year": 2022,
            "month": 10,
            "avg_high_c": 22.04,
            "avg_low_c": 8.72,
            "total_rain_mm": 75.26,
            "total_rain_in": 2.96
          },
          {
            "year": 2022,
            "month": 11,
            "avg_high_c": 7.52,
            "avg_low_c": 0.03,
            "total_rain_mm": 197.87,
            "total_rain_in": 7.79
          },
          {
            "year": 2022,
            "month": 12,
            "avg_high_c": 5.2,
            "avg_low_c": -0.39,
            "total_rain_mm": 196.97,
            "total_rain_in": 7.75
          },
          {
            "year": 2023,
            "month": 1,
            "avg_high_c": 6.16,
            "avg_low_c": 0.16,
            "total_rain_mm": 94.78,
            "total_rain_in": 3.73
          },
          {
            "year": 2023,
            "month": 2,
            "avg_high_c": 5.62,
            "avg_low_c": -1.58,
            "total_rain_mm": 128.77,
            "total_rain_in": 5.07
          },
          {
            "year": 2023,
            "month": 3,
            "avg_high_c": 5.46,
            "avg_low_c": -1.76,
            "total_rain_mm": 197.43,
            "total_rain_in": 7.77
          },
          {
            "year": 2023,
            "month": 4,
            "avg_high_c": 9.79,
            "avg_low_c": 2.21,
            "total_rain_mm": 181.29,
            "total_rain_in": 7.14
          },
          {
            "year": 2023,
            "month": 5,
            "avg_high_c": 18.55,
            "avg_low_c": 7.82,
            "total_rain_mm": 40.93,
            "total_rain_in": 1.61
          },
          {
            "year": 2023,
            "month": 6,
            "avg_high_c": 20.75,
            "avg_low_c": 8.65,
            "total_rain_mm": 22.49,
            "total_rain_in": 0.89
          },
          {
            "year": 2023,
            "month": 7,
            "avg_high_c": 27.63,
            "avg_low_c": 11.8,
            "total_rain_mm": 1.24,
            "total_rain_in": 0.05
          },
          {
            "year": 2023,
            "month": 8,
            "avg_high_c": 28.58,
            "avg_low_c": 13.55,
            "total_rain_mm": 19.34,
            "total_rain_in": 0.76
          },
          {
            "year": 2023,
            "month": 9,
            "avg_high_c": 22.5,
            "avg_low_c": 9.67,
            "total_rain_mm": 61.6,
            "total_rain_in": 2.43
          },
          {
            "year": 2023,
            "month": 10,
            "avg_high_c": 17.22,
            "avg_low_c": 6.74,
            "total_rain_mm": 119.12,
            "total_rain_in": 4.69
          },
          {
            "year": 2023,
            "month": 11,
            "avg_high_c": 11.08,
            "avg_low_c": 2.81,
            "total_rain_mm": 164.18,
            "total_rain_in": 6.46
          },
          {
            "year": 2023,
            "month": 12,
            "avg_high_c": 9.43,
            "avg_low_c": 3.57,
            "total_rain_mm": 270.37,
            "total_rain_in": 10.64
          },
          {
            "year": 2024,
            "month": 1,
            "avg_high_c": 6.52,
            "avg_low_c": 2.44,
            "total_rain_mm": 393.39,
            "total_rain_in": 15.49
          },
          {
            "year": 2024,
            "month": 2,
            "avg_high_c": 7.69,
            "avg_low_c": 1.17,
            "total_rain_mm": 197.0,
            "total_rain_in": 7.76
          },
          {
            "year": 2024,
            "month": 3,
            "avg_high_c": 9.19,
            "avg_low_c": 1.15,
            "total_rain_mm": 155.25,
            "total_rain_in": 6.11
          },
          {
            "year": 2024,
            "month": 4,
            "avg_high_c": 12.0,
            "avg_low_c": 2.91,
            "total_rain_mm": 106.26,
            "total_rain_in": 4.18
          },
          {
            "year": 2024,
            "month": 5,
            "avg_high_c": 15.17,
            "avg_low_c": 5.1,
            "total_rain_mm": 122.01,
            "total_rain_in": 4.8
          },
          {
            "year": 2024,
            "month": 6,
            "avg_high_c": 19.09,
            "avg_low_c": 8.84,
            "total_rain_mm": 64.13,
            "total_rain_in": 2.52
          },
          {
            "year": 2024,
            "month": 7,
            "avg_high_c": 28.15,
            "avg_low_c": 12.91,
            "total_rain_mm": 5.29,
            "total_rain_in": 0.21
          },
          {
            "year": 2024,
            "month": 8,
            "avg_high_c": 26.36,
            "avg_low_c": 11.93,
            "total_rain_mm": 27.54,
            "total_rain_in": 1.08
          },
          {
            "year": 2024,
            "month": 9,
            "avg_high_c": 24.42,
            "avg_low_c": 10.39,
            "total_rain_mm": 29.22,
            "total_rain_in": 1.15
          },
          {
            "year": 2024,
            "month": 10,
            "avg_high_c": 17.58,
            "avg_low_c": 5.79,
            "total_rain_mm": 114.89,
            "total_rain_in": 4.52
          },
          {
            "year": 2024,
            "month": 11,
            "avg_high_c": 7.83,
            "avg_low_c": 2.22,
            "total_rain_mm": 290.92,
            "total_rain_in": 11.45
          },
          {
            "year": 2024,
            "month": 12,
            "avg_high_c": 8.11,
            "avg_low_c": 1.86,
            "total_rain_mm": 317.7,
            "total_rain_in": 12.51
          },
          {
            "year": 2025,
            "month": 1,
            "avg_high_c": 7.36,
            "avg_low_c": -0.64,
            "total_rain_mm": 133.62,
            "total_rain_in": 5.26
          },
          {
            "year": 2025,
            "month": 2,
            "avg_high_c": 5.74,
            "avg_low_c": -0.37,
            "total_rain_mm": 214.01,
            "total_rain_in": 8.43
          },
          {
            "year": 2025,
            "month": 3,
            "avg_high_c": 8.98,
            "avg_low_c": 2.41,
            "total_rain_mm": 271.07,
            "total_rain_in": 10.67
          },
          {
            "year": 2025,
            "month": 4,
            "avg_high_c": 13.9,
            "avg_low_c": 3.0,
            "total_rain_mm": 63.84,
            "total_rain_in": 2.51
          },
          {
            "year": 2025,
            "month": 5,
            "avg_high_c": 15.9,
            "avg_low_c": 5.02,
            "total_rain_mm": 57.39,
            "total_rain_in": 2.26
          },
          {
            "year": 2025,
            "month": 6,
            "avg_high_c": 20.86,
            "avg_low_c": 8.63,
            "total_rain_mm": 37.01,
            "total_rain_in": 1.46
          },
          {
            "year": 2025,
            "month": 7,
            "avg_high_c": 27.14,
            "avg_low_c": 12.1,
            "total_rain_mm": 2.25,
            "total_rain_in": 0.09
          },
          {
            "year": 2025,
            "month": 8,
            "avg_high_c": 28.55,
            "avg_low_c": 13.57,
            "total_rain_mm": 17.47,
            "total_rain_in": 0.69
          },
          {
            "year": 2025,
            "month": 9,
            "avg_high_c": 25.14,
            "avg_low_c": 11.1,
            "total_rain_mm": 50.13,
            "total_rain_in": 1.97
          },
          {
            "year": 2025,
            "month": 10,
            "avg_high_c": 14.31,
            "avg_low_c": 4.69,
            "total_rain_mm": 142.59,
            "total_rain_in": 5.61
          },
          {
            "year": 2025,
            "month": 11,
            "avg_high_c": 11.19,
            "avg_low_c": 4.16,
            "total_rain_mm": 142.53,
            "total_rain_in": 5.61
          },
          {
            "year": 2025,
            "month": 12,
            "avg_high_c": 8.78,
            "avg_low_c": 2.95,
            "total_rain_mm": 343.99,
            "total_rain_in": 13.54
          }
        ]
      },
      "geometry": {
        "type": "MultiPolygon",
        "coordinates": [
          [
            [
              [
                -2089516.7498000003,
                2696640.1456000004
              ],
              [
                -2089393.6937000006,
                2696604.5941000003
              ],
              [
                -2089374.6786000002,
                2696567.857000001
              ],
              [
                -2089405.2248,
                2696462.121200001
              ],
              [
                -2089432.5712000001,
                2696470.021400001
              ],
              [
                -2089463.117900001,
                2696364.285599999
              ],
              [
                -2089455.2096999995,
                2696289.0986
              ],
              [
                -2089386.8419000003,
                2696269.3479999993
              ],
              [
                -2089406.2798999995,
                2696202.0611000005
              ],
              [
                -2089358.4219000004,
                2696188.2358999997
              ],
              [
                -2089347.3147,
                2696226.6856999993
              ],
              [
                -2089272.1095000003,
                2696204.9612000007
              ],
              [
                -2089244.7621,
                2696197.0615999997
              ],
              [
                -2089215.9217000008,
                2696219.9744000006
              ],
              [
                -2089188.5744000003,
                2696212.0749999993
              ],
              [
                -2089176.3935000002,
                2696177.313100001
              ],
              [
                -2089179.5877999999,
                2696063.6761000007
              ],
              [
                -2089131.7289000005,
                2696049.8523999993
              ],
              [
                -2089111.2180000003,
                2696043.928099999
              ],
              [
                -2089141.7588,
                2695938.1898
              ],
              [
                -2089093.8991,
                2695924.3663999997
              ],
              [
                -2089092.8223,
                2695851.1538999993
              ],
              [
                -2089101.1513999999,
                2695822.3160999995
              ],
              [
                -2089132.7685000002,
                2695789.7898999993
              ],
              [
                -2089161.6095000003,
                2695766.8763999995
              ],
              [
                -2089188.9584999997,
                2695774.775699999
              ],
              [
                -2089180.6292000003,
                2695803.613500001
              ],
              [
                -2089467.7909999993,
                2695886.562000001
              ],
              [
                -2089476.1215000004,
                2695857.7245000005
              ],
              [
                -2089503.4702000003,
                2695865.625
              ],
              [
                -2089515.6510000005,
                2695900.3879000004
              ],
              [
                -2089504.5434000008,
                2695938.8378
              ],
              [
                -2089552.4030000009,
                2695952.663899999
              ],
              [
                -2089563.5109,
                2695914.2140999995
              ],
              [
                -2089611.3706999999,
                2695928.0405
              ],
              [
                -2089600.262599999,
                2695966.4902999997
              ],
              [
                -2089648.1219999995,
                2695980.317
              ],
              [
                -2089678.67,
                2695874.5802999996
              ],
              [
                -2089687.0012999997,
                2695845.7430000007
              ],
              [
                -2089706.4409999996,
                2695778.4559000004
              ],
              [
                -2089717.5494,
                2695740.006100001
              ],
              [
                -2089736.9891999997,
                2695672.718800001
              ],
              [
                -2089772.67,
                2695651.7828
              ],
              [
                -2089800.0194000006,
                2695659.6843999997
              ],
              [
                -2089791.6878999993,
                2695688.5218
              ],
              [
                -2089907.9222999997,
                2695722.104699999
              ],
              [
                -2089935.2715000007,
                2695730.0067999996
              ],
              [
                -2090051.5053000003,
                2695763.5919000003
              ],
              [
                -2090067.7441000007,
                2695809.9439000003
              ],
              [
                -2090059.4113999996,
                2695838.7808999997
              ],
              [
                -2090032.0625999998,
                2695830.8784
              ],
              [
                -2090012.6199999992,
                2695898.1646999996
              ],
              [
                -2090039.9684999995,
                2695906.0671999995
              ],
              [
                -2090009.4154000003,
                2696011.8026
              ],
              [
                -2089770.1183000002,
                2695942.6601
              ],
              [
                -2089734.4383000005,
                2695963.5957999993
              ],
              [
                -2089684.448999999,
                2696136.6185999997
              ],
              [
                -2089673.3401999995,
                2696175.0681
              ],
              [
                -2089653.9000000004,
                2696242.3544999994
              ],
              [
                -2089645.5684999991,
                2696271.1915000007
              ],
              [
                -2089626.1283,
                2696338.4778000005
              ],
              [
                -2089615.0196000002,
                2696376.927100001
              ],
              [
                -2089595.5793999992,
                2696444.213199999
              ],
              [
                -2089587.2478999998,
                2696473.0501000006
              ],
              [
                -2089545.5906000007,
                2696617.2343000006
              ],
              [
                -2089525.0812,
                2696611.3088000007
              ],
              [
                -2089516.7498000003,
                2696640.1456000004
              ]
            ]
          ]
        ]
      }
    },
    {
      "type": "Feature",
      "properties": {
        "field_id": "WV_AG_008",
        "lat": 44.59201162703566,
        "lon": -122.69869449202966,
        "area_acres": 13.5847100100005,
        "crop_code": 24,
        "cdl_crop": "Winter Wheat",
        "crop_dominant_pct": 83.1,
        "soil_muname": "Jory silty clay loam, 2 to 12 percent slopes",
        "soil_drainage": "Well drained",
        "soil_clay_pct": 33.5,
        "soil_sand_pct": 18.7,
        "soil_silt_pct": 47.8,
        "soil_om_pct": 4.5,
        "soil_ph": 5.5,
        "soil_cec": 17.5,
        "soil_depth_cm": 0.0,
        "weather_monthly": [
          {
            "year": 2020,
            "month": 1,
            "avg_high_c": 5.34,
            "avg_low_c": 1.53,
            "total_rain_mm": 331.85,
            "total_rain_in": 13.06
          },
          {
            "year": 2020,
            "month": 2,
            "avg_high_c": 6.98,
            "avg_low_c": -0.51,
            "total_rain_mm": 130.43,
            "total_rain_in": 5.14
          },
          {
            "year": 2020,
            "month": 3,
            "avg_high_c": 8.36,
            "avg_low_c": 0.03,
            "total_rain_mm": 135.36,
            "total_rain_in": 5.33
          },
          {
            "year": 2020,
            "month": 4,
            "avg_high_c": 13.21,
            "avg_low_c": 3.44,
            "total_rain_mm": 83.57,
            "total_rain_in": 3.29
          },
          {
            "year": 2020,
            "month": 5,
            "avg_high_c": 16.56,
            "avg_low_c": 6.5,
            "total_rain_mm": 144.92,
            "total_rain_in": 5.71
          },
          {
            "year": 2020,
            "month": 6,
            "avg_high_c": 17.83,
            "avg_low_c": 8.46,
            "total_rain_mm": 101.1,
            "total_rain_in": 3.98
          },
          {
            "year": 2020,
            "month": 7,
            "avg_high_c": 23.71,
            "avg_low_c": 11.39,
            "total_rain_mm": 3.85,
            "total_rain_in": 0.15
          },
          {
            "year": 2020,
            "month": 8,
            "avg_high_c": 26.32,
            "avg_low_c": 11.02,
            "total_rain_mm": 3.46,
            "total_rain_in": 0.14
          },
          {
            "year": 2020,
            "month": 9,
            "avg_high_c": 25.14,
            "avg_low_c": 11.79,
            "total_rain_mm": 65.4,
            "total_rain_in": 2.57
          },
          {
            "year": 2020,
            "month": 10,
            "avg_high_c": 17.19,
            "avg_low_c": 6.33,
            "total_rain_mm": 97.35,
            "total_rain_in": 3.83
          },
          {
            "year": 2020,
            "month": 11,
            "avg_high_c": 8.43,
            "avg_low_c": 1.51,
            "total_rain_mm": 256.94,
            "total_rain_in": 10.12
          },
          {
            "year": 2020,
            "month": 12,
            "avg_high_c": 7.61,
            "avg_low_c": 0.7,
            "total_rain_mm": 214.88,
            "total_rain_in": 8.46
          },
          {
            "year": 2021,
            "month": 1,
            "avg_high_c": 7.13,
            "avg_low_c": 1.01,
            "total_rain_mm": 209.14,
            "total_rain_in": 8.23
          },
          {
            "year": 2021,
            "month": 2,
            "avg_high_c": 4.32,
            "avg_low_c": 0.17,
            "total_rain_mm": 214.13,
            "total_rain_in": 8.43
          },
          {
            "year": 2021,
            "month": 3,
            "avg_high_c": 9.09,
            "avg_low_c": 0.11,
            "total_rain_mm": 76.7,
            "total_rain_in": 3.02
          },
          {
            "year": 2021,
            "month": 4,
            "avg_high_c": 14.26,
            "avg_low_c": 2.58,
            "total_rain_mm": 23.45,
            "total_rain_in": 0.92
          },
          {
            "year": 2021,
            "month": 5,
            "avg_high_c": 15.84,
            "avg_low_c": 5.83,
            "total_rain_mm": 48.27,
            "total_rain_in": 1.9
          },
          {
            "year": 2021,
            "month": 6,
            "avg_high_c": 24.15,
            "avg_low_c": 11.05,
            "total_rain_mm": 38.73,
            "total_rain_in": 1.52
          },
          {
            "year": 2021,
            "month": 7,
            "avg_high_c": 28.64,
            "avg_low_c": 12.44,
            "total_rain_mm": 1.51,
            "total_rain_in": 0.06
          },
          {
            "year": 2021,
            "month": 8,
            "avg_high_c": 27.8,
            "avg_low_c": 12.53,
            "total_rain_mm": 2.44,
            "total_rain_in": 0.1
          },
          {
            "year": 2021,
            "month": 9,
            "avg_high_c": 23.79,
            "avg_low_c": 9.27,
            "total_rain_mm": 100.22,
            "total_rain_in": 3.95
          },
          {
            "year": 2021,
            "month": 10,
            "avg_high_c": 13.87,
            "avg_low_c": 5.13,
            "total_rain_mm": 127.35,
            "total_rain_in": 5.01
          },
          {
            "year": 2021,
            "month": 11,
            "avg_high_c": 10.36,
            "avg_low_c": 3.91,
            "total_rain_mm": 206.13,
            "total_rain_in": 8.12
          },
          {
            "year": 2021,
            "month": 12,
            "avg_high_c": 4.04,
            "avg_low_c": -0.13,
            "total_rain_mm": 298.43,
            "total_rain_in": 11.75
          },
          {
            "year": 2022,
            "month": 1,
            "avg_high_c": 8.25,
            "avg_low_c": 0.92,
            "total_rain_mm": 185.77,
            "total_rain_in": 7.31
          },
          {
            "year": 2022,
            "month": 2,
            "avg_high_c": 8.79,
            "avg_low_c": 0.12,
            "total_rain_mm": 72.84,
            "total_rain_in": 2.87
          },
          {
            "year": 2022,
            "month": 3,
            "avg_high_c": 10.23,
            "avg_low_c": 2.24,
            "total_rain_mm": 120.32,
            "total_rain_in": 4.74
          },
          {
            "year": 2022,
            "month": 4,
            "avg_high_c": 9.22,
            "avg_low_c": 1.24,
            "total_rain_mm": 197.88,
            "total_rain_in": 7.79
          },
          {
            "year": 2022,
            "month": 5,
            "avg_high_c": 13.16,
            "avg_low_c": 4.62,
            "total_rain_mm": 214.96,
            "total_rain_in": 8.46
          },
          {
            "year": 2022,
            "month": 6,
            "avg_high_c": 18.84,
            "avg_low_c": 8.58,
            "total_rain_mm": 134.24,
            "total_rain_in": 5.29
          },
          {
            "year": 2022,
            "month": 7,
            "avg_high_c": 24.73,
            "avg_low_c": 12.83,
            "total_rain_mm": 11.42,
            "total_rain_in": 0.45
          },
          {
            "year": 2022,
            "month": 8,
            "avg_high_c": 28.62,
            "avg_low_c": 13.54,
            "total_rain_mm": 3.08,
            "total_rain_in": 0.12
          },
          {
            "year": 2022,
            "month": 9,
            "avg_high_c": 25.45,
            "avg_low_c": 10.95,
            "total_rain_mm": 13.25,
            "total_rain_in": 0.52
          },
          {
            "year": 2022,
            "month": 10,
            "avg_high_c": 22.04,
            "avg_low_c": 8.72,
            "total_rain_mm": 75.26,
            "total_rain_in": 2.96
          },
          {
            "year": 2022,
            "month": 11,
            "avg_high_c": 7.52,
            "avg_low_c": 0.03,
            "total_rain_mm": 197.87,
            "total_rain_in": 7.79
          },
          {
            "year": 2022,
            "month": 12,
            "avg_high_c": 5.2,
            "avg_low_c": -0.39,
            "total_rain_mm": 196.97,
            "total_rain_in": 7.75
          },
          {
            "year": 2023,
            "month": 1,
            "avg_high_c": 6.16,
            "avg_low_c": 0.16,
            "total_rain_mm": 94.78,
            "total_rain_in": 3.73
          },
          {
            "year": 2023,
            "month": 2,
            "avg_high_c": 5.62,
            "avg_low_c": -1.58,
            "total_rain_mm": 128.77,
            "total_rain_in": 5.07
          },
          {
            "year": 2023,
            "month": 3,
            "avg_high_c": 5.46,
            "avg_low_c": -1.76,
            "total_rain_mm": 197.43,
            "total_rain_in": 7.77
          },
          {
            "year": 2023,
            "month": 4,
            "avg_high_c": 9.79,
            "avg_low_c": 2.21,
            "total_rain_mm": 181.29,
            "total_rain_in": 7.14
          },
          {
            "year": 2023,
            "month": 5,
            "avg_high_c": 18.55,
            "avg_low_c": 7.82,
            "total_rain_mm": 40.93,
            "total_rain_in": 1.61
          },
          {
            "year": 2023,
            "month": 6,
            "avg_high_c": 20.75,
            "avg_low_c": 8.65,
            "total_rain_mm": 22.49,
            "total_rain_in": 0.89
          },
          {
            "year": 2023,
            "month": 7,
            "avg_high_c": 27.63,
            "avg_low_c": 11.8,
            "total_rain_mm": 1.24,
            "total_rain_in": 0.05
          },
          {
            "year": 2023,
            "month": 8,
            "avg_high_c": 28.58,
            "avg_low_c": 13.55,
            "total_rain_mm": 19.34,
            "total_rain_in": 0.76
          },
          {
            "year": 2023,
            "month": 9,
            "avg_high_c": 22.5,
            "avg_low_c": 9.67,
            "total_rain_mm": 61.6,
            "total_rain_in": 2.43
          },
          {
            "year": 2023,
            "month": 10,
            "avg_high_c": 17.22,
            "avg_low_c": 6.74,
            "total_rain_mm": 119.12,
            "total_rain_in": 4.69
          },
          {
            "year": 2023,
            "month": 11,
            "avg_high_c": 11.08,
            "avg_low_c": 2.81,
            "total_rain_mm": 164.18,
            "total_rain_in": 6.46
          },
          {
            "year": 2023,
            "month": 12,
            "avg_high_c": 9.43,
            "avg_low_c": 3.57,
            "total_rain_mm": 270.37,
            "total_rain_in": 10.64
          },
          {
            "year": 2024,
            "month": 1,
            "avg_high_c": 6.52,
            "avg_low_c": 2.44,
            "total_rain_mm": 393.39,
            "total_rain_in": 15.49
          },
          {
            "year": 2024,
            "month": 2,
            "avg_high_c": 7.69,
            "avg_low_c": 1.17,
            "total_rain_mm": 197.0,
            "total_rain_in": 7.76
          },
          {
            "year": 2024,
            "month": 3,
            "avg_high_c": 9.19,
            "avg_low_c": 1.15,
            "total_rain_mm": 155.25,
            "total_rain_in": 6.11
          },
          {
            "year": 2024,
            "month": 4,
            "avg_high_c": 12.0,
            "avg_low_c": 2.91,
            "total_rain_mm": 106.26,
            "total_rain_in": 4.18
          },
          {
            "year": 2024,
            "month": 5,
            "avg_high_c": 15.17,
            "avg_low_c": 5.1,
            "total_rain_mm": 122.01,
            "total_rain_in": 4.8
          },
          {
            "year": 2024,
            "month": 6,
            "avg_high_c": 19.09,
            "avg_low_c": 8.84,
            "total_rain_mm": 64.13,
            "total_rain_in": 2.52
          },
          {
            "year": 2024,
            "month": 7,
            "avg_high_c": 28.15,
            "avg_low_c": 12.91,
            "total_rain_mm": 5.29,
            "total_rain_in": 0.21
          },
          {
            "year": 2024,
            "month": 8,
            "avg_high_c": 26.36,
            "avg_low_c": 11.93,
            "total_rain_mm": 27.54,
            "total_rain_in": 1.08
          },
          {
            "year": 2024,
            "month": 9,
            "avg_high_c": 24.42,
            "avg_low_c": 10.39,
            "total_rain_mm": 29.22,
            "total_rain_in": 1.15
          },
          {
            "year": 2024,
            "month": 10,
            "avg_high_c": 17.58,
            "avg_low_c": 5.79,
            "total_rain_mm": 114.89,
            "total_rain_in": 4.52
          },
          {
            "year": 2024,
            "month": 11,
            "avg_high_c": 7.83,
            "avg_low_c": 2.22,
            "total_rain_mm": 290.92,
            "total_rain_in": 11.45
          },
          {
            "year": 2024,
            "month": 12,
            "avg_high_c": 8.11,
            "avg_low_c": 1.86,
            "total_rain_mm": 317.7,
            "total_rain_in": 12.51
          },
          {
            "year": 2025,
            "month": 1,
            "avg_high_c": 7.36,
            "avg_low_c": -0.64,
            "total_rain_mm": 133.62,
            "total_rain_in": 5.26
          },
          {
            "year": 2025,
            "month": 2,
            "avg_high_c": 5.74,
            "avg_low_c": -0.37,
            "total_rain_mm": 214.01,
            "total_rain_in": 8.43
          },
          {
            "year": 2025,
            "month": 3,
            "avg_high_c": 8.98,
            "avg_low_c": 2.41,
            "total_rain_mm": 271.07,
            "total_rain_in": 10.67
          },
          {
            "year": 2025,
            "month": 4,
            "avg_high_c": 13.9,
            "avg_low_c": 3.0,
            "total_rain_mm": 63.84,
            "total_rain_in": 2.51
          },
          {
            "year": 2025,
            "month": 5,
            "avg_high_c": 15.9,
            "avg_low_c": 5.02,
            "total_rain_mm": 57.39,
            "total_rain_in": 2.26
          },
          {
            "year": 2025,
            "month": 6,
            "avg_high_c": 20.86,
            "avg_low_c": 8.63,
            "total_rain_mm": 37.01,
            "total_rain_in": 1.46
          },
          {
            "year": 2025,
            "month": 7,
            "avg_high_c": 27.14,
            "avg_low_c": 12.1,
            "total_rain_mm": 2.25,
            "total_rain_in": 0.09
          },
          {
            "year": 2025,
            "month": 8,
            "avg_high_c": 28.55,
            "avg_low_c": 13.57,
            "total_rain_mm": 17.47,
            "total_rain_in": 0.69
          },
          {
            "year": 2025,
            "month": 9,
            "avg_high_c": 25.14,
            "avg_low_c": 11.1,
            "total_rain_mm": 50.13,
            "total_rain_in": 1.97
          },
          {
            "year": 2025,
            "month": 10,
            "avg_high_c": 14.31,
            "avg_low_c": 4.69,
            "total_rain_mm": 142.59,
            "total_rain_in": 5.61
          },
          {
            "year": 2025,
            "month": 11,
            "avg_high_c": 11.19,
            "avg_low_c": 4.16,
            "total_rain_mm": 142.53,
            "total_rain_in": 5.61
          },
          {
            "year": 2025,
            "month": 12,
            "avg_high_c": 8.78,
            "avg_low_c": 2.95,
            "total_rain_mm": 343.99,
            "total_rain_in": 13.54
          }
        ]
      },
      "geometry": {
        "type": "MultiPolygon",
        "coordinates": [
          [
            [
              [
                -2087395.0725999996,
                2695548.4661999997
              ],
              [
                -2087347.2102000006,
                2695534.6543000005
              ],
              [
                -2087307.6699,
                2695492.0030000005
              ],
              [
                -2087232.4571000002,
                2695470.299799999
              ],
              [
                -2087195.6897999998,
                2695418.0358000007
              ],
              [
                -2087223.4285000004,
                2695321.9025999997
              ],
              [
                -2087291.8052999992,
                2695341.6327
              ],
              [
                -2087283.4834000003,
                2695370.4726
              ],
              [
                -2087338.1843999997,
                2695386.257099999
              ],
              [
                -2087346.5065000001,
                2695357.417199999
              ],
              [
                -2087414.8828999996,
                2695377.148499999
              ],
              [
                -2087474.1656,
                2695388.4747
              ],
              [
                -2087513.3838,
                2695395.1601
              ],
              [
                -2087529.637,
                2695441.505999999
              ],
              [
                -2087541.8267,
                2695476.2654999997
              ],
              [
                -2087559.2448999994,
                2695558.7249999996
              ],
              [
                -2087499.1197999995,
                2695547.2512
              ],
              [
                -2087490.7969000004,
                2695576.0908000004
              ],
              [
                -2087511.3092,
                2695582.010500001
              ],
              [
                -2087500.2119999994,
                2695620.463199999
              ],
              [
                -2087431.8378999997,
                2695600.7311000004
              ],
              [
                -2087442.9348000009,
                2695562.2783000004
              ],
              [
                -2087415.585000001,
                2695554.3856000006
              ],
              [
                -2087395.0725999996,
                2695548.4661999997
              ]
            ]
          ]
        ]
      }
    },
    {
      "type": "Feature",
      "properties": {
        "field_id": "WV_AG_009",
        "lat": 44.175383703664046,
        "lon": -123.26665897816419,
        "area_acres": 11.8274336019891,
        "crop_code": 24,
        "cdl_crop": "Winter Wheat",
        "crop_dominant_pct": 96.2,
        "soil_muname": "Malabon silty clay loam",
        "soil_drainage": "Well drained",
        "soil_clay_pct": 31.0,
        "soil_sand_pct": 20.0,
        "soil_silt_pct": 49.0,
        "soil_om_pct": 5.0,
        "soil_ph": 6.1,
        "soil_cec": 25.0,
        "soil_depth_cm": 0.0,
        "weather_monthly": [
          {
            "year": 2020,
            "month": 1,
            "avg_high_c": 7.66,
            "avg_low_c": 3.21,
            "total_rain_mm": 280.71,
            "total_rain_in": 11.05
          },
          {
            "year": 2020,
            "month": 2,
            "avg_high_c": 9.12,
            "avg_low_c": 0.7,
            "total_rain_mm": 88.78,
            "total_rain_in": 3.5
          },
          {
            "year": 2020,
            "month": 3,
            "avg_high_c": 10.54,
            "avg_low_c": 1.58,
            "total_rain_mm": 108.69,
            "total_rain_in": 4.28
          },
          {
            "year": 2020,
            "month": 4,
            "avg_high_c": 15.02,
            "avg_low_c": 4.71,
            "total_rain_mm": 73.03,
            "total_rain_in": 2.88
          },
          {
            "year": 2020,
            "month": 5,
            "avg_high_c": 17.39,
            "avg_low_c": 7.19,
            "total_rain_mm": 120.67,
            "total_rain_in": 4.75
          },
          {
            "year": 2020,
            "month": 6,
            "avg_high_c": 19.11,
            "avg_low_c": 9.05,
            "total_rain_mm": 70.28,
            "total_rain_in": 2.77
          },
          {
            "year": 2020,
            "month": 7,
            "avg_high_c": 23.77,
            "avg_low_c": 11.01,
            "total_rain_mm": 1.23,
            "total_rain_in": 0.05
          },
          {
            "year": 2020,
            "month": 8,
            "avg_high_c": 26.66,
            "avg_low_c": 10.99,
            "total_rain_mm": 2.32,
            "total_rain_in": 0.09
          },
          {
            "year": 2020,
            "month": 9,
            "avg_high_c": 26.07,
            "avg_low_c": 11.71,
            "total_rain_mm": 58.73,
            "total_rain_in": 2.31
          },
          {
            "year": 2020,
            "month": 10,
            "avg_high_c": 19.05,
            "avg_low_c": 7.03,
            "total_rain_mm": 64.71,
            "total_rain_in": 2.55
          },
          {
            "year": 2020,
            "month": 11,
            "avg_high_c": 10.65,
            "avg_low_c": 2.51,
            "total_rain_mm": 204.9,
            "total_rain_in": 8.07
          },
          {
            "year": 2020,
            "month": 12,
            "avg_high_c": 9.4,
            "avg_low_c": 1.62,
            "total_rain_mm": 187.39,
            "total_rain_in": 7.38
          },
          {
            "year": 2021,
            "month": 1,
            "avg_high_c": 8.67,
            "avg_low_c": 2.37,
            "total_rain_mm": 184.79,
            "total_rain_in": 7.28
          },
          {
            "year": 2021,
            "month": 2,
            "avg_high_c": 7.16,
            "avg_low_c": 1.66,
            "total_rain_mm": 163.15,
            "total_rain_in": 6.42
          },
          {
            "year": 2021,
            "month": 3,
            "avg_high_c": 10.78,
            "avg_low_c": 1.09,
            "total_rain_mm": 68.13,
            "total_rain_in": 2.68
          },
          {
            "year": 2021,
            "month": 4,
            "avg_high_c": 15.69,
            "avg_low_c": 3.28,
            "total_rain_mm": 17.85,
            "total_rain_in": 0.7
          },
          {
            "year": 2021,
            "month": 5,
            "avg_high_c": 16.96,
            "avg_low_c": 6.41,
            "total_rain_mm": 33.24,
            "total_rain_in": 1.31
          },
          {
            "year": 2021,
            "month": 6,
            "avg_high_c": 23.28,
            "avg_low_c": 10.71,
            "total_rain_mm": 33.37,
            "total_rain_in": 1.31
          },
          {
            "year": 2021,
            "month": 7,
            "avg_high_c": 27.7,
            "avg_low_c": 11.54,
            "total_rain_mm": 1.42,
            "total_rain_in": 0.06
          },
          {
            "year": 2021,
            "month": 8,
            "avg_high_c": 27.84,
            "avg_low_c": 12.16,
            "total_rain_mm": 1.11,
            "total_rain_in": 0.04
          },
          {
            "year": 2021,
            "month": 9,
            "avg_high_c": 25.0,
            "avg_low_c": 9.64,
            "total_rain_mm": 82.72,
            "total_rain_in": 3.26
          },
          {
            "year": 2021,
            "month": 10,
            "avg_high_c": 16.05,
            "avg_low_c": 6.61,
            "total_rain_mm": 104.65,
            "total_rain_in": 4.12
          },
          {
            "year": 2021,
            "month": 11,
            "avg_high_c": 12.26,
            "avg_low_c": 4.72,
            "total_rain_mm": 156.92,
            "total_rain_in": 6.18
          },
          {
            "year": 2021,
            "month": 12,
            "avg_high_c": 5.99,
            "avg_low_c": 1.66,
            "total_rain_mm": 254.46,
            "total_rain_in": 10.02
          },
          {
            "year": 2022,
            "month": 1,
            "avg_high_c": 10.25,
            "avg_low_c": 1.58,
            "total_rain_mm": 140.49,
            "total_rain_in": 5.53
          },
          {
            "year": 2022,
            "month": 2,
            "avg_high_c": 10.43,
            "avg_low_c": 1.5,
            "total_rain_mm": 44.88,
            "total_rain_in": 1.77
          },
          {
            "year": 2022,
            "month": 3,
            "avg_high_c": 11.97,
            "avg_low_c": 3.41,
            "total_rain_mm": 100.24,
            "total_rain_in": 3.95
          },
          {
            "year": 2022,
            "month": 4,
            "avg_high_c": 11.32,
            "avg_low_c": 2.64,
            "total_rain_mm": 161.54,
            "total_rain_in": 6.36
          },
          {
            "year": 2022,
            "month": 5,
            "avg_high_c": 14.57,
            "avg_low_c": 5.9,
            "total_rain_mm": 174.98,
            "total_rain_in": 6.89
          },
          {
            "year": 2022,
            "month": 6,
            "avg_high_c": 19.98,
            "avg_low_c": 9.33,
            "total_rain_mm": 99.4,
            "total_rain_in": 3.91
          },
          {
            "year": 2022,
            "month": 7,
            "avg_high_c": 24.74,
            "avg_low_c": 12.38,
            "total_rain_mm": 7.74,
            "total_rain_in": 0.3
          },
          {
            "year": 2022,
            "month": 8,
            "avg_high_c": 26.85,
            "avg_low_c": 12.9,
            "total_rain_mm": 1.93,
            "total_rain_in": 0.08
          },
          {
            "year": 2022,
            "month": 9,
            "avg_high_c": 25.2,
            "avg_low_c": 10.87,
            "total_rain_mm": 8.62,
            "total_rain_in": 0.34
          },
          {
            "year": 2022,
            "month": 10,
            "avg_high_c": 21.99,
            "avg_low_c": 8.89,
            "total_rain_mm": 57.5,
            "total_rain_in": 2.26
          },
          {
            "year": 2022,
            "month": 11,
            "avg_high_c": 9.82,
            "avg_low_c": 0.86,
            "total_rain_mm": 160.98,
            "total_rain_in": 6.34
          },
          {
            "year": 2022,
            "month": 12,
            "avg_high_c": 7.61,
            "avg_low_c": 1.27,
            "total_rain_mm": 173.4,
            "total_rain_in": 6.83
          },
          {
            "year": 2023,
            "month": 1,
            "avg_high_c": 7.82,
            "avg_low_c": 1.42,
            "total_rain_mm": 94.49,
            "total_rain_in": 3.72
          },
          {
            "year": 2023,
            "month": 2,
            "avg_high_c": 7.78,
            "avg_low_c": -0.04,
            "total_rain_mm": 112.98,
            "total_rain_in": 4.45
          },
          {
            "year": 2023,
            "month": 3,
            "avg_high_c": 7.61,
            "avg_low_c": -0.22,
            "total_rain_mm": 193.63,
            "total_rain_in": 7.62
          },
          {
            "year": 2023,
            "month": 4,
            "avg_high_c": 11.76,
            "avg_low_c": 3.48,
            "total_rain_mm": 155.44,
            "total_rain_in": 6.12
          },
          {
            "year": 2023,
            "month": 5,
            "avg_high_c": 19.43,
            "avg_low_c": 8.12,
            "total_rain_mm": 27.62,
            "total_rain_in": 1.09
          },
          {
            "year": 2023,
            "month": 6,
            "avg_high_c": 21.13,
            "avg_low_c": 8.79,
            "total_rain_mm": 13.29,
            "total_rain_in": 0.52
          },
          {
            "year": 2023,
            "month": 7,
            "avg_high_c": 26.83,
            "avg_low_c": 11.23,
            "total_rain_mm": 0.8,
            "total_rain_in": 0.03
          },
          {
            "year": 2023,
            "month": 8,
            "avg_high_c": 29.16,
            "avg_low_c": 12.95,
            "total_rain_mm": 13.99,
            "total_rain_in": 0.55
          },
          {
            "year": 2023,
            "month": 9,
            "avg_high_c": 24.05,
            "avg_low_c": 10.15,
            "total_rain_mm": 56.6,
            "total_rain_in": 2.23
          },
          {
            "year": 2023,
            "month": 10,
            "avg_high_c": 18.3,
            "avg_low_c": 7.1,
            "total_rain_mm": 106.79,
            "total_rain_in": 4.2
          },
          {
            "year": 2023,
            "month": 11,
            "avg_high_c": 12.28,
            "avg_low_c": 3.5,
            "total_rain_mm": 139.45,
            "total_rain_in": 5.49
          },
          {
            "year": 2023,
            "month": 12,
            "avg_high_c": 10.7,
            "avg_low_c": 4.32,
            "total_rain_mm": 245.67,
            "total_rain_in": 9.67
          },
          {
            "year": 2024,
            "month": 1,
            "avg_high_c": 9.33,
            "avg_low_c": 4.32,
            "total_rain_mm": 351.31,
            "total_rain_in": 13.83
          },
          {
            "year": 2024,
            "month": 2,
            "avg_high_c": 9.73,
            "avg_low_c": 3.04,
            "total_rain_mm": 178.71,
            "total_rain_in": 7.04
          },
          {
            "year": 2024,
            "month": 3,
            "avg_high_c": 10.96,
            "avg_low_c": 2.61,
            "total_rain_mm": 164.28,
            "total_rain_in": 6.47
          },
          {
            "year": 2024,
            "month": 4,
            "avg_high_c": 13.62,
            "avg_low_c": 4.03,
            "total_rain_mm": 93.19,
            "total_rain_in": 3.67
          },
          {
            "year": 2024,
            "month": 5,
            "avg_high_c": 16.89,
            "avg_low_c": 5.88,
            "total_rain_mm": 103.89,
            "total_rain_in": 4.09
          },
          {
            "year": 2024,
            "month": 6,
            "avg_high_c": 20.35,
            "avg_low_c": 9.04,
            "total_rain_mm": 54.09,
            "total_rain_in": 2.13
          },
          {
            "year": 2024,
            "month": 7,
            "avg_high_c": 26.5,
            "avg_low_c": 12.22,
            "total_rain_mm": 3.37,
            "total_rain_in": 0.13
          },
          {
            "year": 2024,
            "month": 8,
            "avg_high_c": 26.3,
            "avg_low_c": 12.01,
            "total_rain_mm": 24.29,
            "total_rain_in": 0.96
          },
          {
            "year": 2024,
            "month": 9,
            "avg_high_c": 25.02,
            "avg_low_c": 10.59,
            "total_rain_mm": 32.9,
            "total_rain_in": 1.3
          },
          {
            "year": 2024,
            "month": 10,
            "avg_high_c": 19.19,
            "avg_low_c": 6.89,
            "total_rain_mm": 98.47,
            "total_rain_in": 3.88
          },
          {
            "year": 2024,
            "month": 11,
            "avg_high_c": 9.64,
            "avg_low_c": 3.86,
            "total_rain_mm": 293.22,
            "total_rain_in": 11.54
          },
          {
            "year": 2024,
            "month": 12,
            "avg_high_c": 9.76,
            "avg_low_c": 3.29,
            "total_rain_mm": 295.17,
            "total_rain_in": 11.62
          },
          {
            "year": 2025,
            "month": 1,
            "avg_high_c": 8.65,
            "avg_low_c": 0.33,
            "total_rain_mm": 131.95,
            "total_rain_in": 5.19
          },
          {
            "year": 2025,
            "month": 2,
            "avg_high_c": 8.13,
            "avg_low_c": 1.66,
            "total_rain_mm": 190.55,
            "total_rain_in": 7.5
          },
          {
            "year": 2025,
            "month": 3,
            "avg_high_c": 11.05,
            "avg_low_c": 4.06,
            "total_rain_mm": 268.39,
            "total_rain_in": 10.57
          },
          {
            "year": 2025,
            "month": 4,
            "avg_high_c": 15.16,
            "avg_low_c": 4.32,
            "total_rain_mm": 58.55,
            "total_rain_in": 2.31
          },
          {
            "year": 2025,
            "month": 5,
            "avg_high_c": 17.27,
            "avg_low_c": 6.52,
            "total_rain_mm": 44.19,
            "total_rain_in": 1.74
          },
          {
            "year": 2025,
            "month": 6,
            "avg_high_c": 21.41,
            "avg_low_c": 9.22,
            "total_rain_mm": 31.7,
            "total_rain_in": 1.25
          },
          {
            "year": 2025,
            "month": 7,
            "avg_high_c": 26.68,
            "avg_low_c": 11.54,
            "total_rain_mm": 0.73,
            "total_rain_in": 0.03
          },
          {
            "year": 2025,
            "month": 8,
            "avg_high_c": 29.54,
            "avg_low_c": 13.29,
            "total_rain_mm": 10.11,
            "total_rain_in": 0.4
          },
          {
            "year": 2025,
            "month": 9,
            "avg_high_c": 25.66,
            "avg_low_c": 10.95,
            "total_rain_mm": 47.25,
            "total_rain_in": 1.86
          },
          {
            "year": 2025,
            "month": 10,
            "avg_high_c": 16.4,
            "avg_low_c": 6.01,
            "total_rain_mm": 126.39,
            "total_rain_in": 4.98
          },
          {
            "year": 2025,
            "month": 11,
            "avg_high_c": 12.57,
            "avg_low_c": 5.3,
            "total_rain_mm": 124.05,
            "total_rain_in": 4.88
          },
          {
            "year": 2025,
            "month": 12,
            "avg_high_c": 10.45,
            "avg_low_c": 4.15,
            "total_rain_mm": 259.14,
            "total_rain_in": 10.2
          }
        ]
      },
      "geometry": {
        "type": "MultiPolygon",
        "coordinates": [
          [
            [
              [
                -2143638.432499999,
                2663689.6411000006
              ],
              [
                -2143649.7683000006,
                2663651.2216999996
              ],
              [
                -2143637.667199999,
                2663616.3281999994
              ],
              [
                -2143649.0029000007,
                2663577.9088000003
              ],
              [
                -2143621.5321999993,
                2663569.8036
              ],
              [
                -2143600.9290999994,
                2663563.7247
              ],
              [
                -2143617.9321999997,
                2663506.0953
              ],
              [
                -2143629.2676999997,
                2663467.6756999996
              ],
              [
                -2143637.7693000007,
                2663438.8609999996
              ],
              [
                -2143649.104800001,
                2663400.441299999
              ],
              [
                -2143669.7083,
                2663406.520300001
              ],
              [
                -2143689.545600001,
                2663339.2858000007
              ],
              [
                -2143737.6209999993,
                2663353.4704
              ],
              [
                -2143726.2851,
                2663391.8901000004
              ],
              [
                -2143705.681500001,
                2663385.810900001
              ],
              [
                -2143717.7831999995,
                2663420.7048000004
              ],
              [
                -2143813.9328000005,
                2663449.0746999998
              ],
              [
                -2143802.5964,
                2663487.4941000007
              ],
              [
                -2143781.9931000005,
                2663481.4147999994
              ],
              [
                -2143773.4909000006,
                2663510.2293999996
              ],
              [
                -2143821.5650999993,
                2663524.4146
              ],
              [
                -2143842.168299999,
                2663530.494000001
              ],
              [
                -2143830.831700001,
                2663568.9133
              ],
              [
                -2143858.3025,
                2663577.0193000007
              ],
              [
                -2143849.8000000007,
                2663605.8336999994
              ],
              [
                -2143822.3292999994,
                2663597.7278000005
              ],
              [
                -2143793.2238999996,
                2663620.4628
              ],
              [
                -2143773.3850999996,
                2663687.6964999996
              ],
              [
                -2143745.9147999994,
                2663679.5908000004
              ],
              [
                -2143725.312000001,
                2663673.511600001
              ],
              [
                -2143697.841600001,
                2663665.4060999993
              ],
              [
                -2143677.2388000004,
                2663659.3270999994
              ],
              [
                -2143665.902899999,
                2663697.7464000005
              ],
              [
                -2143638.432499999,
                2663689.6411000006
              ]
            ],
            [
              [
                -2143697.9454999994,
                2663487.9389999993
              ],
              [
                -2143677.3422,
                2663481.8598999996
              ],
              [
                -2143666.0065,
                2663520.2795
              ],
              [
                -2143686.6097,
                2663526.3585
              ],
              [
                -2143697.9454999994,
                2663487.9389999993
              ]
            ]
          ]
        ]
      }
    },
    {
      "type": "Feature",
      "properties": {
        "field_id": "WV_AG_010",
        "lat": 44.100522770659865,
        "lon": -123.19181438967932,
        "area_acres": 19.3644936420396,
        "crop_code": 24,
        "cdl_crop": "Winter Wheat",
        "crop_dominant_pct": 71.8,
        "soil_muname": "Malabon silty clay loam",
        "soil_drainage": "Well drained",
        "soil_clay_pct": 31.0,
        "soil_sand_pct": 20.0,
        "soil_silt_pct": 49.0,
        "soil_om_pct": 5.0,
        "soil_ph": 6.1,
        "soil_cec": 25.0,
        "soil_depth_cm": 0.0,
        "weather_monthly": [
          {
            "year": 2020,
            "month": 1,
            "avg_high_c": 7.66,
            "avg_low_c": 3.21,
            "total_rain_mm": 280.71,
            "total_rain_in": 11.05
          },
          {
            "year": 2020,
            "month": 2,
            "avg_high_c": 9.12,
            "avg_low_c": 0.7,
            "total_rain_mm": 88.78,
            "total_rain_in": 3.5
          },
          {
            "year": 2020,
            "month": 3,
            "avg_high_c": 10.54,
            "avg_low_c": 1.58,
            "total_rain_mm": 108.69,
            "total_rain_in": 4.28
          },
          {
            "year": 2020,
            "month": 4,
            "avg_high_c": 15.02,
            "avg_low_c": 4.71,
            "total_rain_mm": 73.03,
            "total_rain_in": 2.88
          },
          {
            "year": 2020,
            "month": 5,
            "avg_high_c": 17.39,
            "avg_low_c": 7.19,
            "total_rain_mm": 120.67,
            "total_rain_in": 4.75
          },
          {
            "year": 2020,
            "month": 6,
            "avg_high_c": 19.11,
            "avg_low_c": 9.05,
            "total_rain_mm": 70.28,
            "total_rain_in": 2.77
          },
          {
            "year": 2020,
            "month": 7,
            "avg_high_c": 23.77,
            "avg_low_c": 11.01,
            "total_rain_mm": 1.23,
            "total_rain_in": 0.05
          },
          {
            "year": 2020,
            "month": 8,
            "avg_high_c": 26.66,
            "avg_low_c": 10.99,
            "total_rain_mm": 2.32,
            "total_rain_in": 0.09
          },
          {
            "year": 2020,
            "month": 9,
            "avg_high_c": 26.07,
            "avg_low_c": 11.71,
            "total_rain_mm": 58.73,
            "total_rain_in": 2.31
          },
          {
            "year": 2020,
            "month": 10,
            "avg_high_c": 19.05,
            "avg_low_c": 7.03,
            "total_rain_mm": 64.71,
            "total_rain_in": 2.55
          },
          {
            "year": 2020,
            "month": 11,
            "avg_high_c": 10.65,
            "avg_low_c": 2.51,
            "total_rain_mm": 204.9,
            "total_rain_in": 8.07
          },
          {
            "year": 2020,
            "month": 12,
            "avg_high_c": 9.4,
            "avg_low_c": 1.62,
            "total_rain_mm": 187.39,
            "total_rain_in": 7.38
          },
          {
            "year": 2021,
            "month": 1,
            "avg_high_c": 8.67,
            "avg_low_c": 2.37,
            "total_rain_mm": 184.79,
            "total_rain_in": 7.28
          },
          {
            "year": 2021,
            "month": 2,
            "avg_high_c": 7.16,
            "avg_low_c": 1.66,
            "total_rain_mm": 163.15,
            "total_rain_in": 6.42
          },
          {
            "year": 2021,
            "month": 3,
            "avg_high_c": 10.78,
            "avg_low_c": 1.09,
            "total_rain_mm": 68.13,
            "total_rain_in": 2.68
          },
          {
            "year": 2021,
            "month": 4,
            "avg_high_c": 15.69,
            "avg_low_c": 3.28,
            "total_rain_mm": 17.85,
            "total_rain_in": 0.7
          },
          {
            "year": 2021,
            "month": 5,
            "avg_high_c": 16.96,
            "avg_low_c": 6.41,
            "total_rain_mm": 33.24,
            "total_rain_in": 1.31
          },
          {
            "year": 2021,
            "month": 6,
            "avg_high_c": 23.28,
            "avg_low_c": 10.71,
            "total_rain_mm": 33.37,
            "total_rain_in": 1.31
          },
          {
            "year": 2021,
            "month": 7,
            "avg_high_c": 27.7,
            "avg_low_c": 11.54,
            "total_rain_mm": 1.42,
            "total_rain_in": 0.06
          },
          {
            "year": 2021,
            "month": 8,
            "avg_high_c": 27.84,
            "avg_low_c": 12.16,
            "total_rain_mm": 1.11,
            "total_rain_in": 0.04
          },
          {
            "year": 2021,
            "month": 9,
            "avg_high_c": 25.0,
            "avg_low_c": 9.64,
            "total_rain_mm": 82.72,
            "total_rain_in": 3.26
          },
          {
            "year": 2021,
            "month": 10,
            "avg_high_c": 16.05,
            "avg_low_c": 6.61,
            "total_rain_mm": 104.65,
            "total_rain_in": 4.12
          },
          {
            "year": 2021,
            "month": 11,
            "avg_high_c": 12.26,
            "avg_low_c": 4.72,
            "total_rain_mm": 156.92,
            "total_rain_in": 6.18
          },
          {
            "year": 2021,
            "month": 12,
            "avg_high_c": 5.99,
            "avg_low_c": 1.66,
            "total_rain_mm": 254.46,
            "total_rain_in": 10.02
          },
          {
            "year": 2022,
            "month": 1,
            "avg_high_c": 10.25,
            "avg_low_c": 1.58,
            "total_rain_mm": 140.49,
            "total_rain_in": 5.53
          },
          {
            "year": 2022,
            "month": 2,
            "avg_high_c": 10.43,
            "avg_low_c": 1.5,
            "total_rain_mm": 44.88,
            "total_rain_in": 1.77
          },
          {
            "year": 2022,
            "month": 3,
            "avg_high_c": 11.97,
            "avg_low_c": 3.41,
            "total_rain_mm": 100.24,
            "total_rain_in": 3.95
          },
          {
            "year": 2022,
            "month": 4,
            "avg_high_c": 11.32,
            "avg_low_c": 2.64,
            "total_rain_mm": 161.54,
            "total_rain_in": 6.36
          },
          {
            "year": 2022,
            "month": 5,
            "avg_high_c": 14.57,
            "avg_low_c": 5.9,
            "total_rain_mm": 174.98,
            "total_rain_in": 6.89
          },
          {
            "year": 2022,
            "month": 6,
            "avg_high_c": 19.98,
            "avg_low_c": 9.33,
            "total_rain_mm": 99.4,
            "total_rain_in": 3.91
          },
          {
            "year": 2022,
            "month": 7,
            "avg_high_c": 24.74,
            "avg_low_c": 12.38,
            "total_rain_mm": 7.74,
            "total_rain_in": 0.3
          },
          {
            "year": 2022,
            "month": 8,
            "avg_high_c": 26.85,
            "avg_low_c": 12.9,
            "total_rain_mm": 1.93,
            "total_rain_in": 0.08
          },
          {
            "year": 2022,
            "month": 9,
            "avg_high_c": 25.2,
            "avg_low_c": 10.87,
            "total_rain_mm": 8.62,
            "total_rain_in": 0.34
          },
          {
            "year": 2022,
            "month": 10,
            "avg_high_c": 21.99,
            "avg_low_c": 8.89,
            "total_rain_mm": 57.5,
            "total_rain_in": 2.26
          },
          {
            "year": 2022,
            "month": 11,
            "avg_high_c": 9.82,
            "avg_low_c": 0.86,
            "total_rain_mm": 160.98,
            "total_rain_in": 6.34
          },
          {
            "year": 2022,
            "month": 12,
            "avg_high_c": 7.61,
            "avg_low_c": 1.27,
            "total_rain_mm": 173.4,
            "total_rain_in": 6.83
          },
          {
            "year": 2023,
            "month": 1,
            "avg_high_c": 7.82,
            "avg_low_c": 1.42,
            "total_rain_mm": 94.49,
            "total_rain_in": 3.72
          },
          {
            "year": 2023,
            "month": 2,
            "avg_high_c": 7.78,
            "avg_low_c": -0.04,
            "total_rain_mm": 112.98,
            "total_rain_in": 4.45
          },
          {
            "year": 2023,
            "month": 3,
            "avg_high_c": 7.61,
            "avg_low_c": -0.22,
            "total_rain_mm": 193.63,
            "total_rain_in": 7.62
          },
          {
            "year": 2023,
            "month": 4,
            "avg_high_c": 11.76,
            "avg_low_c": 3.48,
            "total_rain_mm": 155.44,
            "total_rain_in": 6.12
          },
          {
            "year": 2023,
            "month": 5,
            "avg_high_c": 19.43,
            "avg_low_c": 8.12,
            "total_rain_mm": 27.62,
            "total_rain_in": 1.09
          },
          {
            "year": 2023,
            "month": 6,
            "avg_high_c": 21.13,
            "avg_low_c": 8.79,
            "total_rain_mm": 13.29,
            "total_rain_in": 0.52
          },
          {
            "year": 2023,
            "month": 7,
            "avg_high_c": 26.83,
            "avg_low_c": 11.23,
            "total_rain_mm": 0.8,
            "total_rain_in": 0.03
          },
          {
            "year": 2023,
            "month": 8,
            "avg_high_c": 29.16,
            "avg_low_c": 12.95,
            "total_rain_mm": 13.99,
            "total_rain_in": 0.55
          },
          {
            "year": 2023,
            "month": 9,
            "avg_high_c": 24.05,
            "avg_low_c": 10.15,
            "total_rain_mm": 56.6,
            "total_rain_in": 2.23
          },
          {
            "year": 2023,
            "month": 10,
            "avg_high_c": 18.3,
            "avg_low_c": 7.1,
            "total_rain_mm": 106.79,
            "total_rain_in": 4.2
          },
          {
            "year": 2023,
            "month": 11,
            "avg_high_c": 12.28,
            "avg_low_c": 3.5,
            "total_rain_mm": 139.45,
            "total_rain_in": 5.49
          },
          {
            "year": 2023,
            "month": 12,
            "avg_high_c": 10.7,
            "avg_low_c": 4.32,
            "total_rain_mm": 245.67,
            "total_rain_in": 9.67
          },
          {
            "year": 2024,
            "month": 1,
            "avg_high_c": 9.33,
            "avg_low_c": 4.32,
            "total_rain_mm": 351.31,
            "total_rain_in": 13.83
          },
          {
            "year": 2024,
            "month": 2,
            "avg_high_c": 9.73,
            "avg_low_c": 3.04,
            "total_rain_mm": 178.71,
            "total_rain_in": 7.04
          },
          {
            "year": 2024,
            "month": 3,
            "avg_high_c": 10.96,
            "avg_low_c": 2.61,
            "total_rain_mm": 164.28,
            "total_rain_in": 6.47
          },
          {
            "year": 2024,
            "month": 4,
            "avg_high_c": 13.62,
            "avg_low_c": 4.03,
            "total_rain_mm": 93.19,
            "total_rain_in": 3.67
          },
          {
            "year": 2024,
            "month": 5,
            "avg_high_c": 16.89,
            "avg_low_c": 5.88,
            "total_rain_mm": 103.89,
            "total_rain_in": 4.09
          },
          {
            "year": 2024,
            "month": 6,
            "avg_high_c": 20.35,
            "avg_low_c": 9.04,
            "total_rain_mm": 54.09,
            "total_rain_in": 2.13
          },
          {
            "year": 2024,
            "month": 7,
            "avg_high_c": 26.5,
            "avg_low_c": 12.22,
            "total_rain_mm": 3.37,
            "total_rain_in": 0.13
          },
          {
            "year": 2024,
            "month": 8,
            "avg_high_c": 26.3,
            "avg_low_c": 12.01,
            "total_rain_mm": 24.29,
            "total_rain_in": 0.96
          },
          {
            "year": 2024,
            "month": 9,
            "avg_high_c": 25.02,
            "avg_low_c": 10.59,
            "total_rain_mm": 32.9,
            "total_rain_in": 1.3
          },
          {
            "year": 2024,
            "month": 10,
            "avg_high_c": 19.19,
            "avg_low_c": 6.89,
            "total_rain_mm": 98.47,
            "total_rain_in": 3.88
          },
          {
            "year": 2024,
            "month": 11,
            "avg_high_c": 9.64,
            "avg_low_c": 3.86,
            "total_rain_mm": 293.22,
            "total_rain_in": 11.54
          },
          {
            "year": 2024,
            "month": 12,
            "avg_high_c": 9.76,
            "avg_low_c": 3.29,
            "total_rain_mm": 295.17,
            "total_rain_in": 11.62
          },
          {
            "year": 2025,
            "month": 1,
            "avg_high_c": 8.65,
            "avg_low_c": 0.33,
            "total_rain_mm": 131.95,
            "total_rain_in": 5.19
          },
          {
            "year": 2025,
            "month": 2,
            "avg_high_c": 8.13,
            "avg_low_c": 1.66,
            "total_rain_mm": 190.55,
            "total_rain_in": 7.5
          },
          {
            "year": 2025,
            "month": 3,
            "avg_high_c": 11.05,
            "avg_low_c": 4.06,
            "total_rain_mm": 268.39,
            "total_rain_in": 10.57
          },
          {
            "year": 2025,
            "month": 4,
            "avg_high_c": 15.16,
            "avg_low_c": 4.32,
            "total_rain_mm": 58.55,
            "total_rain_in": 2.31
          },
          {
            "year": 2025,
            "month": 5,
            "avg_high_c": 17.27,
            "avg_low_c": 6.52,
            "total_rain_mm": 44.19,
            "total_rain_in": 1.74
          },
          {
            "year": 2025,
            "month": 6,
            "avg_high_c": 21.41,
            "avg_low_c": 9.22,
            "total_rain_mm": 31.7,
            "total_rain_in": 1.25
          },
          {
            "year": 2025,
            "month": 7,
            "avg_high_c": 26.68,
            "avg_low_c": 11.54,
            "total_rain_mm": 0.73,
            "total_rain_in": 0.03
          },
          {
            "year": 2025,
            "month": 8,
            "avg_high_c": 29.54,
            "avg_low_c": 13.29,
            "total_rain_mm": 10.11,
            "total_rain_in": 0.4
          },
          {
            "year": 2025,
            "month": 9,
            "avg_high_c": 25.66,
            "avg_low_c": 10.95,
            "total_rain_mm": 47.25,
            "total_rain_in": 1.86
          },
          {
            "year": 2025,
            "month": 10,
            "avg_high_c": 16.4,
            "avg_low_c": 6.01,
            "total_rain_mm": 126.39,
            "total_rain_in": 4.98
          },
          {
            "year": 2025,
            "month": 11,
            "avg_high_c": 12.57,
            "avg_low_c": 5.3,
            "total_rain_mm": 124.05,
            "total_rain_in": 4.88
          },
          {
            "year": 2025,
            "month": 12,
            "avg_high_c": 10.45,
            "avg_low_c": 4.15,
            "total_rain_mm": 259.14,
            "total_rain_in": 10.2
          }
        ]
      },
      "geometry": {
        "type": "MultiPolygon",
        "coordinates": [
          [
            [
              [
                -2140256.2682000007,
                2654027.4913999997
              ],
              [
                -2140276.0558,
                2653960.2317999993
              ],
              [
                -2140303.5628999993,
                2653968.3244000003
              ],
              [
                -2140314.8702000007,
                2653929.8904
              ],
              [
                -2140287.363,
                2653921.7978000008
              ],
              [
                -2140266.7325,
                2653915.7283999994
              ],
              [
                -2140239.2251999993,
                2653907.6359
              ],
              [
                -2140218.5946999993,
                2653901.5667000003
              ],
              [
                -2140170.4568000007,
                2653887.4053000007
              ],
              [
                -2140190.2434,
                2653820.145300001
              ],
              [
                -2140198.7233000007,
                2653791.319599999
              ],
              [
                -2140210.0298999995,
                2653752.8851999994
              ],
              [
                -2140230.6608000007,
                2653758.954399999
              ],
              [
                -2140239.140900001,
                2653730.1286999993
              ],
              [
                -2140287.2797999997,
                2653744.2905
              ],
              [
                -2140298.5867999997,
                2653705.8562000003
              ],
              [
                -2140307.067,
                2653677.0304000005
              ],
              [
                -2140355.2062999997,
                2653691.1927000005
              ],
              [
                -2140346.7259,
                2653720.0184000004
              ],
              [
                -2140374.2338999994,
                2653728.111199999
              ],
              [
                -2140430.8534999993,
                2653713.4483000003
              ],
              [
                -2140450.641899999,
                2653646.1885
              ],
              [
                -2140482.5809000004,
                2653613.8242000006
              ],
              [
                -2140510.089299999,
                2653621.9176000003
              ],
              [
                -2140558.2290000003,
                2653636.0812
              ],
              [
                -2140546.9208000004,
                2653674.5152000003
              ],
              [
                -2140519.4125999995,
                2653666.4218000006
              ],
              [
                -2140490.3005,
                2653689.1773000006
              ],
              [
                -2140470.511600001,
                2653756.436899999
              ],
              [
                -2140491.1426,
                2653762.5068999995
              ],
              [
                -2140479.8345999997,
                2653800.9409
              ],
              [
                -2140471.353599999,
                2653829.7664
              ],
              [
                -2140430.9341,
                2653890.9559000004
              ],
              [
                -2140411.145300001,
                2653958.2152999993
              ],
              [
                -2140391.3565999996,
                2654025.4746000003
              ],
              [
                -2140400.6788,
                2654069.9781
              ],
              [
                -2140392.197899999,
                2654098.8035000004
              ],
              [
                -2140323.4312999994,
                2654078.5714
              ],
              [
                -2140331.9120000005,
                2654049.7459999993
              ],
              [
                -2140256.2682000007,
                2654027.4913999997
              ]
            ]
          ]
        ]
      }
    },
    {
      "type": "Feature",
      "properties": {
        "field_id": "WV_AG_011",
        "lat": 44.90658426801867,
        "lon": -122.86621935492494,
        "area_acres": 21.0973299493062,
        "crop_code": 24,
        "cdl_crop": "Winter Wheat",
        "crop_dominant_pct": 69.1,
        "soil_muname": "Jory silty clay loam, 2 to 7 percent slopes",
        "soil_drainage": "Well drained",
        "soil_clay_pct": 33.5,
        "soil_sand_pct": 17.5,
        "soil_silt_pct": 49.0,
        "soil_om_pct": 4.5,
        "soil_ph": 5.5,
        "soil_cec": 17.5,
        "soil_depth_cm": 0.0,
        "weather_monthly": [
          {
            "year": 2020,
            "month": 1,
            "avg_high_c": 8.33,
            "avg_low_c": 3.69,
            "total_rain_mm": 331.66,
            "total_rain_in": 13.06
          },
          {
            "year": 2020,
            "month": 2,
            "avg_high_c": 9.3,
            "avg_low_c": 1.59,
            "total_rain_mm": 119.69,
            "total_rain_in": 4.71
          },
          {
            "year": 2020,
            "month": 3,
            "avg_high_c": 10.58,
            "avg_low_c": 1.93,
            "total_rain_mm": 119.65,
            "total_rain_in": 4.71
          },
          {
            "year": 2020,
            "month": 4,
            "avg_high_c": 15.36,
            "avg_low_c": 4.91,
            "total_rain_mm": 65.25,
            "total_rain_in": 2.57
          },
          {
            "year": 2020,
            "month": 5,
            "avg_high_c": 18.1,
            "avg_low_c": 7.97,
            "total_rain_mm": 129.22,
            "total_rain_in": 5.09
          },
          {
            "year": 2020,
            "month": 6,
            "avg_high_c": 19.57,
            "avg_low_c": 9.34,
            "total_rain_mm": 97.62,
            "total_rain_in": 3.84
          },
          {
            "year": 2020,
            "month": 7,
            "avg_high_c": 24.4,
            "avg_low_c": 11.06,
            "total_rain_mm": 3.63,
            "total_rain_in": 0.14
          },
          {
            "year": 2020,
            "month": 8,
            "avg_high_c": 25.88,
            "avg_low_c": 11.44,
            "total_rain_mm": 5.11,
            "total_rain_in": 0.2
          },
          {
            "year": 2020,
            "month": 9,
            "avg_high_c": 24.8,
            "avg_low_c": 11.76,
            "total_rain_mm": 75.48,
            "total_rain_in": 2.97
          },
          {
            "year": 2020,
            "month": 10,
            "avg_high_c": 17.88,
            "avg_low_c": 7.03,
            "total_rain_mm": 95.76,
            "total_rain_in": 3.77
          },
          {
            "year": 2020,
            "month": 11,
            "avg_high_c": 10.62,
            "avg_low_c": 2.98,
            "total_rain_mm": 245.69,
            "total_rain_in": 9.67
          },
          {
            "year": 2020,
            "month": 12,
            "avg_high_c": 9.56,
            "avg_low_c": 2.24,
            "total_rain_mm": 231.54,
            "total_rain_in": 9.12
          },
          {
            "year": 2021,
            "month": 1,
            "avg_high_c": 8.81,
            "avg_low_c": 2.61,
            "total_rain_mm": 260.36,
            "total_rain_in": 10.25
          },
          {
            "year": 2021,
            "month": 2,
            "avg_high_c": 7.61,
            "avg_low_c": 1.86,
            "total_rain_mm": 215.93,
            "total_rain_in": 8.5
          },
          {
            "year": 2021,
            "month": 3,
            "avg_high_c": 11.05,
            "avg_low_c": 1.47,
            "total_rain_mm": 82.08,
            "total_rain_in": 3.23
          },
          {
            "year": 2021,
            "month": 4,
            "avg_high_c": 16.05,
            "avg_low_c": 3.87,
            "total_rain_mm": 27.34,
            "total_rain_in": 1.08
          },
          {
            "year": 2021,
            "month": 5,
            "avg_high_c": 18.03,
            "avg_low_c": 6.8,
            "total_rain_mm": 47.74,
            "total_rain_in": 1.88
          },
          {
            "year": 2021,
            "month": 6,
            "avg_high_c": 24.25,
            "avg_low_c": 11.1,
            "total_rain_mm": 49.29,
            "total_rain_in": 1.94
          },
          {
            "year": 2021,
            "month": 7,
            "avg_high_c": 27.3,
            "avg_low_c": 11.55,
            "total_rain_mm": 1.83,
            "total_rain_in": 0.07
          },
          {
            "year": 2021,
            "month": 8,
            "avg_high_c": 27.65,
            "avg_low_c": 12.56,
            "total_rain_mm": 2.92,
            "total_rain_in": 0.11
          },
          {
            "year": 2021,
            "month": 9,
            "avg_high_c": 24.55,
            "avg_low_c": 10.43,
            "total_rain_mm": 101.83,
            "total_rain_in": 4.01
          },
          {
            "year": 2021,
            "month": 10,
            "avg_high_c": 15.52,
            "avg_low_c": 6.56,
            "total_rain_mm": 148.73,
            "total_rain_in": 5.86
          },
          {
            "year": 2021,
            "month": 11,
            "avg_high_c": 12.28,
            "avg_low_c": 5.35,
            "total_rain_mm": 250.09,
            "total_rain_in": 9.85
          },
          {
            "year": 2021,
            "month": 12,
            "avg_high_c": 5.61,
            "avg_low_c": 0.97,
            "total_rain_mm": 309.17,
            "total_rain_in": 12.17
          },
          {
            "year": 2022,
            "month": 1,
            "avg_high_c": 9.29,
            "avg_low_c": 1.87,
            "total_rain_mm": 185.19,
            "total_rain_in": 7.29
          },
          {
            "year": 2022,
            "month": 2,
            "avg_high_c": 9.66,
            "avg_low_c": 1.72,
            "total_rain_mm": 98.54,
            "total_rain_in": 3.88
          },
          {
            "year": 2022,
            "month": 3,
            "avg_high_c": 11.99,
            "avg_low_c": 3.83,
            "total_rain_mm": 125.82,
            "total_rain_in": 4.95
          },
          {
            "year": 2022,
            "month": 4,
            "avg_high_c": 11.48,
            "avg_low_c": 2.65,
            "total_rain_mm": 200.52,
            "total_rain_in": 7.89
          },
          {
            "year": 2022,
            "month": 5,
            "avg_high_c": 15.04,
            "avg_low_c": 6.2,
            "total_rain_mm": 191.01,
            "total_rain_in": 7.52
          },
          {
            "year": 2022,
            "month": 6,
            "avg_high_c": 19.96,
            "avg_low_c": 9.78,
            "total_rain_mm": 128.91,
            "total_rain_in": 5.08
          },
          {
            "year": 2022,
            "month": 7,
            "avg_high_c": 25.26,
            "avg_low_c": 12.21,
            "total_rain_mm": 8.52,
            "total_rain_in": 0.34
          },
          {
            "year": 2022,
            "month": 8,
            "avg_high_c": 27.38,
            "avg_low_c": 13.3,
            "total_rain_mm": 1.96,
            "total_rain_in": 0.08
          },
          {
            "year": 2022,
            "month": 9,
            "avg_high_c": 25.27,
            "avg_low_c": 11.26,
            "total_rain_mm": 12.33,
            "total_rain_in": 0.49
          },
          {
            "year": 2022,
            "month": 10,
            "avg_high_c": 21.88,
            "avg_low_c": 8.89,
            "total_rain_mm": 83.79,
            "total_rain_in": 3.3
          },
          {
            "year": 2022,
            "month": 11,
            "avg_high_c": 9.53,
            "avg_low_c": 1.32,
            "total_rain_mm": 209.49,
            "total_rain_in": 8.25
          },
          {
            "year": 2022,
            "month": 12,
            "avg_high_c": 7.23,
            "avg_low_c": 1.41,
            "total_rain_mm": 213.47,
            "total_rain_in": 8.4
          },
          {
            "year": 2023,
            "month": 1,
            "avg_high_c": 8.1,
            "avg_low_c": 2.21,
            "total_rain_mm": 124.27,
            "total_rain_in": 4.89
          },
          {
            "year": 2023,
            "month": 2,
            "avg_high_c": 7.34,
            "avg_low_c": 0.11,
            "total_rain_mm": 126.83,
            "total_rain_in": 4.99
          },
          {
            "year": 2023,
            "month": 3,
            "avg_high_c": 8.74,
            "avg_low_c": 0.78,
            "total_rain_mm": 189.54,
            "total_rain_in": 7.46
          },
          {
            "year": 2023,
            "month": 4,
            "avg_high_c": 12.14,
            "avg_low_c": 3.83,
            "total_rain_mm": 194.6,
            "total_rain_in": 7.66
          },
          {
            "year": 2023,
            "month": 5,
            "avg_high_c": 20.07,
            "avg_low_c": 8.51,
            "total_rain_mm": 27.12,
            "total_rain_in": 1.07
          },
          {
            "year": 2023,
            "month": 6,
            "avg_high_c": 21.75,
            "avg_low_c": 8.84,
            "total_rain_mm": 19.41,
            "total_rain_in": 0.76
          },
          {
            "year": 2023,
            "month": 7,
            "avg_high_c": 26.77,
            "avg_low_c": 11.45,
            "total_rain_mm": 2.08,
            "total_rain_in": 0.08
          },
          {
            "year": 2023,
            "month": 8,
            "avg_high_c": 29.03,
            "avg_low_c": 13.52,
            "total_rain_mm": 21.34,
            "total_rain_in": 0.84
          },
          {
            "year": 2023,
            "month": 9,
            "avg_high_c": 23.57,
            "avg_low_c": 10.75,
            "total_rain_mm": 70.6,
            "total_rain_in": 2.78
          },
          {
            "year": 2023,
            "month": 10,
            "avg_high_c": 18.22,
            "avg_low_c": 7.61,
            "total_rain_mm": 117.2,
            "total_rain_in": 4.61
          },
          {
            "year": 2023,
            "month": 11,
            "avg_high_c": 11.95,
            "avg_low_c": 3.59,
            "total_rain_mm": 187.96,
            "total_rain_in": 7.4
          },
          {
            "year": 2023,
            "month": 12,
            "avg_high_c": 10.68,
            "avg_low_c": 4.45,
            "total_rain_mm": 295.35,
            "total_rain_in": 11.63
          },
          {
            "year": 2024,
            "month": 1,
            "avg_high_c": 8.28,
            "avg_low_c": 2.91,
            "total_rain_mm": 370.12,
            "total_rain_in": 14.57
          },
          {
            "year": 2024,
            "month": 2,
            "avg_high_c": 10.14,
            "avg_low_c": 3.26,
            "total_rain_mm": 200.23,
            "total_rain_in": 7.88
          },
          {
            "year": 2024,
            "month": 3,
            "avg_high_c": 11.51,
            "avg_low_c": 3.24,
            "total_rain_mm": 164.08,
            "total_rain_in": 6.46
          },
          {
            "year": 2024,
            "month": 4,
            "avg_high_c": 14.23,
            "avg_low_c": 4.47,
            "total_rain_mm": 94.88,
            "total_rain_in": 3.74
          },
          {
            "year": 2024,
            "month": 5,
            "avg_high_c": 17.15,
            "avg_low_c": 6.5,
            "total_rain_mm": 118.44,
            "total_rain_in": 4.66
          },
          {
            "year": 2024,
            "month": 6,
            "avg_high_c": 20.38,
            "avg_low_c": 9.29,
            "total_rain_mm": 74.42,
            "total_rain_in": 2.93
          },
          {
            "year": 2024,
            "month": 7,
            "avg_high_c": 27.02,
            "avg_low_c": 12.01,
            "total_rain_mm": 7.22,
            "total_rain_in": 0.28
          },
          {
            "year": 2024,
            "month": 8,
            "avg_high_c": 25.73,
            "avg_low_c": 12.22,
            "total_rain_mm": 22.59,
            "total_rain_in": 0.89
          },
          {
            "year": 2024,
            "month": 9,
            "avg_high_c": 24.48,
            "avg_low_c": 11.29,
            "total_rain_mm": 33.37,
            "total_rain_in": 1.31
          },
          {
            "year": 2024,
            "month": 10,
            "avg_high_c": 18.76,
            "avg_low_c": 7.37,
            "total_rain_mm": 131.82,
            "total_rain_in": 5.19
          },
          {
            "year": 2024,
            "month": 11,
            "avg_high_c": 9.95,
            "avg_low_c": 4.08,
            "total_rain_mm": 284.69,
            "total_rain_in": 11.21
          },
          {
            "year": 2024,
            "month": 12,
            "avg_high_c": 9.31,
            "avg_low_c": 3.22,
            "total_rain_mm": 297.03,
            "total_rain_in": 11.69
          },
          {
            "year": 2025,
            "month": 1,
            "avg_high_c": 7.89,
            "avg_low_c": 0.22,
            "total_rain_mm": 116.9,
            "total_rain_in": 4.6
          },
          {
            "year": 2025,
            "month": 2,
            "avg_high_c": 8.27,
            "avg_low_c": 1.66,
            "total_rain_mm": 206.54,
            "total_rain_in": 8.13
          },
          {
            "year": 2025,
            "month": 3,
            "avg_high_c": 11.38,
            "avg_low_c": 4.41,
            "total_rain_mm": 241.61,
            "total_rain_in": 9.51
          },
          {
            "year": 2025,
            "month": 4,
            "avg_high_c": 15.77,
            "avg_low_c": 4.72,
            "total_rain_mm": 64.12,
            "total_rain_in": 2.52
          },
          {
            "year": 2025,
            "month": 5,
            "avg_high_c": 17.45,
            "avg_low_c": 6.68,
            "total_rain_mm": 52.17,
            "total_rain_in": 2.05
          },
          {
            "year": 2025,
            "month": 6,
            "avg_high_c": 21.6,
            "avg_low_c": 9.69,
            "total_rain_mm": 34.37,
            "total_rain_in": 1.35
          },
          {
            "year": 2025,
            "month": 7,
            "avg_high_c": 26.13,
            "avg_low_c": 11.56,
            "total_rain_mm": 1.41,
            "total_rain_in": 0.06
          },
          {
            "year": 2025,
            "month": 8,
            "avg_high_c": 28.06,
            "avg_low_c": 13.39,
            "total_rain_mm": 20.61,
            "total_rain_in": 0.81
          },
          {
            "year": 2025,
            "month": 9,
            "avg_high_c": 24.77,
            "avg_low_c": 11.37,
            "total_rain_mm": 49.32,
            "total_rain_in": 1.94
          },
          {
            "year": 2025,
            "month": 10,
            "avg_high_c": 15.59,
            "avg_low_c": 6.02,
            "total_rain_mm": 148.04,
            "total_rain_in": 5.83
          },
          {
            "year": 2025,
            "month": 11,
            "avg_high_c": 11.64,
            "avg_low_c": 5.24,
            "total_rain_mm": 176.54,
            "total_rain_in": 6.95
          },
          {
            "year": 2025,
            "month": 12,
            "avg_high_c": 9.99,
            "avg_low_c": 4.33,
            "total_rain_mm": 352.37,
            "total_rain_in": 13.87
          }
        ]
      },
      "geometry": {
        "type": "MultiPolygon",
        "coordinates": [
          [
            [
              [
                -2090463.6166999992,
                2732939.6514999997
              ],
              [
                -2090474.7737000007,
                2732901.2455
              ],
              [
                -2090455.9328000005,
                2732864.536800001
              ],
              [
                -2090435.5262000002,
                2732858.6086999997
              ],
              [
                -2090408.3173999991,
                2732850.7047000006
              ],
              [
                -2090352.3345999997,
                2732865.6776
              ],
              [
                -2090320.7717000004,
                2732898.1559999995
              ],
              [
                -2090075.8926999997,
                2732827.0275
              ],
              [
                -2090087.047700001,
                2732788.6209999993
              ],
              [
                -2090114.2566999998,
                2732796.5238000005
              ],
              [
                -2090143.0298999995,
                2732773.6459999997
              ],
              [
                -2090154.1852000002,
                2732735.239499999
              ],
              [
                -2090162.5516999997,
                2732706.4345999993
              ],
              [
                -2090200.9164000005,
                2732675.9310999997
              ],
              [
                -2090214.8608,
                2732627.9228000008
              ],
              [
                -2090262.4776000008,
                2732641.7535999995
              ],
              [
                -2090310.0943999998,
                2732655.5846999995
              ],
              [
                -2090357.711100001,
                2732669.416200001
              ],
              [
                -2090405.3277000003,
                2732683.2479
              ],
              [
                -2090452.9441999998,
                2732697.08
              ],
              [
                -2090474.5752000008,
                2732724.1873000003
              ],
              [
                -2090494.9821000006,
                2732730.1153999995
              ],
              [
                -2090522.1914000008,
                2732738.0198
              ],
              [
                -2090569.8074999992,
                2732751.852600001
              ],
              [
                -2090623.0023999996,
                2732746.4826999996
              ],
              [
                -2090643.4092999995,
                2732752.4113999996
              ],
              [
                -2090609.9361000005,
                2732867.6292000003
              ],
              [
                -2090551.1633000001,
                2732892.2018999998
              ],
              [
                -2090522.3888000008,
                2732915.0779999997
              ],
              [
                -2090484.023,
                2732945.5796000008
              ],
              [
                -2090463.6166999992,
                2732939.6514999997
              ]
            ],
            [
              [
                -2090387.9108000007,
                2732844.776799999
              ],
              [
                -2090399.0672999993,
                2732806.3706
              ],
              [
                -2090371.8583000004,
                2732798.4667000007
              ],
              [
                -2090360.7018999998,
                2732836.8729999997
              ],
              [
                -2090387.9108000007,
                2732844.776799999
              ]
            ],
            [
              [
                -2090313.0863000005,
                2732823.0415000003
              ],
              [
                -2090324.2424999997,
                2732784.6351999994
              ],
              [
                -2090332.6096,
                2732755.830499999
              ],
              [
                -2090237.3772999998,
                2732728.168299999
              ],
              [
                -2090229.0106000006,
                2732756.973099999
              ],
              [
                -2090249.4174000006,
                2732762.9005999994
              ],
              [
                -2090276.6265999991,
                2732770.8039999995
              ],
              [
                -2090265.4705999997,
                2732809.2104
              ],
              [
                -2090313.0863000005,
                2732823.0415000003
              ]
            ],
            [
              [
                -2090561.4395000003,
                2732780.6570999995
              ],
              [
                -2090550.2821999993,
                2732819.063100001
              ],
              [
                -2090570.6888999995,
                2732824.9914999995
              ],
              [
                -2090581.8463000003,
                2732786.5856999997
              ],
              [
                -2090561.4395000003,
                2732780.6570999995
              ]
            ]
          ]
        ]
      }
    },
    {
      "type": "Feature",
      "properties": {
        "field_id": "WV_AG_012",
        "lat": 44.19928757157726,
        "lon": -123.18964367965988,
        "area_acres": 12.9208389605014,
        "crop_code": 24,
        "cdl_crop": "Winter Wheat",
        "crop_dominant_pct": 89.5,
        "soil_muname": "Malabon silty clay loam",
        "soil_drainage": "Well drained",
        "soil_clay_pct": 31.0,
        "soil_sand_pct": 20.0,
        "soil_silt_pct": 49.0,
        "soil_om_pct": 5.0,
        "soil_ph": 6.1,
        "soil_cec": 25.0,
        "soil_depth_cm": 0.0,
        "weather_monthly": [
          {
            "year": 2020,
            "month": 1,
            "avg_high_c": 7.66,
            "avg_low_c": 3.21,
            "total_rain_mm": 280.71,
            "total_rain_in": 11.05
          },
          {
            "year": 2020,
            "month": 2,
            "avg_high_c": 9.12,
            "avg_low_c": 0.7,
            "total_rain_mm": 88.78,
            "total_rain_in": 3.5
          },
          {
            "year": 2020,
            "month": 3,
            "avg_high_c": 10.54,
            "avg_low_c": 1.58,
            "total_rain_mm": 108.69,
            "total_rain_in": 4.28
          },
          {
            "year": 2020,
            "month": 4,
            "avg_high_c": 15.02,
            "avg_low_c": 4.71,
            "total_rain_mm": 73.03,
            "total_rain_in": 2.88
          },
          {
            "year": 2020,
            "month": 5,
            "avg_high_c": 17.39,
            "avg_low_c": 7.19,
            "total_rain_mm": 120.67,
            "total_rain_in": 4.75
          },
          {
            "year": 2020,
            "month": 6,
            "avg_high_c": 19.11,
            "avg_low_c": 9.05,
            "total_rain_mm": 70.28,
            "total_rain_in": 2.77
          },
          {
            "year": 2020,
            "month": 7,
            "avg_high_c": 23.77,
            "avg_low_c": 11.01,
            "total_rain_mm": 1.23,
            "total_rain_in": 0.05
          },
          {
            "year": 2020,
            "month": 8,
            "avg_high_c": 26.66,
            "avg_low_c": 10.99,
            "total_rain_mm": 2.32,
            "total_rain_in": 0.09
          },
          {
            "year": 2020,
            "month": 9,
            "avg_high_c": 26.07,
            "avg_low_c": 11.71,
            "total_rain_mm": 58.73,
            "total_rain_in": 2.31
          },
          {
            "year": 2020,
            "month": 10,
            "avg_high_c": 19.05,
            "avg_low_c": 7.03,
            "total_rain_mm": 64.71,
            "total_rain_in": 2.55
          },
          {
            "year": 2020,
            "month": 11,
            "avg_high_c": 10.65,
            "avg_low_c": 2.51,
            "total_rain_mm": 204.9,
            "total_rain_in": 8.07
          },
          {
            "year": 2020,
            "month": 12,
            "avg_high_c": 9.4,
            "avg_low_c": 1.62,
            "total_rain_mm": 187.39,
            "total_rain_in": 7.38
          },
          {
            "year": 2021,
            "month": 1,
            "avg_high_c": 8.67,
            "avg_low_c": 2.37,
            "total_rain_mm": 184.79,
            "total_rain_in": 7.28
          },
          {
            "year": 2021,
            "month": 2,
            "avg_high_c": 7.16,
            "avg_low_c": 1.66,
            "total_rain_mm": 163.15,
            "total_rain_in": 6.42
          },
          {
            "year": 2021,
            "month": 3,
            "avg_high_c": 10.78,
            "avg_low_c": 1.09,
            "total_rain_mm": 68.13,
            "total_rain_in": 2.68
          },
          {
            "year": 2021,
            "month": 4,
            "avg_high_c": 15.69,
            "avg_low_c": 3.28,
            "total_rain_mm": 17.85,
            "total_rain_in": 0.7
          },
          {
            "year": 2021,
            "month": 5,
            "avg_high_c": 16.96,
            "avg_low_c": 6.41,
            "total_rain_mm": 33.24,
            "total_rain_in": 1.31
          },
          {
            "year": 2021,
            "month": 6,
            "avg_high_c": 23.28,
            "avg_low_c": 10.71,
            "total_rain_mm": 33.37,
            "total_rain_in": 1.31
          },
          {
            "year": 2021,
            "month": 7,
            "avg_high_c": 27.7,
            "avg_low_c": 11.54,
            "total_rain_mm": 1.42,
            "total_rain_in": 0.06
          },
          {
            "year": 2021,
            "month": 8,
            "avg_high_c": 27.84,
            "avg_low_c": 12.16,
            "total_rain_mm": 1.11,
            "total_rain_in": 0.04
          },
          {
            "year": 2021,
            "month": 9,
            "avg_high_c": 25.0,
            "avg_low_c": 9.64,
            "total_rain_mm": 82.72,
            "total_rain_in": 3.26
          },
          {
            "year": 2021,
            "month": 10,
            "avg_high_c": 16.05,
            "avg_low_c": 6.61,
            "total_rain_mm": 104.65,
            "total_rain_in": 4.12
          },
          {
            "year": 2021,
            "month": 11,
            "avg_high_c": 12.26,
            "avg_low_c": 4.72,
            "total_rain_mm": 156.92,
            "total_rain_in": 6.18
          },
          {
            "year": 2021,
            "month": 12,
            "avg_high_c": 5.99,
            "avg_low_c": 1.66,
            "total_rain_mm": 254.46,
            "total_rain_in": 10.02
          },
          {
            "year": 2022,
            "month": 1,
            "avg_high_c": 10.25,
            "avg_low_c": 1.58,
            "total_rain_mm": 140.49,
            "total_rain_in": 5.53
          },
          {
            "year": 2022,
            "month": 2,
            "avg_high_c": 10.43,
            "avg_low_c": 1.5,
            "total_rain_mm": 44.88,
            "total_rain_in": 1.77
          },
          {
            "year": 2022,
            "month": 3,
            "avg_high_c": 11.97,
            "avg_low_c": 3.41,
            "total_rain_mm": 100.24,
            "total_rain_in": 3.95
          },
          {
            "year": 2022,
            "month": 4,
            "avg_high_c": 11.32,
            "avg_low_c": 2.64,
            "total_rain_mm": 161.54,
            "total_rain_in": 6.36
          },
          {
            "year": 2022,
            "month": 5,
            "avg_high_c": 14.57,
            "avg_low_c": 5.9,
            "total_rain_mm": 174.98,
            "total_rain_in": 6.89
          },
          {
            "year": 2022,
            "month": 6,
            "avg_high_c": 19.98,
            "avg_low_c": 9.33,
            "total_rain_mm": 99.4,
            "total_rain_in": 3.91
          },
          {
            "year": 2022,
            "month": 7,
            "avg_high_c": 24.74,
            "avg_low_c": 12.38,
            "total_rain_mm": 7.74,
            "total_rain_in": 0.3
          },
          {
            "year": 2022,
            "month": 8,
            "avg_high_c": 26.85,
            "avg_low_c": 12.9,
            "total_rain_mm": 1.93,
            "total_rain_in": 0.08
          },
          {
            "year": 2022,
            "month": 9,
            "avg_high_c": 25.2,
            "avg_low_c": 10.87,
            "total_rain_mm": 8.62,
            "total_rain_in": 0.34
          },
          {
            "year": 2022,
            "month": 10,
            "avg_high_c": 21.99,
            "avg_low_c": 8.89,
            "total_rain_mm": 57.5,
            "total_rain_in": 2.26
          },
          {
            "year": 2022,
            "month": 11,
            "avg_high_c": 9.82,
            "avg_low_c": 0.86,
            "total_rain_mm": 160.98,
            "total_rain_in": 6.34
          },
          {
            "year": 2022,
            "month": 12,
            "avg_high_c": 7.61,
            "avg_low_c": 1.27,
            "total_rain_mm": 173.4,
            "total_rain_in": 6.83
          },
          {
            "year": 2023,
            "month": 1,
            "avg_high_c": 7.82,
            "avg_low_c": 1.42,
            "total_rain_mm": 94.49,
            "total_rain_in": 3.72
          },
          {
            "year": 2023,
            "month": 2,
            "avg_high_c": 7.78,
            "avg_low_c": -0.04,
            "total_rain_mm": 112.98,
            "total_rain_in": 4.45
          },
          {
            "year": 2023,
            "month": 3,
            "avg_high_c": 7.61,
            "avg_low_c": -0.22,
            "total_rain_mm": 193.63,
            "total_rain_in": 7.62
          },
          {
            "year": 2023,
            "month": 4,
            "avg_high_c": 11.76,
            "avg_low_c": 3.48,
            "total_rain_mm": 155.44,
            "total_rain_in": 6.12
          },
          {
            "year": 2023,
            "month": 5,
            "avg_high_c": 19.43,
            "avg_low_c": 8.12,
            "total_rain_mm": 27.62,
            "total_rain_in": 1.09
          },
          {
            "year": 2023,
            "month": 6,
            "avg_high_c": 21.13,
            "avg_low_c": 8.79,
            "total_rain_mm": 13.29,
            "total_rain_in": 0.52
          },
          {
            "year": 2023,
            "month": 7,
            "avg_high_c": 26.83,
            "avg_low_c": 11.23,
            "total_rain_mm": 0.8,
            "total_rain_in": 0.03
          },
          {
            "year": 2023,
            "month": 8,
            "avg_high_c": 29.16,
            "avg_low_c": 12.95,
            "total_rain_mm": 13.99,
            "total_rain_in": 0.55
          },
          {
            "year": 2023,
            "month": 9,
            "avg_high_c": 24.05,
            "avg_low_c": 10.15,
            "total_rain_mm": 56.6,
            "total_rain_in": 2.23
          },
          {
            "year": 2023,
            "month": 10,
            "avg_high_c": 18.3,
            "avg_low_c": 7.1,
            "total_rain_mm": 106.79,
            "total_rain_in": 4.2
          },
          {
            "year": 2023,
            "month": 11,
            "avg_high_c": 12.28,
            "avg_low_c": 3.5,
            "total_rain_mm": 139.45,
            "total_rain_in": 5.49
          },
          {
            "year": 2023,
            "month": 12,
            "avg_high_c": 10.7,
            "avg_low_c": 4.32,
            "total_rain_mm": 245.67,
            "total_rain_in": 9.67
          },
          {
            "year": 2024,
            "month": 1,
            "avg_high_c": 9.33,
            "avg_low_c": 4.32,
            "total_rain_mm": 351.31,
            "total_rain_in": 13.83
          },
          {
            "year": 2024,
            "month": 2,
            "avg_high_c": 9.73,
            "avg_low_c": 3.04,
            "total_rain_mm": 178.71,
            "total_rain_in": 7.04
          },
          {
            "year": 2024,
            "month": 3,
            "avg_high_c": 10.96,
            "avg_low_c": 2.61,
            "total_rain_mm": 164.28,
            "total_rain_in": 6.47
          },
          {
            "year": 2024,
            "month": 4,
            "avg_high_c": 13.62,
            "avg_low_c": 4.03,
            "total_rain_mm": 93.19,
            "total_rain_in": 3.67
          },
          {
            "year": 2024,
            "month": 5,
            "avg_high_c": 16.89,
            "avg_low_c": 5.88,
            "total_rain_mm": 103.89,
            "total_rain_in": 4.09
          },
          {
            "year": 2024,
            "month": 6,
            "avg_high_c": 20.35,
            "avg_low_c": 9.04,
            "total_rain_mm": 54.09,
            "total_rain_in": 2.13
          },
          {
            "year": 2024,
            "month": 7,
            "avg_high_c": 26.5,
            "avg_low_c": 12.22,
            "total_rain_mm": 3.37,
            "total_rain_in": 0.13
          },
          {
            "year": 2024,
            "month": 8,
            "avg_high_c": 26.3,
            "avg_low_c": 12.01,
            "total_rain_mm": 24.29,
            "total_rain_in": 0.96
          },
          {
            "year": 2024,
            "month": 9,
            "avg_high_c": 25.02,
            "avg_low_c": 10.59,
            "total_rain_mm": 32.9,
            "total_rain_in": 1.3
          },
          {
            "year": 2024,
            "month": 10,
            "avg_high_c": 19.19,
            "avg_low_c": 6.89,
            "total_rain_mm": 98.47,
            "total_rain_in": 3.88
          },
          {
            "year": 2024,
            "month": 11,
            "avg_high_c": 9.64,
            "avg_low_c": 3.86,
            "total_rain_mm": 293.22,
            "total_rain_in": 11.54
          },
          {
            "year": 2024,
            "month": 12,
            "avg_high_c": 9.76,
            "avg_low_c": 3.29,
            "total_rain_mm": 295.17,
            "total_rain_in": 11.62
          },
          {
            "year": 2025,
            "month": 1,
            "avg_high_c": 8.65,
            "avg_low_c": 0.33,
            "total_rain_mm": 131.95,
            "total_rain_in": 5.19
          },
          {
            "year": 2025,
            "month": 2,
            "avg_high_c": 8.13,
            "avg_low_c": 1.66,
            "total_rain_mm": 190.55,
            "total_rain_in": 7.5
          },
          {
            "year": 2025,
            "month": 3,
            "avg_high_c": 11.05,
            "avg_low_c": 4.06,
            "total_rain_mm": 268.39,
            "total_rain_in": 10.57
          },
          {
            "year": 2025,
            "month": 4,
            "avg_high_c": 15.16,
            "avg_low_c": 4.32,
            "total_rain_mm": 58.55,
            "total_rain_in": 2.31
          },
          {
            "year": 2025,
            "month": 5,
            "avg_high_c": 17.27,
            "avg_low_c": 6.52,
            "total_rain_mm": 44.19,
            "total_rain_in": 1.74
          },
          {
            "year": 2025,
            "month": 6,
            "avg_high_c": 21.41,
            "avg_low_c": 9.22,
            "total_rain_mm": 31.7,
            "total_rain_in": 1.25
          },
          {
            "year": 2025,
            "month": 7,
            "avg_high_c": 26.68,
            "avg_low_c": 11.54,
            "total_rain_mm": 0.73,
            "total_rain_in": 0.03
          },
          {
            "year": 2025,
            "month": 8,
            "avg_high_c": 29.54,
            "avg_low_c": 13.29,
            "total_rain_mm": 10.11,
            "total_rain_in": 0.4
          },
          {
            "year": 2025,
            "month": 9,
            "avg_high_c": 25.66,
            "avg_low_c": 10.95,
            "total_rain_mm": 47.25,
            "total_rain_in": 1.86
          },
          {
            "year": 2025,
            "month": 10,
            "avg_high_c": 16.4,
            "avg_low_c": 6.01,
            "total_rain_mm": 126.39,
            "total_rain_in": 4.98
          },
          {
            "year": 2025,
            "month": 11,
            "avg_high_c": 12.57,
            "avg_low_c": 5.3,
            "total_rain_mm": 124.05,
            "total_rain_in": 4.88
          },
          {
            "year": 2025,
            "month": 12,
            "avg_high_c": 10.45,
            "avg_low_c": 4.15,
            "total_rain_mm": 259.14,
            "total_rain_in": 10.2
          }
        ]
      },
      "geometry": {
        "type": "MultiPolygon",
        "coordinates": [
          [
            [
              [
                -2137137.000600001,
                2664472.5145999994
              ],
              [
                -2137061.4651999995,
                2664450.293299999
              ],
              [
                -2137052.9869,
                2664479.1132999994
              ],
              [
                -2137025.5196,
                2664471.033
              ],
              [
                -2137004.9190999996,
                2664464.9728999995
              ],
              [
                -2137013.3971999995,
                2664436.1527999993
              ],
              [
                -2136985.9297,
                2664428.0726999994
              ],
              [
                -2136997.2336,
                2664389.6458
              ],
              [
                -2136960.468800001,
                2664337.0789
              ],
              [
                -2136939.867900001,
                2664331.0188999996
              ],
              [
                -2136912.4000000004,
                2664322.939099999
              ],
              [
                -2136900.2764999997,
                2664288.0590000004
              ],
              [
                -2136920.0573999994,
                2664220.8115
              ],
              [
                -2136940.6586000007,
                2664226.8714000005
              ],
              [
                -2136968.1269000005,
                2664234.9514000006
              ],
              [
                -2136988.728,
                2664241.0113999993
              ],
              [
                -2137016.1962,
                2664249.091499999
              ],
              [
                -2137036.7974999994,
                2664255.1516999993
              ],
              [
                -2137064.2655999996,
                2664263.232000001
              ],
              [
                -2137084.8665999994,
                2664269.292300001
              ],
              [
                -2137139.8028999995,
                2664285.453400001
              ],
              [
                -2137131.3245,
                2664314.273499999
              ],
              [
                -2137275.5309999995,
                2664356.6982000005
              ],
              [
                -2137264.2257000003,
                2664395.1247000005
              ],
              [
                -2137228.2792000007,
                2664415.863500001
              ],
              [
                -2137196.3735000007,
                2664448.2293999996
              ],
              [
                -2137185.068499999,
                2664486.6558999997
              ],
              [
                -2137137.000600001,
                2664472.5145999994
              ]
            ]
          ]
        ]
      }
    },
    {
      "type": "Feature",
      "properties": {
        "field_id": "WV_AG_013",
        "lat": 44.50700621516949,
        "lon": -123.06702528621418,
        "area_acres": 13.2329484591144,
        "crop_code": 24,
        "cdl_crop": "Winter Wheat",
        "crop_dominant_pct": 94.6,
        "soil_muname": "Woodburn silt loam, 0 to 3 percent slopes",
        "soil_drainage": "Moderately well drained",
        "soil_clay_pct": 15.0,
        "soil_sand_pct": 14.0,
        "soil_silt_pct": 71.0,
        "soil_om_pct": 4.0,
        "soil_ph": 6.1,
        "soil_cec": 15.0,
        "soil_depth_cm": 0.0,
        "weather_monthly": [
          {
            "year": 2020,
            "month": 1,
            "avg_high_c": 8.29,
            "avg_low_c": 3.45,
            "total_rain_mm": 335.74,
            "total_rain_in": 13.22
          },
          {
            "year": 2020,
            "month": 2,
            "avg_high_c": 9.41,
            "avg_low_c": 1.31,
            "total_rain_mm": 106.13,
            "total_rain_in": 4.18
          },
          {
            "year": 2020,
            "month": 3,
            "avg_high_c": 10.89,
            "avg_low_c": 1.82,
            "total_rain_mm": 122.53,
            "total_rain_in": 4.82
          },
          {
            "year": 2020,
            "month": 4,
            "avg_high_c": 15.33,
            "avg_low_c": 4.78,
            "total_rain_mm": 69.14,
            "total_rain_in": 2.72
          },
          {
            "year": 2020,
            "month": 5,
            "avg_high_c": 17.79,
            "avg_low_c": 7.72,
            "total_rain_mm": 134.18,
            "total_rain_in": 5.28
          },
          {
            "year": 2020,
            "month": 6,
            "avg_high_c": 19.47,
            "avg_low_c": 9.28,
            "total_rain_mm": 75.69,
            "total_rain_in": 2.98
          },
          {
            "year": 2020,
            "month": 7,
            "avg_high_c": 23.62,
            "avg_low_c": 10.84,
            "total_rain_mm": 1.22,
            "total_rain_in": 0.05
          },
          {
            "year": 2020,
            "month": 8,
            "avg_high_c": 25.28,
            "avg_low_c": 10.98,
            "total_rain_mm": 2.78,
            "total_rain_in": 0.11
          },
          {
            "year": 2020,
            "month": 9,
            "avg_high_c": 24.88,
            "avg_low_c": 11.82,
            "total_rain_mm": 72.75,
            "total_rain_in": 2.86
          },
          {
            "year": 2020,
            "month": 10,
            "avg_high_c": 18.05,
            "avg_low_c": 6.83,
            "total_rain_mm": 69.47,
            "total_rain_in": 2.74
          },
          {
            "year": 2020,
            "month": 11,
            "avg_high_c": 10.89,
            "avg_low_c": 2.86,
            "total_rain_mm": 232.5,
            "total_rain_in": 9.15
          },
          {
            "year": 2020,
            "month": 12,
            "avg_high_c": 9.48,
            "avg_low_c": 1.8,
            "total_rain_mm": 218.39,
            "total_rain_in": 8.6
          },
          {
            "year": 2021,
            "month": 1,
            "avg_high_c": 8.91,
            "avg_low_c": 2.45,
            "total_rain_mm": 254.08,
            "total_rain_in": 10.0
          },
          {
            "year": 2021,
            "month": 2,
            "avg_high_c": 7.83,
            "avg_low_c": 1.9,
            "total_rain_mm": 199.0,
            "total_rain_in": 7.83
          },
          {
            "year": 2021,
            "month": 3,
            "avg_high_c": 11.03,
            "avg_low_c": 1.41,
            "total_rain_mm": 76.2,
            "total_rain_in": 3.0
          },
          {
            "year": 2021,
            "month": 4,
            "avg_high_c": 16.03,
            "avg_low_c": 3.49,
            "total_rain_mm": 26.64,
            "total_rain_in": 1.05
          },
          {
            "year": 2021,
            "month": 5,
            "avg_high_c": 17.61,
            "avg_low_c": 6.63,
            "total_rain_mm": 32.61,
            "total_rain_in": 1.28
          },
          {
            "year": 2021,
            "month": 6,
            "avg_high_c": 23.31,
            "avg_low_c": 10.75,
            "total_rain_mm": 48.27,
            "total_rain_in": 1.9
          },
          {
            "year": 2021,
            "month": 7,
            "avg_high_c": 26.5,
            "avg_low_c": 11.41,
            "total_rain_mm": 1.97,
            "total_rain_in": 0.08
          },
          {
            "year": 2021,
            "month": 8,
            "avg_high_c": 27.12,
            "avg_low_c": 12.3,
            "total_rain_mm": 1.69,
            "total_rain_in": 0.07
          },
          {
            "year": 2021,
            "month": 9,
            "avg_high_c": 24.68,
            "avg_low_c": 9.98,
            "total_rain_mm": 85.39,
            "total_rain_in": 3.36
          },
          {
            "year": 2021,
            "month": 10,
            "avg_high_c": 15.78,
            "avg_low_c": 6.61,
            "total_rain_mm": 126.84,
            "total_rain_in": 4.99
          },
          {
            "year": 2021,
            "month": 11,
            "avg_high_c": 12.39,
            "avg_low_c": 4.82,
            "total_rain_mm": 205.74,
            "total_rain_in": 8.1
          },
          {
            "year": 2021,
            "month": 12,
            "avg_high_c": 6.18,
            "avg_low_c": 1.36,
            "total_rain_mm": 308.92,
            "total_rain_in": 12.16
          },
          {
            "year": 2022,
            "month": 1,
            "avg_high_c": 9.77,
            "avg_low_c": 1.92,
            "total_rain_mm": 158.73,
            "total_rain_in": 6.25
          },
          {
            "year": 2022,
            "month": 2,
            "avg_high_c": 10.27,
            "avg_low_c": 1.55,
            "total_rain_mm": 85.78,
            "total_rain_in": 3.38
          },
          {
            "year": 2022,
            "month": 3,
            "avg_high_c": 12.11,
            "avg_low_c": 3.66,
            "total_rain_mm": 115.37,
            "total_rain_in": 4.54
          },
          {
            "year": 2022,
            "month": 4,
            "avg_high_c": 11.74,
            "avg_low_c": 2.97,
            "total_rain_mm": 181.66,
            "total_rain_in": 7.15
          },
          {
            "year": 2022,
            "month": 5,
            "avg_high_c": 15.02,
            "avg_low_c": 6.09,
            "total_rain_mm": 173.68,
            "total_rain_in": 6.84
          },
          {
            "year": 2022,
            "month": 6,
            "avg_high_c": 20.05,
            "avg_low_c": 9.46,
            "total_rain_mm": 102.97,
            "total_rain_in": 4.05
          },
          {
            "year": 2022,
            "month": 7,
            "avg_high_c": 24.84,
            "avg_low_c": 12.19,
            "total_rain_mm": 7.17,
            "total_rain_in": 0.28
          },
          {
            "year": 2022,
            "month": 8,
            "avg_high_c": 26.1,
            "avg_low_c": 12.91,
            "total_rain_mm": 2.85,
            "total_rain_in": 0.11
          },
          {
            "year": 2022,
            "month": 9,
            "avg_high_c": 24.47,
            "avg_low_c": 11.0,
            "total_rain_mm": 8.81,
            "total_rain_in": 0.35
          },
          {
            "year": 2022,
            "month": 10,
            "avg_high_c": 21.37,
            "avg_low_c": 8.75,
            "total_rain_mm": 58.08,
            "total_rain_in": 2.29
          },
          {
            "year": 2022,
            "month": 11,
            "avg_high_c": 9.79,
            "avg_low_c": 0.95,
            "total_rain_mm": 178.0,
            "total_rain_in": 7.01
          },
          {
            "year": 2022,
            "month": 12,
            "avg_high_c": 7.87,
            "avg_low_c": 1.37,
            "total_rain_mm": 195.13,
            "total_rain_in": 7.68
          },
          {
            "year": 2023,
            "month": 1,
            "avg_high_c": 8.03,
            "avg_low_c": 1.69,
            "total_rain_mm": 125.73,
            "total_rain_in": 4.95
          },
          {
            "year": 2023,
            "month": 2,
            "avg_high_c": 7.67,
            "avg_low_c": 0.08,
            "total_rain_mm": 120.26,
            "total_rain_in": 4.73
          },
          {
            "year": 2023,
            "month": 3,
            "avg_high_c": 8.6,
            "avg_low_c": 0.45,
            "total_rain_mm": 204.35,
            "total_rain_in": 8.05
          },
          {
            "year": 2023,
            "month": 4,
            "avg_high_c": 12.24,
            "avg_low_c": 3.7,
            "total_rain_mm": 183.89,
            "total_rain_in": 7.24
          },
          {
            "year": 2023,
            "month": 5,
            "avg_high_c": 19.84,
            "avg_low_c": 8.26,
            "total_rain_mm": 19.98,
            "total_rain_in": 0.79
          },
          {
            "year": 2023,
            "month": 6,
            "avg_high_c": 21.61,
            "avg_low_c": 8.67,
            "total_rain_mm": 11.98,
            "total_rain_in": 0.47
          },
          {
            "year": 2023,
            "month": 7,
            "avg_high_c": 26.14,
            "avg_low_c": 11.26,
            "total_rain_mm": 1.1,
            "total_rain_in": 0.04
          },
          {
            "year": 2023,
            "month": 8,
            "avg_high_c": 28.47,
            "avg_low_c": 13.2,
            "total_rain_mm": 15.84,
            "total_rain_in": 0.62
          },
          {
            "year": 2023,
            "month": 9,
            "avg_high_c": 23.69,
            "avg_low_c": 10.6,
            "total_rain_mm": 69.32,
            "total_rain_in": 2.73
          },
          {
            "year": 2023,
            "month": 10,
            "avg_high_c": 18.08,
            "avg_low_c": 7.62,
            "total_rain_mm": 112.67,
            "total_rain_in": 4.44
          },
          {
            "year": 2023,
            "month": 11,
            "avg_high_c": 12.32,
            "avg_low_c": 3.76,
            "total_rain_mm": 171.73,
            "total_rain_in": 6.76
          },
          {
            "year": 2023,
            "month": 12,
            "avg_high_c": 10.81,
            "avg_low_c": 4.63,
            "total_rain_mm": 291.62,
            "total_rain_in": 11.48
          },
          {
            "year": 2024,
            "month": 1,
            "avg_high_c": 9.42,
            "avg_low_c": 4.06,
            "total_rain_mm": 392.13,
            "total_rain_in": 15.44
          },
          {
            "year": 2024,
            "month": 2,
            "avg_high_c": 10.23,
            "avg_low_c": 3.33,
            "total_rain_mm": 199.65,
            "total_rain_in": 7.86
          },
          {
            "year": 2024,
            "month": 3,
            "avg_high_c": 11.63,
            "avg_low_c": 2.94,
            "total_rain_mm": 178.34,
            "total_rain_in": 7.02
          },
          {
            "year": 2024,
            "month": 4,
            "avg_high_c": 14.12,
            "avg_low_c": 4.3,
            "total_rain_mm": 93.08,
            "total_rain_in": 3.66
          },
          {
            "year": 2024,
            "month": 5,
            "avg_high_c": 17.1,
            "avg_low_c": 6.17,
            "total_rain_mm": 106.35,
            "total_rain_in": 4.19
          },
          {
            "year": 2024,
            "month": 6,
            "avg_high_c": 20.44,
            "avg_low_c": 9.21,
            "total_rain_mm": 57.73,
            "total_rain_in": 2.27
          },
          {
            "year": 2024,
            "month": 7,
            "avg_high_c": 26.3,
            "avg_low_c": 11.94,
            "total_rain_mm": 5.44,
            "total_rain_in": 0.21
          },
          {
            "year": 2024,
            "month": 8,
            "avg_high_c": 25.26,
            "avg_low_c": 12.04,
            "total_rain_mm": 20.57,
            "total_rain_in": 0.81
          },
          {
            "year": 2024,
            "month": 9,
            "avg_high_c": 24.25,
            "avg_low_c": 10.86,
            "total_rain_mm": 34.03,
            "total_rain_in": 1.34
          },
          {
            "year": 2024,
            "month": 10,
            "avg_high_c": 18.82,
            "avg_low_c": 7.09,
            "total_rain_mm": 123.02,
            "total_rain_in": 4.84
          },
          {
            "year": 2024,
            "month": 11,
            "avg_high_c": 10.25,
            "avg_low_c": 4.12,
            "total_rain_mm": 316.42,
            "total_rain_in": 12.46
          },
          {
            "year": 2024,
            "month": 12,
            "avg_high_c": 9.56,
            "avg_low_c": 3.41,
            "total_rain_mm": 301.4,
            "total_rain_in": 11.87
          },
          {
            "year": 2025,
            "month": 1,
            "avg_high_c": 8.3,
            "avg_low_c": 0.38,
            "total_rain_mm": 131.61,
            "total_rain_in": 5.18
          },
          {
            "year": 2025,
            "month": 2,
            "avg_high_c": 8.57,
            "avg_low_c": 1.98,
            "total_rain_mm": 208.24,
            "total_rain_in": 8.2
          },
          {
            "year": 2025,
            "month": 3,
            "avg_high_c": 11.43,
            "avg_low_c": 4.26,
            "total_rain_mm": 258.95,
            "total_rain_in": 10.19
          },
          {
            "year": 2025,
            "month": 4,
            "avg_high_c": 15.68,
            "avg_low_c": 4.55,
            "total_rain_mm": 62.07,
            "total_rain_in": 2.44
          },
          {
            "year": 2025,
            "month": 5,
            "avg_high_c": 17.55,
            "avg_low_c": 6.39,
            "total_rain_mm": 43.47,
            "total_rain_in": 1.71
          },
          {
            "year": 2025,
            "month": 6,
            "avg_high_c": 21.52,
            "avg_low_c": 9.24,
            "total_rain_mm": 31.15,
            "total_rain_in": 1.23
          },
          {
            "year": 2025,
            "month": 7,
            "avg_high_c": 25.74,
            "avg_low_c": 11.48,
            "total_rain_mm": 0.4,
            "total_rain_in": 0.02
          },
          {
            "year": 2025,
            "month": 8,
            "avg_high_c": 28.03,
            "avg_low_c": 13.28,
            "total_rain_mm": 12.83,
            "total_rain_in": 0.51
          },
          {
            "year": 2025,
            "month": 9,
            "avg_high_c": 24.93,
            "avg_low_c": 11.27,
            "total_rain_mm": 48.46,
            "total_rain_in": 1.91
          },
          {
            "year": 2025,
            "month": 10,
            "avg_high_c": 15.99,
            "avg_low_c": 6.03,
            "total_rain_mm": 137.17,
            "total_rain_in": 5.4
          },
          {
            "year": 2025,
            "month": 11,
            "avg_high_c": 12.27,
            "avg_low_c": 5.4,
            "total_rain_mm": 167.03,
            "total_rain_in": 6.58
          },
          {
            "year": 2025,
            "month": 12,
            "avg_high_c": 10.32,
            "avg_low_c": 4.3,
            "total_rain_mm": 310.36,
            "total_rain_in": 12.22
          }
        ]
      },
      "geometry": {
        "type": "MultiPolygon",
        "coordinates": [
          [
            [
              [
                -2117940.9648,
                2694627.8390999995
              ],
              [
                -2117960.6470999997,
                2694560.6097999997
              ],
              [
                -2117980.329399999,
                2694493.3803000003
              ],
              [
                -2117964.2225,
                2694446.9551999997
              ],
              [
                -2117943.7069000006,
                2694440.949100001
              ],
              [
                -2117954.9538000003,
                2694402.5320999995
              ],
              [
                -2117983.9047,
                2694379.7255000006
              ],
              [
                -2118043.0218,
                2694355.3231000006
              ],
              [
                -2118090.891899999,
                2694369.3379999995
              ],
              [
                -2118127.5143,
                2694421.7700999994
              ],
              [
                -2118154.8684,
                2694429.7788999993
              ],
              [
                -2118175.3839,
                2694435.785599999
              ],
              [
                -2118166.948000001,
                2694464.598099999
              ],
              [
                -2118119.0785000008,
                2694450.5825999994
              ],
              [
                -2118107.8308000006,
                2694488.999399999
              ],
              [
                -2118123.936899999,
                2694535.424799999
              ],
              [
                -2118144.4520999994,
                2694541.431399999
              ],
              [
                -2118155.6999999993,
                2694503.0146999992
              ],
              [
                -2118183.0538999997,
                2694511.0237000007
              ],
              [
                -2118230.9229000006,
                2694525.0395
              ],
              [
                -2118258.2766999993,
                2694533.048699999
              ],
              [
                -2118247.0282000005,
                2694571.4651999995
              ],
              [
                -2118267.543299999,
                2694577.4722000007
              ],
              [
                -2118259.106899999,
                2694606.2843999993
              ],
              [
                -2118238.5918000005,
                2694600.2775
              ],
              [
                -2118211.238399999,
                2694592.2685000002
              ],
              [
                -2118163.3696999997,
                2694578.252699999
              ],
              [
                -2118136.0162000004,
                2694570.2436999995
              ],
              [
                -2118124.7683000006,
                2694608.6603999995
              ],
              [
                -2118095.8172999993,
                2694631.4662999995
              ],
              [
                -2118068.4639999997,
                2694623.457699999
              ],
              [
                -2118047.948999999,
                2694617.4514000006
              ],
              [
                -2118036.7014000006,
                2694655.8680000007
              ],
              [
                -2118057.2162999995,
                2694661.8742999993
              ],
              [
                -2118048.7806,
                2694690.6867999993
              ],
              [
                -2118000.9125999995,
                2694676.6721
              ],
              [
                -2118009.3483000007,
                2694647.8596
              ],
              [
                -2117961.4799000006,
                2694633.8452000003
              ],
              [
                -2117940.9648,
                2694627.8390999995
              ]
            ]
          ]
        ]
      }
    },
    {
      "type": "Feature",
      "properties": {
        "field_id": "WV_AG_014",
        "lat": 44.65434908884148,
        "lon": -123.1508651840231,
        "area_acres": 10.7392048087968,
        "crop_code": 24,
        "cdl_crop": "Winter Wheat",
        "crop_dominant_pct": 64.0,
        "soil_muname": "Willamette silt loam, 3 to 12 percent slopes",
        "soil_drainage": "Well drained",
        "soil_clay_pct": 21.0,
        "soil_sand_pct": 5.0,
        "soil_silt_pct": 74.0,
        "soil_om_pct": 4.3,
        "soil_ph": 5.6,
        "soil_cec": 20.0,
        "soil_depth_cm": 0.0,
        "weather_monthly": [
          {
            "year": 2020,
            "month": 1,
            "avg_high_c": 8.29,
            "avg_low_c": 3.45,
            "total_rain_mm": 335.74,
            "total_rain_in": 13.22
          },
          {
            "year": 2020,
            "month": 2,
            "avg_high_c": 9.41,
            "avg_low_c": 1.31,
            "total_rain_mm": 106.13,
            "total_rain_in": 4.18
          },
          {
            "year": 2020,
            "month": 3,
            "avg_high_c": 10.89,
            "avg_low_c": 1.82,
            "total_rain_mm": 122.53,
            "total_rain_in": 4.82
          },
          {
            "year": 2020,
            "month": 4,
            "avg_high_c": 15.33,
            "avg_low_c": 4.78,
            "total_rain_mm": 69.14,
            "total_rain_in": 2.72
          },
          {
            "year": 2020,
            "month": 5,
            "avg_high_c": 17.79,
            "avg_low_c": 7.72,
            "total_rain_mm": 134.18,
            "total_rain_in": 5.28
          },
          {
            "year": 2020,
            "month": 6,
            "avg_high_c": 19.47,
            "avg_low_c": 9.28,
            "total_rain_mm": 75.69,
            "total_rain_in": 2.98
          },
          {
            "year": 2020,
            "month": 7,
            "avg_high_c": 23.62,
            "avg_low_c": 10.84,
            "total_rain_mm": 1.22,
            "total_rain_in": 0.05
          },
          {
            "year": 2020,
            "month": 8,
            "avg_high_c": 25.28,
            "avg_low_c": 10.98,
            "total_rain_mm": 2.78,
            "total_rain_in": 0.11
          },
          {
            "year": 2020,
            "month": 9,
            "avg_high_c": 24.88,
            "avg_low_c": 11.82,
            "total_rain_mm": 72.75,
            "total_rain_in": 2.86
          },
          {
            "year": 2020,
            "month": 10,
            "avg_high_c": 18.05,
            "avg_low_c": 6.83,
            "total_rain_mm": 69.47,
            "total_rain_in": 2.74
          },
          {
            "year": 2020,
            "month": 11,
            "avg_high_c": 10.89,
            "avg_low_c": 2.86,
            "total_rain_mm": 232.5,
            "total_rain_in": 9.15
          },
          {
            "year": 2020,
            "month": 12,
            "avg_high_c": 9.48,
            "avg_low_c": 1.8,
            "total_rain_mm": 218.39,
            "total_rain_in": 8.6
          },
          {
            "year": 2021,
            "month": 1,
            "avg_high_c": 8.91,
            "avg_low_c": 2.45,
            "total_rain_mm": 254.08,
            "total_rain_in": 10.0
          },
          {
            "year": 2021,
            "month": 2,
            "avg_high_c": 7.83,
            "avg_low_c": 1.9,
            "total_rain_mm": 199.0,
            "total_rain_in": 7.83
          },
          {
            "year": 2021,
            "month": 3,
            "avg_high_c": 11.03,
            "avg_low_c": 1.41,
            "total_rain_mm": 76.2,
            "total_rain_in": 3.0
          },
          {
            "year": 2021,
            "month": 4,
            "avg_high_c": 16.03,
            "avg_low_c": 3.49,
            "total_rain_mm": 26.64,
            "total_rain_in": 1.05
          },
          {
            "year": 2021,
            "month": 5,
            "avg_high_c": 17.61,
            "avg_low_c": 6.63,
            "total_rain_mm": 32.61,
            "total_rain_in": 1.28
          },
          {
            "year": 2021,
            "month": 6,
            "avg_high_c": 23.31,
            "avg_low_c": 10.75,
            "total_rain_mm": 48.27,
            "total_rain_in": 1.9
          },
          {
            "year": 2021,
            "month": 7,
            "avg_high_c": 26.5,
            "avg_low_c": 11.41,
            "total_rain_mm": 1.97,
            "total_rain_in": 0.08
          },
          {
            "year": 2021,
            "month": 8,
            "avg_high_c": 27.12,
            "avg_low_c": 12.3,
            "total_rain_mm": 1.69,
            "total_rain_in": 0.07
          },
          {
            "year": 2021,
            "month": 9,
            "avg_high_c": 24.68,
            "avg_low_c": 9.98,
            "total_rain_mm": 85.39,
            "total_rain_in": 3.36
          },
          {
            "year": 2021,
            "month": 10,
            "avg_high_c": 15.78,
            "avg_low_c": 6.61,
            "total_rain_mm": 126.84,
            "total_rain_in": 4.99
          },
          {
            "year": 2021,
            "month": 11,
            "avg_high_c": 12.39,
            "avg_low_c": 4.82,
            "total_rain_mm": 205.74,
            "total_rain_in": 8.1
          },
          {
            "year": 2021,
            "month": 12,
            "avg_high_c": 6.18,
            "avg_low_c": 1.36,
            "total_rain_mm": 308.92,
            "total_rain_in": 12.16
          },
          {
            "year": 2022,
            "month": 1,
            "avg_high_c": 9.77,
            "avg_low_c": 1.92,
            "total_rain_mm": 158.73,
            "total_rain_in": 6.25
          },
          {
            "year": 2022,
            "month": 2,
            "avg_high_c": 10.27,
            "avg_low_c": 1.55,
            "total_rain_mm": 85.78,
            "total_rain_in": 3.38
          },
          {
            "year": 2022,
            "month": 3,
            "avg_high_c": 12.11,
            "avg_low_c": 3.66,
            "total_rain_mm": 115.37,
            "total_rain_in": 4.54
          },
          {
            "year": 2022,
            "month": 4,
            "avg_high_c": 11.74,
            "avg_low_c": 2.97,
            "total_rain_mm": 181.66,
            "total_rain_in": 7.15
          },
          {
            "year": 2022,
            "month": 5,
            "avg_high_c": 15.02,
            "avg_low_c": 6.09,
            "total_rain_mm": 173.68,
            "total_rain_in": 6.84
          },
          {
            "year": 2022,
            "month": 6,
            "avg_high_c": 20.05,
            "avg_low_c": 9.46,
            "total_rain_mm": 102.97,
            "total_rain_in": 4.05
          },
          {
            "year": 2022,
            "month": 7,
            "avg_high_c": 24.84,
            "avg_low_c": 12.19,
            "total_rain_mm": 7.17,
            "total_rain_in": 0.28
          },
          {
            "year": 2022,
            "month": 8,
            "avg_high_c": 26.1,
            "avg_low_c": 12.91,
            "total_rain_mm": 2.85,
            "total_rain_in": 0.11
          },
          {
            "year": 2022,
            "month": 9,
            "avg_high_c": 24.47,
            "avg_low_c": 11.0,
            "total_rain_mm": 8.81,
            "total_rain_in": 0.35
          },
          {
            "year": 2022,
            "month": 10,
            "avg_high_c": 21.37,
            "avg_low_c": 8.75,
            "total_rain_mm": 58.08,
            "total_rain_in": 2.29
          },
          {
            "year": 2022,
            "month": 11,
            "avg_high_c": 9.79,
            "avg_low_c": 0.95,
            "total_rain_mm": 178.0,
            "total_rain_in": 7.01
          },
          {
            "year": 2022,
            "month": 12,
            "avg_high_c": 7.87,
            "avg_low_c": 1.37,
            "total_rain_mm": 195.13,
            "total_rain_in": 7.68
          },
          {
            "year": 2023,
            "month": 1,
            "avg_high_c": 8.03,
            "avg_low_c": 1.69,
            "total_rain_mm": 125.73,
            "total_rain_in": 4.95
          },
          {
            "year": 2023,
            "month": 2,
            "avg_high_c": 7.67,
            "avg_low_c": 0.08,
            "total_rain_mm": 120.26,
            "total_rain_in": 4.73
          },
          {
            "year": 2023,
            "month": 3,
            "avg_high_c": 8.6,
            "avg_low_c": 0.45,
            "total_rain_mm": 204.35,
            "total_rain_in": 8.05
          },
          {
            "year": 2023,
            "month": 4,
            "avg_high_c": 12.24,
            "avg_low_c": 3.7,
            "total_rain_mm": 183.89,
            "total_rain_in": 7.24
          },
          {
            "year": 2023,
            "month": 5,
            "avg_high_c": 19.84,
            "avg_low_c": 8.26,
            "total_rain_mm": 19.98,
            "total_rain_in": 0.79
          },
          {
            "year": 2023,
            "month": 6,
            "avg_high_c": 21.61,
            "avg_low_c": 8.67,
            "total_rain_mm": 11.98,
            "total_rain_in": 0.47
          },
          {
            "year": 2023,
            "month": 7,
            "avg_high_c": 26.14,
            "avg_low_c": 11.26,
            "total_rain_mm": 1.1,
            "total_rain_in": 0.04
          },
          {
            "year": 2023,
            "month": 8,
            "avg_high_c": 28.47,
            "avg_low_c": 13.2,
            "total_rain_mm": 15.84,
            "total_rain_in": 0.62
          },
          {
            "year": 2023,
            "month": 9,
            "avg_high_c": 23.69,
            "avg_low_c": 10.6,
            "total_rain_mm": 69.32,
            "total_rain_in": 2.73
          },
          {
            "year": 2023,
            "month": 10,
            "avg_high_c": 18.08,
            "avg_low_c": 7.62,
            "total_rain_mm": 112.67,
            "total_rain_in": 4.44
          },
          {
            "year": 2023,
            "month": 11,
            "avg_high_c": 12.32,
            "avg_low_c": 3.76,
            "total_rain_mm": 171.73,
            "total_rain_in": 6.76
          },
          {
            "year": 2023,
            "month": 12,
            "avg_high_c": 10.81,
            "avg_low_c": 4.63,
            "total_rain_mm": 291.62,
            "total_rain_in": 11.48
          },
          {
            "year": 2024,
            "month": 1,
            "avg_high_c": 9.42,
            "avg_low_c": 4.06,
            "total_rain_mm": 392.13,
            "total_rain_in": 15.44
          },
          {
            "year": 2024,
            "month": 2,
            "avg_high_c": 10.23,
            "avg_low_c": 3.33,
            "total_rain_mm": 199.65,
            "total_rain_in": 7.86
          },
          {
            "year": 2024,
            "month": 3,
            "avg_high_c": 11.63,
            "avg_low_c": 2.94,
            "total_rain_mm": 178.34,
            "total_rain_in": 7.02
          },
          {
            "year": 2024,
            "month": 4,
            "avg_high_c": 14.12,
            "avg_low_c": 4.3,
            "total_rain_mm": 93.08,
            "total_rain_in": 3.66
          },
          {
            "year": 2024,
            "month": 5,
            "avg_high_c": 17.1,
            "avg_low_c": 6.17,
            "total_rain_mm": 106.35,
            "total_rain_in": 4.19
          },
          {
            "year": 2024,
            "month": 6,
            "avg_high_c": 20.44,
            "avg_low_c": 9.21,
            "total_rain_mm": 57.73,
            "total_rain_in": 2.27
          },
          {
            "year": 2024,
            "month": 7,
            "avg_high_c": 26.3,
            "avg_low_c": 11.94,
            "total_rain_mm": 5.44,
            "total_rain_in": 0.21
          },
          {
            "year": 2024,
            "month": 8,
            "avg_high_c": 25.26,
            "avg_low_c": 12.04,
            "total_rain_mm": 20.57,
            "total_rain_in": 0.81
          },
          {
            "year": 2024,
            "month": 9,
            "avg_high_c": 24.25,
            "avg_low_c": 10.86,
            "total_rain_mm": 34.03,
            "total_rain_in": 1.34
          },
          {
            "year": 2024,
            "month": 10,
            "avg_high_c": 18.82,
            "avg_low_c": 7.09,
            "total_rain_mm": 123.02,
            "total_rain_in": 4.84
          },
          {
            "year": 2024,
            "month": 11,
            "avg_high_c": 10.25,
            "avg_low_c": 4.12,
            "total_rain_mm": 316.42,
            "total_rain_in": 12.46
          },
          {
            "year": 2024,
            "month": 12,
            "avg_high_c": 9.56,
            "avg_low_c": 3.41,
            "total_rain_mm": 301.4,
            "total_rain_in": 11.87
          },
          {
            "year": 2025,
            "month": 1,
            "avg_high_c": 8.3,
            "avg_low_c": 0.38,
            "total_rain_mm": 131.61,
            "total_rain_in": 5.18
          },
          {
            "year": 2025,
            "month": 2,
            "avg_high_c": 8.57,
            "avg_low_c": 1.98,
            "total_rain_mm": 208.24,
            "total_rain_in": 8.2
          },
          {
            "year": 2025,
            "month": 3,
            "avg_high_c": 11.43,
            "avg_low_c": 4.26,
            "total_rain_mm": 258.95,
            "total_rain_in": 10.19
          },
          {
            "year": 2025,
            "month": 4,
            "avg_high_c": 15.68,
            "avg_low_c": 4.55,
            "total_rain_mm": 62.07,
            "total_rain_in": 2.44
          },
          {
            "year": 2025,
            "month": 5,
            "avg_high_c": 17.55,
            "avg_low_c": 6.39,
            "total_rain_mm": 43.47,
            "total_rain_in": 1.71
          },
          {
            "year": 2025,
            "month": 6,
            "avg_high_c": 21.52,
            "avg_low_c": 9.24,
            "total_rain_mm": 31.15,
            "total_rain_in": 1.23
          },
          {
            "year": 2025,
            "month": 7,
            "avg_high_c": 25.74,
            "avg_low_c": 11.48,
            "total_rain_mm": 0.4,
            "total_rain_in": 0.02
          },
          {
            "year": 2025,
            "month": 8,
            "avg_high_c": 28.03,
            "avg_low_c": 13.28,
            "total_rain_mm": 12.83,
            "total_rain_in": 0.51
          },
          {
            "year": 2025,
            "month": 9,
            "avg_high_c": 24.93,
            "avg_low_c": 11.27,
            "total_rain_mm": 48.46,
            "total_rain_in": 1.91
          },
          {
            "year": 2025,
            "month": 10,
            "avg_high_c": 15.99,
            "avg_low_c": 6.03,
            "total_rain_mm": 137.17,
            "total_rain_in": 5.4
          },
          {
            "year": 2025,
            "month": 11,
            "avg_high_c": 12.27,
            "avg_low_c": 5.4,
            "total_rain_mm": 167.03,
            "total_rain_in": 6.58
          },
          {
            "year": 2025,
            "month": 12,
            "avg_high_c": 10.32,
            "avg_low_c": 4.3,
            "total_rain_mm": 310.36,
            "total_rain_in": 12.22
          }
        ]
      },
      "geometry": {
        "type": "MultiPolygon",
        "coordinates": [
          [
            [
              [
                -2119840.469900001,
                2712277.0714999996
              ],
              [
                -2119772.2533,
                2712257.0337000005
              ],
              [
                -2119783.5309999995,
                2712218.6393
              ],
              [
                -2119756.2441000007,
                2712210.6241999995
              ],
              [
                -2119764.702299999,
                2712181.8286000006
              ],
              [
                -2119803.267000001,
                2712151.4488999993
              ],
              [
                -2119755.5144999996,
                2712137.4229000006
              ],
              [
                -2119763.9726,
                2712108.6269000005
              ],
              [
                -2119736.6853,
                2712100.6117000002
              ],
              [
                -2119716.219900001,
                2712094.6009
              ],
              [
                -2119688.932499999,
                2712086.585999999
              ],
              [
                -2119700.2095999997,
                2712048.1911999993
              ],
              [
                -2119711.4867000002,
                2712009.7964999992
              ],
              [
                -2119719.9444999993,
                2711981.0003999993
              ],
              [
                -2119731.2216,
                2711942.6054999996
              ],
              [
                -2119739.6794000007,
                2711913.8093999997
              ],
              [
                -2119750.9564999994,
                2711875.4145
              ],
              [
                -2119778.2446,
                2711883.4295000006
              ],
              [
                -2119798.7106999997,
                2711889.4407
              ],
              [
                -2119778.975299999,
                2711956.6316
              ],
              [
                -2119786.5275,
                2712031.8374000005
              ],
              [
                -2119823.0030000005,
                2712084.2585000005
              ],
              [
                -2119832.1906000003,
                2712128.6644
              ],
              [
                -2119871.4846,
                2712171.4869999997
              ],
              [
                -2119919.2368,
                2712185.5140000004
              ],
              [
                -2119975.447899999,
                2712170.7457
              ],
              [
                -2120002.7348999996,
                2712178.761499999
              ],
              [
                -2119982.9970999993,
                2712245.9514000006
              ],
              [
                -2119955.7104,
                2712237.9355999995
              ],
              [
                -2119947.2513999995,
                2712266.7313
              ],
              [
                -2119935.9728999995,
                2712305.125499999
              ],
              [
                -2119867.7565,
                2712285.0867999997
              ],
              [
                -2119840.469900001,
                2712277.0714999996
              ]
            ]
          ]
        ]
      }
    },
    {
      "type": "Feature",
      "properties": {
        "field_id": "WV_AG_015",
        "lat": 44.29623518831796,
        "lon": -123.09708671350207,
        "area_acres": 11.7062537443704,
        "crop_code": 24,
        "cdl_crop": "Winter Wheat",
        "crop_dominant_pct": 89.1,
        "soil_muname": "Dayton silt loam",
        "soil_drainage": "Poorly drained",
        "soil_clay_pct": 17.5,
        "soil_sand_pct": 29.1,
        "soil_silt_pct": 53.4,
        "soil_om_pct": 2.5,
        "soil_ph": 5.6,
        "soil_cec": 15.0,
        "soil_depth_cm": 0.0,
        "weather_monthly": [
          {
            "year": 2020,
            "month": 1,
            "avg_high_c": 8.29,
            "avg_low_c": 3.45,
            "total_rain_mm": 335.74,
            "total_rain_in": 13.22
          },
          {
            "year": 2020,
            "month": 2,
            "avg_high_c": 9.41,
            "avg_low_c": 1.31,
            "total_rain_mm": 106.13,
            "total_rain_in": 4.18
          },
          {
            "year": 2020,
            "month": 3,
            "avg_high_c": 10.89,
            "avg_low_c": 1.82,
            "total_rain_mm": 122.53,
            "total_rain_in": 4.82
          },
          {
            "year": 2020,
            "month": 4,
            "avg_high_c": 15.33,
            "avg_low_c": 4.78,
            "total_rain_mm": 69.14,
            "total_rain_in": 2.72
          },
          {
            "year": 2020,
            "month": 5,
            "avg_high_c": 17.79,
            "avg_low_c": 7.72,
            "total_rain_mm": 134.18,
            "total_rain_in": 5.28
          },
          {
            "year": 2020,
            "month": 6,
            "avg_high_c": 19.47,
            "avg_low_c": 9.28,
            "total_rain_mm": 75.69,
            "total_rain_in": 2.98
          },
          {
            "year": 2020,
            "month": 7,
            "avg_high_c": 23.62,
            "avg_low_c": 10.84,
            "total_rain_mm": 1.22,
            "total_rain_in": 0.05
          },
          {
            "year": 2020,
            "month": 8,
            "avg_high_c": 25.28,
            "avg_low_c": 10.98,
            "total_rain_mm": 2.78,
            "total_rain_in": 0.11
          },
          {
            "year": 2020,
            "month": 9,
            "avg_high_c": 24.88,
            "avg_low_c": 11.82,
            "total_rain_mm": 72.75,
            "total_rain_in": 2.86
          },
          {
            "year": 2020,
            "month": 10,
            "avg_high_c": 18.05,
            "avg_low_c": 6.83,
            "total_rain_mm": 69.47,
            "total_rain_in": 2.74
          },
          {
            "year": 2020,
            "month": 11,
            "avg_high_c": 10.89,
            "avg_low_c": 2.86,
            "total_rain_mm": 232.5,
            "total_rain_in": 9.15
          },
          {
            "year": 2020,
            "month": 12,
            "avg_high_c": 9.48,
            "avg_low_c": 1.8,
            "total_rain_mm": 218.39,
            "total_rain_in": 8.6
          },
          {
            "year": 2021,
            "month": 1,
            "avg_high_c": 8.91,
            "avg_low_c": 2.45,
            "total_rain_mm": 254.08,
            "total_rain_in": 10.0
          },
          {
            "year": 2021,
            "month": 2,
            "avg_high_c": 7.83,
            "avg_low_c": 1.9,
            "total_rain_mm": 199.0,
            "total_rain_in": 7.83
          },
          {
            "year": 2021,
            "month": 3,
            "avg_high_c": 11.03,
            "avg_low_c": 1.41,
            "total_rain_mm": 76.2,
            "total_rain_in": 3.0
          },
          {
            "year": 2021,
            "month": 4,
            "avg_high_c": 16.03,
            "avg_low_c": 3.49,
            "total_rain_mm": 26.64,
            "total_rain_in": 1.05
          },
          {
            "year": 2021,
            "month": 5,
            "avg_high_c": 17.61,
            "avg_low_c": 6.63,
            "total_rain_mm": 32.61,
            "total_rain_in": 1.28
          },
          {
            "year": 2021,
            "month": 6,
            "avg_high_c": 23.31,
            "avg_low_c": 10.75,
            "total_rain_mm": 48.27,
            "total_rain_in": 1.9
          },
          {
            "year": 2021,
            "month": 7,
            "avg_high_c": 26.5,
            "avg_low_c": 11.41,
            "total_rain_mm": 1.97,
            "total_rain_in": 0.08
          },
          {
            "year": 2021,
            "month": 8,
            "avg_high_c": 27.12,
            "avg_low_c": 12.3,
            "total_rain_mm": 1.69,
            "total_rain_in": 0.07
          },
          {
            "year": 2021,
            "month": 9,
            "avg_high_c": 24.68,
            "avg_low_c": 9.98,
            "total_rain_mm": 85.39,
            "total_rain_in": 3.36
          },
          {
            "year": 2021,
            "month": 10,
            "avg_high_c": 15.78,
            "avg_low_c": 6.61,
            "total_rain_mm": 126.84,
            "total_rain_in": 4.99
          },
          {
            "year": 2021,
            "month": 11,
            "avg_high_c": 12.39,
            "avg_low_c": 4.82,
            "total_rain_mm": 205.74,
            "total_rain_in": 8.1
          },
          {
            "year": 2021,
            "month": 12,
            "avg_high_c": 6.18,
            "avg_low_c": 1.36,
            "total_rain_mm": 308.92,
            "total_rain_in": 12.16
          },
          {
            "year": 2022,
            "month": 1,
            "avg_high_c": 9.77,
            "avg_low_c": 1.92,
            "total_rain_mm": 158.73,
            "total_rain_in": 6.25
          },
          {
            "year": 2022,
            "month": 2,
            "avg_high_c": 10.27,
            "avg_low_c": 1.55,
            "total_rain_mm": 85.78,
            "total_rain_in": 3.38
          },
          {
            "year": 2022,
            "month": 3,
            "avg_high_c": 12.11,
            "avg_low_c": 3.66,
            "total_rain_mm": 115.37,
            "total_rain_in": 4.54
          },
          {
            "year": 2022,
            "month": 4,
            "avg_high_c": 11.74,
            "avg_low_c": 2.97,
            "total_rain_mm": 181.66,
            "total_rain_in": 7.15
          },
          {
            "year": 2022,
            "month": 5,
            "avg_high_c": 15.02,
            "avg_low_c": 6.09,
            "total_rain_mm": 173.68,
            "total_rain_in": 6.84
          },
          {
            "year": 2022,
            "month": 6,
            "avg_high_c": 20.05,
            "avg_low_c": 9.46,
            "total_rain_mm": 102.97,
            "total_rain_in": 4.05
          },
          {
            "year": 2022,
            "month": 7,
            "avg_high_c": 24.84,
            "avg_low_c": 12.19,
            "total_rain_mm": 7.17,
            "total_rain_in": 0.28
          },
          {
            "year": 2022,
            "month": 8,
            "avg_high_c": 26.1,
            "avg_low_c": 12.91,
            "total_rain_mm": 2.85,
            "total_rain_in": 0.11
          },
          {
            "year": 2022,
            "month": 9,
            "avg_high_c": 24.47,
            "avg_low_c": 11.0,
            "total_rain_mm": 8.81,
            "total_rain_in": 0.35
          },
          {
            "year": 2022,
            "month": 10,
            "avg_high_c": 21.37,
            "avg_low_c": 8.75,
            "total_rain_mm": 58.08,
            "total_rain_in": 2.29
          },
          {
            "year": 2022,
            "month": 11,
            "avg_high_c": 9.79,
            "avg_low_c": 0.95,
            "total_rain_mm": 178.0,
            "total_rain_in": 7.01
          },
          {
            "year": 2022,
            "month": 12,
            "avg_high_c": 7.87,
            "avg_low_c": 1.37,
            "total_rain_mm": 195.13,
            "total_rain_in": 7.68
          },
          {
            "year": 2023,
            "month": 1,
            "avg_high_c": 8.03,
            "avg_low_c": 1.69,
            "total_rain_mm": 125.73,
            "total_rain_in": 4.95
          },
          {
            "year": 2023,
            "month": 2,
            "avg_high_c": 7.67,
            "avg_low_c": 0.08,
            "total_rain_mm": 120.26,
            "total_rain_in": 4.73
          },
          {
            "year": 2023,
            "month": 3,
            "avg_high_c": 8.6,
            "avg_low_c": 0.45,
            "total_rain_mm": 204.35,
            "total_rain_in": 8.05
          },
          {
            "year": 2023,
            "month": 4,
            "avg_high_c": 12.24,
            "avg_low_c": 3.7,
            "total_rain_mm": 183.89,
            "total_rain_in": 7.24
          },
          {
            "year": 2023,
            "month": 5,
            "avg_high_c": 19.84,
            "avg_low_c": 8.26,
            "total_rain_mm": 19.98,
            "total_rain_in": 0.79
          },
          {
            "year": 2023,
            "month": 6,
            "avg_high_c": 21.61,
            "avg_low_c": 8.67,
            "total_rain_mm": 11.98,
            "total_rain_in": 0.47
          },
          {
            "year": 2023,
            "month": 7,
            "avg_high_c": 26.14,
            "avg_low_c": 11.26,
            "total_rain_mm": 1.1,
            "total_rain_in": 0.04
          },
          {
            "year": 2023,
            "month": 8,
            "avg_high_c": 28.47,
            "avg_low_c": 13.2,
            "total_rain_mm": 15.84,
            "total_rain_in": 0.62
          },
          {
            "year": 2023,
            "month": 9,
            "avg_high_c": 23.69,
            "avg_low_c": 10.6,
            "total_rain_mm": 69.32,
            "total_rain_in": 2.73
          },
          {
            "year": 2023,
            "month": 10,
            "avg_high_c": 18.08,
            "avg_low_c": 7.62,
            "total_rain_mm": 112.67,
            "total_rain_in": 4.44
          },
          {
            "year": 2023,
            "month": 11,
            "avg_high_c": 12.32,
            "avg_low_c": 3.76,
            "total_rain_mm": 171.73,
            "total_rain_in": 6.76
          },
          {
            "year": 2023,
            "month": 12,
            "avg_high_c": 10.81,
            "avg_low_c": 4.63,
            "total_rain_mm": 291.62,
            "total_rain_in": 11.48
          },
          {
            "year": 2024,
            "month": 1,
            "avg_high_c": 9.42,
            "avg_low_c": 4.06,
            "total_rain_mm": 392.13,
            "total_rain_in": 15.44
          },
          {
            "year": 2024,
            "month": 2,
            "avg_high_c": 10.23,
            "avg_low_c": 3.33,
            "total_rain_mm": 199.65,
            "total_rain_in": 7.86
          },
          {
            "year": 2024,
            "month": 3,
            "avg_high_c": 11.63,
            "avg_low_c": 2.94,
            "total_rain_mm": 178.34,
            "total_rain_in": 7.02
          },
          {
            "year": 2024,
            "month": 4,
            "avg_high_c": 14.12,
            "avg_low_c": 4.3,
            "total_rain_mm": 93.08,
            "total_rain_in": 3.66
          },
          {
            "year": 2024,
            "month": 5,
            "avg_high_c": 17.1,
            "avg_low_c": 6.17,
            "total_rain_mm": 106.35,
            "total_rain_in": 4.19
          },
          {
            "year": 2024,
            "month": 6,
            "avg_high_c": 20.44,
            "avg_low_c": 9.21,
            "total_rain_mm": 57.73,
            "total_rain_in": 2.27
          },
          {
            "year": 2024,
            "month": 7,
            "avg_high_c": 26.3,
            "avg_low_c": 11.94,
            "total_rain_mm": 5.44,
            "total_rain_in": 0.21
          },
          {
            "year": 2024,
            "month": 8,
            "avg_high_c": 25.26,
            "avg_low_c": 12.04,
            "total_rain_mm": 20.57,
            "total_rain_in": 0.81
          },
          {
            "year": 2024,
            "month": 9,
            "avg_high_c": 24.25,
            "avg_low_c": 10.86,
            "total_rain_mm": 34.03,
            "total_rain_in": 1.34
          },
          {
            "year": 2024,
            "month": 10,
            "avg_high_c": 18.82,
            "avg_low_c": 7.09,
            "total_rain_mm": 123.02,
            "total_rain_in": 4.84
          },
          {
            "year": 2024,
            "month": 11,
            "avg_high_c": 10.25,
            "avg_low_c": 4.12,
            "total_rain_mm": 316.42,
            "total_rain_in": 12.46
          },
          {
            "year": 2024,
            "month": 12,
            "avg_high_c": 9.56,
            "avg_low_c": 3.41,
            "total_rain_mm": 301.4,
            "total_rain_in": 11.87
          },
          {
            "year": 2025,
            "month": 1,
            "avg_high_c": 8.3,
            "avg_low_c": 0.38,
            "total_rain_mm": 131.61,
            "total_rain_in": 5.18
          },
          {
            "year": 2025,
            "month": 2,
            "avg_high_c": 8.57,
            "avg_low_c": 1.98,
            "total_rain_mm": 208.24,
            "total_rain_in": 8.2
          },
          {
            "year": 2025,
            "month": 3,
            "avg_high_c": 11.43,
            "avg_low_c": 4.26,
            "total_rain_mm": 258.95,
            "total_rain_in": 10.19
          },
          {
            "year": 2025,
            "month": 4,
            "avg_high_c": 15.68,
            "avg_low_c": 4.55,
            "total_rain_mm": 62.07,
            "total_rain_in": 2.44
          },
          {
            "year": 2025,
            "month": 5,
            "avg_high_c": 17.55,
            "avg_low_c": 6.39,
            "total_rain_mm": 43.47,
            "total_rain_in": 1.71
          },
          {
            "year": 2025,
            "month": 6,
            "avg_high_c": 21.52,
            "avg_low_c": 9.24,
            "total_rain_mm": 31.15,
            "total_rain_in": 1.23
          },
          {
            "year": 2025,
            "month": 7,
            "avg_high_c": 25.74,
            "avg_low_c": 11.48,
            "total_rain_mm": 0.4,
            "total_rain_in": 0.02
          },
          {
            "year": 2025,
            "month": 8,
            "avg_high_c": 28.03,
            "avg_low_c": 13.28,
            "total_rain_mm": 12.83,
            "total_rain_in": 0.51
          },
          {
            "year": 2025,
            "month": 9,
            "avg_high_c": 24.93,
            "avg_low_c": 11.27,
            "total_rain_mm": 48.46,
            "total_rain_in": 1.91
          },
          {
            "year": 2025,
            "month": 10,
            "avg_high_c": 15.99,
            "avg_low_c": 6.03,
            "total_rain_mm": 137.17,
            "total_rain_in": 5.4
          },
          {
            "year": 2025,
            "month": 11,
            "avg_high_c": 12.27,
            "avg_low_c": 5.4,
            "total_rain_mm": 167.03,
            "total_rain_in": 6.58
          },
          {
            "year": 2025,
            "month": 12,
            "avg_high_c": 10.32,
            "avg_low_c": 4.3,
            "total_rain_mm": 310.36,
            "total_rain_in": 12.22
          }
        ]
      },
      "geometry": {
        "type": "MultiPolygon",
        "coordinates": [
          [
            [
              [
                -2126890.5812,
                2672786.1735999994
              ],
              [
                -2126863.145199999,
                2672778.1317999996
              ],
              [
                -2126842.5681999996,
                2672772.1005000006
              ],
              [
                -2126851.0164,
                2672743.2777999993
              ],
              [
                -2126862.2805000003,
                2672704.8476
              ],
              [
                -2126891.3059,
                2672682.0562999994
              ],
              [
                -2126918.7422,
                2672690.0985000003
              ],
              [
                -2126930.0067,
                2672651.6679999996
              ],
              [
                -2126881.992900001,
                2672637.5945999995
              ],
              [
                -2126910.1535,
                2672541.5187999997
              ],
              [
                -2126882.7168000005,
                2672533.4769
              ],
              [
                -2126902.4288999997,
                2672466.2236
              ],
              [
                -2126929.8660000004,
                2672474.2655999996
              ],
              [
                -2126921.4178,
                2672503.0886000004
              ],
              [
                -2126950.4439000003,
                2672480.2972
              ],
              [
                -2126998.4586999994,
                2672494.371099999
              ],
              [
                -2127046.4736,
                2672508.4452
              ],
              [
                -2127057.738500001,
                2672470.0151000004
              ],
              [
                -2127085.1755999997,
                2672478.0578000005
              ],
              [
                -2126975.3418000005,
                2672852.7509000003
              ],
              [
                -2126947.9060999993,
                2672844.7086999994
              ],
              [
                -2126899.8935000002,
                2672830.6351999994
              ],
              [
                -2126911.1580999997,
                2672792.2051
              ],
              [
                -2126890.5812,
                2672786.1735999994
              ]
            ],
            [
              [
                -2126958.1679999996,
                2672555.5923999995
              ],
              [
                -2126930.7312000003,
                2672547.5503000002
              ],
              [
                -2126911.0185000002,
                2672614.8035000004
              ],
              [
                -2126959.0325000007,
                2672628.8770000003
              ],
              [
                -2126970.2971,
                2672590.4466999993
              ],
              [
                -2126949.7196999993,
                2672584.4152000006
              ],
              [
                -2126958.1679999996,
                2672555.5923999995
              ]
            ]
          ]
        ]
      }
    },
    {
      "type": "Feature",
      "properties": {
        "field_id": "WV_AG_016",
        "lat": 44.6695967546916,
        "lon": -122.92637609213959,
        "area_acres": 24.8905750430515,
        "crop_code": 24,
        "cdl_crop": "Winter Wheat",
        "crop_dominant_pct": 66.4,
        "soil_muname": "McBee silty clay loam",
        "soil_drainage": "Moderately well drained",
        "soil_clay_pct": 31.0,
        "soil_sand_pct": 6.9,
        "soil_silt_pct": 62.1,
        "soil_om_pct": 4.5,
        "soil_ph": 6.1,
        "soil_cec": 25.0,
        "soil_depth_cm": 0.0,
        "weather_monthly": [
          {
            "year": 2020,
            "month": 1,
            "avg_high_c": 8.29,
            "avg_low_c": 3.45,
            "total_rain_mm": 335.74,
            "total_rain_in": 13.22
          },
          {
            "year": 2020,
            "month": 2,
            "avg_high_c": 9.41,
            "avg_low_c": 1.31,
            "total_rain_mm": 106.13,
            "total_rain_in": 4.18
          },
          {
            "year": 2020,
            "month": 3,
            "avg_high_c": 10.89,
            "avg_low_c": 1.82,
            "total_rain_mm": 122.53,
            "total_rain_in": 4.82
          },
          {
            "year": 2020,
            "month": 4,
            "avg_high_c": 15.33,
            "avg_low_c": 4.78,
            "total_rain_mm": 69.14,
            "total_rain_in": 2.72
          },
          {
            "year": 2020,
            "month": 5,
            "avg_high_c": 17.79,
            "avg_low_c": 7.72,
            "total_rain_mm": 134.18,
            "total_rain_in": 5.28
          },
          {
            "year": 2020,
            "month": 6,
            "avg_high_c": 19.47,
            "avg_low_c": 9.28,
            "total_rain_mm": 75.69,
            "total_rain_in": 2.98
          },
          {
            "year": 2020,
            "month": 7,
            "avg_high_c": 23.62,
            "avg_low_c": 10.84,
            "total_rain_mm": 1.22,
            "total_rain_in": 0.05
          },
          {
            "year": 2020,
            "month": 8,
            "avg_high_c": 25.28,
            "avg_low_c": 10.98,
            "total_rain_mm": 2.78,
            "total_rain_in": 0.11
          },
          {
            "year": 2020,
            "month": 9,
            "avg_high_c": 24.88,
            "avg_low_c": 11.82,
            "total_rain_mm": 72.75,
            "total_rain_in": 2.86
          },
          {
            "year": 2020,
            "month": 10,
            "avg_high_c": 18.05,
            "avg_low_c": 6.83,
            "total_rain_mm": 69.47,
            "total_rain_in": 2.74
          },
          {
            "year": 2020,
            "month": 11,
            "avg_high_c": 10.89,
            "avg_low_c": 2.86,
            "total_rain_mm": 232.5,
            "total_rain_in": 9.15
          },
          {
            "year": 2020,
            "month": 12,
            "avg_high_c": 9.48,
            "avg_low_c": 1.8,
            "total_rain_mm": 218.39,
            "total_rain_in": 8.6
          },
          {
            "year": 2021,
            "month": 1,
            "avg_high_c": 8.91,
            "avg_low_c": 2.45,
            "total_rain_mm": 254.08,
            "total_rain_in": 10.0
          },
          {
            "year": 2021,
            "month": 2,
            "avg_high_c": 7.83,
            "avg_low_c": 1.9,
            "total_rain_mm": 199.0,
            "total_rain_in": 7.83
          },
          {
            "year": 2021,
            "month": 3,
            "avg_high_c": 11.03,
            "avg_low_c": 1.41,
            "total_rain_mm": 76.2,
            "total_rain_in": 3.0
          },
          {
            "year": 2021,
            "month": 4,
            "avg_high_c": 16.03,
            "avg_low_c": 3.49,
            "total_rain_mm": 26.64,
            "total_rain_in": 1.05
          },
          {
            "year": 2021,
            "month": 5,
            "avg_high_c": 17.61,
            "avg_low_c": 6.63,
            "total_rain_mm": 32.61,
            "total_rain_in": 1.28
          },
          {
            "year": 2021,
            "month": 6,
            "avg_high_c": 23.31,
            "avg_low_c": 10.75,
            "total_rain_mm": 48.27,
            "total_rain_in": 1.9
          },
          {
            "year": 2021,
            "month": 7,
            "avg_high_c": 26.5,
            "avg_low_c": 11.41,
            "total_rain_mm": 1.97,
            "total_rain_in": 0.08
          },
          {
            "year": 2021,
            "month": 8,
            "avg_high_c": 27.12,
            "avg_low_c": 12.3,
            "total_rain_mm": 1.69,
            "total_rain_in": 0.07
          },
          {
            "year": 2021,
            "month": 9,
            "avg_high_c": 24.68,
            "avg_low_c": 9.98,
            "total_rain_mm": 85.39,
            "total_rain_in": 3.36
          },
          {
            "year": 2021,
            "month": 10,
            "avg_high_c": 15.78,
            "avg_low_c": 6.61,
            "total_rain_mm": 126.84,
            "total_rain_in": 4.99
          },
          {
            "year": 2021,
            "month": 11,
            "avg_high_c": 12.39,
            "avg_low_c": 4.82,
            "total_rain_mm": 205.74,
            "total_rain_in": 8.1
          },
          {
            "year": 2021,
            "month": 12,
            "avg_high_c": 6.18,
            "avg_low_c": 1.36,
            "total_rain_mm": 308.92,
            "total_rain_in": 12.16
          },
          {
            "year": 2022,
            "month": 1,
            "avg_high_c": 9.77,
            "avg_low_c": 1.92,
            "total_rain_mm": 158.73,
            "total_rain_in": 6.25
          },
          {
            "year": 2022,
            "month": 2,
            "avg_high_c": 10.27,
            "avg_low_c": 1.55,
            "total_rain_mm": 85.78,
            "total_rain_in": 3.38
          },
          {
            "year": 2022,
            "month": 3,
            "avg_high_c": 12.11,
            "avg_low_c": 3.66,
            "total_rain_mm": 115.37,
            "total_rain_in": 4.54
          },
          {
            "year": 2022,
            "month": 4,
            "avg_high_c": 11.74,
            "avg_low_c": 2.97,
            "total_rain_mm": 181.66,
            "total_rain_in": 7.15
          },
          {
            "year": 2022,
            "month": 5,
            "avg_high_c": 15.02,
            "avg_low_c": 6.09,
            "total_rain_mm": 173.68,
            "total_rain_in": 6.84
          },
          {
            "year": 2022,
            "month": 6,
            "avg_high_c": 20.05,
            "avg_low_c": 9.46,
            "total_rain_mm": 102.97,
            "total_rain_in": 4.05
          },
          {
            "year": 2022,
            "month": 7,
            "avg_high_c": 24.84,
            "avg_low_c": 12.19,
            "total_rain_mm": 7.17,
            "total_rain_in": 0.28
          },
          {
            "year": 2022,
            "month": 8,
            "avg_high_c": 26.1,
            "avg_low_c": 12.91,
            "total_rain_mm": 2.85,
            "total_rain_in": 0.11
          },
          {
            "year": 2022,
            "month": 9,
            "avg_high_c": 24.47,
            "avg_low_c": 11.0,
            "total_rain_mm": 8.81,
            "total_rain_in": 0.35
          },
          {
            "year": 2022,
            "month": 10,
            "avg_high_c": 21.37,
            "avg_low_c": 8.75,
            "total_rain_mm": 58.08,
            "total_rain_in": 2.29
          },
          {
            "year": 2022,
            "month": 11,
            "avg_high_c": 9.79,
            "avg_low_c": 0.95,
            "total_rain_mm": 178.0,
            "total_rain_in": 7.01
          },
          {
            "year": 2022,
            "month": 12,
            "avg_high_c": 7.87,
            "avg_low_c": 1.37,
            "total_rain_mm": 195.13,
            "total_rain_in": 7.68
          },
          {
            "year": 2023,
            "month": 1,
            "avg_high_c": 8.03,
            "avg_low_c": 1.69,
            "total_rain_mm": 125.73,
            "total_rain_in": 4.95
          },
          {
            "year": 2023,
            "month": 2,
            "avg_high_c": 7.67,
            "avg_low_c": 0.08,
            "total_rain_mm": 120.26,
            "total_rain_in": 4.73
          },
          {
            "year": 2023,
            "month": 3,
            "avg_high_c": 8.6,
            "avg_low_c": 0.45,
            "total_rain_mm": 204.35,
            "total_rain_in": 8.05
          },
          {
            "year": 2023,
            "month": 4,
            "avg_high_c": 12.24,
            "avg_low_c": 3.7,
            "total_rain_mm": 183.89,
            "total_rain_in": 7.24
          },
          {
            "year": 2023,
            "month": 5,
            "avg_high_c": 19.84,
            "avg_low_c": 8.26,
            "total_rain_mm": 19.98,
            "total_rain_in": 0.79
          },
          {
            "year": 2023,
            "month": 6,
            "avg_high_c": 21.61,
            "avg_low_c": 8.67,
            "total_rain_mm": 11.98,
            "total_rain_in": 0.47
          },
          {
            "year": 2023,
            "month": 7,
            "avg_high_c": 26.14,
            "avg_low_c": 11.26,
            "total_rain_mm": 1.1,
            "total_rain_in": 0.04
          },
          {
            "year": 2023,
            "month": 8,
            "avg_high_c": 28.47,
            "avg_low_c": 13.2,
            "total_rain_mm": 15.84,
            "total_rain_in": 0.62
          },
          {
            "year": 2023,
            "month": 9,
            "avg_high_c": 23.69,
            "avg_low_c": 10.6,
            "total_rain_mm": 69.32,
            "total_rain_in": 2.73
          },
          {
            "year": 2023,
            "month": 10,
            "avg_high_c": 18.08,
            "avg_low_c": 7.62,
            "total_rain_mm": 112.67,
            "total_rain_in": 4.44
          },
          {
            "year": 2023,
            "month": 11,
            "avg_high_c": 12.32,
            "avg_low_c": 3.76,
            "total_rain_mm": 171.73,
            "total_rain_in": 6.76
          },
          {
            "year": 2023,
            "month": 12,
            "avg_high_c": 10.81,
            "avg_low_c": 4.63,
            "total_rain_mm": 291.62,
            "total_rain_in": 11.48
          },
          {
            "year": 2024,
            "month": 1,
            "avg_high_c": 9.42,
            "avg_low_c": 4.06,
            "total_rain_mm": 392.13,
            "total_rain_in": 15.44
          },
          {
            "year": 2024,
            "month": 2,
            "avg_high_c": 10.23,
            "avg_low_c": 3.33,
            "total_rain_mm": 199.65,
            "total_rain_in": 7.86
          },
          {
            "year": 2024,
            "month": 3,
            "avg_high_c": 11.63,
            "avg_low_c": 2.94,
            "total_rain_mm": 178.34,
            "total_rain_in": 7.02
          },
          {
            "year": 2024,
            "month": 4,
            "avg_high_c": 14.12,
            "avg_low_c": 4.3,
            "total_rain_mm": 93.08,
            "total_rain_in": 3.66
          },
          {
            "year": 2024,
            "month": 5,
            "avg_high_c": 17.1,
            "avg_low_c": 6.17,
            "total_rain_mm": 106.35,
            "total_rain_in": 4.19
          },
          {
            "year": 2024,
            "month": 6,
            "avg_high_c": 20.44,
            "avg_low_c": 9.21,
            "total_rain_mm": 57.73,
            "total_rain_in": 2.27
          },
          {
            "year": 2024,
            "month": 7,
            "avg_high_c": 26.3,
            "avg_low_c": 11.94,
            "total_rain_mm": 5.44,
            "total_rain_in": 0.21
          },
          {
            "year": 2024,
            "month": 8,
            "avg_high_c": 25.26,
            "avg_low_c": 12.04,
            "total_rain_mm": 20.57,
            "total_rain_in": 0.81
          },
          {
            "year": 2024,
            "month": 9,
            "avg_high_c": 24.25,
            "avg_low_c": 10.86,
            "total_rain_mm": 34.03,
            "total_rain_in": 1.34
          },
          {
            "year": 2024,
            "month": 10,
            "avg_high_c": 18.82,
            "avg_low_c": 7.09,
            "total_rain_mm": 123.02,
            "total_rain_in": 4.84
          },
          {
            "year": 2024,
            "month": 11,
            "avg_high_c": 10.25,
            "avg_low_c": 4.12,
            "total_rain_mm": 316.42,
            "total_rain_in": 12.46
          },
          {
            "year": 2024,
            "month": 12,
            "avg_high_c": 9.56,
            "avg_low_c": 3.41,
            "total_rain_mm": 301.4,
            "total_rain_in": 11.87
          },
          {
            "year": 2025,
            "month": 1,
            "avg_high_c": 8.3,
            "avg_low_c": 0.38,
            "total_rain_mm": 131.61,
            "total_rain_in": 5.18
          },
          {
            "year": 2025,
            "month": 2,
            "avg_high_c": 8.57,
            "avg_low_c": 1.98,
            "total_rain_mm": 208.24,
            "total_rain_in": 8.2
          },
          {
            "year": 2025,
            "month": 3,
            "avg_high_c": 11.43,
            "avg_low_c": 4.26,
            "total_rain_mm": 258.95,
            "total_rain_in": 10.19
          },
          {
            "year": 2025,
            "month": 4,
            "avg_high_c": 15.68,
            "avg_low_c": 4.55,
            "total_rain_mm": 62.07,
            "total_rain_in": 2.44
          },
          {
            "year": 2025,
            "month": 5,
            "avg_high_c": 17.55,
            "avg_low_c": 6.39,
            "total_rain_mm": 43.47,
            "total_rain_in": 1.71
          },
          {
            "year": 2025,
            "month": 6,
            "avg_high_c": 21.52,
            "avg_low_c": 9.24,
            "total_rain_mm": 31.15,
            "total_rain_in": 1.23
          },
          {
            "year": 2025,
            "month": 7,
            "avg_high_c": 25.74,
            "avg_low_c": 11.48,
            "total_rain_mm": 0.4,
            "total_rain_in": 0.02
          },
          {
            "year": 2025,
            "month": 8,
            "avg_high_c": 28.03,
            "avg_low_c": 13.28,
            "total_rain_mm": 12.83,
            "total_rain_in": 0.51
          },
          {
            "year": 2025,
            "month": 9,
            "avg_high_c": 24.93,
            "avg_low_c": 11.27,
            "total_rain_mm": 48.46,
            "total_rain_in": 1.91
          },
          {
            "year": 2025,
            "month": 10,
            "avg_high_c": 15.99,
            "avg_low_c": 6.03,
            "total_rain_mm": 137.17,
            "total_rain_in": 5.4
          },
          {
            "year": 2025,
            "month": 11,
            "avg_high_c": 12.27,
            "avg_low_c": 5.4,
            "total_rain_mm": 167.03,
            "total_rain_in": 6.58
          },
          {
            "year": 2025,
            "month": 12,
            "avg_high_c": 10.32,
            "avg_low_c": 4.3,
            "total_rain_mm": 310.36,
            "total_rain_in": 12.22
          }
        ]
      },
      "geometry": {
        "type": "MultiPolygon",
        "coordinates": [
          [
            [
              [
                -2102221.3450000007,
                2708981.442399999
              ],
              [
                -2102232.5316000003,
                2708943.0227000006
              ],
              [
                -2102205.2323000003,
                2708935.074100001
              ],
              [
                -2102184.7578999996,
                2708929.1127000004
              ],
              [
                -2102136.984099999,
                2708915.2030999996
              ],
              [
                -2102109.684800001,
                2708907.2547999993
              ],
              [
                -2102118.0742000006,
                2708878.4398999996
              ],
              [
                -2102145.3736000005,
                2708886.3882
              ],
              [
                -2102156.559699999,
                2708847.9683999997
              ],
              [
                -2102129.2600999996,
                2708840.0200999994
              ],
              [
                -2102101.9605,
                2708832.071799999
              ],
              [
                -2102081.4858,
                2708826.1107
              ],
              [
                -2102089.875,
                2708797.2958000004
              ],
              [
                -2102101.0606999993,
                2708758.8758000005
              ],
              [
                -2102109.4499999993,
                2708730.060799999
              ],
              [
                -2102129.9250000007,
                2708736.0219
              ],
              [
                -2102149.5001999997,
                2708668.7869000006
              ],
              [
                -2102176.8004,
                2708676.7353000008
              ],
              [
                -2102204.1007000003,
                2708684.6838000007
              ],
              [
                -2102195.711100001,
                2708713.4988
              ],
              [
                -2102243.486199999,
                2708727.4088000003
              ],
              [
                -2102272.3510999996,
                2708704.5555000007
              ],
              [
                -2102283.5374999996,
                2708666.1357000005
              ],
              [
                -2102263.0623000003,
                2708660.1740000006
              ],
              [
                -2102282.6384999994,
                2708592.939099999
              ],
              [
                -2102330.4144,
                2708606.8498
              ],
              [
                -2102349.9911,
                2708539.6149000004
              ],
              [
                -2102370.466600001,
                2708545.5768
              ],
              [
                -2102362.0766000003,
                2708574.3916999996
              ],
              [
                -2102389.3772,
                2708582.3409
              ],
              [
                -2102397.7673000004,
                2708553.5260000005
              ],
              [
                -2102418.242900001,
                2708559.488
              ],
              [
                -2102409.852600001,
                2708588.3028999995
              ],
              [
                -2102457.6284999996,
                2708602.214400001
              ],
              [
                -2102466.0189999994,
                2708573.3994999994
              ],
              [
                -2102477.2062999997,
                2708534.979699999
              ],
              [
                -2102504.5069999993,
                2708542.9294000007
              ],
              [
                -2102493.319599999,
                2708581.3490999993
              ],
              [
                -2102462.554199999,
                2708687.0033
              ],
              [
                -2102454.1635999996,
                2708715.818
              ],
              [
                -2102434.5856999997,
                2708783.0523000006
              ],
              [
                -2102387.7082,
                2708842.337200001
              ],
              [
                -2102376.5209,
                2708880.7567999996
              ],
              [
                -2102368.1305,
                2708909.5714
              ],
              [
                -2102356.9432999995,
                2708947.9910000004
              ],
              [
                -2102337.3658000007,
                2709015.2249
              ],
              [
                -2102221.3450000007,
                2708981.442399999
              ]
            ]
          ]
        ]
      }
    },
    {
      "type": "Feature",
      "properties": {
        "field_id": "WV_AG_017",
        "lat": 44.91700792567775,
        "lon": -123.22438995299339,
        "area_acres": 15.8791925338546,
        "crop_code": 24,
        "cdl_crop": "Winter Wheat",
        "crop_dominant_pct": 100.0,
        "soil_muname": "Dayton silt loam",
        "soil_drainage": "Poorly drained",
        "soil_clay_pct": 17.5,
        "soil_sand_pct": 29.1,
        "soil_silt_pct": 53.4,
        "soil_om_pct": 2.5,
        "soil_ph": 5.6,
        "soil_cec": 15.0,
        "soil_depth_cm": 0.0,
        "weather_monthly": [
          {
            "year": 2020,
            "month": 1,
            "avg_high_c": 8.33,
            "avg_low_c": 3.69,
            "total_rain_mm": 331.66,
            "total_rain_in": 13.06
          },
          {
            "year": 2020,
            "month": 2,
            "avg_high_c": 9.3,
            "avg_low_c": 1.59,
            "total_rain_mm": 119.69,
            "total_rain_in": 4.71
          },
          {
            "year": 2020,
            "month": 3,
            "avg_high_c": 10.58,
            "avg_low_c": 1.93,
            "total_rain_mm": 119.65,
            "total_rain_in": 4.71
          },
          {
            "year": 2020,
            "month": 4,
            "avg_high_c": 15.36,
            "avg_low_c": 4.91,
            "total_rain_mm": 65.25,
            "total_rain_in": 2.57
          },
          {
            "year": 2020,
            "month": 5,
            "avg_high_c": 18.1,
            "avg_low_c": 7.97,
            "total_rain_mm": 129.22,
            "total_rain_in": 5.09
          },
          {
            "year": 2020,
            "month": 6,
            "avg_high_c": 19.57,
            "avg_low_c": 9.34,
            "total_rain_mm": 97.62,
            "total_rain_in": 3.84
          },
          {
            "year": 2020,
            "month": 7,
            "avg_high_c": 24.4,
            "avg_low_c": 11.06,
            "total_rain_mm": 3.63,
            "total_rain_in": 0.14
          },
          {
            "year": 2020,
            "month": 8,
            "avg_high_c": 25.88,
            "avg_low_c": 11.44,
            "total_rain_mm": 5.11,
            "total_rain_in": 0.2
          },
          {
            "year": 2020,
            "month": 9,
            "avg_high_c": 24.8,
            "avg_low_c": 11.76,
            "total_rain_mm": 75.48,
            "total_rain_in": 2.97
          },
          {
            "year": 2020,
            "month": 10,
            "avg_high_c": 17.88,
            "avg_low_c": 7.03,
            "total_rain_mm": 95.76,
            "total_rain_in": 3.77
          },
          {
            "year": 2020,
            "month": 11,
            "avg_high_c": 10.62,
            "avg_low_c": 2.98,
            "total_rain_mm": 245.69,
            "total_rain_in": 9.67
          },
          {
            "year": 2020,
            "month": 12,
            "avg_high_c": 9.56,
            "avg_low_c": 2.24,
            "total_rain_mm": 231.54,
            "total_rain_in": 9.12
          },
          {
            "year": 2021,
            "month": 1,
            "avg_high_c": 8.81,
            "avg_low_c": 2.61,
            "total_rain_mm": 260.36,
            "total_rain_in": 10.25
          },
          {
            "year": 2021,
            "month": 2,
            "avg_high_c": 7.61,
            "avg_low_c": 1.86,
            "total_rain_mm": 215.93,
            "total_rain_in": 8.5
          },
          {
            "year": 2021,
            "month": 3,
            "avg_high_c": 11.05,
            "avg_low_c": 1.47,
            "total_rain_mm": 82.08,
            "total_rain_in": 3.23
          },
          {
            "year": 2021,
            "month": 4,
            "avg_high_c": 16.05,
            "avg_low_c": 3.87,
            "total_rain_mm": 27.34,
            "total_rain_in": 1.08
          },
          {
            "year": 2021,
            "month": 5,
            "avg_high_c": 18.03,
            "avg_low_c": 6.8,
            "total_rain_mm": 47.74,
            "total_rain_in": 1.88
          },
          {
            "year": 2021,
            "month": 6,
            "avg_high_c": 24.25,
            "avg_low_c": 11.1,
            "total_rain_mm": 49.29,
            "total_rain_in": 1.94
          },
          {
            "year": 2021,
            "month": 7,
            "avg_high_c": 27.3,
            "avg_low_c": 11.55,
            "total_rain_mm": 1.83,
            "total_rain_in": 0.07
          },
          {
            "year": 2021,
            "month": 8,
            "avg_high_c": 27.65,
            "avg_low_c": 12.56,
            "total_rain_mm": 2.92,
            "total_rain_in": 0.11
          },
          {
            "year": 2021,
            "month": 9,
            "avg_high_c": 24.55,
            "avg_low_c": 10.43,
            "total_rain_mm": 101.83,
            "total_rain_in": 4.01
          },
          {
            "year": 2021,
            "month": 10,
            "avg_high_c": 15.52,
            "avg_low_c": 6.56,
            "total_rain_mm": 148.73,
            "total_rain_in": 5.86
          },
          {
            "year": 2021,
            "month": 11,
            "avg_high_c": 12.28,
            "avg_low_c": 5.35,
            "total_rain_mm": 250.09,
            "total_rain_in": 9.85
          },
          {
            "year": 2021,
            "month": 12,
            "avg_high_c": 5.61,
            "avg_low_c": 0.97,
            "total_rain_mm": 309.17,
            "total_rain_in": 12.17
          },
          {
            "year": 2022,
            "month": 1,
            "avg_high_c": 9.29,
            "avg_low_c": 1.87,
            "total_rain_mm": 185.19,
            "total_rain_in": 7.29
          },
          {
            "year": 2022,
            "month": 2,
            "avg_high_c": 9.66,
            "avg_low_c": 1.72,
            "total_rain_mm": 98.54,
            "total_rain_in": 3.88
          },
          {
            "year": 2022,
            "month": 3,
            "avg_high_c": 11.99,
            "avg_low_c": 3.83,
            "total_rain_mm": 125.82,
            "total_rain_in": 4.95
          },
          {
            "year": 2022,
            "month": 4,
            "avg_high_c": 11.48,
            "avg_low_c": 2.65,
            "total_rain_mm": 200.52,
            "total_rain_in": 7.89
          },
          {
            "year": 2022,
            "month": 5,
            "avg_high_c": 15.04,
            "avg_low_c": 6.2,
            "total_rain_mm": 191.01,
            "total_rain_in": 7.52
          },
          {
            "year": 2022,
            "month": 6,
            "avg_high_c": 19.96,
            "avg_low_c": 9.78,
            "total_rain_mm": 128.91,
            "total_rain_in": 5.08
          },
          {
            "year": 2022,
            "month": 7,
            "avg_high_c": 25.26,
            "avg_low_c": 12.21,
            "total_rain_mm": 8.52,
            "total_rain_in": 0.34
          },
          {
            "year": 2022,
            "month": 8,
            "avg_high_c": 27.38,
            "avg_low_c": 13.3,
            "total_rain_mm": 1.96,
            "total_rain_in": 0.08
          },
          {
            "year": 2022,
            "month": 9,
            "avg_high_c": 25.27,
            "avg_low_c": 11.26,
            "total_rain_mm": 12.33,
            "total_rain_in": 0.49
          },
          {
            "year": 2022,
            "month": 10,
            "avg_high_c": 21.88,
            "avg_low_c": 8.89,
            "total_rain_mm": 83.79,
            "total_rain_in": 3.3
          },
          {
            "year": 2022,
            "month": 11,
            "avg_high_c": 9.53,
            "avg_low_c": 1.32,
            "total_rain_mm": 209.49,
            "total_rain_in": 8.25
          },
          {
            "year": 2022,
            "month": 12,
            "avg_high_c": 7.23,
            "avg_low_c": 1.41,
            "total_rain_mm": 213.47,
            "total_rain_in": 8.4
          },
          {
            "year": 2023,
            "month": 1,
            "avg_high_c": 8.1,
            "avg_low_c": 2.21,
            "total_rain_mm": 124.27,
            "total_rain_in": 4.89
          },
          {
            "year": 2023,
            "month": 2,
            "avg_high_c": 7.34,
            "avg_low_c": 0.11,
            "total_rain_mm": 126.83,
            "total_rain_in": 4.99
          },
          {
            "year": 2023,
            "month": 3,
            "avg_high_c": 8.74,
            "avg_low_c": 0.78,
            "total_rain_mm": 189.54,
            "total_rain_in": 7.46
          },
          {
            "year": 2023,
            "month": 4,
            "avg_high_c": 12.14,
            "avg_low_c": 3.83,
            "total_rain_mm": 194.6,
            "total_rain_in": 7.66
          },
          {
            "year": 2023,
            "month": 5,
            "avg_high_c": 20.07,
            "avg_low_c": 8.51,
            "total_rain_mm": 27.12,
            "total_rain_in": 1.07
          },
          {
            "year": 2023,
            "month": 6,
            "avg_high_c": 21.75,
            "avg_low_c": 8.84,
            "total_rain_mm": 19.41,
            "total_rain_in": 0.76
          },
          {
            "year": 2023,
            "month": 7,
            "avg_high_c": 26.77,
            "avg_low_c": 11.45,
            "total_rain_mm": 2.08,
            "total_rain_in": 0.08
          },
          {
            "year": 2023,
            "month": 8,
            "avg_high_c": 29.03,
            "avg_low_c": 13.52,
            "total_rain_mm": 21.34,
            "total_rain_in": 0.84
          },
          {
            "year": 2023,
            "month": 9,
            "avg_high_c": 23.57,
            "avg_low_c": 10.75,
            "total_rain_mm": 70.6,
            "total_rain_in": 2.78
          },
          {
            "year": 2023,
            "month": 10,
            "avg_high_c": 18.22,
            "avg_low_c": 7.61,
            "total_rain_mm": 117.2,
            "total_rain_in": 4.61
          },
          {
            "year": 2023,
            "month": 11,
            "avg_high_c": 11.95,
            "avg_low_c": 3.59,
            "total_rain_mm": 187.96,
            "total_rain_in": 7.4
          },
          {
            "year": 2023,
            "month": 12,
            "avg_high_c": 10.68,
            "avg_low_c": 4.45,
            "total_rain_mm": 295.35,
            "total_rain_in": 11.63
          },
          {
            "year": 2024,
            "month": 1,
            "avg_high_c": 8.28,
            "avg_low_c": 2.91,
            "total_rain_mm": 370.12,
            "total_rain_in": 14.57
          },
          {
            "year": 2024,
            "month": 2,
            "avg_high_c": 10.14,
            "avg_low_c": 3.26,
            "total_rain_mm": 200.23,
            "total_rain_in": 7.88
          },
          {
            "year": 2024,
            "month": 3,
            "avg_high_c": 11.51,
            "avg_low_c": 3.24,
            "total_rain_mm": 164.08,
            "total_rain_in": 6.46
          },
          {
            "year": 2024,
            "month": 4,
            "avg_high_c": 14.23,
            "avg_low_c": 4.47,
            "total_rain_mm": 94.88,
            "total_rain_in": 3.74
          },
          {
            "year": 2024,
            "month": 5,
            "avg_high_c": 17.15,
            "avg_low_c": 6.5,
            "total_rain_mm": 118.44,
            "total_rain_in": 4.66
          },
          {
            "year": 2024,
            "month": 6,
            "avg_high_c": 20.38,
            "avg_low_c": 9.29,
            "total_rain_mm": 74.42,
            "total_rain_in": 2.93
          },
          {
            "year": 2024,
            "month": 7,
            "avg_high_c": 27.02,
            "avg_low_c": 12.01,
            "total_rain_mm": 7.22,
            "total_rain_in": 0.28
          },
          {
            "year": 2024,
            "month": 8,
            "avg_high_c": 25.73,
            "avg_low_c": 12.22,
            "total_rain_mm": 22.59,
            "total_rain_in": 0.89
          },
          {
            "year": 2024,
            "month": 9,
            "avg_high_c": 24.48,
            "avg_low_c": 11.29,
            "total_rain_mm": 33.37,
            "total_rain_in": 1.31
          },
          {
            "year": 2024,
            "month": 10,
            "avg_high_c": 18.76,
            "avg_low_c": 7.37,
            "total_rain_mm": 131.82,
            "total_rain_in": 5.19
          },
          {
            "year": 2024,
            "month": 11,
            "avg_high_c": 9.95,
            "avg_low_c": 4.08,
            "total_rain_mm": 284.69,
            "total_rain_in": 11.21
          },
          {
            "year": 2024,
            "month": 12,
            "avg_high_c": 9.31,
            "avg_low_c": 3.22,
            "total_rain_mm": 297.03,
            "total_rain_in": 11.69
          },
          {
            "year": 2025,
            "month": 1,
            "avg_high_c": 7.89,
            "avg_low_c": 0.22,
            "total_rain_mm": 116.9,
            "total_rain_in": 4.6
          },
          {
            "year": 2025,
            "month": 2,
            "avg_high_c": 8.27,
            "avg_low_c": 1.66,
            "total_rain_mm": 206.54,
            "total_rain_in": 8.13
          },
          {
            "year": 2025,
            "month": 3,
            "avg_high_c": 11.38,
            "avg_low_c": 4.41,
            "total_rain_mm": 241.61,
            "total_rain_in": 9.51
          },
          {
            "year": 2025,
            "month": 4,
            "avg_high_c": 15.77,
            "avg_low_c": 4.72,
            "total_rain_mm": 64.12,
            "total_rain_in": 2.52
          },
          {
            "year": 2025,
            "month": 5,
            "avg_high_c": 17.45,
            "avg_low_c": 6.68,
            "total_rain_mm": 52.17,
            "total_rain_in": 2.05
          },
          {
            "year": 2025,
            "month": 6,
            "avg_high_c": 21.6,
            "avg_low_c": 9.69,
            "total_rain_mm": 34.37,
            "total_rain_in": 1.35
          },
          {
            "year": 2025,
            "month": 7,
            "avg_high_c": 26.13,
            "avg_low_c": 11.56,
            "total_rain_mm": 1.41,
            "total_rain_in": 0.06
          },
          {
            "year": 2025,
            "month": 8,
            "avg_high_c": 28.06,
            "avg_low_c": 13.39,
            "total_rain_mm": 20.61,
            "total_rain_in": 0.81
          },
          {
            "year": 2025,
            "month": 9,
            "avg_high_c": 24.77,
            "avg_low_c": 11.37,
            "total_rain_mm": 49.32,
            "total_rain_in": 1.94
          },
          {
            "year": 2025,
            "month": 10,
            "avg_high_c": 15.59,
            "avg_low_c": 6.02,
            "total_rain_mm": 148.04,
            "total_rain_in": 5.83
          },
          {
            "year": 2025,
            "month": 11,
            "avg_high_c": 11.64,
            "avg_low_c": 5.24,
            "total_rain_mm": 176.54,
            "total_rain_in": 6.95
          },
          {
            "year": 2025,
            "month": 12,
            "avg_high_c": 9.99,
            "avg_low_c": 4.33,
            "total_rain_mm": 352.37,
            "total_rain_in": 13.87
          }
        ]
      },
      "geometry": {
        "type": "MultiPolygon",
        "coordinates": [
          [
            [
              [
                -2117361.7924000006,
                2741749.034600001
              ],
              [
                -2117353.3159999996,
                2741777.8068000004
              ],
              [
                -2117373.6973,
                2741783.8112000003
              ],
              [
                -2117353.9189999998,
                2741850.9460000005
              ],
              [
                -2117333.537900001,
                2741844.9416000005
              ],
              [
                -2117322.236199999,
                2741883.3044000007
              ],
              [
                -2117247.5056999996,
                2741861.289000001
              ],
              [
                -2117227.7283999994,
                2741928.4240000006
              ],
              [
                -2117152.998400001,
                2741906.409600001
              ],
              [
                -2117144.5227000006,
                2741935.1818000004
              ],
              [
                -2117049.411800001,
                2741907.1646999996
              ],
              [
                -2117029.0308999997,
                2741901.1612
              ],
              [
                -2117001.8563,
                2741893.1567
              ],
              [
                -2116943.0007000007,
                2741917.5121
              ],
              [
                -2116922.6197999995,
                2741911.5089
              ],
              [
                -2116914.1449999996,
                2741940.281300001
              ],
              [
                -2116866.5896000005,
                2741926.2741
              ],
              [
                -2116886.3638000004,
                2741859.1383999996
              ],
              [
                -2116933.9196000006,
                2741873.1457
              ],
              [
                -2116962.7755999994,
                2741850.376599999
              ],
              [
                -2116974.0755000003,
                2741812.0132999998
              ],
              [
                -2117001.2503999993,
                2741820.0177999996
              ],
              [
                -2117048.806500001,
                2741834.025800001
              ],
              [
                -2117068.5820000004,
                2741766.8903
              ],
              [
                -2117041.4069,
                2741758.8856000006
              ],
              [
                -2117030.1066999994,
                2741797.2488
              ],
              [
                -2117009.7255000006,
                2741791.2454000004
              ],
              [
                -2117029.500600001,
                2741724.1097
              ],
              [
                -2117049.882099999,
                2741730.1131999996
              ],
              [
                -2117077.0572999995,
                2741738.117900001
              ],
              [
                -2117088.3575999998,
                2741699.7546999995
              ],
              [
                -2117108.7391999997,
                2741705.7584000006
              ],
              [
                -2117156.296,
                2741719.7671000008
              ],
              [
                -2117203.8527000006,
                2741733.7762
              ],
              [
                -2117251.4092999995,
                2741747.785599999
              ],
              [
                -2117305.7596000005,
                2741763.7967000008
              ],
              [
                -2117314.2357,
                2741735.0244999994
              ],
              [
                -2117361.7924000006,
                2741749.034600001
              ]
            ]
          ]
        ]
      }
    },
    {
      "type": "Feature",
      "properties": {
        "field_id": "WV_AG_018",
        "lat": 44.19177256962588,
        "lon": -123.1295509598623,
        "area_acres": 13.923321396463,
        "crop_code": 24,
        "cdl_crop": "Winter Wheat",
        "crop_dominant_pct": 78.5,
        "soil_muname": "Camas gravelly sandy loam, occasionally flooded",
        "soil_drainage": "Excessively drained",
        "soil_clay_pct": 7.5,
        "soil_sand_pct": 68.5,
        "soil_silt_pct": 24.0,
        "soil_om_pct": 2.0,
        "soil_ph": 6.5,
        "soil_cec": 15.0,
        "soil_depth_cm": 0.0,
        "weather_monthly": [
          {
            "year": 2020,
            "month": 1,
            "avg_high_c": 7.66,
            "avg_low_c": 3.21,
            "total_rain_mm": 280.71,
            "total_rain_in": 11.05
          },
          {
            "year": 2020,
            "month": 2,
            "avg_high_c": 9.12,
            "avg_low_c": 0.7,
            "total_rain_mm": 88.78,
            "total_rain_in": 3.5
          },
          {
            "year": 2020,
            "month": 3,
            "avg_high_c": 10.54,
            "avg_low_c": 1.58,
            "total_rain_mm": 108.69,
            "total_rain_in": 4.28
          },
          {
            "year": 2020,
            "month": 4,
            "avg_high_c": 15.02,
            "avg_low_c": 4.71,
            "total_rain_mm": 73.03,
            "total_rain_in": 2.88
          },
          {
            "year": 2020,
            "month": 5,
            "avg_high_c": 17.39,
            "avg_low_c": 7.19,
            "total_rain_mm": 120.67,
            "total_rain_in": 4.75
          },
          {
            "year": 2020,
            "month": 6,
            "avg_high_c": 19.11,
            "avg_low_c": 9.05,
            "total_rain_mm": 70.28,
            "total_rain_in": 2.77
          },
          {
            "year": 2020,
            "month": 7,
            "avg_high_c": 23.77,
            "avg_low_c": 11.01,
            "total_rain_mm": 1.23,
            "total_rain_in": 0.05
          },
          {
            "year": 2020,
            "month": 8,
            "avg_high_c": 26.66,
            "avg_low_c": 10.99,
            "total_rain_mm": 2.32,
            "total_rain_in": 0.09
          },
          {
            "year": 2020,
            "month": 9,
            "avg_high_c": 26.07,
            "avg_low_c": 11.71,
            "total_rain_mm": 58.73,
            "total_rain_in": 2.31
          },
          {
            "year": 2020,
            "month": 10,
            "avg_high_c": 19.05,
            "avg_low_c": 7.03,
            "total_rain_mm": 64.71,
            "total_rain_in": 2.55
          },
          {
            "year": 2020,
            "month": 11,
            "avg_high_c": 10.65,
            "avg_low_c": 2.51,
            "total_rain_mm": 204.9,
            "total_rain_in": 8.07
          },
          {
            "year": 2020,
            "month": 12,
            "avg_high_c": 9.4,
            "avg_low_c": 1.62,
            "total_rain_mm": 187.39,
            "total_rain_in": 7.38
          },
          {
            "year": 2021,
            "month": 1,
            "avg_high_c": 8.67,
            "avg_low_c": 2.37,
            "total_rain_mm": 184.79,
            "total_rain_in": 7.28
          },
          {
            "year": 2021,
            "month": 2,
            "avg_high_c": 7.16,
            "avg_low_c": 1.66,
            "total_rain_mm": 163.15,
            "total_rain_in": 6.42
          },
          {
            "year": 2021,
            "month": 3,
            "avg_high_c": 10.78,
            "avg_low_c": 1.09,
            "total_rain_mm": 68.13,
            "total_rain_in": 2.68
          },
          {
            "year": 2021,
            "month": 4,
            "avg_high_c": 15.69,
            "avg_low_c": 3.28,
            "total_rain_mm": 17.85,
            "total_rain_in": 0.7
          },
          {
            "year": 2021,
            "month": 5,
            "avg_high_c": 16.96,
            "avg_low_c": 6.41,
            "total_rain_mm": 33.24,
            "total_rain_in": 1.31
          },
          {
            "year": 2021,
            "month": 6,
            "avg_high_c": 23.28,
            "avg_low_c": 10.71,
            "total_rain_mm": 33.37,
            "total_rain_in": 1.31
          },
          {
            "year": 2021,
            "month": 7,
            "avg_high_c": 27.7,
            "avg_low_c": 11.54,
            "total_rain_mm": 1.42,
            "total_rain_in": 0.06
          },
          {
            "year": 2021,
            "month": 8,
            "avg_high_c": 27.84,
            "avg_low_c": 12.16,
            "total_rain_mm": 1.11,
            "total_rain_in": 0.04
          },
          {
            "year": 2021,
            "month": 9,
            "avg_high_c": 25.0,
            "avg_low_c": 9.64,
            "total_rain_mm": 82.72,
            "total_rain_in": 3.26
          },
          {
            "year": 2021,
            "month": 10,
            "avg_high_c": 16.05,
            "avg_low_c": 6.61,
            "total_rain_mm": 104.65,
            "total_rain_in": 4.12
          },
          {
            "year": 2021,
            "month": 11,
            "avg_high_c": 12.26,
            "avg_low_c": 4.72,
            "total_rain_mm": 156.92,
            "total_rain_in": 6.18
          },
          {
            "year": 2021,
            "month": 12,
            "avg_high_c": 5.99,
            "avg_low_c": 1.66,
            "total_rain_mm": 254.46,
            "total_rain_in": 10.02
          },
          {
            "year": 2022,
            "month": 1,
            "avg_high_c": 10.25,
            "avg_low_c": 1.58,
            "total_rain_mm": 140.49,
            "total_rain_in": 5.53
          },
          {
            "year": 2022,
            "month": 2,
            "avg_high_c": 10.43,
            "avg_low_c": 1.5,
            "total_rain_mm": 44.88,
            "total_rain_in": 1.77
          },
          {
            "year": 2022,
            "month": 3,
            "avg_high_c": 11.97,
            "avg_low_c": 3.41,
            "total_rain_mm": 100.24,
            "total_rain_in": 3.95
          },
          {
            "year": 2022,
            "month": 4,
            "avg_high_c": 11.32,
            "avg_low_c": 2.64,
            "total_rain_mm": 161.54,
            "total_rain_in": 6.36
          },
          {
            "year": 2022,
            "month": 5,
            "avg_high_c": 14.57,
            "avg_low_c": 5.9,
            "total_rain_mm": 174.98,
            "total_rain_in": 6.89
          },
          {
            "year": 2022,
            "month": 6,
            "avg_high_c": 19.98,
            "avg_low_c": 9.33,
            "total_rain_mm": 99.4,
            "total_rain_in": 3.91
          },
          {
            "year": 2022,
            "month": 7,
            "avg_high_c": 24.74,
            "avg_low_c": 12.38,
            "total_rain_mm": 7.74,
            "total_rain_in": 0.3
          },
          {
            "year": 2022,
            "month": 8,
            "avg_high_c": 26.85,
            "avg_low_c": 12.9,
            "total_rain_mm": 1.93,
            "total_rain_in": 0.08
          },
          {
            "year": 2022,
            "month": 9,
            "avg_high_c": 25.2,
            "avg_low_c": 10.87,
            "total_rain_mm": 8.62,
            "total_rain_in": 0.34
          },
          {
            "year": 2022,
            "month": 10,
            "avg_high_c": 21.99,
            "avg_low_c": 8.89,
            "total_rain_mm": 57.5,
            "total_rain_in": 2.26
          },
          {
            "year": 2022,
            "month": 11,
            "avg_high_c": 9.82,
            "avg_low_c": 0.86,
            "total_rain_mm": 160.98,
            "total_rain_in": 6.34
          },
          {
            "year": 2022,
            "month": 12,
            "avg_high_c": 7.61,
            "avg_low_c": 1.27,
            "total_rain_mm": 173.4,
            "total_rain_in": 6.83
          },
          {
            "year": 2023,
            "month": 1,
            "avg_high_c": 7.82,
            "avg_low_c": 1.42,
            "total_rain_mm": 94.49,
            "total_rain_in": 3.72
          },
          {
            "year": 2023,
            "month": 2,
            "avg_high_c": 7.78,
            "avg_low_c": -0.04,
            "total_rain_mm": 112.98,
            "total_rain_in": 4.45
          },
          {
            "year": 2023,
            "month": 3,
            "avg_high_c": 7.61,
            "avg_low_c": -0.22,
            "total_rain_mm": 193.63,
            "total_rain_in": 7.62
          },
          {
            "year": 2023,
            "month": 4,
            "avg_high_c": 11.76,
            "avg_low_c": 3.48,
            "total_rain_mm": 155.44,
            "total_rain_in": 6.12
          },
          {
            "year": 2023,
            "month": 5,
            "avg_high_c": 19.43,
            "avg_low_c": 8.12,
            "total_rain_mm": 27.62,
            "total_rain_in": 1.09
          },
          {
            "year": 2023,
            "month": 6,
            "avg_high_c": 21.13,
            "avg_low_c": 8.79,
            "total_rain_mm": 13.29,
            "total_rain_in": 0.52
          },
          {
            "year": 2023,
            "month": 7,
            "avg_high_c": 26.83,
            "avg_low_c": 11.23,
            "total_rain_mm": 0.8,
            "total_rain_in": 0.03
          },
          {
            "year": 2023,
            "month": 8,
            "avg_high_c": 29.16,
            "avg_low_c": 12.95,
            "total_rain_mm": 13.99,
            "total_rain_in": 0.55
          },
          {
            "year": 2023,
            "month": 9,
            "avg_high_c": 24.05,
            "avg_low_c": 10.15,
            "total_rain_mm": 56.6,
            "total_rain_in": 2.23
          },
          {
            "year": 2023,
            "month": 10,
            "avg_high_c": 18.3,
            "avg_low_c": 7.1,
            "total_rain_mm": 106.79,
            "total_rain_in": 4.2
          },
          {
            "year": 2023,
            "month": 11,
            "avg_high_c": 12.28,
            "avg_low_c": 3.5,
            "total_rain_mm": 139.45,
            "total_rain_in": 5.49
          },
          {
            "year": 2023,
            "month": 12,
            "avg_high_c": 10.7,
            "avg_low_c": 4.32,
            "total_rain_mm": 245.67,
            "total_rain_in": 9.67
          },
          {
            "year": 2024,
            "month": 1,
            "avg_high_c": 9.33,
            "avg_low_c": 4.32,
            "total_rain_mm": 351.31,
            "total_rain_in": 13.83
          },
          {
            "year": 2024,
            "month": 2,
            "avg_high_c": 9.73,
            "avg_low_c": 3.04,
            "total_rain_mm": 178.71,
            "total_rain_in": 7.04
          },
          {
            "year": 2024,
            "month": 3,
            "avg_high_c": 10.96,
            "avg_low_c": 2.61,
            "total_rain_mm": 164.28,
            "total_rain_in": 6.47
          },
          {
            "year": 2024,
            "month": 4,
            "avg_high_c": 13.62,
            "avg_low_c": 4.03,
            "total_rain_mm": 93.19,
            "total_rain_in": 3.67
          },
          {
            "year": 2024,
            "month": 5,
            "avg_high_c": 16.89,
            "avg_low_c": 5.88,
            "total_rain_mm": 103.89,
            "total_rain_in": 4.09
          },
          {
            "year": 2024,
            "month": 6,
            "avg_high_c": 20.35,
            "avg_low_c": 9.04,
            "total_rain_mm": 54.09,
            "total_rain_in": 2.13
          },
          {
            "year": 2024,
            "month": 7,
            "avg_high_c": 26.5,
            "avg_low_c": 12.22,
            "total_rain_mm": 3.37,
            "total_rain_in": 0.13
          },
          {
            "year": 2024,
            "month": 8,
            "avg_high_c": 26.3,
            "avg_low_c": 12.01,
            "total_rain_mm": 24.29,
            "total_rain_in": 0.96
          },
          {
            "year": 2024,
            "month": 9,
            "avg_high_c": 25.02,
            "avg_low_c": 10.59,
            "total_rain_mm": 32.9,
            "total_rain_in": 1.3
          },
          {
            "year": 2024,
            "month": 10,
            "avg_high_c": 19.19,
            "avg_low_c": 6.89,
            "total_rain_mm": 98.47,
            "total_rain_in": 3.88
          },
          {
            "year": 2024,
            "month": 11,
            "avg_high_c": 9.64,
            "avg_low_c": 3.86,
            "total_rain_mm": 293.22,
            "total_rain_in": 11.54
          },
          {
            "year": 2024,
            "month": 12,
            "avg_high_c": 9.76,
            "avg_low_c": 3.29,
            "total_rain_mm": 295.17,
            "total_rain_in": 11.62
          },
          {
            "year": 2025,
            "month": 1,
            "avg_high_c": 8.65,
            "avg_low_c": 0.33,
            "total_rain_mm": 131.95,
            "total_rain_in": 5.19
          },
          {
            "year": 2025,
            "month": 2,
            "avg_high_c": 8.13,
            "avg_low_c": 1.66,
            "total_rain_mm": 190.55,
            "total_rain_in": 7.5
          },
          {
            "year": 2025,
            "month": 3,
            "avg_high_c": 11.05,
            "avg_low_c": 4.06,
            "total_rain_mm": 268.39,
            "total_rain_in": 10.57
          },
          {
            "year": 2025,
            "month": 4,
            "avg_high_c": 15.16,
            "avg_low_c": 4.32,
            "total_rain_mm": 58.55,
            "total_rain_in": 2.31
          },
          {
            "year": 2025,
            "month": 5,
            "avg_high_c": 17.27,
            "avg_low_c": 6.52,
            "total_rain_mm": 44.19,
            "total_rain_in": 1.74
          },
          {
            "year": 2025,
            "month": 6,
            "avg_high_c": 21.41,
            "avg_low_c": 9.22,
            "total_rain_mm": 31.7,
            "total_rain_in": 1.25
          },
          {
            "year": 2025,
            "month": 7,
            "avg_high_c": 26.68,
            "avg_low_c": 11.54,
            "total_rain_mm": 0.73,
            "total_rain_in": 0.03
          },
          {
            "year": 2025,
            "month": 8,
            "avg_high_c": 29.54,
            "avg_low_c": 13.29,
            "total_rain_mm": 10.11,
            "total_rain_in": 0.4
          },
          {
            "year": 2025,
            "month": 9,
            "avg_high_c": 25.66,
            "avg_low_c": 10.95,
            "total_rain_mm": 47.25,
            "total_rain_in": 1.86
          },
          {
            "year": 2025,
            "month": 10,
            "avg_high_c": 16.4,
            "avg_low_c": 6.01,
            "total_rain_mm": 126.39,
            "total_rain_in": 4.98
          },
          {
            "year": 2025,
            "month": 11,
            "avg_high_c": 12.57,
            "avg_low_c": 5.3,
            "total_rain_mm": 124.05,
            "total_rain_in": 4.88
          },
          {
            "year": 2025,
            "month": 12,
            "avg_high_c": 10.45,
            "avg_low_c": 4.15,
            "total_rain_mm": 259.14,
            "total_rain_in": 10.2
          }
        ]
      },
      "geometry": {
        "type": "MultiPolygon",
        "coordinates": [
          [
            [
              [
                -2132678.6092000008,
                2662379.6670999993
              ],
              [
                -2132698.3495000005,
                2662312.4069
              ],
              [
                -2132686.2029,
                2662277.5331999995
              ],
              [
                -2132638.1205,
                2662263.4217000008
              ],
              [
                -2132618.3806999996,
                2662330.6821
              ],
              [
                -2132590.9053000007,
                2662322.6185
              ],
              [
                -2132602.1850000005,
                2662284.1841
              ],
              [
                -2132581.5781999994,
                2662278.136499999
              ],
              [
                -2132554.102499999,
                2662270.0732000005
              ],
              [
                -2132562.5621000007,
                2662241.2470999993
              ],
              [
                -2132590.037900001,
                2662249.3104999997
              ],
              [
                -2132609.7772000004,
                2662182.049900001
              ],
              [
                -2132621.0568000004,
                2662143.6152
              ],
              [
                -2132640.7961999997,
                2662076.3544999994
              ],
              [
                -2132672.6832,
                2662043.9674999993
              ],
              [
                -2132720.7671000008,
                2662058.0792999994
              ],
              [
                -2132709.4870999996,
                2662096.5139000006
              ],
              [
                -2132757.570699999,
                2662110.6259000003
              ],
              [
                -2132768.8509,
                2662072.191299999
              ],
              [
                -2132796.3274000008,
                2662080.2555
              ],
              [
                -2132823.8038,
                2662088.3198000006
              ],
              [
                -2132844.4111,
                2662094.3681000005
              ],
              [
                -2132833.1304,
                2662132.8025
              ],
              [
                -2132860.6065999996,
                2662140.8669000007
              ],
              [
                -2132829.5845,
                2662246.5614
              ],
              [
                -2132821.1239,
                2662275.3871999998
              ],
              [
                -2132809.8431,
                2662313.8214
              ],
              [
                -2132782.3675999995,
                2662305.757200001
              ],
              [
                -2132753.3005,
                2662328.5349000003
              ],
              [
                -2132742.0199999996,
                2662366.9692
              ],
              [
                -2132706.0844,
                2662387.7310000006
              ],
              [
                -2132678.6092000008,
                2662379.6670999993
              ]
            ]
          ]
        ]
      }
    },
    {
      "type": "Feature",
      "properties": {
        "field_id": "WV_AG_019",
        "lat": 44.40093264425484,
        "lon": -123.03014738120507,
        "area_acres": 25.4365667501853,
        "crop_code": 24,
        "cdl_crop": "Winter Wheat",
        "crop_dominant_pct": 77.6,
        "soil_muname": "McBee silty clay loam",
        "soil_drainage": "Moderately well drained",
        "soil_clay_pct": 31.0,
        "soil_sand_pct": 6.9,
        "soil_silt_pct": 62.1,
        "soil_om_pct": 4.5,
        "soil_ph": 6.1,
        "soil_cec": 25.0,
        "soil_depth_cm": 0.0,
        "weather_monthly": [
          {
            "year": 2020,
            "month": 1,
            "avg_high_c": 8.29,
            "avg_low_c": 3.45,
            "total_rain_mm": 335.74,
            "total_rain_in": 13.22
          },
          {
            "year": 2020,
            "month": 2,
            "avg_high_c": 9.41,
            "avg_low_c": 1.31,
            "total_rain_mm": 106.13,
            "total_rain_in": 4.18
          },
          {
            "year": 2020,
            "month": 3,
            "avg_high_c": 10.89,
            "avg_low_c": 1.82,
            "total_rain_mm": 122.53,
            "total_rain_in": 4.82
          },
          {
            "year": 2020,
            "month": 4,
            "avg_high_c": 15.33,
            "avg_low_c": 4.78,
            "total_rain_mm": 69.14,
            "total_rain_in": 2.72
          },
          {
            "year": 2020,
            "month": 5,
            "avg_high_c": 17.79,
            "avg_low_c": 7.72,
            "total_rain_mm": 134.18,
            "total_rain_in": 5.28
          },
          {
            "year": 2020,
            "month": 6,
            "avg_high_c": 19.47,
            "avg_low_c": 9.28,
            "total_rain_mm": 75.69,
            "total_rain_in": 2.98
          },
          {
            "year": 2020,
            "month": 7,
            "avg_high_c": 23.62,
            "avg_low_c": 10.84,
            "total_rain_mm": 1.22,
            "total_rain_in": 0.05
          },
          {
            "year": 2020,
            "month": 8,
            "avg_high_c": 25.28,
            "avg_low_c": 10.98,
            "total_rain_mm": 2.78,
            "total_rain_in": 0.11
          },
          {
            "year": 2020,
            "month": 9,
            "avg_high_c": 24.88,
            "avg_low_c": 11.82,
            "total_rain_mm": 72.75,
            "total_rain_in": 2.86
          },
          {
            "year": 2020,
            "month": 10,
            "avg_high_c": 18.05,
            "avg_low_c": 6.83,
            "total_rain_mm": 69.47,
            "total_rain_in": 2.74
          },
          {
            "year": 2020,
            "month": 11,
            "avg_high_c": 10.89,
            "avg_low_c": 2.86,
            "total_rain_mm": 232.5,
            "total_rain_in": 9.15
          },
          {
            "year": 2020,
            "month": 12,
            "avg_high_c": 9.48,
            "avg_low_c": 1.8,
            "total_rain_mm": 218.39,
            "total_rain_in": 8.6
          },
          {
            "year": 2021,
            "month": 1,
            "avg_high_c": 8.91,
            "avg_low_c": 2.45,
            "total_rain_mm": 254.08,
            "total_rain_in": 10.0
          },
          {
            "year": 2021,
            "month": 2,
            "avg_high_c": 7.83,
            "avg_low_c": 1.9,
            "total_rain_mm": 199.0,
            "total_rain_in": 7.83
          },
          {
            "year": 2021,
            "month": 3,
            "avg_high_c": 11.03,
            "avg_low_c": 1.41,
            "total_rain_mm": 76.2,
            "total_rain_in": 3.0
          },
          {
            "year": 2021,
            "month": 4,
            "avg_high_c": 16.03,
            "avg_low_c": 3.49,
            "total_rain_mm": 26.64,
            "total_rain_in": 1.05
          },
          {
            "year": 2021,
            "month": 5,
            "avg_high_c": 17.61,
            "avg_low_c": 6.63,
            "total_rain_mm": 32.61,
            "total_rain_in": 1.28
          },
          {
            "year": 2021,
            "month": 6,
            "avg_high_c": 23.31,
            "avg_low_c": 10.75,
            "total_rain_mm": 48.27,
            "total_rain_in": 1.9
          },
          {
            "year": 2021,
            "month": 7,
            "avg_high_c": 26.5,
            "avg_low_c": 11.41,
            "total_rain_mm": 1.97,
            "total_rain_in": 0.08
          },
          {
            "year": 2021,
            "month": 8,
            "avg_high_c": 27.12,
            "avg_low_c": 12.3,
            "total_rain_mm": 1.69,
            "total_rain_in": 0.07
          },
          {
            "year": 2021,
            "month": 9,
            "avg_high_c": 24.68,
            "avg_low_c": 9.98,
            "total_rain_mm": 85.39,
            "total_rain_in": 3.36
          },
          {
            "year": 2021,
            "month": 10,
            "avg_high_c": 15.78,
            "avg_low_c": 6.61,
            "total_rain_mm": 126.84,
            "total_rain_in": 4.99
          },
          {
            "year": 2021,
            "month": 11,
            "avg_high_c": 12.39,
            "avg_low_c": 4.82,
            "total_rain_mm": 205.74,
            "total_rain_in": 8.1
          },
          {
            "year": 2021,
            "month": 12,
            "avg_high_c": 6.18,
            "avg_low_c": 1.36,
            "total_rain_mm": 308.92,
            "total_rain_in": 12.16
          },
          {
            "year": 2022,
            "month": 1,
            "avg_high_c": 9.77,
            "avg_low_c": 1.92,
            "total_rain_mm": 158.73,
            "total_rain_in": 6.25
          },
          {
            "year": 2022,
            "month": 2,
            "avg_high_c": 10.27,
            "avg_low_c": 1.55,
            "total_rain_mm": 85.78,
            "total_rain_in": 3.38
          },
          {
            "year": 2022,
            "month": 3,
            "avg_high_c": 12.11,
            "avg_low_c": 3.66,
            "total_rain_mm": 115.37,
            "total_rain_in": 4.54
          },
          {
            "year": 2022,
            "month": 4,
            "avg_high_c": 11.74,
            "avg_low_c": 2.97,
            "total_rain_mm": 181.66,
            "total_rain_in": 7.15
          },
          {
            "year": 2022,
            "month": 5,
            "avg_high_c": 15.02,
            "avg_low_c": 6.09,
            "total_rain_mm": 173.68,
            "total_rain_in": 6.84
          },
          {
            "year": 2022,
            "month": 6,
            "avg_high_c": 20.05,
            "avg_low_c": 9.46,
            "total_rain_mm": 102.97,
            "total_rain_in": 4.05
          },
          {
            "year": 2022,
            "month": 7,
            "avg_high_c": 24.84,
            "avg_low_c": 12.19,
            "total_rain_mm": 7.17,
            "total_rain_in": 0.28
          },
          {
            "year": 2022,
            "month": 8,
            "avg_high_c": 26.1,
            "avg_low_c": 12.91,
            "total_rain_mm": 2.85,
            "total_rain_in": 0.11
          },
          {
            "year": 2022,
            "month": 9,
            "avg_high_c": 24.47,
            "avg_low_c": 11.0,
            "total_rain_mm": 8.81,
            "total_rain_in": 0.35
          },
          {
            "year": 2022,
            "month": 10,
            "avg_high_c": 21.37,
            "avg_low_c": 8.75,
            "total_rain_mm": 58.08,
            "total_rain_in": 2.29
          },
          {
            "year": 2022,
            "month": 11,
            "avg_high_c": 9.79,
            "avg_low_c": 0.95,
            "total_rain_mm": 178.0,
            "total_rain_in": 7.01
          },
          {
            "year": 2022,
            "month": 12,
            "avg_high_c": 7.87,
            "avg_low_c": 1.37,
            "total_rain_mm": 195.13,
            "total_rain_in": 7.68
          },
          {
            "year": 2023,
            "month": 1,
            "avg_high_c": 8.03,
            "avg_low_c": 1.69,
            "total_rain_mm": 125.73,
            "total_rain_in": 4.95
          },
          {
            "year": 2023,
            "month": 2,
            "avg_high_c": 7.67,
            "avg_low_c": 0.08,
            "total_rain_mm": 120.26,
            "total_rain_in": 4.73
          },
          {
            "year": 2023,
            "month": 3,
            "avg_high_c": 8.6,
            "avg_low_c": 0.45,
            "total_rain_mm": 204.35,
            "total_rain_in": 8.05
          },
          {
            "year": 2023,
            "month": 4,
            "avg_high_c": 12.24,
            "avg_low_c": 3.7,
            "total_rain_mm": 183.89,
            "total_rain_in": 7.24
          },
          {
            "year": 2023,
            "month": 5,
            "avg_high_c": 19.84,
            "avg_low_c": 8.26,
            "total_rain_mm": 19.98,
            "total_rain_in": 0.79
          },
          {
            "year": 2023,
            "month": 6,
            "avg_high_c": 21.61,
            "avg_low_c": 8.67,
            "total_rain_mm": 11.98,
            "total_rain_in": 0.47
          },
          {
            "year": 2023,
            "month": 7,
            "avg_high_c": 26.14,
            "avg_low_c": 11.26,
            "total_rain_mm": 1.1,
            "total_rain_in": 0.04
          },
          {
            "year": 2023,
            "month": 8,
            "avg_high_c": 28.47,
            "avg_low_c": 13.2,
            "total_rain_mm": 15.84,
            "total_rain_in": 0.62
          },
          {
            "year": 2023,
            "month": 9,
            "avg_high_c": 23.69,
            "avg_low_c": 10.6,
            "total_rain_mm": 69.32,
            "total_rain_in": 2.73
          },
          {
            "year": 2023,
            "month": 10,
            "avg_high_c": 18.08,
            "avg_low_c": 7.62,
            "total_rain_mm": 112.67,
            "total_rain_in": 4.44
          },
          {
            "year": 2023,
            "month": 11,
            "avg_high_c": 12.32,
            "avg_low_c": 3.76,
            "total_rain_mm": 171.73,
            "total_rain_in": 6.76
          },
          {
            "year": 2023,
            "month": 12,
            "avg_high_c": 10.81,
            "avg_low_c": 4.63,
            "total_rain_mm": 291.62,
            "total_rain_in": 11.48
          },
          {
            "year": 2024,
            "month": 1,
            "avg_high_c": 9.42,
            "avg_low_c": 4.06,
            "total_rain_mm": 392.13,
            "total_rain_in": 15.44
          },
          {
            "year": 2024,
            "month": 2,
            "avg_high_c": 10.23,
            "avg_low_c": 3.33,
            "total_rain_mm": 199.65,
            "total_rain_in": 7.86
          },
          {
            "year": 2024,
            "month": 3,
            "avg_high_c": 11.63,
            "avg_low_c": 2.94,
            "total_rain_mm": 178.34,
            "total_rain_in": 7.02
          },
          {
            "year": 2024,
            "month": 4,
            "avg_high_c": 14.12,
            "avg_low_c": 4.3,
            "total_rain_mm": 93.08,
            "total_rain_in": 3.66
          },
          {
            "year": 2024,
            "month": 5,
            "avg_high_c": 17.1,
            "avg_low_c": 6.17,
            "total_rain_mm": 106.35,
            "total_rain_in": 4.19
          },
          {
            "year": 2024,
            "month": 6,
            "avg_high_c": 20.44,
            "avg_low_c": 9.21,
            "total_rain_mm": 57.73,
            "total_rain_in": 2.27
          },
          {
            "year": 2024,
            "month": 7,
            "avg_high_c": 26.3,
            "avg_low_c": 11.94,
            "total_rain_mm": 5.44,
            "total_rain_in": 0.21
          },
          {
            "year": 2024,
            "month": 8,
            "avg_high_c": 25.26,
            "avg_low_c": 12.04,
            "total_rain_mm": 20.57,
            "total_rain_in": 0.81
          },
          {
            "year": 2024,
            "month": 9,
            "avg_high_c": 24.25,
            "avg_low_c": 10.86,
            "total_rain_mm": 34.03,
            "total_rain_in": 1.34
          },
          {
            "year": 2024,
            "month": 10,
            "avg_high_c": 18.82,
            "avg_low_c": 7.09,
            "total_rain_mm": 123.02,
            "total_rain_in": 4.84
          },
          {
            "year": 2024,
            "month": 11,
            "avg_high_c": 10.25,
            "avg_low_c": 4.12,
            "total_rain_mm": 316.42,
            "total_rain_in": 12.46
          },
          {
            "year": 2024,
            "month": 12,
            "avg_high_c": 9.56,
            "avg_low_c": 3.41,
            "total_rain_mm": 301.4,
            "total_rain_in": 11.87
          },
          {
            "year": 2025,
            "month": 1,
            "avg_high_c": 8.3,
            "avg_low_c": 0.38,
            "total_rain_mm": 131.61,
            "total_rain_in": 5.18
          },
          {
            "year": 2025,
            "month": 2,
            "avg_high_c": 8.57,
            "avg_low_c": 1.98,
            "total_rain_mm": 208.24,
            "total_rain_in": 8.2
          },
          {
            "year": 2025,
            "month": 3,
            "avg_high_c": 11.43,
            "avg_low_c": 4.26,
            "total_rain_mm": 258.95,
            "total_rain_in": 10.19
          },
          {
            "year": 2025,
            "month": 4,
            "avg_high_c": 15.68,
            "avg_low_c": 4.55,
            "total_rain_mm": 62.07,
            "total_rain_in": 2.44
          },
          {
            "year": 2025,
            "month": 5,
            "avg_high_c": 17.55,
            "avg_low_c": 6.39,
            "total_rain_mm": 43.47,
            "total_rain_in": 1.71
          },
          {
            "year": 2025,
            "month": 6,
            "avg_high_c": 21.52,
            "avg_low_c": 9.24,
            "total_rain_mm": 31.15,
            "total_rain_in": 1.23
          },
          {
            "year": 2025,
            "month": 7,
            "avg_high_c": 25.74,
            "avg_low_c": 11.48,
            "total_rain_mm": 0.4,
            "total_rain_in": 0.02
          },
          {
            "year": 2025,
            "month": 8,
            "avg_high_c": 28.03,
            "avg_low_c": 13.28,
            "total_rain_mm": 12.83,
            "total_rain_in": 0.51
          },
          {
            "year": 2025,
            "month": 9,
            "avg_high_c": 24.93,
            "avg_low_c": 11.27,
            "total_rain_mm": 48.46,
            "total_rain_in": 1.91
          },
          {
            "year": 2025,
            "month": 10,
            "avg_high_c": 15.99,
            "avg_low_c": 6.03,
            "total_rain_mm": 137.17,
            "total_rain_in": 5.4
          },
          {
            "year": 2025,
            "month": 11,
            "avg_high_c": 12.27,
            "avg_low_c": 5.4,
            "total_rain_mm": 167.03,
            "total_rain_in": 6.58
          },
          {
            "year": 2025,
            "month": 12,
            "avg_high_c": 10.32,
            "avg_low_c": 4.3,
            "total_rain_mm": 310.36,
            "total_rain_in": 12.22
          }
        ]
      },
      "geometry": {
        "type": "MultiPolygon",
        "coordinates": [
          [
            [
              [
                -2118723.4169999994,
                2682432.426999999
              ],
              [
                -2118696.0175,
                2682424.4159999993
              ],
              [
                -2118687.5906000007,
                2682453.2381999996
              ],
              [
                -2118714.99,
                2682461.2490999997
              ],
              [
                -2118723.4169999994,
                2682432.426999999
              ],
              [
                -2118743.966499999,
                2682438.4353
              ],
              [
                -2118735.5395,
                2682467.2573000006
              ],
              [
                -2118762.9387999997,
                2682475.2685000002
              ],
              [
                -2118751.7026000004,
                2682513.6977999993
              ],
              [
                -2118703.7540000007,
                2682499.6786
              ],
              [
                -2118695.3270999994,
                2682528.500600001
              ],
              [
                -2118667.9279999994,
                2682520.4897000007
              ],
              [
                -2118619.9794999994,
                2682506.471000001
              ],
              [
                -2118608.743899999,
                2682544.9004999995
              ],
              [
                -2118581.344900001,
                2682536.8899000008
              ],
              [
                -2118560.795600001,
                2682530.882099999
              ],
              [
                -2118512.847100001,
                2682516.8641
              ],
              [
                -2118485.448000001,
                2682508.8539000005
              ],
              [
                -2118464.898600001,
                2682502.8463000003
              ],
              [
                -2118437.499399999,
                2682494.8363000005
              ],
              [
                -2118389.5506999996,
                2682480.8191
              ],
              [
                -2118400.785,
                2682442.3893
              ],
              [
                -2118409.2107999995,
                2682413.5669
              ],
              [
                -2118420.4452,
                2682375.137
              ],
              [
                -2118399.8955000006,
                2682369.1295999996
              ],
              [
                -2118408.3212,
                2682340.3071
              ],
              [
                -2118428.8709999993,
                2682346.3145000003
              ],
              [
                -2118456.2708,
                2682354.3245
              ],
              [
                -2118467.5053000003,
                2682315.8946
              ],
              [
                -2118440.1054,
                2682307.8846000005
              ],
              [
                -2118448.531199999,
                2682279.0621000007
              ],
              [
                -2118459.7655999996,
                2682240.632099999
              ],
              [
                -2118479.425899999,
                2682173.3795
              ],
              [
                -2118490.6602999996,
                2682134.9494000003
              ],
              [
                -2118499.0862000007,
                2682106.1269000005
              ],
              [
                -2118622.3890000004,
                2682142.173699999
              ],
              [
                -2118613.9627,
                2682170.996099999
              ],
              [
                -2118650.6778999995,
                2682223.444599999
              ],
              [
                -2118662.8016,
                2682258.2750000004
              ],
              [
                -2118738.151799999,
                2682280.3050999995
              ],
              [
                -2118726.9159999993,
                2682318.7347
              ],
              [
                -2118754.3159,
                2682326.7457999997
              ],
              [
                -2118774.8658000007,
                2682332.7542000003
              ],
              [
                -2118763.6296999995,
                2682371.183700001
              ],
              [
                -2118734.652899999,
                2682393.9975000005
              ],
              [
                -2118723.4169999994,
                2682432.426999999
              ]
            ]
          ]
        ]
      }
    },
    {
      "type": "Feature",
      "properties": {
        "field_id": "WV_AG_020",
        "lat": 44.84929593857336,
        "lon": -123.15185368694698,
        "area_acres": 15.4418268646456,
        "crop_code": 24,
        "cdl_crop": "Winter Wheat",
        "crop_dominant_pct": 89.9,
        "soil_muname": "Cloquato silt loam",
        "soil_drainage": "Well drained",
        "soil_clay_pct": 10.0,
        "soil_sand_pct": 21.2,
        "soil_silt_pct": 68.8,
        "soil_om_pct": 7.5,
        "soil_ph": 6.1,
        "soil_cec": 17.5,
        "soil_depth_cm": 0.0,
        "weather_monthly": [
          {
            "year": 2020,
            "month": 1,
            "avg_high_c": 8.33,
            "avg_low_c": 3.69,
            "total_rain_mm": 331.66,
            "total_rain_in": 13.06
          },
          {
            "year": 2020,
            "month": 2,
            "avg_high_c": 9.3,
            "avg_low_c": 1.59,
            "total_rain_mm": 119.69,
            "total_rain_in": 4.71
          },
          {
            "year": 2020,
            "month": 3,
            "avg_high_c": 10.58,
            "avg_low_c": 1.93,
            "total_rain_mm": 119.65,
            "total_rain_in": 4.71
          },
          {
            "year": 2020,
            "month": 4,
            "avg_high_c": 15.36,
            "avg_low_c": 4.91,
            "total_rain_mm": 65.25,
            "total_rain_in": 2.57
          },
          {
            "year": 2020,
            "month": 5,
            "avg_high_c": 18.1,
            "avg_low_c": 7.97,
            "total_rain_mm": 129.22,
            "total_rain_in": 5.09
          },
          {
            "year": 2020,
            "month": 6,
            "avg_high_c": 19.57,
            "avg_low_c": 9.34,
            "total_rain_mm": 97.62,
            "total_rain_in": 3.84
          },
          {
            "year": 2020,
            "month": 7,
            "avg_high_c": 24.4,
            "avg_low_c": 11.06,
            "total_rain_mm": 3.63,
            "total_rain_in": 0.14
          },
          {
            "year": 2020,
            "month": 8,
            "avg_high_c": 25.88,
            "avg_low_c": 11.44,
            "total_rain_mm": 5.11,
            "total_rain_in": 0.2
          },
          {
            "year": 2020,
            "month": 9,
            "avg_high_c": 24.8,
            "avg_low_c": 11.76,
            "total_rain_mm": 75.48,
            "total_rain_in": 2.97
          },
          {
            "year": 2020,
            "month": 10,
            "avg_high_c": 17.88,
            "avg_low_c": 7.03,
            "total_rain_mm": 95.76,
            "total_rain_in": 3.77
          },
          {
            "year": 2020,
            "month": 11,
            "avg_high_c": 10.62,
            "avg_low_c": 2.98,
            "total_rain_mm": 245.69,
            "total_rain_in": 9.67
          },
          {
            "year": 2020,
            "month": 12,
            "avg_high_c": 9.56,
            "avg_low_c": 2.24,
            "total_rain_mm": 231.54,
            "total_rain_in": 9.12
          },
          {
            "year": 2021,
            "month": 1,
            "avg_high_c": 8.81,
            "avg_low_c": 2.61,
            "total_rain_mm": 260.36,
            "total_rain_in": 10.25
          },
          {
            "year": 2021,
            "month": 2,
            "avg_high_c": 7.61,
            "avg_low_c": 1.86,
            "total_rain_mm": 215.93,
            "total_rain_in": 8.5
          },
          {
            "year": 2021,
            "month": 3,
            "avg_high_c": 11.05,
            "avg_low_c": 1.47,
            "total_rain_mm": 82.08,
            "total_rain_in": 3.23
          },
          {
            "year": 2021,
            "month": 4,
            "avg_high_c": 16.05,
            "avg_low_c": 3.87,
            "total_rain_mm": 27.34,
            "total_rain_in": 1.08
          },
          {
            "year": 2021,
            "month": 5,
            "avg_high_c": 18.03,
            "avg_low_c": 6.8,
            "total_rain_mm": 47.74,
            "total_rain_in": 1.88
          },
          {
            "year": 2021,
            "month": 6,
            "avg_high_c": 24.25,
            "avg_low_c": 11.1,
            "total_rain_mm": 49.29,
            "total_rain_in": 1.94
          },
          {
            "year": 2021,
            "month": 7,
            "avg_high_c": 27.3,
            "avg_low_c": 11.55,
            "total_rain_mm": 1.83,
            "total_rain_in": 0.07
          },
          {
            "year": 2021,
            "month": 8,
            "avg_high_c": 27.65,
            "avg_low_c": 12.56,
            "total_rain_mm": 2.92,
            "total_rain_in": 0.11
          },
          {
            "year": 2021,
            "month": 9,
            "avg_high_c": 24.55,
            "avg_low_c": 10.43,
            "total_rain_mm": 101.83,
            "total_rain_in": 4.01
          },
          {
            "year": 2021,
            "month": 10,
            "avg_high_c": 15.52,
            "avg_low_c": 6.56,
            "total_rain_mm": 148.73,
            "total_rain_in": 5.86
          },
          {
            "year": 2021,
            "month": 11,
            "avg_high_c": 12.28,
            "avg_low_c": 5.35,
            "total_rain_mm": 250.09,
            "total_rain_in": 9.85
          },
          {
            "year": 2021,
            "month": 12,
            "avg_high_c": 5.61,
            "avg_low_c": 0.97,
            "total_rain_mm": 309.17,
            "total_rain_in": 12.17
          },
          {
            "year": 2022,
            "month": 1,
            "avg_high_c": 9.29,
            "avg_low_c": 1.87,
            "total_rain_mm": 185.19,
            "total_rain_in": 7.29
          },
          {
            "year": 2022,
            "month": 2,
            "avg_high_c": 9.66,
            "avg_low_c": 1.72,
            "total_rain_mm": 98.54,
            "total_rain_in": 3.88
          },
          {
            "year": 2022,
            "month": 3,
            "avg_high_c": 11.99,
            "avg_low_c": 3.83,
            "total_rain_mm": 125.82,
            "total_rain_in": 4.95
          },
          {
            "year": 2022,
            "month": 4,
            "avg_high_c": 11.48,
            "avg_low_c": 2.65,
            "total_rain_mm": 200.52,
            "total_rain_in": 7.89
          },
          {
            "year": 2022,
            "month": 5,
            "avg_high_c": 15.04,
            "avg_low_c": 6.2,
            "total_rain_mm": 191.01,
            "total_rain_in": 7.52
          },
          {
            "year": 2022,
            "month": 6,
            "avg_high_c": 19.96,
            "avg_low_c": 9.78,
            "total_rain_mm": 128.91,
            "total_rain_in": 5.08
          },
          {
            "year": 2022,
            "month": 7,
            "avg_high_c": 25.26,
            "avg_low_c": 12.21,
            "total_rain_mm": 8.52,
            "total_rain_in": 0.34
          },
          {
            "year": 2022,
            "month": 8,
            "avg_high_c": 27.38,
            "avg_low_c": 13.3,
            "total_rain_mm": 1.96,
            "total_rain_in": 0.08
          },
          {
            "year": 2022,
            "month": 9,
            "avg_high_c": 25.27,
            "avg_low_c": 11.26,
            "total_rain_mm": 12.33,
            "total_rain_in": 0.49
          },
          {
            "year": 2022,
            "month": 10,
            "avg_high_c": 21.88,
            "avg_low_c": 8.89,
            "total_rain_mm": 83.79,
            "total_rain_in": 3.3
          },
          {
            "year": 2022,
            "month": 11,
            "avg_high_c": 9.53,
            "avg_low_c": 1.32,
            "total_rain_mm": 209.49,
            "total_rain_in": 8.25
          },
          {
            "year": 2022,
            "month": 12,
            "avg_high_c": 7.23,
            "avg_low_c": 1.41,
            "total_rain_mm": 213.47,
            "total_rain_in": 8.4
          },
          {
            "year": 2023,
            "month": 1,
            "avg_high_c": 8.1,
            "avg_low_c": 2.21,
            "total_rain_mm": 124.27,
            "total_rain_in": 4.89
          },
          {
            "year": 2023,
            "month": 2,
            "avg_high_c": 7.34,
            "avg_low_c": 0.11,
            "total_rain_mm": 126.83,
            "total_rain_in": 4.99
          },
          {
            "year": 2023,
            "month": 3,
            "avg_high_c": 8.74,
            "avg_low_c": 0.78,
            "total_rain_mm": 189.54,
            "total_rain_in": 7.46
          },
          {
            "year": 2023,
            "month": 4,
            "avg_high_c": 12.14,
            "avg_low_c": 3.83,
            "total_rain_mm": 194.6,
            "total_rain_in": 7.66
          },
          {
            "year": 2023,
            "month": 5,
            "avg_high_c": 20.07,
            "avg_low_c": 8.51,
            "total_rain_mm": 27.12,
            "total_rain_in": 1.07
          },
          {
            "year": 2023,
            "month": 6,
            "avg_high_c": 21.75,
            "avg_low_c": 8.84,
            "total_rain_mm": 19.41,
            "total_rain_in": 0.76
          },
          {
            "year": 2023,
            "month": 7,
            "avg_high_c": 26.77,
            "avg_low_c": 11.45,
            "total_rain_mm": 2.08,
            "total_rain_in": 0.08
          },
          {
            "year": 2023,
            "month": 8,
            "avg_high_c": 29.03,
            "avg_low_c": 13.52,
            "total_rain_mm": 21.34,
            "total_rain_in": 0.84
          },
          {
            "year": 2023,
            "month": 9,
            "avg_high_c": 23.57,
            "avg_low_c": 10.75,
            "total_rain_mm": 70.6,
            "total_rain_in": 2.78
          },
          {
            "year": 2023,
            "month": 10,
            "avg_high_c": 18.22,
            "avg_low_c": 7.61,
            "total_rain_mm": 117.2,
            "total_rain_in": 4.61
          },
          {
            "year": 2023,
            "month": 11,
            "avg_high_c": 11.95,
            "avg_low_c": 3.59,
            "total_rain_mm": 187.96,
            "total_rain_in": 7.4
          },
          {
            "year": 2023,
            "month": 12,
            "avg_high_c": 10.68,
            "avg_low_c": 4.45,
            "total_rain_mm": 295.35,
            "total_rain_in": 11.63
          },
          {
            "year": 2024,
            "month": 1,
            "avg_high_c": 8.28,
            "avg_low_c": 2.91,
            "total_rain_mm": 370.12,
            "total_rain_in": 14.57
          },
          {
            "year": 2024,
            "month": 2,
            "avg_high_c": 10.14,
            "avg_low_c": 3.26,
            "total_rain_mm": 200.23,
            "total_rain_in": 7.88
          },
          {
            "year": 2024,
            "month": 3,
            "avg_high_c": 11.51,
            "avg_low_c": 3.24,
            "total_rain_mm": 164.08,
            "total_rain_in": 6.46
          },
          {
            "year": 2024,
            "month": 4,
            "avg_high_c": 14.23,
            "avg_low_c": 4.47,
            "total_rain_mm": 94.88,
            "total_rain_in": 3.74
          },
          {
            "year": 2024,
            "month": 5,
            "avg_high_c": 17.15,
            "avg_low_c": 6.5,
            "total_rain_mm": 118.44,
            "total_rain_in": 4.66
          },
          {
            "year": 2024,
            "month": 6,
            "avg_high_c": 20.38,
            "avg_low_c": 9.29,
            "total_rain_mm": 74.42,
            "total_rain_in": 2.93
          },
          {
            "year": 2024,
            "month": 7,
            "avg_high_c": 27.02,
            "avg_low_c": 12.01,
            "total_rain_mm": 7.22,
            "total_rain_in": 0.28
          },
          {
            "year": 2024,
            "month": 8,
            "avg_high_c": 25.73,
            "avg_low_c": 12.22,
            "total_rain_mm": 22.59,
            "total_rain_in": 0.89
          },
          {
            "year": 2024,
            "month": 9,
            "avg_high_c": 24.48,
            "avg_low_c": 11.29,
            "total_rain_mm": 33.37,
            "total_rain_in": 1.31
          },
          {
            "year": 2024,
            "month": 10,
            "avg_high_c": 18.76,
            "avg_low_c": 7.37,
            "total_rain_mm": 131.82,
            "total_rain_in": 5.19
          },
          {
            "year": 2024,
            "month": 11,
            "avg_high_c": 9.95,
            "avg_low_c": 4.08,
            "total_rain_mm": 284.69,
            "total_rain_in": 11.21
          },
          {
            "year": 2024,
            "month": 12,
            "avg_high_c": 9.31,
            "avg_low_c": 3.22,
            "total_rain_mm": 297.03,
            "total_rain_in": 11.69
          },
          {
            "year": 2025,
            "month": 1,
            "avg_high_c": 7.89,
            "avg_low_c": 0.22,
            "total_rain_mm": 116.9,
            "total_rain_in": 4.6
          },
          {
            "year": 2025,
            "month": 2,
            "avg_high_c": 8.27,
            "avg_low_c": 1.66,
            "total_rain_mm": 206.54,
            "total_rain_in": 8.13
          },
          {
            "year": 2025,
            "month": 3,
            "avg_high_c": 11.38,
            "avg_low_c": 4.41,
            "total_rain_mm": 241.61,
            "total_rain_in": 9.51
          },
          {
            "year": 2025,
            "month": 4,
            "avg_high_c": 15.77,
            "avg_low_c": 4.72,
            "total_rain_mm": 64.12,
            "total_rain_in": 2.52
          },
          {
            "year": 2025,
            "month": 5,
            "avg_high_c": 17.45,
            "avg_low_c": 6.68,
            "total_rain_mm": 52.17,
            "total_rain_in": 2.05
          },
          {
            "year": 2025,
            "month": 6,
            "avg_high_c": 21.6,
            "avg_low_c": 9.69,
            "total_rain_mm": 34.37,
            "total_rain_in": 1.35
          },
          {
            "year": 2025,
            "month": 7,
            "avg_high_c": 26.13,
            "avg_low_c": 11.56,
            "total_rain_mm": 1.41,
            "total_rain_in": 0.06
          },
          {
            "year": 2025,
            "month": 8,
            "avg_high_c": 28.06,
            "avg_low_c": 13.39,
            "total_rain_mm": 20.61,
            "total_rain_in": 0.81
          },
          {
            "year": 2025,
            "month": 9,
            "avg_high_c": 24.77,
            "avg_low_c": 11.37,
            "total_rain_mm": 49.32,
            "total_rain_in": 1.94
          },
          {
            "year": 2025,
            "month": 10,
            "avg_high_c": 15.59,
            "avg_low_c": 6.02,
            "total_rain_mm": 148.04,
            "total_rain_in": 5.83
          },
          {
            "year": 2025,
            "month": 11,
            "avg_high_c": 11.64,
            "avg_low_c": 5.24,
            "total_rain_mm": 176.54,
            "total_rain_in": 6.95
          },
          {
            "year": 2025,
            "month": 12,
            "avg_high_c": 9.99,
            "avg_low_c": 4.33,
            "total_rain_mm": 352.37,
            "total_rain_in": 13.87
          }
        ]
      },
      "geometry": {
        "type": "MultiPolygon",
        "coordinates": [
          [
            [
              [
                -2113714.3259999994,
                2733057.091600001
              ],
              [
                -2113703.0529999994,
                2733095.4692
              ],
              [
                -2113675.8451000005,
                2733087.4771999996
              ],
              [
                -2113687.117900001,
                2733049.0996000003
              ],
              [
                -2113666.7118999995,
                2733043.1055999994
              ],
              [
                -2113655.439099999,
                2733081.4833000004
              ],
              [
                -2113560.211100001,
                2733053.5123999994
              ],
              [
                -2113599.664000001,
                2732919.1899999995
              ],
              [
                -2113667.6853,
                2732939.169399999
              ],
              [
                -2113678.9580000006,
                2732900.7916
              ],
              [
                -2113743.1681999993,
                2732891.8867000006
              ],
              [
                -2113769.0385999996,
                2732895.9846
              ],
              [
                -2113782.6428999994,
                2732899.980799999
              ],
              [
                -2113774.187999999,
                2732928.7640000004
              ],
              [
                -2113821.8028999995,
                2732942.7507000007
              ],
              [
                -2113838.7129999995,
                2732885.1843
              ],
              [
                -2113868.7401,
                2732883.5824999996
              ],
              [
                -2113943.5638999995,
                2732905.5626999997
              ],
              [
                -2113963.9704,
                2732911.5573999994
              ],
              [
                -2113975.2444,
                2732873.1799999997
              ],
              [
                -2114002.4531999994,
                2732881.1731000002
              ],
              [
                -2114022.8597,
                2732887.1679999996
              ],
              [
                -2114011.5854,
                2732925.5453999992
              ],
              [
                -2113991.8553,
                2732992.7058000006
              ],
              [
                -2113960.174900001,
                2733025.088300001
              ],
              [
                -2113932.9667000007,
                2733017.0953
              ],
              [
                -2113912.5604999997,
                2733011.1007000003
              ],
              [
                -2113904.1051000003,
                2733039.8837
              ],
              [
                -2113829.2826000005,
                2733017.9038999993
              ],
              [
                -2113782.346000001,
                2733077.0721000005
              ],
              [
                -2113771.0725999996,
                2733115.4496
              ],
              [
                -2113723.458900001,
                2733101.463199999
              ],
              [
                -2113714.3259999994,
                2733057.091600001
              ]
            ]
          ]
        ]
      }
    },
    {
      "type": "Feature",
      "properties": {
        "field_id": "WV_AG_021",
        "lat": 44.832248075982704,
        "lon": -123.37571979810548,
        "area_acres": 16.2527744949843,
        "crop_code": 24,
        "cdl_crop": "Winter Wheat",
        "crop_dominant_pct": 97.3,
        "soil_muname": "Waldo silty clay loam",
        "soil_drainage": "Poorly drained",
        "soil_clay_pct": 33.5,
        "soil_sand_pct": 17.5,
        "soil_silt_pct": 49.0,
        "soil_om_pct": 6.0,
        "soil_ph": 5.8,
        "soil_cec": 27.5,
        "soil_depth_cm": 0.0,
        "weather_monthly": [
          {
            "year": 2020,
            "month": 1,
            "avg_high_c": 8.33,
            "avg_low_c": 3.69,
            "total_rain_mm": 331.66,
            "total_rain_in": 13.06
          },
          {
            "year": 2020,
            "month": 2,
            "avg_high_c": 9.3,
            "avg_low_c": 1.59,
            "total_rain_mm": 119.69,
            "total_rain_in": 4.71
          },
          {
            "year": 2020,
            "month": 3,
            "avg_high_c": 10.58,
            "avg_low_c": 1.93,
            "total_rain_mm": 119.65,
            "total_rain_in": 4.71
          },
          {
            "year": 2020,
            "month": 4,
            "avg_high_c": 15.36,
            "avg_low_c": 4.91,
            "total_rain_mm": 65.25,
            "total_rain_in": 2.57
          },
          {
            "year": 2020,
            "month": 5,
            "avg_high_c": 18.1,
            "avg_low_c": 7.97,
            "total_rain_mm": 129.22,
            "total_rain_in": 5.09
          },
          {
            "year": 2020,
            "month": 6,
            "avg_high_c": 19.57,
            "avg_low_c": 9.34,
            "total_rain_mm": 97.62,
            "total_rain_in": 3.84
          },
          {
            "year": 2020,
            "month": 7,
            "avg_high_c": 24.4,
            "avg_low_c": 11.06,
            "total_rain_mm": 3.63,
            "total_rain_in": 0.14
          },
          {
            "year": 2020,
            "month": 8,
            "avg_high_c": 25.88,
            "avg_low_c": 11.44,
            "total_rain_mm": 5.11,
            "total_rain_in": 0.2
          },
          {
            "year": 2020,
            "month": 9,
            "avg_high_c": 24.8,
            "avg_low_c": 11.76,
            "total_rain_mm": 75.48,
            "total_rain_in": 2.97
          },
          {
            "year": 2020,
            "month": 10,
            "avg_high_c": 17.88,
            "avg_low_c": 7.03,
            "total_rain_mm": 95.76,
            "total_rain_in": 3.77
          },
          {
            "year": 2020,
            "month": 11,
            "avg_high_c": 10.62,
            "avg_low_c": 2.98,
            "total_rain_mm": 245.69,
            "total_rain_in": 9.67
          },
          {
            "year": 2020,
            "month": 12,
            "avg_high_c": 9.56,
            "avg_low_c": 2.24,
            "total_rain_mm": 231.54,
            "total_rain_in": 9.12
          },
          {
            "year": 2021,
            "month": 1,
            "avg_high_c": 8.81,
            "avg_low_c": 2.61,
            "total_rain_mm": 260.36,
            "total_rain_in": 10.25
          },
          {
            "year": 2021,
            "month": 2,
            "avg_high_c": 7.61,
            "avg_low_c": 1.86,
            "total_rain_mm": 215.93,
            "total_rain_in": 8.5
          },
          {
            "year": 2021,
            "month": 3,
            "avg_high_c": 11.05,
            "avg_low_c": 1.47,
            "total_rain_mm": 82.08,
            "total_rain_in": 3.23
          },
          {
            "year": 2021,
            "month": 4,
            "avg_high_c": 16.05,
            "avg_low_c": 3.87,
            "total_rain_mm": 27.34,
            "total_rain_in": 1.08
          },
          {
            "year": 2021,
            "month": 5,
            "avg_high_c": 18.03,
            "avg_low_c": 6.8,
            "total_rain_mm": 47.74,
            "total_rain_in": 1.88
          },
          {
            "year": 2021,
            "month": 6,
            "avg_high_c": 24.25,
            "avg_low_c": 11.1,
            "total_rain_mm": 49.29,
            "total_rain_in": 1.94
          },
          {
            "year": 2021,
            "month": 7,
            "avg_high_c": 27.3,
            "avg_low_c": 11.55,
            "total_rain_mm": 1.83,
            "total_rain_in": 0.07
          },
          {
            "year": 2021,
            "month": 8,
            "avg_high_c": 27.65,
            "avg_low_c": 12.56,
            "total_rain_mm": 2.92,
            "total_rain_in": 0.11
          },
          {
            "year": 2021,
            "month": 9,
            "avg_high_c": 24.55,
            "avg_low_c": 10.43,
            "total_rain_mm": 101.83,
            "total_rain_in": 4.01
          },
          {
            "year": 2021,
            "month": 10,
            "avg_high_c": 15.52,
            "avg_low_c": 6.56,
            "total_rain_mm": 148.73,
            "total_rain_in": 5.86
          },
          {
            "year": 2021,
            "month": 11,
            "avg_high_c": 12.28,
            "avg_low_c": 5.35,
            "total_rain_mm": 250.09,
            "total_rain_in": 9.85
          },
          {
            "year": 2021,
            "month": 12,
            "avg_high_c": 5.61,
            "avg_low_c": 0.97,
            "total_rain_mm": 309.17,
            "total_rain_in": 12.17
          },
          {
            "year": 2022,
            "month": 1,
            "avg_high_c": 9.29,
            "avg_low_c": 1.87,
            "total_rain_mm": 185.19,
            "total_rain_in": 7.29
          },
          {
            "year": 2022,
            "month": 2,
            "avg_high_c": 9.66,
            "avg_low_c": 1.72,
            "total_rain_mm": 98.54,
            "total_rain_in": 3.88
          },
          {
            "year": 2022,
            "month": 3,
            "avg_high_c": 11.99,
            "avg_low_c": 3.83,
            "total_rain_mm": 125.82,
            "total_rain_in": 4.95
          },
          {
            "year": 2022,
            "month": 4,
            "avg_high_c": 11.48,
            "avg_low_c": 2.65,
            "total_rain_mm": 200.52,
            "total_rain_in": 7.89
          },
          {
            "year": 2022,
            "month": 5,
            "avg_high_c": 15.04,
            "avg_low_c": 6.2,
            "total_rain_mm": 191.01,
            "total_rain_in": 7.52
          },
          {
            "year": 2022,
            "month": 6,
            "avg_high_c": 19.96,
            "avg_low_c": 9.78,
            "total_rain_mm": 128.91,
            "total_rain_in": 5.08
          },
          {
            "year": 2022,
            "month": 7,
            "avg_high_c": 25.26,
            "avg_low_c": 12.21,
            "total_rain_mm": 8.52,
            "total_rain_in": 0.34
          },
          {
            "year": 2022,
            "month": 8,
            "avg_high_c": 27.38,
            "avg_low_c": 13.3,
            "total_rain_mm": 1.96,
            "total_rain_in": 0.08
          },
          {
            "year": 2022,
            "month": 9,
            "avg_high_c": 25.27,
            "avg_low_c": 11.26,
            "total_rain_mm": 12.33,
            "total_rain_in": 0.49
          },
          {
            "year": 2022,
            "month": 10,
            "avg_high_c": 21.88,
            "avg_low_c": 8.89,
            "total_rain_mm": 83.79,
            "total_rain_in": 3.3
          },
          {
            "year": 2022,
            "month": 11,
            "avg_high_c": 9.53,
            "avg_low_c": 1.32,
            "total_rain_mm": 209.49,
            "total_rain_in": 8.25
          },
          {
            "year": 2022,
            "month": 12,
            "avg_high_c": 7.23,
            "avg_low_c": 1.41,
            "total_rain_mm": 213.47,
            "total_rain_in": 8.4
          },
          {
            "year": 2023,
            "month": 1,
            "avg_high_c": 8.1,
            "avg_low_c": 2.21,
            "total_rain_mm": 124.27,
            "total_rain_in": 4.89
          },
          {
            "year": 2023,
            "month": 2,
            "avg_high_c": 7.34,
            "avg_low_c": 0.11,
            "total_rain_mm": 126.83,
            "total_rain_in": 4.99
          },
          {
            "year": 2023,
            "month": 3,
            "avg_high_c": 8.74,
            "avg_low_c": 0.78,
            "total_rain_mm": 189.54,
            "total_rain_in": 7.46
          },
          {
            "year": 2023,
            "month": 4,
            "avg_high_c": 12.14,
            "avg_low_c": 3.83,
            "total_rain_mm": 194.6,
            "total_rain_in": 7.66
          },
          {
            "year": 2023,
            "month": 5,
            "avg_high_c": 20.07,
            "avg_low_c": 8.51,
            "total_rain_mm": 27.12,
            "total_rain_in": 1.07
          },
          {
            "year": 2023,
            "month": 6,
            "avg_high_c": 21.75,
            "avg_low_c": 8.84,
            "total_rain_mm": 19.41,
            "total_rain_in": 0.76
          },
          {
            "year": 2023,
            "month": 7,
            "avg_high_c": 26.77,
            "avg_low_c": 11.45,
            "total_rain_mm": 2.08,
            "total_rain_in": 0.08
          },
          {
            "year": 2023,
            "month": 8,
            "avg_high_c": 29.03,
            "avg_low_c": 13.52,
            "total_rain_mm": 21.34,
            "total_rain_in": 0.84
          },
          {
            "year": 2023,
            "month": 9,
            "avg_high_c": 23.57,
            "avg_low_c": 10.75,
            "total_rain_mm": 70.6,
            "total_rain_in": 2.78
          },
          {
            "year": 2023,
            "month": 10,
            "avg_high_c": 18.22,
            "avg_low_c": 7.61,
            "total_rain_mm": 117.2,
            "total_rain_in": 4.61
          },
          {
            "year": 2023,
            "month": 11,
            "avg_high_c": 11.95,
            "avg_low_c": 3.59,
            "total_rain_mm": 187.96,
            "total_rain_in": 7.4
          },
          {
            "year": 2023,
            "month": 12,
            "avg_high_c": 10.68,
            "avg_low_c": 4.45,
            "total_rain_mm": 295.35,
            "total_rain_in": 11.63
          },
          {
            "year": 2024,
            "month": 1,
            "avg_high_c": 8.28,
            "avg_low_c": 2.91,
            "total_rain_mm": 370.12,
            "total_rain_in": 14.57
          },
          {
            "year": 2024,
            "month": 2,
            "avg_high_c": 10.14,
            "avg_low_c": 3.26,
            "total_rain_mm": 200.23,
            "total_rain_in": 7.88
          },
          {
            "year": 2024,
            "month": 3,
            "avg_high_c": 11.51,
            "avg_low_c": 3.24,
            "total_rain_mm": 164.08,
            "total_rain_in": 6.46
          },
          {
            "year": 2024,
            "month": 4,
            "avg_high_c": 14.23,
            "avg_low_c": 4.47,
            "total_rain_mm": 94.88,
            "total_rain_in": 3.74
          },
          {
            "year": 2024,
            "month": 5,
            "avg_high_c": 17.15,
            "avg_low_c": 6.5,
            "total_rain_mm": 118.44,
            "total_rain_in": 4.66
          },
          {
            "year": 2024,
            "month": 6,
            "avg_high_c": 20.38,
            "avg_low_c": 9.29,
            "total_rain_mm": 74.42,
            "total_rain_in": 2.93
          },
          {
            "year": 2024,
            "month": 7,
            "avg_high_c": 27.02,
            "avg_low_c": 12.01,
            "total_rain_mm": 7.22,
            "total_rain_in": 0.28
          },
          {
            "year": 2024,
            "month": 8,
            "avg_high_c": 25.73,
            "avg_low_c": 12.22,
            "total_rain_mm": 22.59,
            "total_rain_in": 0.89
          },
          {
            "year": 2024,
            "month": 9,
            "avg_high_c": 24.48,
            "avg_low_c": 11.29,
            "total_rain_mm": 33.37,
            "total_rain_in": 1.31
          },
          {
            "year": 2024,
            "month": 10,
            "avg_high_c": 18.76,
            "avg_low_c": 7.37,
            "total_rain_mm": 131.82,
            "total_rain_in": 5.19
          },
          {
            "year": 2024,
            "month": 11,
            "avg_high_c": 9.95,
            "avg_low_c": 4.08,
            "total_rain_mm": 284.69,
            "total_rain_in": 11.21
          },
          {
            "year": 2024,
            "month": 12,
            "avg_high_c": 9.31,
            "avg_low_c": 3.22,
            "total_rain_mm": 297.03,
            "total_rain_in": 11.69
          },
          {
            "year": 2025,
            "month": 1,
            "avg_high_c": 7.89,
            "avg_low_c": 0.22,
            "total_rain_mm": 116.9,
            "total_rain_in": 4.6
          },
          {
            "year": 2025,
            "month": 2,
            "avg_high_c": 8.27,
            "avg_low_c": 1.66,
            "total_rain_mm": 206.54,
            "total_rain_in": 8.13
          },
          {
            "year": 2025,
            "month": 3,
            "avg_high_c": 11.38,
            "avg_low_c": 4.41,
            "total_rain_mm": 241.61,
            "total_rain_in": 9.51
          },
          {
            "year": 2025,
            "month": 4,
            "avg_high_c": 15.77,
            "avg_low_c": 4.72,
            "total_rain_mm": 64.12,
            "total_rain_in": 2.52
          },
          {
            "year": 2025,
            "month": 5,
            "avg_high_c": 17.45,
            "avg_low_c": 6.68,
            "total_rain_mm": 52.17,
            "total_rain_in": 2.05
          },
          {
            "year": 2025,
            "month": 6,
            "avg_high_c": 21.6,
            "avg_low_c": 9.69,
            "total_rain_mm": 34.37,
            "total_rain_in": 1.35
          },
          {
            "year": 2025,
            "month": 7,
            "avg_high_c": 26.13,
            "avg_low_c": 11.56,
            "total_rain_mm": 1.41,
            "total_rain_in": 0.06
          },
          {
            "year": 2025,
            "month": 8,
            "avg_high_c": 28.06,
            "avg_low_c": 13.39,
            "total_rain_mm": 20.61,
            "total_rain_in": 0.81
          },
          {
            "year": 2025,
            "month": 9,
            "avg_high_c": 24.77,
            "avg_low_c": 11.37,
            "total_rain_mm": 49.32,
            "total_rain_in": 1.94
          },
          {
            "year": 2025,
            "month": 10,
            "avg_high_c": 15.59,
            "avg_low_c": 6.02,
            "total_rain_mm": 148.04,
            "total_rain_in": 5.83
          },
          {
            "year": 2025,
            "month": 11,
            "avg_high_c": 11.64,
            "avg_low_c": 5.24,
            "total_rain_mm": 176.54,
            "total_rain_in": 6.95
          },
          {
            "year": 2025,
            "month": 12,
            "avg_high_c": 9.99,
            "avg_low_c": 4.33,
            "total_rain_mm": 352.37,
            "total_rain_in": 13.87
          }
        ]
      },
      "geometry": {
        "type": "MultiPolygon",
        "coordinates": [
          [
            [
              [
                -2131231.1000999995,
                2736275.2631
              ],
              [
                -2131239.6230999995,
                2736246.4988
              ],
              [
                -2131022.0544000007,
                2736182.0353999995
              ],
              [
                -2131033.417300001,
                2736143.6827000007
              ],
              [
                -2131089.5331999995,
                2736129.0189999994
              ],
              [
                -2131128.0930000003,
                2736098.724199999
              ],
              [
                -2131168.3763999995,
                2736037.6503999997
              ],
              [
                -2131195.5731000006,
                2736045.7084999997
              ],
              [
                -2131243.1674000006,
                2736059.8105999995
              ],
              [
                -2131263.5648999996,
                2736065.8543999996
              ],
              [
                -2131290.761499999,
                2736073.912900001
              ],
              [
                -2131317.9582,
                2736081.9715
              ],
              [
                -2131326.9913,
                2736126.367900001
              ],
              [
                -2131365.5522000007,
                2736096.0742000006
              ],
              [
                -2131376.9167,
                2736057.7217999995
              ],
              [
                -2131397.314200001,
                2736063.7660000008
              ],
              [
                -2131424.5108000003,
                2736071.8249999993
              ],
              [
                -2131444.9082999993,
                2736077.8693000004
              ],
              [
                -2131492.5023999996,
                2736091.9728999995
              ],
              [
                -2131481.1372999996,
                2736130.325099999
              ],
              [
                -2131433.5435000006,
                2736116.2216
              ],
              [
                -2131422.1786,
                2736154.5738999993
              ],
              [
                -2131449.3749,
                2736162.6328999996
              ],
              [
                -2131440.8511999995,
                2736191.3970999997
              ],
              [
                -2131429.486199999,
                2736229.7491999995
              ],
              [
                -2131402.2902000006,
                2736221.690199999
              ],
              [
                -2131373.3696,
                2736244.4102999996
              ],
              [
                -2131362.0047999993,
                2736282.7623999994
              ],
              [
                -2131334.8090000004,
                2736274.7037000004
              ],
              [
                -2131326.2854999993,
                2736303.4679000005
              ],
              [
                -2131278.6929,
                2736289.3652
              ],
              [
                -2131231.1000999995,
                2736275.2631
              ]
            ]
          ]
        ]
      }
    },
    {
      "type": "Feature",
      "properties": {
        "field_id": "WV_AG_022",
        "lat": 44.80279364382754,
        "lon": -123.3097444886626,
        "area_acres": 11.4834481297121,
        "crop_code": 24,
        "cdl_crop": "Winter Wheat",
        "crop_dominant_pct": 84.0,
        "soil_muname": "Wapato silty clay loam",
        "soil_drainage": "Poorly drained",
        "soil_clay_pct": 31.0,
        "soil_sand_pct": 6.7,
        "soil_silt_pct": 62.3,
        "soil_om_pct": 6.0,
        "soil_ph": 6.2,
        "soil_cec": 25.0,
        "soil_depth_cm": 0.0,
        "weather_monthly": [
          {
            "year": 2020,
            "month": 1,
            "avg_high_c": 8.33,
            "avg_low_c": 3.69,
            "total_rain_mm": 331.66,
            "total_rain_in": 13.06
          },
          {
            "year": 2020,
            "month": 2,
            "avg_high_c": 9.3,
            "avg_low_c": 1.59,
            "total_rain_mm": 119.69,
            "total_rain_in": 4.71
          },
          {
            "year": 2020,
            "month": 3,
            "avg_high_c": 10.58,
            "avg_low_c": 1.93,
            "total_rain_mm": 119.65,
            "total_rain_in": 4.71
          },
          {
            "year": 2020,
            "month": 4,
            "avg_high_c": 15.36,
            "avg_low_c": 4.91,
            "total_rain_mm": 65.25,
            "total_rain_in": 2.57
          },
          {
            "year": 2020,
            "month": 5,
            "avg_high_c": 18.1,
            "avg_low_c": 7.97,
            "total_rain_mm": 129.22,
            "total_rain_in": 5.09
          },
          {
            "year": 2020,
            "month": 6,
            "avg_high_c": 19.57,
            "avg_low_c": 9.34,
            "total_rain_mm": 97.62,
            "total_rain_in": 3.84
          },
          {
            "year": 2020,
            "month": 7,
            "avg_high_c": 24.4,
            "avg_low_c": 11.06,
            "total_rain_mm": 3.63,
            "total_rain_in": 0.14
          },
          {
            "year": 2020,
            "month": 8,
            "avg_high_c": 25.88,
            "avg_low_c": 11.44,
            "total_rain_mm": 5.11,
            "total_rain_in": 0.2
          },
          {
            "year": 2020,
            "month": 9,
            "avg_high_c": 24.8,
            "avg_low_c": 11.76,
            "total_rain_mm": 75.48,
            "total_rain_in": 2.97
          },
          {
            "year": 2020,
            "month": 10,
            "avg_high_c": 17.88,
            "avg_low_c": 7.03,
            "total_rain_mm": 95.76,
            "total_rain_in": 3.77
          },
          {
            "year": 2020,
            "month": 11,
            "avg_high_c": 10.62,
            "avg_low_c": 2.98,
            "total_rain_mm": 245.69,
            "total_rain_in": 9.67
          },
          {
            "year": 2020,
            "month": 12,
            "avg_high_c": 9.56,
            "avg_low_c": 2.24,
            "total_rain_mm": 231.54,
            "total_rain_in": 9.12
          },
          {
            "year": 2021,
            "month": 1,
            "avg_high_c": 8.81,
            "avg_low_c": 2.61,
            "total_rain_mm": 260.36,
            "total_rain_in": 10.25
          },
          {
            "year": 2021,
            "month": 2,
            "avg_high_c": 7.61,
            "avg_low_c": 1.86,
            "total_rain_mm": 215.93,
            "total_rain_in": 8.5
          },
          {
            "year": 2021,
            "month": 3,
            "avg_high_c": 11.05,
            "avg_low_c": 1.47,
            "total_rain_mm": 82.08,
            "total_rain_in": 3.23
          },
          {
            "year": 2021,
            "month": 4,
            "avg_high_c": 16.05,
            "avg_low_c": 3.87,
            "total_rain_mm": 27.34,
            "total_rain_in": 1.08
          },
          {
            "year": 2021,
            "month": 5,
            "avg_high_c": 18.03,
            "avg_low_c": 6.8,
            "total_rain_mm": 47.74,
            "total_rain_in": 1.88
          },
          {
            "year": 2021,
            "month": 6,
            "avg_high_c": 24.25,
            "avg_low_c": 11.1,
            "total_rain_mm": 49.29,
            "total_rain_in": 1.94
          },
          {
            "year": 2021,
            "month": 7,
            "avg_high_c": 27.3,
            "avg_low_c": 11.55,
            "total_rain_mm": 1.83,
            "total_rain_in": 0.07
          },
          {
            "year": 2021,
            "month": 8,
            "avg_high_c": 27.65,
            "avg_low_c": 12.56,
            "total_rain_mm": 2.92,
            "total_rain_in": 0.11
          },
          {
            "year": 2021,
            "month": 9,
            "avg_high_c": 24.55,
            "avg_low_c": 10.43,
            "total_rain_mm": 101.83,
            "total_rain_in": 4.01
          },
          {
            "year": 2021,
            "month": 10,
            "avg_high_c": 15.52,
            "avg_low_c": 6.56,
            "total_rain_mm": 148.73,
            "total_rain_in": 5.86
          },
          {
            "year": 2021,
            "month": 11,
            "avg_high_c": 12.28,
            "avg_low_c": 5.35,
            "total_rain_mm": 250.09,
            "total_rain_in": 9.85
          },
          {
            "year": 2021,
            "month": 12,
            "avg_high_c": 5.61,
            "avg_low_c": 0.97,
            "total_rain_mm": 309.17,
            "total_rain_in": 12.17
          },
          {
            "year": 2022,
            "month": 1,
            "avg_high_c": 9.29,
            "avg_low_c": 1.87,
            "total_rain_mm": 185.19,
            "total_rain_in": 7.29
          },
          {
            "year": 2022,
            "month": 2,
            "avg_high_c": 9.66,
            "avg_low_c": 1.72,
            "total_rain_mm": 98.54,
            "total_rain_in": 3.88
          },
          {
            "year": 2022,
            "month": 3,
            "avg_high_c": 11.99,
            "avg_low_c": 3.83,
            "total_rain_mm": 125.82,
            "total_rain_in": 4.95
          },
          {
            "year": 2022,
            "month": 4,
            "avg_high_c": 11.48,
            "avg_low_c": 2.65,
            "total_rain_mm": 200.52,
            "total_rain_in": 7.89
          },
          {
            "year": 2022,
            "month": 5,
            "avg_high_c": 15.04,
            "avg_low_c": 6.2,
            "total_rain_mm": 191.01,
            "total_rain_in": 7.52
          },
          {
            "year": 2022,
            "month": 6,
            "avg_high_c": 19.96,
            "avg_low_c": 9.78,
            "total_rain_mm": 128.91,
            "total_rain_in": 5.08
          },
          {
            "year": 2022,
            "month": 7,
            "avg_high_c": 25.26,
            "avg_low_c": 12.21,
            "total_rain_mm": 8.52,
            "total_rain_in": 0.34
          },
          {
            "year": 2022,
            "month": 8,
            "avg_high_c": 27.38,
            "avg_low_c": 13.3,
            "total_rain_mm": 1.96,
            "total_rain_in": 0.08
          },
          {
            "year": 2022,
            "month": 9,
            "avg_high_c": 25.27,
            "avg_low_c": 11.26,
            "total_rain_mm": 12.33,
            "total_rain_in": 0.49
          },
          {
            "year": 2022,
            "month": 10,
            "avg_high_c": 21.88,
            "avg_low_c": 8.89,
            "total_rain_mm": 83.79,
            "total_rain_in": 3.3
          },
          {
            "year": 2022,
            "month": 11,
            "avg_high_c": 9.53,
            "avg_low_c": 1.32,
            "total_rain_mm": 209.49,
            "total_rain_in": 8.25
          },
          {
            "year": 2022,
            "month": 12,
            "avg_high_c": 7.23,
            "avg_low_c": 1.41,
            "total_rain_mm": 213.47,
            "total_rain_in": 8.4
          },
          {
            "year": 2023,
            "month": 1,
            "avg_high_c": 8.1,
            "avg_low_c": 2.21,
            "total_rain_mm": 124.27,
            "total_rain_in": 4.89
          },
          {
            "year": 2023,
            "month": 2,
            "avg_high_c": 7.34,
            "avg_low_c": 0.11,
            "total_rain_mm": 126.83,
            "total_rain_in": 4.99
          },
          {
            "year": 2023,
            "month": 3,
            "avg_high_c": 8.74,
            "avg_low_c": 0.78,
            "total_rain_mm": 189.54,
            "total_rain_in": 7.46
          },
          {
            "year": 2023,
            "month": 4,
            "avg_high_c": 12.14,
            "avg_low_c": 3.83,
            "total_rain_mm": 194.6,
            "total_rain_in": 7.66
          },
          {
            "year": 2023,
            "month": 5,
            "avg_high_c": 20.07,
            "avg_low_c": 8.51,
            "total_rain_mm": 27.12,
            "total_rain_in": 1.07
          },
          {
            "year": 2023,
            "month": 6,
            "avg_high_c": 21.75,
            "avg_low_c": 8.84,
            "total_rain_mm": 19.41,
            "total_rain_in": 0.76
          },
          {
            "year": 2023,
            "month": 7,
            "avg_high_c": 26.77,
            "avg_low_c": 11.45,
            "total_rain_mm": 2.08,
            "total_rain_in": 0.08
          },
          {
            "year": 2023,
            "month": 8,
            "avg_high_c": 29.03,
            "avg_low_c": 13.52,
            "total_rain_mm": 21.34,
            "total_rain_in": 0.84
          },
          {
            "year": 2023,
            "month": 9,
            "avg_high_c": 23.57,
            "avg_low_c": 10.75,
            "total_rain_mm": 70.6,
            "total_rain_in": 2.78
          },
          {
            "year": 2023,
            "month": 10,
            "avg_high_c": 18.22,
            "avg_low_c": 7.61,
            "total_rain_mm": 117.2,
            "total_rain_in": 4.61
          },
          {
            "year": 2023,
            "month": 11,
            "avg_high_c": 11.95,
            "avg_low_c": 3.59,
            "total_rain_mm": 187.96,
            "total_rain_in": 7.4
          },
          {
            "year": 2023,
            "month": 12,
            "avg_high_c": 10.68,
            "avg_low_c": 4.45,
            "total_rain_mm": 295.35,
            "total_rain_in": 11.63
          },
          {
            "year": 2024,
            "month": 1,
            "avg_high_c": 8.28,
            "avg_low_c": 2.91,
            "total_rain_mm": 370.12,
            "total_rain_in": 14.57
          },
          {
            "year": 2024,
            "month": 2,
            "avg_high_c": 10.14,
            "avg_low_c": 3.26,
            "total_rain_mm": 200.23,
            "total_rain_in": 7.88
          },
          {
            "year": 2024,
            "month": 3,
            "avg_high_c": 11.51,
            "avg_low_c": 3.24,
            "total_rain_mm": 164.08,
            "total_rain_in": 6.46
          },
          {
            "year": 2024,
            "month": 4,
            "avg_high_c": 14.23,
            "avg_low_c": 4.47,
            "total_rain_mm": 94.88,
            "total_rain_in": 3.74
          },
          {
            "year": 2024,
            "month": 5,
            "avg_high_c": 17.15,
            "avg_low_c": 6.5,
            "total_rain_mm": 118.44,
            "total_rain_in": 4.66
          },
          {
            "year": 2024,
            "month": 6,
            "avg_high_c": 20.38,
            "avg_low_c": 9.29,
            "total_rain_mm": 74.42,
            "total_rain_in": 2.93
          },
          {
            "year": 2024,
            "month": 7,
            "avg_high_c": 27.02,
            "avg_low_c": 12.01,
            "total_rain_mm": 7.22,
            "total_rain_in": 0.28
          },
          {
            "year": 2024,
            "month": 8,
            "avg_high_c": 25.73,
            "avg_low_c": 12.22,
            "total_rain_mm": 22.59,
            "total_rain_in": 0.89
          },
          {
            "year": 2024,
            "month": 9,
            "avg_high_c": 24.48,
            "avg_low_c": 11.29,
            "total_rain_mm": 33.37,
            "total_rain_in": 1.31
          },
          {
            "year": 2024,
            "month": 10,
            "avg_high_c": 18.76,
            "avg_low_c": 7.37,
            "total_rain_mm": 131.82,
            "total_rain_in": 5.19
          },
          {
            "year": 2024,
            "month": 11,
            "avg_high_c": 9.95,
            "avg_low_c": 4.08,
            "total_rain_mm": 284.69,
            "total_rain_in": 11.21
          },
          {
            "year": 2024,
            "month": 12,
            "avg_high_c": 9.31,
            "avg_low_c": 3.22,
            "total_rain_mm": 297.03,
            "total_rain_in": 11.69
          },
          {
            "year": 2025,
            "month": 1,
            "avg_high_c": 7.89,
            "avg_low_c": 0.22,
            "total_rain_mm": 116.9,
            "total_rain_in": 4.6
          },
          {
            "year": 2025,
            "month": 2,
            "avg_high_c": 8.27,
            "avg_low_c": 1.66,
            "total_rain_mm": 206.54,
            "total_rain_in": 8.13
          },
          {
            "year": 2025,
            "month": 3,
            "avg_high_c": 11.38,
            "avg_low_c": 4.41,
            "total_rain_mm": 241.61,
            "total_rain_in": 9.51
          },
          {
            "year": 2025,
            "month": 4,
            "avg_high_c": 15.77,
            "avg_low_c": 4.72,
            "total_rain_mm": 64.12,
            "total_rain_in": 2.52
          },
          {
            "year": 2025,
            "month": 5,
            "avg_high_c": 17.45,
            "avg_low_c": 6.68,
            "total_rain_mm": 52.17,
            "total_rain_in": 2.05
          },
          {
            "year": 2025,
            "month": 6,
            "avg_high_c": 21.6,
            "avg_low_c": 9.69,
            "total_rain_mm": 34.37,
            "total_rain_in": 1.35
          },
          {
            "year": 2025,
            "month": 7,
            "avg_high_c": 26.13,
            "avg_low_c": 11.56,
            "total_rain_mm": 1.41,
            "total_rain_in": 0.06
          },
          {
            "year": 2025,
            "month": 8,
            "avg_high_c": 28.06,
            "avg_low_c": 13.39,
            "total_rain_mm": 20.61,
            "total_rain_in": 0.81
          },
          {
            "year": 2025,
            "month": 9,
            "avg_high_c": 24.77,
            "avg_low_c": 11.37,
            "total_rain_mm": 49.32,
            "total_rain_in": 1.94
          },
          {
            "year": 2025,
            "month": 10,
            "avg_high_c": 15.59,
            "avg_low_c": 6.02,
            "total_rain_mm": 148.04,
            "total_rain_in": 5.83
          },
          {
            "year": 2025,
            "month": 11,
            "avg_high_c": 11.64,
            "avg_low_c": 5.24,
            "total_rain_mm": 176.54,
            "total_rain_in": 6.95
          },
          {
            "year": 2025,
            "month": 12,
            "avg_high_c": 9.99,
            "avg_low_c": 4.33,
            "total_rain_mm": 352.37,
            "total_rain_in": 13.87
          }
        ]
      },
      "geometry": {
        "type": "MultiPolygon",
        "coordinates": [
          [
            [
              [
                -2127237.3100000005,
                2731599.5922999997
              ],
              [
                -2127189.6862000003,
                2731585.5171000008
              ],
              [
                -2127181.182600001,
                2731614.2892000005
              ],
              [
                -2127133.5589000005,
                2731600.2139999997
              ],
              [
                -2127142.0624,
                2731571.4418
              ],
              [
                -2127094.4384000003,
                2731557.3671000004
              ],
              [
                -2127046.8144000005,
                2731543.2926000003
              ],
              [
                -2127019.6006000005,
                2731535.2501
              ],
              [
                -2126971.976399999,
                2731521.1761000007
              ],
              [
                -2126991.8161999993,
                2731454.0405
              ],
              [
                -2127019.0303000007,
                2731462.0829000007
              ],
              [
                -2127039.4408,
                2731468.1147000007
              ],
              [
                -2127087.0654000007,
                2731482.1888999995
              ],
              [
                -2127098.403000001,
                2731443.8259999994
              ],
              [
                -2127173.241699999,
                2731465.9438000005
              ],
              [
                -2127181.7452000007,
                2731437.1714999992
              ],
              [
                -2127229.369999999,
                2731451.2469999995
              ],
              [
                -2127220.8663,
                2731480.019099999
              ],
              [
                -2127390.9532999992,
                2731530.2907999996
              ],
              [
                -2127371.1097999997,
                2731597.4253000002
              ],
              [
                -2127359.7707,
                2731635.7880000006
              ],
              [
                -2127351.2664,
                2731664.5599000007
              ],
              [
                -2127256.0196,
                2731636.4078
              ],
              [
                -2127264.523499999,
                2731607.6358000003
              ],
              [
                -2127237.3100000005,
                2731599.5922999997
              ]
            ]
          ]
        ]
      }
    },
    {
      "type": "Feature",
      "properties": {
        "field_id": "WV_AG_023",
        "lat": 45.005536807474726,
        "lon": -122.95296305922834,
        "area_acres": 21.1487849023389,
        "crop_code": 24,
        "cdl_crop": "Winter Wheat",
        "crop_dominant_pct": 78.4,
        "soil_muname": "Woodburn silt loam, 0 to 3 percent slopes",
        "soil_drainage": "Moderately well drained",
        "soil_clay_pct": 15.0,
        "soil_sand_pct": 14.0,
        "soil_silt_pct": 71.0,
        "soil_om_pct": 4.0,
        "soil_ph": 6.1,
        "soil_cec": 15.0,
        "soil_depth_cm": 0.0,
        "weather_monthly": [
          {
            "year": 2020,
            "month": 1,
            "avg_high_c": 8.33,
            "avg_low_c": 3.69,
            "total_rain_mm": 331.66,
            "total_rain_in": 13.06
          },
          {
            "year": 2020,
            "month": 2,
            "avg_high_c": 9.3,
            "avg_low_c": 1.59,
            "total_rain_mm": 119.69,
            "total_rain_in": 4.71
          },
          {
            "year": 2020,
            "month": 3,
            "avg_high_c": 10.58,
            "avg_low_c": 1.93,
            "total_rain_mm": 119.65,
            "total_rain_in": 4.71
          },
          {
            "year": 2020,
            "month": 4,
            "avg_high_c": 15.36,
            "avg_low_c": 4.91,
            "total_rain_mm": 65.25,
            "total_rain_in": 2.57
          },
          {
            "year": 2020,
            "month": 5,
            "avg_high_c": 18.1,
            "avg_low_c": 7.97,
            "total_rain_mm": 129.22,
            "total_rain_in": 5.09
          },
          {
            "year": 2020,
            "month": 6,
            "avg_high_c": 19.57,
            "avg_low_c": 9.34,
            "total_rain_mm": 97.62,
            "total_rain_in": 3.84
          },
          {
            "year": 2020,
            "month": 7,
            "avg_high_c": 24.4,
            "avg_low_c": 11.06,
            "total_rain_mm": 3.63,
            "total_rain_in": 0.14
          },
          {
            "year": 2020,
            "month": 8,
            "avg_high_c": 25.88,
            "avg_low_c": 11.44,
            "total_rain_mm": 5.11,
            "total_rain_in": 0.2
          },
          {
            "year": 2020,
            "month": 9,
            "avg_high_c": 24.8,
            "avg_low_c": 11.76,
            "total_rain_mm": 75.48,
            "total_rain_in": 2.97
          },
          {
            "year": 2020,
            "month": 10,
            "avg_high_c": 17.88,
            "avg_low_c": 7.03,
            "total_rain_mm": 95.76,
            "total_rain_in": 3.77
          },
          {
            "year": 2020,
            "month": 11,
            "avg_high_c": 10.62,
            "avg_low_c": 2.98,
            "total_rain_mm": 245.69,
            "total_rain_in": 9.67
          },
          {
            "year": 2020,
            "month": 12,
            "avg_high_c": 9.56,
            "avg_low_c": 2.24,
            "total_rain_mm": 231.54,
            "total_rain_in": 9.12
          },
          {
            "year": 2021,
            "month": 1,
            "avg_high_c": 8.81,
            "avg_low_c": 2.61,
            "total_rain_mm": 260.36,
            "total_rain_in": 10.25
          },
          {
            "year": 2021,
            "month": 2,
            "avg_high_c": 7.61,
            "avg_low_c": 1.86,
            "total_rain_mm": 215.93,
            "total_rain_in": 8.5
          },
          {
            "year": 2021,
            "month": 3,
            "avg_high_c": 11.05,
            "avg_low_c": 1.47,
            "total_rain_mm": 82.08,
            "total_rain_in": 3.23
          },
          {
            "year": 2021,
            "month": 4,
            "avg_high_c": 16.05,
            "avg_low_c": 3.87,
            "total_rain_mm": 27.34,
            "total_rain_in": 1.08
          },
          {
            "year": 2021,
            "month": 5,
            "avg_high_c": 18.03,
            "avg_low_c": 6.8,
            "total_rain_mm": 47.74,
            "total_rain_in": 1.88
          },
          {
            "year": 2021,
            "month": 6,
            "avg_high_c": 24.25,
            "avg_low_c": 11.1,
            "total_rain_mm": 49.29,
            "total_rain_in": 1.94
          },
          {
            "year": 2021,
            "month": 7,
            "avg_high_c": 27.3,
            "avg_low_c": 11.55,
            "total_rain_mm": 1.83,
            "total_rain_in": 0.07
          },
          {
            "year": 2021,
            "month": 8,
            "avg_high_c": 27.65,
            "avg_low_c": 12.56,
            "total_rain_mm": 2.92,
            "total_rain_in": 0.11
          },
          {
            "year": 2021,
            "month": 9,
            "avg_high_c": 24.55,
            "avg_low_c": 10.43,
            "total_rain_mm": 101.83,
            "total_rain_in": 4.01
          },
          {
            "year": 2021,
            "month": 10,
            "avg_high_c": 15.52,
            "avg_low_c": 6.56,
            "total_rain_mm": 148.73,
            "total_rain_in": 5.86
          },
          {
            "year": 2021,
            "month": 11,
            "avg_high_c": 12.28,
            "avg_low_c": 5.35,
            "total_rain_mm": 250.09,
            "total_rain_in": 9.85
          },
          {
            "year": 2021,
            "month": 12,
            "avg_high_c": 5.61,
            "avg_low_c": 0.97,
            "total_rain_mm": 309.17,
            "total_rain_in": 12.17
          },
          {
            "year": 2022,
            "month": 1,
            "avg_high_c": 9.29,
            "avg_low_c": 1.87,
            "total_rain_mm": 185.19,
            "total_rain_in": 7.29
          },
          {
            "year": 2022,
            "month": 2,
            "avg_high_c": 9.66,
            "avg_low_c": 1.72,
            "total_rain_mm": 98.54,
            "total_rain_in": 3.88
          },
          {
            "year": 2022,
            "month": 3,
            "avg_high_c": 11.99,
            "avg_low_c": 3.83,
            "total_rain_mm": 125.82,
            "total_rain_in": 4.95
          },
          {
            "year": 2022,
            "month": 4,
            "avg_high_c": 11.48,
            "avg_low_c": 2.65,
            "total_rain_mm": 200.52,
            "total_rain_in": 7.89
          },
          {
            "year": 2022,
            "month": 5,
            "avg_high_c": 15.04,
            "avg_low_c": 6.2,
            "total_rain_mm": 191.01,
            "total_rain_in": 7.52
          },
          {
            "year": 2022,
            "month": 6,
            "avg_high_c": 19.96,
            "avg_low_c": 9.78,
            "total_rain_mm": 128.91,
            "total_rain_in": 5.08
          },
          {
            "year": 2022,
            "month": 7,
            "avg_high_c": 25.26,
            "avg_low_c": 12.21,
            "total_rain_mm": 8.52,
            "total_rain_in": 0.34
          },
          {
            "year": 2022,
            "month": 8,
            "avg_high_c": 27.38,
            "avg_low_c": 13.3,
            "total_rain_mm": 1.96,
            "total_rain_in": 0.08
          },
          {
            "year": 2022,
            "month": 9,
            "avg_high_c": 25.27,
            "avg_low_c": 11.26,
            "total_rain_mm": 12.33,
            "total_rain_in": 0.49
          },
          {
            "year": 2022,
            "month": 10,
            "avg_high_c": 21.88,
            "avg_low_c": 8.89,
            "total_rain_mm": 83.79,
            "total_rain_in": 3.3
          },
          {
            "year": 2022,
            "month": 11,
            "avg_high_c": 9.53,
            "avg_low_c": 1.32,
            "total_rain_mm": 209.49,
            "total_rain_in": 8.25
          },
          {
            "year": 2022,
            "month": 12,
            "avg_high_c": 7.23,
            "avg_low_c": 1.41,
            "total_rain_mm": 213.47,
            "total_rain_in": 8.4
          },
          {
            "year": 2023,
            "month": 1,
            "avg_high_c": 8.1,
            "avg_low_c": 2.21,
            "total_rain_mm": 124.27,
            "total_rain_in": 4.89
          },
          {
            "year": 2023,
            "month": 2,
            "avg_high_c": 7.34,
            "avg_low_c": 0.11,
            "total_rain_mm": 126.83,
            "total_rain_in": 4.99
          },
          {
            "year": 2023,
            "month": 3,
            "avg_high_c": 8.74,
            "avg_low_c": 0.78,
            "total_rain_mm": 189.54,
            "total_rain_in": 7.46
          },
          {
            "year": 2023,
            "month": 4,
            "avg_high_c": 12.14,
            "avg_low_c": 3.83,
            "total_rain_mm": 194.6,
            "total_rain_in": 7.66
          },
          {
            "year": 2023,
            "month": 5,
            "avg_high_c": 20.07,
            "avg_low_c": 8.51,
            "total_rain_mm": 27.12,
            "total_rain_in": 1.07
          },
          {
            "year": 2023,
            "month": 6,
            "avg_high_c": 21.75,
            "avg_low_c": 8.84,
            "total_rain_mm": 19.41,
            "total_rain_in": 0.76
          },
          {
            "year": 2023,
            "month": 7,
            "avg_high_c": 26.77,
            "avg_low_c": 11.45,
            "total_rain_mm": 2.08,
            "total_rain_in": 0.08
          },
          {
            "year": 2023,
            "month": 8,
            "avg_high_c": 29.03,
            "avg_low_c": 13.52,
            "total_rain_mm": 21.34,
            "total_rain_in": 0.84
          },
          {
            "year": 2023,
            "month": 9,
            "avg_high_c": 23.57,
            "avg_low_c": 10.75,
            "total_rain_mm": 70.6,
            "total_rain_in": 2.78
          },
          {
            "year": 2023,
            "month": 10,
            "avg_high_c": 18.22,
            "avg_low_c": 7.61,
            "total_rain_mm": 117.2,
            "total_rain_in": 4.61
          },
          {
            "year": 2023,
            "month": 11,
            "avg_high_c": 11.95,
            "avg_low_c": 3.59,
            "total_rain_mm": 187.96,
            "total_rain_in": 7.4
          },
          {
            "year": 2023,
            "month": 12,
            "avg_high_c": 10.68,
            "avg_low_c": 4.45,
            "total_rain_mm": 295.35,
            "total_rain_in": 11.63
          },
          {
            "year": 2024,
            "month": 1,
            "avg_high_c": 8.28,
            "avg_low_c": 2.91,
            "total_rain_mm": 370.12,
            "total_rain_in": 14.57
          },
          {
            "year": 2024,
            "month": 2,
            "avg_high_c": 10.14,
            "avg_low_c": 3.26,
            "total_rain_mm": 200.23,
            "total_rain_in": 7.88
          },
          {
            "year": 2024,
            "month": 3,
            "avg_high_c": 11.51,
            "avg_low_c": 3.24,
            "total_rain_mm": 164.08,
            "total_rain_in": 6.46
          },
          {
            "year": 2024,
            "month": 4,
            "avg_high_c": 14.23,
            "avg_low_c": 4.47,
            "total_rain_mm": 94.88,
            "total_rain_in": 3.74
          },
          {
            "year": 2024,
            "month": 5,
            "avg_high_c": 17.15,
            "avg_low_c": 6.5,
            "total_rain_mm": 118.44,
            "total_rain_in": 4.66
          },
          {
            "year": 2024,
            "month": 6,
            "avg_high_c": 20.38,
            "avg_low_c": 9.29,
            "total_rain_mm": 74.42,
            "total_rain_in": 2.93
          },
          {
            "year": 2024,
            "month": 7,
            "avg_high_c": 27.02,
            "avg_low_c": 12.01,
            "total_rain_mm": 7.22,
            "total_rain_in": 0.28
          },
          {
            "year": 2024,
            "month": 8,
            "avg_high_c": 25.73,
            "avg_low_c": 12.22,
            "total_rain_mm": 22.59,
            "total_rain_in": 0.89
          },
          {
            "year": 2024,
            "month": 9,
            "avg_high_c": 24.48,
            "avg_low_c": 11.29,
            "total_rain_mm": 33.37,
            "total_rain_in": 1.31
          },
          {
            "year": 2024,
            "month": 10,
            "avg_high_c": 18.76,
            "avg_low_c": 7.37,
            "total_rain_mm": 131.82,
            "total_rain_in": 5.19
          },
          {
            "year": 2024,
            "month": 11,
            "avg_high_c": 9.95,
            "avg_low_c": 4.08,
            "total_rain_mm": 284.69,
            "total_rain_in": 11.21
          },
          {
            "year": 2024,
            "month": 12,
            "avg_high_c": 9.31,
            "avg_low_c": 3.22,
            "total_rain_mm": 297.03,
            "total_rain_in": 11.69
          },
          {
            "year": 2025,
            "month": 1,
            "avg_high_c": 7.89,
            "avg_low_c": 0.22,
            "total_rain_mm": 116.9,
            "total_rain_in": 4.6
          },
          {
            "year": 2025,
            "month": 2,
            "avg_high_c": 8.27,
            "avg_low_c": 1.66,
            "total_rain_mm": 206.54,
            "total_rain_in": 8.13
          },
          {
            "year": 2025,
            "month": 3,
            "avg_high_c": 11.38,
            "avg_low_c": 4.41,
            "total_rain_mm": 241.61,
            "total_rain_in": 9.51
          },
          {
            "year": 2025,
            "month": 4,
            "avg_high_c": 15.77,
            "avg_low_c": 4.72,
            "total_rain_mm": 64.12,
            "total_rain_in": 2.52
          },
          {
            "year": 2025,
            "month": 5,
            "avg_high_c": 17.45,
            "avg_low_c": 6.68,
            "total_rain_mm": 52.17,
            "total_rain_in": 2.05
          },
          {
            "year": 2025,
            "month": 6,
            "avg_high_c": 21.6,
            "avg_low_c": 9.69,
            "total_rain_mm": 34.37,
            "total_rain_in": 1.35
          },
          {
            "year": 2025,
            "month": 7,
            "avg_high_c": 26.13,
            "avg_low_c": 11.56,
            "total_rain_mm": 1.41,
            "total_rain_in": 0.06
          },
          {
            "year": 2025,
            "month": 8,
            "avg_high_c": 28.06,
            "avg_low_c": 13.39,
            "total_rain_mm": 20.61,
            "total_rain_in": 0.81
          },
          {
            "year": 2025,
            "month": 9,
            "avg_high_c": 24.77,
            "avg_low_c": 11.37,
            "total_rain_mm": 49.32,
            "total_rain_in": 1.94
          },
          {
            "year": 2025,
            "month": 10,
            "avg_high_c": 15.59,
            "avg_low_c": 6.02,
            "total_rain_mm": 148.04,
            "total_rain_in": 5.83
          },
          {
            "year": 2025,
            "month": 11,
            "avg_high_c": 11.64,
            "avg_low_c": 5.24,
            "total_rain_mm": 176.54,
            "total_rain_in": 6.95
          },
          {
            "year": 2025,
            "month": 12,
            "avg_high_c": 9.99,
            "avg_low_c": 4.33,
            "total_rain_mm": 352.37,
            "total_rain_in": 13.87
          }
        ]
      },
      "geometry": {
        "type": "MultiPolygon",
        "coordinates": [
          [
            [
              [
                -2093790.7676,
                2745142.2773
              ],
              [
                -2093838.3016,
                2745156.1317
              ],
              [
                -2093858.6733999997,
                2745162.0694999993
              ],
              [
                -2093933.3695,
                2745183.841600001
              ],
              [
                -2093953.7411000002,
                2745189.7796
              ],
              [
                -2094028.4370000008,
                2745211.5527
              ],
              [
                -2094048.8084999993,
                2745217.4910000004
              ],
              [
                -2094096.3421,
                2745231.3472000007
              ],
              [
                -2094090.7470999993,
                2745250.5406
              ],
              [
                -2094117.909,
                2745258.4585999995
              ],
              [
                -2094098.326199999,
                2745325.6356000006
              ],
              [
                -2094071.1645,
                2745317.717700001
              ],
              [
                -2094050.793299999,
                2745311.7794000003
              ],
              [
                -2094031.2108999994,
                2745378.9563999996
              ],
              [
                -2094051.5820000004,
                2745384.8947
              ],
              [
                -2094040.392000001,
                2745423.2815000005
              ],
              [
                -2094011.6285999995,
                2745446.1334000006
              ],
              [
                -2093984.4673999995,
                2745438.2158000004
              ],
              [
                -2093924.9562999997,
                2745389.632200001
              ],
              [
                -2093936.1457000002,
                2745351.2453000005
              ],
              [
                -2093861.4513000008,
                2745329.473099999
              ],
              [
                -2093850.2622999996,
                2745367.860200001
              ],
              [
                -2093877.423800001,
                2745375.7772000004
              ],
              [
                -2093869.0318999998,
                2745404.567500001
              ],
              [
                -2093773.9670000002,
                2745376.8585
              ],
              [
                -2093782.3584000003,
                2745348.0681
              ],
              [
                -2093680.5022999998,
                2745318.381100001
              ],
              [
                -2093671.3190000001,
                2745274.056500001
              ],
              [
                -2093644.1571999993,
                2745266.1403
              ],
              [
                -2093623.7857000008,
                2745260.2031999994
              ],
              [
                -2093605.0144999996,
                2745223.4964000005
              ],
              [
                -2093537.1093000006,
                2745203.706700001
              ],
              [
                -2093548.2964999992,
                2745165.319
              ],
              [
                -2093527.9247999992,
                2745159.382099999
              ],
              [
                -2093536.3151999991,
                2745130.5912999995
              ],
              [
                -2093567.8741999995,
                2745098.1404999997
              ],
              [
                -2093635.7804000005,
                2745117.9305000007
              ],
              [
                -2093624.5928000007,
                2745156.3181999996
              ],
              [
                -2093643.3642999995,
                2745193.0250000004
              ],
              [
                -2093690.898,
                2745206.8784999996
              ],
              [
                -2093711.2696000002,
                2745212.8158
              ],
              [
                -2093738.4316000007,
                2745220.7323000003
              ],
              [
                -2093773.9849999994,
                2745199.8584000003
              ],
              [
                -2093790.7676,
                2745142.2773
              ]
            ],
            [
              [
                -2093765.5936999992,
                2745228.6489000004
              ],
              [
                -2093746.0140000004,
                2745295.8267
              ],
              [
                -2093766.3852999993,
                2745301.7642
              ],
              [
                -2093774.7766999993,
                2745272.9737
              ],
              [
                -2093822.3099000007,
                2745286.8280999996
              ],
              [
                -2093833.4986000005,
                2745248.4408
              ],
              [
                -2093765.5936999992,
                2745228.6489000004
              ]
            ]
          ]
        ]
      }
    },
    {
      "type": "Feature",
      "properties": {
        "field_id": "WV_AG_024",
        "lat": 44.228312943612494,
        "lon": -123.1649493956602,
        "area_acres": 12.5162502889781,
        "crop_code": 24,
        "cdl_crop": "Winter Wheat",
        "crop_dominant_pct": 98.2,
        "soil_muname": "Newberg fine sandy loam",
        "soil_drainage": "Well drained",
        "soil_clay_pct": 11.0,
        "soil_sand_pct": 62.8,
        "soil_silt_pct": 26.2,
        "soil_om_pct": 3.0,
        "soil_ph": 6.1,
        "soil_cec": 20.0,
        "soil_depth_cm": 0.0,
        "weather_monthly": [
          {
            "year": 2020,
            "month": 1,
            "avg_high_c": 7.66,
            "avg_low_c": 3.21,
            "total_rain_mm": 280.71,
            "total_rain_in": 11.05
          },
          {
            "year": 2020,
            "month": 2,
            "avg_high_c": 9.12,
            "avg_low_c": 0.7,
            "total_rain_mm": 88.78,
            "total_rain_in": 3.5
          },
          {
            "year": 2020,
            "month": 3,
            "avg_high_c": 10.54,
            "avg_low_c": 1.58,
            "total_rain_mm": 108.69,
            "total_rain_in": 4.28
          },
          {
            "year": 2020,
            "month": 4,
            "avg_high_c": 15.02,
            "avg_low_c": 4.71,
            "total_rain_mm": 73.03,
            "total_rain_in": 2.88
          },
          {
            "year": 2020,
            "month": 5,
            "avg_high_c": 17.39,
            "avg_low_c": 7.19,
            "total_rain_mm": 120.67,
            "total_rain_in": 4.75
          },
          {
            "year": 2020,
            "month": 6,
            "avg_high_c": 19.11,
            "avg_low_c": 9.05,
            "total_rain_mm": 70.28,
            "total_rain_in": 2.77
          },
          {
            "year": 2020,
            "month": 7,
            "avg_high_c": 23.77,
            "avg_low_c": 11.01,
            "total_rain_mm": 1.23,
            "total_rain_in": 0.05
          },
          {
            "year": 2020,
            "month": 8,
            "avg_high_c": 26.66,
            "avg_low_c": 10.99,
            "total_rain_mm": 2.32,
            "total_rain_in": 0.09
          },
          {
            "year": 2020,
            "month": 9,
            "avg_high_c": 26.07,
            "avg_low_c": 11.71,
            "total_rain_mm": 58.73,
            "total_rain_in": 2.31
          },
          {
            "year": 2020,
            "month": 10,
            "avg_high_c": 19.05,
            "avg_low_c": 7.03,
            "total_rain_mm": 64.71,
            "total_rain_in": 2.55
          },
          {
            "year": 2020,
            "month": 11,
            "avg_high_c": 10.65,
            "avg_low_c": 2.51,
            "total_rain_mm": 204.9,
            "total_rain_in": 8.07
          },
          {
            "year": 2020,
            "month": 12,
            "avg_high_c": 9.4,
            "avg_low_c": 1.62,
            "total_rain_mm": 187.39,
            "total_rain_in": 7.38
          },
          {
            "year": 2021,
            "month": 1,
            "avg_high_c": 8.67,
            "avg_low_c": 2.37,
            "total_rain_mm": 184.79,
            "total_rain_in": 7.28
          },
          {
            "year": 2021,
            "month": 2,
            "avg_high_c": 7.16,
            "avg_low_c": 1.66,
            "total_rain_mm": 163.15,
            "total_rain_in": 6.42
          },
          {
            "year": 2021,
            "month": 3,
            "avg_high_c": 10.78,
            "avg_low_c": 1.09,
            "total_rain_mm": 68.13,
            "total_rain_in": 2.68
          },
          {
            "year": 2021,
            "month": 4,
            "avg_high_c": 15.69,
            "avg_low_c": 3.28,
            "total_rain_mm": 17.85,
            "total_rain_in": 0.7
          },
          {
            "year": 2021,
            "month": 5,
            "avg_high_c": 16.96,
            "avg_low_c": 6.41,
            "total_rain_mm": 33.24,
            "total_rain_in": 1.31
          },
          {
            "year": 2021,
            "month": 6,
            "avg_high_c": 23.28,
            "avg_low_c": 10.71,
            "total_rain_mm": 33.37,
            "total_rain_in": 1.31
          },
          {
            "year": 2021,
            "month": 7,
            "avg_high_c": 27.7,
            "avg_low_c": 11.54,
            "total_rain_mm": 1.42,
            "total_rain_in": 0.06
          },
          {
            "year": 2021,
            "month": 8,
            "avg_high_c": 27.84,
            "avg_low_c": 12.16,
            "total_rain_mm": 1.11,
            "total_rain_in": 0.04
          },
          {
            "year": 2021,
            "month": 9,
            "avg_high_c": 25.0,
            "avg_low_c": 9.64,
            "total_rain_mm": 82.72,
            "total_rain_in": 3.26
          },
          {
            "year": 2021,
            "month": 10,
            "avg_high_c": 16.05,
            "avg_low_c": 6.61,
            "total_rain_mm": 104.65,
            "total_rain_in": 4.12
          },
          {
            "year": 2021,
            "month": 11,
            "avg_high_c": 12.26,
            "avg_low_c": 4.72,
            "total_rain_mm": 156.92,
            "total_rain_in": 6.18
          },
          {
            "year": 2021,
            "month": 12,
            "avg_high_c": 5.99,
            "avg_low_c": 1.66,
            "total_rain_mm": 254.46,
            "total_rain_in": 10.02
          },
          {
            "year": 2022,
            "month": 1,
            "avg_high_c": 10.25,
            "avg_low_c": 1.58,
            "total_rain_mm": 140.49,
            "total_rain_in": 5.53
          },
          {
            "year": 2022,
            "month": 2,
            "avg_high_c": 10.43,
            "avg_low_c": 1.5,
            "total_rain_mm": 44.88,
            "total_rain_in": 1.77
          },
          {
            "year": 2022,
            "month": 3,
            "avg_high_c": 11.97,
            "avg_low_c": 3.41,
            "total_rain_mm": 100.24,
            "total_rain_in": 3.95
          },
          {
            "year": 2022,
            "month": 4,
            "avg_high_c": 11.32,
            "avg_low_c": 2.64,
            "total_rain_mm": 161.54,
            "total_rain_in": 6.36
          },
          {
            "year": 2022,
            "month": 5,
            "avg_high_c": 14.57,
            "avg_low_c": 5.9,
            "total_rain_mm": 174.98,
            "total_rain_in": 6.89
          },
          {
            "year": 2022,
            "month": 6,
            "avg_high_c": 19.98,
            "avg_low_c": 9.33,
            "total_rain_mm": 99.4,
            "total_rain_in": 3.91
          },
          {
            "year": 2022,
            "month": 7,
            "avg_high_c": 24.74,
            "avg_low_c": 12.38,
            "total_rain_mm": 7.74,
            "total_rain_in": 0.3
          },
          {
            "year": 2022,
            "month": 8,
            "avg_high_c": 26.85,
            "avg_low_c": 12.9,
            "total_rain_mm": 1.93,
            "total_rain_in": 0.08
          },
          {
            "year": 2022,
            "month": 9,
            "avg_high_c": 25.2,
            "avg_low_c": 10.87,
            "total_rain_mm": 8.62,
            "total_rain_in": 0.34
          },
          {
            "year": 2022,
            "month": 10,
            "avg_high_c": 21.99,
            "avg_low_c": 8.89,
            "total_rain_mm": 57.5,
            "total_rain_in": 2.26
          },
          {
            "year": 2022,
            "month": 11,
            "avg_high_c": 9.82,
            "avg_low_c": 0.86,
            "total_rain_mm": 160.98,
            "total_rain_in": 6.34
          },
          {
            "year": 2022,
            "month": 12,
            "avg_high_c": 7.61,
            "avg_low_c": 1.27,
            "total_rain_mm": 173.4,
            "total_rain_in": 6.83
          },
          {
            "year": 2023,
            "month": 1,
            "avg_high_c": 7.82,
            "avg_low_c": 1.42,
            "total_rain_mm": 94.49,
            "total_rain_in": 3.72
          },
          {
            "year": 2023,
            "month": 2,
            "avg_high_c": 7.78,
            "avg_low_c": -0.04,
            "total_rain_mm": 112.98,
            "total_rain_in": 4.45
          },
          {
            "year": 2023,
            "month": 3,
            "avg_high_c": 7.61,
            "avg_low_c": -0.22,
            "total_rain_mm": 193.63,
            "total_rain_in": 7.62
          },
          {
            "year": 2023,
            "month": 4,
            "avg_high_c": 11.76,
            "avg_low_c": 3.48,
            "total_rain_mm": 155.44,
            "total_rain_in": 6.12
          },
          {
            "year": 2023,
            "month": 5,
            "avg_high_c": 19.43,
            "avg_low_c": 8.12,
            "total_rain_mm": 27.62,
            "total_rain_in": 1.09
          },
          {
            "year": 2023,
            "month": 6,
            "avg_high_c": 21.13,
            "avg_low_c": 8.79,
            "total_rain_mm": 13.29,
            "total_rain_in": 0.52
          },
          {
            "year": 2023,
            "month": 7,
            "avg_high_c": 26.83,
            "avg_low_c": 11.23,
            "total_rain_mm": 0.8,
            "total_rain_in": 0.03
          },
          {
            "year": 2023,
            "month": 8,
            "avg_high_c": 29.16,
            "avg_low_c": 12.95,
            "total_rain_mm": 13.99,
            "total_rain_in": 0.55
          },
          {
            "year": 2023,
            "month": 9,
            "avg_high_c": 24.05,
            "avg_low_c": 10.15,
            "total_rain_mm": 56.6,
            "total_rain_in": 2.23
          },
          {
            "year": 2023,
            "month": 10,
            "avg_high_c": 18.3,
            "avg_low_c": 7.1,
            "total_rain_mm": 106.79,
            "total_rain_in": 4.2
          },
          {
            "year": 2023,
            "month": 11,
            "avg_high_c": 12.28,
            "avg_low_c": 3.5,
            "total_rain_mm": 139.45,
            "total_rain_in": 5.49
          },
          {
            "year": 2023,
            "month": 12,
            "avg_high_c": 10.7,
            "avg_low_c": 4.32,
            "total_rain_mm": 245.67,
            "total_rain_in": 9.67
          },
          {
            "year": 2024,
            "month": 1,
            "avg_high_c": 9.33,
            "avg_low_c": 4.32,
            "total_rain_mm": 351.31,
            "total_rain_in": 13.83
          },
          {
            "year": 2024,
            "month": 2,
            "avg_high_c": 9.73,
            "avg_low_c": 3.04,
            "total_rain_mm": 178.71,
            "total_rain_in": 7.04
          },
          {
            "year": 2024,
            "month": 3,
            "avg_high_c": 10.96,
            "avg_low_c": 2.61,
            "total_rain_mm": 164.28,
            "total_rain_in": 6.47
          },
          {
            "year": 2024,
            "month": 4,
            "avg_high_c": 13.62,
            "avg_low_c": 4.03,
            "total_rain_mm": 93.19,
            "total_rain_in": 3.67
          },
          {
            "year": 2024,
            "month": 5,
            "avg_high_c": 16.89,
            "avg_low_c": 5.88,
            "total_rain_mm": 103.89,
            "total_rain_in": 4.09
          },
          {
            "year": 2024,
            "month": 6,
            "avg_high_c": 20.35,
            "avg_low_c": 9.04,
            "total_rain_mm": 54.09,
            "total_rain_in": 2.13
          },
          {
            "year": 2024,
            "month": 7,
            "avg_high_c": 26.5,
            "avg_low_c": 12.22,
            "total_rain_mm": 3.37,
            "total_rain_in": 0.13
          },
          {
            "year": 2024,
            "month": 8,
            "avg_high_c": 26.3,
            "avg_low_c": 12.01,
            "total_rain_mm": 24.29,
            "total_rain_in": 0.96
          },
          {
            "year": 2024,
            "month": 9,
            "avg_high_c": 25.02,
            "avg_low_c": 10.59,
            "total_rain_mm": 32.9,
            "total_rain_in": 1.3
          },
          {
            "year": 2024,
            "month": 10,
            "avg_high_c": 19.19,
            "avg_low_c": 6.89,
            "total_rain_mm": 98.47,
            "total_rain_in": 3.88
          },
          {
            "year": 2024,
            "month": 11,
            "avg_high_c": 9.64,
            "avg_low_c": 3.86,
            "total_rain_mm": 293.22,
            "total_rain_in": 11.54
          },
          {
            "year": 2024,
            "month": 12,
            "avg_high_c": 9.76,
            "avg_low_c": 3.29,
            "total_rain_mm": 295.17,
            "total_rain_in": 11.62
          },
          {
            "year": 2025,
            "month": 1,
            "avg_high_c": 8.65,
            "avg_low_c": 0.33,
            "total_rain_mm": 131.95,
            "total_rain_in": 5.19
          },
          {
            "year": 2025,
            "month": 2,
            "avg_high_c": 8.13,
            "avg_low_c": 1.66,
            "total_rain_mm": 190.55,
            "total_rain_in": 7.5
          },
          {
            "year": 2025,
            "month": 3,
            "avg_high_c": 11.05,
            "avg_low_c": 4.06,
            "total_rain_mm": 268.39,
            "total_rain_in": 10.57
          },
          {
            "year": 2025,
            "month": 4,
            "avg_high_c": 15.16,
            "avg_low_c": 4.32,
            "total_rain_mm": 58.55,
            "total_rain_in": 2.31
          },
          {
            "year": 2025,
            "month": 5,
            "avg_high_c": 17.27,
            "avg_low_c": 6.52,
            "total_rain_mm": 44.19,
            "total_rain_in": 1.74
          },
          {
            "year": 2025,
            "month": 6,
            "avg_high_c": 21.41,
            "avg_low_c": 9.22,
            "total_rain_mm": 31.7,
            "total_rain_in": 1.25
          },
          {
            "year": 2025,
            "month": 7,
            "avg_high_c": 26.68,
            "avg_low_c": 11.54,
            "total_rain_mm": 0.73,
            "total_rain_in": 0.03
          },
          {
            "year": 2025,
            "month": 8,
            "avg_high_c": 29.54,
            "avg_low_c": 13.29,
            "total_rain_mm": 10.11,
            "total_rain_in": 0.4
          },
          {
            "year": 2025,
            "month": 9,
            "avg_high_c": 25.66,
            "avg_low_c": 10.95,
            "total_rain_mm": 47.25,
            "total_rain_in": 1.86
          },
          {
            "year": 2025,
            "month": 10,
            "avg_high_c": 16.4,
            "avg_low_c": 6.01,
            "total_rain_mm": 126.39,
            "total_rain_in": 4.98
          },
          {
            "year": 2025,
            "month": 11,
            "avg_high_c": 12.57,
            "avg_low_c": 5.3,
            "total_rain_mm": 124.05,
            "total_rain_in": 4.88
          },
          {
            "year": 2025,
            "month": 12,
            "avg_high_c": 10.45,
            "avg_low_c": 4.15,
            "total_rain_mm": 259.14,
            "total_rain_in": 10.2
          }
        ]
      },
      "geometry": {
        "type": "MultiPolygon",
        "coordinates": [
          [
            [
              [
                -2134364.3693000004,
                2666976.309699999
              ],
              [
                -2134343.775800001,
                2666970.257099999
              ],
              [
                -2134335.305299999,
                2666999.0777000003
              ],
              [
                -2134307.8475,
                2666991.0076
              ],
              [
                -2134136.2353000008,
                2666940.5725
              ],
              [
                -2134115.6417999994,
                2666934.5206000004
              ],
              [
                -2134104.3488999996,
                2666972.9482000005
              ],
              [
                -2134076.8910000008,
                2666964.8791000005
              ],
              [
                -2134088.183700001,
                2666926.4514000006
              ],
              [
                -2134096.6533000004,
                2666897.6306
              ],
              [
                -2134107.9461000003,
                2666859.2029
              ],
              [
                -2134116.4156,
                2666830.382099999
              ],
              [
                -2134127.7084,
                2666791.954399999
              ],
              [
                -2134155.1669999994,
                2666800.0237000007
              ],
              [
                -2134223.8133000005,
                2666820.1974
              ],
              [
                -2134251.2718,
                2666828.2671000008
              ],
              [
                -2134374.8345,
                2666864.5819000006
              ],
              [
                -2134395.4283000007,
                2666870.6346000005
              ],
              [
                -2134443.4802,
                2666884.7578
              ],
              [
                -2134491.5320999995,
                2666898.8812000006
              ],
              [
                -2134471.7664,
                2666966.128799999
              ],
              [
                -2134460.4716999996,
                2667004.5559
              ],
              [
                -2134439.8784,
                2666998.5031000003
              ],
              [
                -2134391.8271999992,
                2666984.379899999
              ],
              [
                -2134364.3693000004,
                2666976.309699999
              ]
            ]
          ]
        ]
      }
    },
    {
      "type": "Feature",
      "properties": {
        "field_id": "WV_AG_025",
        "lat": 44.671253273368706,
        "lon": -122.97404512570117,
        "area_acres": 18.4060278564961,
        "crop_code": 24,
        "cdl_crop": "Winter Wheat",
        "crop_dominant_pct": 78.6,
        "soil_muname": "Malabon silty clay loam",
        "soil_drainage": "Well drained",
        "soil_clay_pct": 31.0,
        "soil_sand_pct": 20.0,
        "soil_silt_pct": 49.0,
        "soil_om_pct": 5.0,
        "soil_ph": 6.1,
        "soil_cec": 25.0,
        "soil_depth_cm": 0.0,
        "weather_monthly": [
          {
            "year": 2020,
            "month": 1,
            "avg_high_c": 8.29,
            "avg_low_c": 3.45,
            "total_rain_mm": 335.74,
            "total_rain_in": 13.22
          },
          {
            "year": 2020,
            "month": 2,
            "avg_high_c": 9.41,
            "avg_low_c": 1.31,
            "total_rain_mm": 106.13,
            "total_rain_in": 4.18
          },
          {
            "year": 2020,
            "month": 3,
            "avg_high_c": 10.89,
            "avg_low_c": 1.82,
            "total_rain_mm": 122.53,
            "total_rain_in": 4.82
          },
          {
            "year": 2020,
            "month": 4,
            "avg_high_c": 15.33,
            "avg_low_c": 4.78,
            "total_rain_mm": 69.14,
            "total_rain_in": 2.72
          },
          {
            "year": 2020,
            "month": 5,
            "avg_high_c": 17.79,
            "avg_low_c": 7.72,
            "total_rain_mm": 134.18,
            "total_rain_in": 5.28
          },
          {
            "year": 2020,
            "month": 6,
            "avg_high_c": 19.47,
            "avg_low_c": 9.28,
            "total_rain_mm": 75.69,
            "total_rain_in": 2.98
          },
          {
            "year": 2020,
            "month": 7,
            "avg_high_c": 23.62,
            "avg_low_c": 10.84,
            "total_rain_mm": 1.22,
            "total_rain_in": 0.05
          },
          {
            "year": 2020,
            "month": 8,
            "avg_high_c": 25.28,
            "avg_low_c": 10.98,
            "total_rain_mm": 2.78,
            "total_rain_in": 0.11
          },
          {
            "year": 2020,
            "month": 9,
            "avg_high_c": 24.88,
            "avg_low_c": 11.82,
            "total_rain_mm": 72.75,
            "total_rain_in": 2.86
          },
          {
            "year": 2020,
            "month": 10,
            "avg_high_c": 18.05,
            "avg_low_c": 6.83,
            "total_rain_mm": 69.47,
            "total_rain_in": 2.74
          },
          {
            "year": 2020,
            "month": 11,
            "avg_high_c": 10.89,
            "avg_low_c": 2.86,
            "total_rain_mm": 232.5,
            "total_rain_in": 9.15
          },
          {
            "year": 2020,
            "month": 12,
            "avg_high_c": 9.48,
            "avg_low_c": 1.8,
            "total_rain_mm": 218.39,
            "total_rain_in": 8.6
          },
          {
            "year": 2021,
            "month": 1,
            "avg_high_c": 8.91,
            "avg_low_c": 2.45,
            "total_rain_mm": 254.08,
            "total_rain_in": 10.0
          },
          {
            "year": 2021,
            "month": 2,
            "avg_high_c": 7.83,
            "avg_low_c": 1.9,
            "total_rain_mm": 199.0,
            "total_rain_in": 7.83
          },
          {
            "year": 2021,
            "month": 3,
            "avg_high_c": 11.03,
            "avg_low_c": 1.41,
            "total_rain_mm": 76.2,
            "total_rain_in": 3.0
          },
          {
            "year": 2021,
            "month": 4,
            "avg_high_c": 16.03,
            "avg_low_c": 3.49,
            "total_rain_mm": 26.64,
            "total_rain_in": 1.05
          },
          {
            "year": 2021,
            "month": 5,
            "avg_high_c": 17.61,
            "avg_low_c": 6.63,
            "total_rain_mm": 32.61,
            "total_rain_in": 1.28
          },
          {
            "year": 2021,
            "month": 6,
            "avg_high_c": 23.31,
            "avg_low_c": 10.75,
            "total_rain_mm": 48.27,
            "total_rain_in": 1.9
          },
          {
            "year": 2021,
            "month": 7,
            "avg_high_c": 26.5,
            "avg_low_c": 11.41,
            "total_rain_mm": 1.97,
            "total_rain_in": 0.08
          },
          {
            "year": 2021,
            "month": 8,
            "avg_high_c": 27.12,
            "avg_low_c": 12.3,
            "total_rain_mm": 1.69,
            "total_rain_in": 0.07
          },
          {
            "year": 2021,
            "month": 9,
            "avg_high_c": 24.68,
            "avg_low_c": 9.98,
            "total_rain_mm": 85.39,
            "total_rain_in": 3.36
          },
          {
            "year": 2021,
            "month": 10,
            "avg_high_c": 15.78,
            "avg_low_c": 6.61,
            "total_rain_mm": 126.84,
            "total_rain_in": 4.99
          },
          {
            "year": 2021,
            "month": 11,
            "avg_high_c": 12.39,
            "avg_low_c": 4.82,
            "total_rain_mm": 205.74,
            "total_rain_in": 8.1
          },
          {
            "year": 2021,
            "month": 12,
            "avg_high_c": 6.18,
            "avg_low_c": 1.36,
            "total_rain_mm": 308.92,
            "total_rain_in": 12.16
          },
          {
            "year": 2022,
            "month": 1,
            "avg_high_c": 9.77,
            "avg_low_c": 1.92,
            "total_rain_mm": 158.73,
            "total_rain_in": 6.25
          },
          {
            "year": 2022,
            "month": 2,
            "avg_high_c": 10.27,
            "avg_low_c": 1.55,
            "total_rain_mm": 85.78,
            "total_rain_in": 3.38
          },
          {
            "year": 2022,
            "month": 3,
            "avg_high_c": 12.11,
            "avg_low_c": 3.66,
            "total_rain_mm": 115.37,
            "total_rain_in": 4.54
          },
          {
            "year": 2022,
            "month": 4,
            "avg_high_c": 11.74,
            "avg_low_c": 2.97,
            "total_rain_mm": 181.66,
            "total_rain_in": 7.15
          },
          {
            "year": 2022,
            "month": 5,
            "avg_high_c": 15.02,
            "avg_low_c": 6.09,
            "total_rain_mm": 173.68,
            "total_rain_in": 6.84
          },
          {
            "year": 2022,
            "month": 6,
            "avg_high_c": 20.05,
            "avg_low_c": 9.46,
            "total_rain_mm": 102.97,
            "total_rain_in": 4.05
          },
          {
            "year": 2022,
            "month": 7,
            "avg_high_c": 24.84,
            "avg_low_c": 12.19,
            "total_rain_mm": 7.17,
            "total_rain_in": 0.28
          },
          {
            "year": 2022,
            "month": 8,
            "avg_high_c": 26.1,
            "avg_low_c": 12.91,
            "total_rain_mm": 2.85,
            "total_rain_in": 0.11
          },
          {
            "year": 2022,
            "month": 9,
            "avg_high_c": 24.47,
            "avg_low_c": 11.0,
            "total_rain_mm": 8.81,
            "total_rain_in": 0.35
          },
          {
            "year": 2022,
            "month": 10,
            "avg_high_c": 21.37,
            "avg_low_c": 8.75,
            "total_rain_mm": 58.08,
            "total_rain_in": 2.29
          },
          {
            "year": 2022,
            "month": 11,
            "avg_high_c": 9.79,
            "avg_low_c": 0.95,
            "total_rain_mm": 178.0,
            "total_rain_in": 7.01
          },
          {
            "year": 2022,
            "month": 12,
            "avg_high_c": 7.87,
            "avg_low_c": 1.37,
            "total_rain_mm": 195.13,
            "total_rain_in": 7.68
          },
          {
            "year": 2023,
            "month": 1,
            "avg_high_c": 8.03,
            "avg_low_c": 1.69,
            "total_rain_mm": 125.73,
            "total_rain_in": 4.95
          },
          {
            "year": 2023,
            "month": 2,
            "avg_high_c": 7.67,
            "avg_low_c": 0.08,
            "total_rain_mm": 120.26,
            "total_rain_in": 4.73
          },
          {
            "year": 2023,
            "month": 3,
            "avg_high_c": 8.6,
            "avg_low_c": 0.45,
            "total_rain_mm": 204.35,
            "total_rain_in": 8.05
          },
          {
            "year": 2023,
            "month": 4,
            "avg_high_c": 12.24,
            "avg_low_c": 3.7,
            "total_rain_mm": 183.89,
            "total_rain_in": 7.24
          },
          {
            "year": 2023,
            "month": 5,
            "avg_high_c": 19.84,
            "avg_low_c": 8.26,
            "total_rain_mm": 19.98,
            "total_rain_in": 0.79
          },
          {
            "year": 2023,
            "month": 6,
            "avg_high_c": 21.61,
            "avg_low_c": 8.67,
            "total_rain_mm": 11.98,
            "total_rain_in": 0.47
          },
          {
            "year": 2023,
            "month": 7,
            "avg_high_c": 26.14,
            "avg_low_c": 11.26,
            "total_rain_mm": 1.1,
            "total_rain_in": 0.04
          },
          {
            "year": 2023,
            "month": 8,
            "avg_high_c": 28.47,
            "avg_low_c": 13.2,
            "total_rain_mm": 15.84,
            "total_rain_in": 0.62
          },
          {
            "year": 2023,
            "month": 9,
            "avg_high_c": 23.69,
            "avg_low_c": 10.6,
            "total_rain_mm": 69.32,
            "total_rain_in": 2.73
          },
          {
            "year": 2023,
            "month": 10,
            "avg_high_c": 18.08,
            "avg_low_c": 7.62,
            "total_rain_mm": 112.67,
            "total_rain_in": 4.44
          },
          {
            "year": 2023,
            "month": 11,
            "avg_high_c": 12.32,
            "avg_low_c": 3.76,
            "total_rain_mm": 171.73,
            "total_rain_in": 6.76
          },
          {
            "year": 2023,
            "month": 12,
            "avg_high_c": 10.81,
            "avg_low_c": 4.63,
            "total_rain_mm": 291.62,
            "total_rain_in": 11.48
          },
          {
            "year": 2024,
            "month": 1,
            "avg_high_c": 9.42,
            "avg_low_c": 4.06,
            "total_rain_mm": 392.13,
            "total_rain_in": 15.44
          },
          {
            "year": 2024,
            "month": 2,
            "avg_high_c": 10.23,
            "avg_low_c": 3.33,
            "total_rain_mm": 199.65,
            "total_rain_in": 7.86
          },
          {
            "year": 2024,
            "month": 3,
            "avg_high_c": 11.63,
            "avg_low_c": 2.94,
            "total_rain_mm": 178.34,
            "total_rain_in": 7.02
          },
          {
            "year": 2024,
            "month": 4,
            "avg_high_c": 14.12,
            "avg_low_c": 4.3,
            "total_rain_mm": 93.08,
            "total_rain_in": 3.66
          },
          {
            "year": 2024,
            "month": 5,
            "avg_high_c": 17.1,
            "avg_low_c": 6.17,
            "total_rain_mm": 106.35,
            "total_rain_in": 4.19
          },
          {
            "year": 2024,
            "month": 6,
            "avg_high_c": 20.44,
            "avg_low_c": 9.21,
            "total_rain_mm": 57.73,
            "total_rain_in": 2.27
          },
          {
            "year": 2024,
            "month": 7,
            "avg_high_c": 26.3,
            "avg_low_c": 11.94,
            "total_rain_mm": 5.44,
            "total_rain_in": 0.21
          },
          {
            "year": 2024,
            "month": 8,
            "avg_high_c": 25.26,
            "avg_low_c": 12.04,
            "total_rain_mm": 20.57,
            "total_rain_in": 0.81
          },
          {
            "year": 2024,
            "month": 9,
            "avg_high_c": 24.25,
            "avg_low_c": 10.86,
            "total_rain_mm": 34.03,
            "total_rain_in": 1.34
          },
          {
            "year": 2024,
            "month": 10,
            "avg_high_c": 18.82,
            "avg_low_c": 7.09,
            "total_rain_mm": 123.02,
            "total_rain_in": 4.84
          },
          {
            "year": 2024,
            "month": 11,
            "avg_high_c": 10.25,
            "avg_low_c": 4.12,
            "total_rain_mm": 316.42,
            "total_rain_in": 12.46
          },
          {
            "year": 2024,
            "month": 12,
            "avg_high_c": 9.56,
            "avg_low_c": 3.41,
            "total_rain_mm": 301.4,
            "total_rain_in": 11.87
          },
          {
            "year": 2025,
            "month": 1,
            "avg_high_c": 8.3,
            "avg_low_c": 0.38,
            "total_rain_mm": 131.61,
            "total_rain_in": 5.18
          },
          {
            "year": 2025,
            "month": 2,
            "avg_high_c": 8.57,
            "avg_low_c": 1.98,
            "total_rain_mm": 208.24,
            "total_rain_in": 8.2
          },
          {
            "year": 2025,
            "month": 3,
            "avg_high_c": 11.43,
            "avg_low_c": 4.26,
            "total_rain_mm": 258.95,
            "total_rain_in": 10.19
          },
          {
            "year": 2025,
            "month": 4,
            "avg_high_c": 15.68,
            "avg_low_c": 4.55,
            "total_rain_mm": 62.07,
            "total_rain_in": 2.44
          },
          {
            "year": 2025,
            "month": 5,
            "avg_high_c": 17.55,
            "avg_low_c": 6.39,
            "total_rain_mm": 43.47,
            "total_rain_in": 1.71
          },
          {
            "year": 2025,
            "month": 6,
            "avg_high_c": 21.52,
            "avg_low_c": 9.24,
            "total_rain_mm": 31.15,
            "total_rain_in": 1.23
          },
          {
            "year": 2025,
            "month": 7,
            "avg_high_c": 25.74,
            "avg_low_c": 11.48,
            "total_rain_mm": 0.4,
            "total_rain_in": 0.02
          },
          {
            "year": 2025,
            "month": 8,
            "avg_high_c": 28.03,
            "avg_low_c": 13.28,
            "total_rain_mm": 12.83,
            "total_rain_in": 0.51
          },
          {
            "year": 2025,
            "month": 9,
            "avg_high_c": 24.93,
            "avg_low_c": 11.27,
            "total_rain_mm": 48.46,
            "total_rain_in": 1.91
          },
          {
            "year": 2025,
            "month": 10,
            "avg_high_c": 15.99,
            "avg_low_c": 6.03,
            "total_rain_mm": 137.17,
            "total_rain_in": 5.4
          },
          {
            "year": 2025,
            "month": 11,
            "avg_high_c": 12.27,
            "avg_low_c": 5.4,
            "total_rain_mm": 167.03,
            "total_rain_in": 6.58
          },
          {
            "year": 2025,
            "month": 12,
            "avg_high_c": 10.32,
            "avg_low_c": 4.3,
            "total_rain_mm": 310.36,
            "total_rain_in": 12.22
          }
        ]
      },
      "geometry": {
        "type": "MultiPolygon",
        "coordinates": [
          [
            [
              [
                -2105862.842,
                2710230.2996999994
              ],
              [
                -2105826.2828,
                2710177.9518999998
              ],
              [
                -2105780.0978999995,
                2710133.2171
              ],
              [
                -2105759.6269000005,
                2710127.2456
              ],
              [
                -2105782.0380000006,
                2710050.4175000004
              ],
              [
                -2105790.4420999996,
                2710021.6071000006
              ],
              [
                -2105742.6755,
                2710007.6734999996
              ],
              [
                -2105734.2716000006,
                2710036.484099999
              ],
              [
                -2105706.976500001,
                2710028.5221999995
              ],
              [
                -2105706.1139,
                2709955.3259999994
              ],
              [
                -2105725.7227999996,
                2709888.101
              ],
              [
                -2105793.9617999997,
                2709908.005999999
              ],
              [
                -2105813.5713,
                2709840.7810999993
              ],
              [
                -2105840.8672,
                2709848.7434
              ],
              [
                -2105861.3389999997,
                2709854.7150999997
              ],
              [
                -2105888.6348,
                2709862.6776
              ],
              [
                -2105915.9306000005,
                2709870.6401000004
              ],
              [
                -2105924.3351000007,
                2709841.829500001
              ],
              [
                -2106019.8703000005,
                2709869.6994000003
              ],
              [
                -2106000.2587,
                2709936.923699999
              ],
              [
                -2105972.2425999995,
                2710032.9584
              ],
              [
                -2105952.6314000003,
                2710100.182600001
              ],
              [
                -2105921.8135,
                2710205.8203999996
              ],
              [
                -2105883.3127999995,
                2710236.2715000007
              ],
              [
                -2105862.842,
                2710230.2996999994
              ]
            ]
          ]
        ]
      }
    },
    {
      "type": "Feature",
      "properties": {
        "field_id": "WV_AG_026",
        "lat": 44.50766678201467,
        "lon": -123.07698947114447,
        "area_acres": 19.0034321348998,
        "crop_code": 24,
        "cdl_crop": "Winter Wheat",
        "crop_dominant_pct": 83.1,
        "soil_muname": "Willamette silt loam",
        "soil_drainage": "Well drained",
        "soil_clay_pct": 23.5,
        "soil_sand_pct": 9.4,
        "soil_silt_pct": 67.1,
        "soil_om_pct": 4.0,
        "soil_ph": 6.1,
        "soil_cec": 17.5,
        "soil_depth_cm": 0.0,
        "weather_monthly": [
          {
            "year": 2020,
            "month": 1,
            "avg_high_c": 8.29,
            "avg_low_c": 3.45,
            "total_rain_mm": 335.74,
            "total_rain_in": 13.22
          },
          {
            "year": 2020,
            "month": 2,
            "avg_high_c": 9.41,
            "avg_low_c": 1.31,
            "total_rain_mm": 106.13,
            "total_rain_in": 4.18
          },
          {
            "year": 2020,
            "month": 3,
            "avg_high_c": 10.89,
            "avg_low_c": 1.82,
            "total_rain_mm": 122.53,
            "total_rain_in": 4.82
          },
          {
            "year": 2020,
            "month": 4,
            "avg_high_c": 15.33,
            "avg_low_c": 4.78,
            "total_rain_mm": 69.14,
            "total_rain_in": 2.72
          },
          {
            "year": 2020,
            "month": 5,
            "avg_high_c": 17.79,
            "avg_low_c": 7.72,
            "total_rain_mm": 134.18,
            "total_rain_in": 5.28
          },
          {
            "year": 2020,
            "month": 6,
            "avg_high_c": 19.47,
            "avg_low_c": 9.28,
            "total_rain_mm": 75.69,
            "total_rain_in": 2.98
          },
          {
            "year": 2020,
            "month": 7,
            "avg_high_c": 23.62,
            "avg_low_c": 10.84,
            "total_rain_mm": 1.22,
            "total_rain_in": 0.05
          },
          {
            "year": 2020,
            "month": 8,
            "avg_high_c": 25.28,
            "avg_low_c": 10.98,
            "total_rain_mm": 2.78,
            "total_rain_in": 0.11
          },
          {
            "year": 2020,
            "month": 9,
            "avg_high_c": 24.88,
            "avg_low_c": 11.82,
            "total_rain_mm": 72.75,
            "total_rain_in": 2.86
          },
          {
            "year": 2020,
            "month": 10,
            "avg_high_c": 18.05,
            "avg_low_c": 6.83,
            "total_rain_mm": 69.47,
            "total_rain_in": 2.74
          },
          {
            "year": 2020,
            "month": 11,
            "avg_high_c": 10.89,
            "avg_low_c": 2.86,
            "total_rain_mm": 232.5,
            "total_rain_in": 9.15
          },
          {
            "year": 2020,
            "month": 12,
            "avg_high_c": 9.48,
            "avg_low_c": 1.8,
            "total_rain_mm": 218.39,
            "total_rain_in": 8.6
          },
          {
            "year": 2021,
            "month": 1,
            "avg_high_c": 8.91,
            "avg_low_c": 2.45,
            "total_rain_mm": 254.08,
            "total_rain_in": 10.0
          },
          {
            "year": 2021,
            "month": 2,
            "avg_high_c": 7.83,
            "avg_low_c": 1.9,
            "total_rain_mm": 199.0,
            "total_rain_in": 7.83
          },
          {
            "year": 2021,
            "month": 3,
            "avg_high_c": 11.03,
            "avg_low_c": 1.41,
            "total_rain_mm": 76.2,
            "total_rain_in": 3.0
          },
          {
            "year": 2021,
            "month": 4,
            "avg_high_c": 16.03,
            "avg_low_c": 3.49,
            "total_rain_mm": 26.64,
            "total_rain_in": 1.05
          },
          {
            "year": 2021,
            "month": 5,
            "avg_high_c": 17.61,
            "avg_low_c": 6.63,
            "total_rain_mm": 32.61,
            "total_rain_in": 1.28
          },
          {
            "year": 2021,
            "month": 6,
            "avg_high_c": 23.31,
            "avg_low_c": 10.75,
            "total_rain_mm": 48.27,
            "total_rain_in": 1.9
          },
          {
            "year": 2021,
            "month": 7,
            "avg_high_c": 26.5,
            "avg_low_c": 11.41,
            "total_rain_mm": 1.97,
            "total_rain_in": 0.08
          },
          {
            "year": 2021,
            "month": 8,
            "avg_high_c": 27.12,
            "avg_low_c": 12.3,
            "total_rain_mm": 1.69,
            "total_rain_in": 0.07
          },
          {
            "year": 2021,
            "month": 9,
            "avg_high_c": 24.68,
            "avg_low_c": 9.98,
            "total_rain_mm": 85.39,
            "total_rain_in": 3.36
          },
          {
            "year": 2021,
            "month": 10,
            "avg_high_c": 15.78,
            "avg_low_c": 6.61,
            "total_rain_mm": 126.84,
            "total_rain_in": 4.99
          },
          {
            "year": 2021,
            "month": 11,
            "avg_high_c": 12.39,
            "avg_low_c": 4.82,
            "total_rain_mm": 205.74,
            "total_rain_in": 8.1
          },
          {
            "year": 2021,
            "month": 12,
            "avg_high_c": 6.18,
            "avg_low_c": 1.36,
            "total_rain_mm": 308.92,
            "total_rain_in": 12.16
          },
          {
            "year": 2022,
            "month": 1,
            "avg_high_c": 9.77,
            "avg_low_c": 1.92,
            "total_rain_mm": 158.73,
            "total_rain_in": 6.25
          },
          {
            "year": 2022,
            "month": 2,
            "avg_high_c": 10.27,
            "avg_low_c": 1.55,
            "total_rain_mm": 85.78,
            "total_rain_in": 3.38
          },
          {
            "year": 2022,
            "month": 3,
            "avg_high_c": 12.11,
            "avg_low_c": 3.66,
            "total_rain_mm": 115.37,
            "total_rain_in": 4.54
          },
          {
            "year": 2022,
            "month": 4,
            "avg_high_c": 11.74,
            "avg_low_c": 2.97,
            "total_rain_mm": 181.66,
            "total_rain_in": 7.15
          },
          {
            "year": 2022,
            "month": 5,
            "avg_high_c": 15.02,
            "avg_low_c": 6.09,
            "total_rain_mm": 173.68,
            "total_rain_in": 6.84
          },
          {
            "year": 2022,
            "month": 6,
            "avg_high_c": 20.05,
            "avg_low_c": 9.46,
            "total_rain_mm": 102.97,
            "total_rain_in": 4.05
          },
          {
            "year": 2022,
            "month": 7,
            "avg_high_c": 24.84,
            "avg_low_c": 12.19,
            "total_rain_mm": 7.17,
            "total_rain_in": 0.28
          },
          {
            "year": 2022,
            "month": 8,
            "avg_high_c": 26.1,
            "avg_low_c": 12.91,
            "total_rain_mm": 2.85,
            "total_rain_in": 0.11
          },
          {
            "year": 2022,
            "month": 9,
            "avg_high_c": 24.47,
            "avg_low_c": 11.0,
            "total_rain_mm": 8.81,
            "total_rain_in": 0.35
          },
          {
            "year": 2022,
            "month": 10,
            "avg_high_c": 21.37,
            "avg_low_c": 8.75,
            "total_rain_mm": 58.08,
            "total_rain_in": 2.29
          },
          {
            "year": 2022,
            "month": 11,
            "avg_high_c": 9.79,
            "avg_low_c": 0.95,
            "total_rain_mm": 178.0,
            "total_rain_in": 7.01
          },
          {
            "year": 2022,
            "month": 12,
            "avg_high_c": 7.87,
            "avg_low_c": 1.37,
            "total_rain_mm": 195.13,
            "total_rain_in": 7.68
          },
          {
            "year": 2023,
            "month": 1,
            "avg_high_c": 8.03,
            "avg_low_c": 1.69,
            "total_rain_mm": 125.73,
            "total_rain_in": 4.95
          },
          {
            "year": 2023,
            "month": 2,
            "avg_high_c": 7.67,
            "avg_low_c": 0.08,
            "total_rain_mm": 120.26,
            "total_rain_in": 4.73
          },
          {
            "year": 2023,
            "month": 3,
            "avg_high_c": 8.6,
            "avg_low_c": 0.45,
            "total_rain_mm": 204.35,
            "total_rain_in": 8.05
          },
          {
            "year": 2023,
            "month": 4,
            "avg_high_c": 12.24,
            "avg_low_c": 3.7,
            "total_rain_mm": 183.89,
            "total_rain_in": 7.24
          },
          {
            "year": 2023,
            "month": 5,
            "avg_high_c": 19.84,
            "avg_low_c": 8.26,
            "total_rain_mm": 19.98,
            "total_rain_in": 0.79
          },
          {
            "year": 2023,
            "month": 6,
            "avg_high_c": 21.61,
            "avg_low_c": 8.67,
            "total_rain_mm": 11.98,
            "total_rain_in": 0.47
          },
          {
            "year": 2023,
            "month": 7,
            "avg_high_c": 26.14,
            "avg_low_c": 11.26,
            "total_rain_mm": 1.1,
            "total_rain_in": 0.04
          },
          {
            "year": 2023,
            "month": 8,
            "avg_high_c": 28.47,
            "avg_low_c": 13.2,
            "total_rain_mm": 15.84,
            "total_rain_in": 0.62
          },
          {
            "year": 2023,
            "month": 9,
            "avg_high_c": 23.69,
            "avg_low_c": 10.6,
            "total_rain_mm": 69.32,
            "total_rain_in": 2.73
          },
          {
            "year": 2023,
            "month": 10,
            "avg_high_c": 18.08,
            "avg_low_c": 7.62,
            "total_rain_mm": 112.67,
            "total_rain_in": 4.44
          },
          {
            "year": 2023,
            "month": 11,
            "avg_high_c": 12.32,
            "avg_low_c": 3.76,
            "total_rain_mm": 171.73,
            "total_rain_in": 6.76
          },
          {
            "year": 2023,
            "month": 12,
            "avg_high_c": 10.81,
            "avg_low_c": 4.63,
            "total_rain_mm": 291.62,
            "total_rain_in": 11.48
          },
          {
            "year": 2024,
            "month": 1,
            "avg_high_c": 9.42,
            "avg_low_c": 4.06,
            "total_rain_mm": 392.13,
            "total_rain_in": 15.44
          },
          {
            "year": 2024,
            "month": 2,
            "avg_high_c": 10.23,
            "avg_low_c": 3.33,
            "total_rain_mm": 199.65,
            "total_rain_in": 7.86
          },
          {
            "year": 2024,
            "month": 3,
            "avg_high_c": 11.63,
            "avg_low_c": 2.94,
            "total_rain_mm": 178.34,
            "total_rain_in": 7.02
          },
          {
            "year": 2024,
            "month": 4,
            "avg_high_c": 14.12,
            "avg_low_c": 4.3,
            "total_rain_mm": 93.08,
            "total_rain_in": 3.66
          },
          {
            "year": 2024,
            "month": 5,
            "avg_high_c": 17.1,
            "avg_low_c": 6.17,
            "total_rain_mm": 106.35,
            "total_rain_in": 4.19
          },
          {
            "year": 2024,
            "month": 6,
            "avg_high_c": 20.44,
            "avg_low_c": 9.21,
            "total_rain_mm": 57.73,
            "total_rain_in": 2.27
          },
          {
            "year": 2024,
            "month": 7,
            "avg_high_c": 26.3,
            "avg_low_c": 11.94,
            "total_rain_mm": 5.44,
            "total_rain_in": 0.21
          },
          {
            "year": 2024,
            "month": 8,
            "avg_high_c": 25.26,
            "avg_low_c": 12.04,
            "total_rain_mm": 20.57,
            "total_rain_in": 0.81
          },
          {
            "year": 2024,
            "month": 9,
            "avg_high_c": 24.25,
            "avg_low_c": 10.86,
            "total_rain_mm": 34.03,
            "total_rain_in": 1.34
          },
          {
            "year": 2024,
            "month": 10,
            "avg_high_c": 18.82,
            "avg_low_c": 7.09,
            "total_rain_mm": 123.02,
            "total_rain_in": 4.84
          },
          {
            "year": 2024,
            "month": 11,
            "avg_high_c": 10.25,
            "avg_low_c": 4.12,
            "total_rain_mm": 316.42,
            "total_rain_in": 12.46
          },
          {
            "year": 2024,
            "month": 12,
            "avg_high_c": 9.56,
            "avg_low_c": 3.41,
            "total_rain_mm": 301.4,
            "total_rain_in": 11.87
          },
          {
            "year": 2025,
            "month": 1,
            "avg_high_c": 8.3,
            "avg_low_c": 0.38,
            "total_rain_mm": 131.61,
            "total_rain_in": 5.18
          },
          {
            "year": 2025,
            "month": 2,
            "avg_high_c": 8.57,
            "avg_low_c": 1.98,
            "total_rain_mm": 208.24,
            "total_rain_in": 8.2
          },
          {
            "year": 2025,
            "month": 3,
            "avg_high_c": 11.43,
            "avg_low_c": 4.26,
            "total_rain_mm": 258.95,
            "total_rain_in": 10.19
          },
          {
            "year": 2025,
            "month": 4,
            "avg_high_c": 15.68,
            "avg_low_c": 4.55,
            "total_rain_mm": 62.07,
            "total_rain_in": 2.44
          },
          {
            "year": 2025,
            "month": 5,
            "avg_high_c": 17.55,
            "avg_low_c": 6.39,
            "total_rain_mm": 43.47,
            "total_rain_in": 1.71
          },
          {
            "year": 2025,
            "month": 6,
            "avg_high_c": 21.52,
            "avg_low_c": 9.24,
            "total_rain_mm": 31.15,
            "total_rain_in": 1.23
          },
          {
            "year": 2025,
            "month": 7,
            "avg_high_c": 25.74,
            "avg_low_c": 11.48,
            "total_rain_mm": 0.4,
            "total_rain_in": 0.02
          },
          {
            "year": 2025,
            "month": 8,
            "avg_high_c": 28.03,
            "avg_low_c": 13.28,
            "total_rain_mm": 12.83,
            "total_rain_in": 0.51
          },
          {
            "year": 2025,
            "month": 9,
            "avg_high_c": 24.93,
            "avg_low_c": 11.27,
            "total_rain_mm": 48.46,
            "total_rain_in": 1.91
          },
          {
            "year": 2025,
            "month": 10,
            "avg_high_c": 15.99,
            "avg_low_c": 6.03,
            "total_rain_mm": 137.17,
            "total_rain_in": 5.4
          },
          {
            "year": 2025,
            "month": 11,
            "avg_high_c": 12.27,
            "avg_low_c": 5.4,
            "total_rain_mm": 167.03,
            "total_rain_in": 6.58
          },
          {
            "year": 2025,
            "month": 12,
            "avg_high_c": 10.32,
            "avg_low_c": 4.3,
            "total_rain_mm": 310.36,
            "total_rain_in": 12.22
          }
        ]
      },
      "geometry": {
        "type": "MultiPolygon",
        "coordinates": [
          [
            [
              [
                -2118551.2217999995,
                2694952.5146999992
              ],
              [
                -2118562.4722000007,
                2694914.0989999995
              ],
              [
                -2118570.91,
                2694885.2873
              ],
              [
                -2118582.1604999993,
                2694846.8715000004
              ],
              [
                -2118638.465399999,
                2694832.0782999992
              ],
              [
                -2118658.1542000007,
                2694764.8508
              ],
              [
                -2118717.2726000007,
                2694740.4540999997
              ],
              [
                -2118736.9618999995,
                2694673.2266000006
              ],
              [
                -2118764.3149999995,
                2694681.2377000004
              ],
              [
                -2118784.8299000002,
                2694687.246099999
              ],
              [
                -2118823.4343999997,
                2694656.8418000005
              ],
              [
                -2118871.3026,
                2694670.8619
              ],
              [
                -2118860.050899999,
                2694709.2775
              ],
              [
                -2118907.9186000004,
                2694723.2978000008
              ],
              [
                -2118919.170600001,
                2694684.8823000006
              ],
              [
                -2118939.6854,
                2694690.8912000004
              ],
              [
                -2118994.3915999997,
                2694706.914999999
              ],
              [
                -2119014.9064000007,
                2694712.9241000004
              ],
              [
                -2118992.4014999997,
                2694789.7547999993
              ],
              [
                -2118964.2704000007,
                2694885.7929
              ],
              [
                -2118991.6228,
                2694893.8049
              ],
              [
                -2118980.3702000007,
                2694932.2201000005
              ],
              [
                -2118953.017999999,
                2694924.2082
              ],
              [
                -2118905.1515999995,
                2694910.1875
              ],
              [
                -2118889.0513000004,
                2694863.760500001
              ],
              [
                -2118877.7993,
                2694902.175899999
              ],
              [
                -2118857.285,
                2694896.167199999
              ],
              [
                -2118829.9327000007,
                2694888.1557
              ],
              [
                -2118821.493899999,
                2694916.9672
              ],
              [
                -2118705.2465000004,
                2694882.9198000003
              ],
              [
                -2118646.1290000007,
                2694907.316400001
              ],
              [
                -2118637.6908,
                2694936.1280000005
              ],
              [
                -2118610.3386000004,
                2694928.1174
              ],
              [
                -2118599.0878999997,
                2694966.533
              ],
              [
                -2118578.5738999993,
                2694960.5251
              ],
              [
                -2118551.2217999995,
                2694952.5146999992
              ]
            ]
          ]
        ]
      }
    },
    {
      "type": "Feature",
      "properties": {
        "field_id": "WV_AG_027",
        "lat": 44.65082371509426,
        "lon": -122.9844908695105,
        "area_acres": 92.0147449962642,
        "crop_code": 24,
        "cdl_crop": "Winter Wheat",
        "crop_dominant_pct": 91.3,
        "soil_muname": "Amity silt loam",
        "soil_drainage": "Somewhat poorly drained",
        "soil_clay_pct": 20.0,
        "soil_sand_pct": 11.4,
        "soil_silt_pct": 68.6,
        "soil_om_pct": 4.0,
        "soil_ph": 5.8,
        "soil_cec": 15.0,
        "soil_depth_cm": 0.0,
        "weather_monthly": [
          {
            "year": 2020,
            "month": 1,
            "avg_high_c": 8.29,
            "avg_low_c": 3.45,
            "total_rain_mm": 335.74,
            "total_rain_in": 13.22
          },
          {
            "year": 2020,
            "month": 2,
            "avg_high_c": 9.41,
            "avg_low_c": 1.31,
            "total_rain_mm": 106.13,
            "total_rain_in": 4.18
          },
          {
            "year": 2020,
            "month": 3,
            "avg_high_c": 10.89,
            "avg_low_c": 1.82,
            "total_rain_mm": 122.53,
            "total_rain_in": 4.82
          },
          {
            "year": 2020,
            "month": 4,
            "avg_high_c": 15.33,
            "avg_low_c": 4.78,
            "total_rain_mm": 69.14,
            "total_rain_in": 2.72
          },
          {
            "year": 2020,
            "month": 5,
            "avg_high_c": 17.79,
            "avg_low_c": 7.72,
            "total_rain_mm": 134.18,
            "total_rain_in": 5.28
          },
          {
            "year": 2020,
            "month": 6,
            "avg_high_c": 19.47,
            "avg_low_c": 9.28,
            "total_rain_mm": 75.69,
            "total_rain_in": 2.98
          },
          {
            "year": 2020,
            "month": 7,
            "avg_high_c": 23.62,
            "avg_low_c": 10.84,
            "total_rain_mm": 1.22,
            "total_rain_in": 0.05
          },
          {
            "year": 2020,
            "month": 8,
            "avg_high_c": 25.28,
            "avg_low_c": 10.98,
            "total_rain_mm": 2.78,
            "total_rain_in": 0.11
          },
          {
            "year": 2020,
            "month": 9,
            "avg_high_c": 24.88,
            "avg_low_c": 11.82,
            "total_rain_mm": 72.75,
            "total_rain_in": 2.86
          },
          {
            "year": 2020,
            "month": 10,
            "avg_high_c": 18.05,
            "avg_low_c": 6.83,
            "total_rain_mm": 69.47,
            "total_rain_in": 2.74
          },
          {
            "year": 2020,
            "month": 11,
            "avg_high_c": 10.89,
            "avg_low_c": 2.86,
            "total_rain_mm": 232.5,
            "total_rain_in": 9.15
          },
          {
            "year": 2020,
            "month": 12,
            "avg_high_c": 9.48,
            "avg_low_c": 1.8,
            "total_rain_mm": 218.39,
            "total_rain_in": 8.6
          },
          {
            "year": 2021,
            "month": 1,
            "avg_high_c": 8.91,
            "avg_low_c": 2.45,
            "total_rain_mm": 254.08,
            "total_rain_in": 10.0
          },
          {
            "year": 2021,
            "month": 2,
            "avg_high_c": 7.83,
            "avg_low_c": 1.9,
            "total_rain_mm": 199.0,
            "total_rain_in": 7.83
          },
          {
            "year": 2021,
            "month": 3,
            "avg_high_c": 11.03,
            "avg_low_c": 1.41,
            "total_rain_mm": 76.2,
            "total_rain_in": 3.0
          },
          {
            "year": 2021,
            "month": 4,
            "avg_high_c": 16.03,
            "avg_low_c": 3.49,
            "total_rain_mm": 26.64,
            "total_rain_in": 1.05
          },
          {
            "year": 2021,
            "month": 5,
            "avg_high_c": 17.61,
            "avg_low_c": 6.63,
            "total_rain_mm": 32.61,
            "total_rain_in": 1.28
          },
          {
            "year": 2021,
            "month": 6,
            "avg_high_c": 23.31,
            "avg_low_c": 10.75,
            "total_rain_mm": 48.27,
            "total_rain_in": 1.9
          },
          {
            "year": 2021,
            "month": 7,
            "avg_high_c": 26.5,
            "avg_low_c": 11.41,
            "total_rain_mm": 1.97,
            "total_rain_in": 0.08
          },
          {
            "year": 2021,
            "month": 8,
            "avg_high_c": 27.12,
            "avg_low_c": 12.3,
            "total_rain_mm": 1.69,
            "total_rain_in": 0.07
          },
          {
            "year": 2021,
            "month": 9,
            "avg_high_c": 24.68,
            "avg_low_c": 9.98,
            "total_rain_mm": 85.39,
            "total_rain_in": 3.36
          },
          {
            "year": 2021,
            "month": 10,
            "avg_high_c": 15.78,
            "avg_low_c": 6.61,
            "total_rain_mm": 126.84,
            "total_rain_in": 4.99
          },
          {
            "year": 2021,
            "month": 11,
            "avg_high_c": 12.39,
            "avg_low_c": 4.82,
            "total_rain_mm": 205.74,
            "total_rain_in": 8.1
          },
          {
            "year": 2021,
            "month": 12,
            "avg_high_c": 6.18,
            "avg_low_c": 1.36,
            "total_rain_mm": 308.92,
            "total_rain_in": 12.16
          },
          {
            "year": 2022,
            "month": 1,
            "avg_high_c": 9.77,
            "avg_low_c": 1.92,
            "total_rain_mm": 158.73,
            "total_rain_in": 6.25
          },
          {
            "year": 2022,
            "month": 2,
            "avg_high_c": 10.27,
            "avg_low_c": 1.55,
            "total_rain_mm": 85.78,
            "total_rain_in": 3.38
          },
          {
            "year": 2022,
            "month": 3,
            "avg_high_c": 12.11,
            "avg_low_c": 3.66,
            "total_rain_mm": 115.37,
            "total_rain_in": 4.54
          },
          {
            "year": 2022,
            "month": 4,
            "avg_high_c": 11.74,
            "avg_low_c": 2.97,
            "total_rain_mm": 181.66,
            "total_rain_in": 7.15
          },
          {
            "year": 2022,
            "month": 5,
            "avg_high_c": 15.02,
            "avg_low_c": 6.09,
            "total_rain_mm": 173.68,
            "total_rain_in": 6.84
          },
          {
            "year": 2022,
            "month": 6,
            "avg_high_c": 20.05,
            "avg_low_c": 9.46,
            "total_rain_mm": 102.97,
            "total_rain_in": 4.05
          },
          {
            "year": 2022,
            "month": 7,
            "avg_high_c": 24.84,
            "avg_low_c": 12.19,
            "total_rain_mm": 7.17,
            "total_rain_in": 0.28
          },
          {
            "year": 2022,
            "month": 8,
            "avg_high_c": 26.1,
            "avg_low_c": 12.91,
            "total_rain_mm": 2.85,
            "total_rain_in": 0.11
          },
          {
            "year": 2022,
            "month": 9,
            "avg_high_c": 24.47,
            "avg_low_c": 11.0,
            "total_rain_mm": 8.81,
            "total_rain_in": 0.35
          },
          {
            "year": 2022,
            "month": 10,
            "avg_high_c": 21.37,
            "avg_low_c": 8.75,
            "total_rain_mm": 58.08,
            "total_rain_in": 2.29
          },
          {
            "year": 2022,
            "month": 11,
            "avg_high_c": 9.79,
            "avg_low_c": 0.95,
            "total_rain_mm": 178.0,
            "total_rain_in": 7.01
          },
          {
            "year": 2022,
            "month": 12,
            "avg_high_c": 7.87,
            "avg_low_c": 1.37,
            "total_rain_mm": 195.13,
            "total_rain_in": 7.68
          },
          {
            "year": 2023,
            "month": 1,
            "avg_high_c": 8.03,
            "avg_low_c": 1.69,
            "total_rain_mm": 125.73,
            "total_rain_in": 4.95
          },
          {
            "year": 2023,
            "month": 2,
            "avg_high_c": 7.67,
            "avg_low_c": 0.08,
            "total_rain_mm": 120.26,
            "total_rain_in": 4.73
          },
          {
            "year": 2023,
            "month": 3,
            "avg_high_c": 8.6,
            "avg_low_c": 0.45,
            "total_rain_mm": 204.35,
            "total_rain_in": 8.05
          },
          {
            "year": 2023,
            "month": 4,
            "avg_high_c": 12.24,
            "avg_low_c": 3.7,
            "total_rain_mm": 183.89,
            "total_rain_in": 7.24
          },
          {
            "year": 2023,
            "month": 5,
            "avg_high_c": 19.84,
            "avg_low_c": 8.26,
            "total_rain_mm": 19.98,
            "total_rain_in": 0.79
          },
          {
            "year": 2023,
            "month": 6,
            "avg_high_c": 21.61,
            "avg_low_c": 8.67,
            "total_rain_mm": 11.98,
            "total_rain_in": 0.47
          },
          {
            "year": 2023,
            "month": 7,
            "avg_high_c": 26.14,
            "avg_low_c": 11.26,
            "total_rain_mm": 1.1,
            "total_rain_in": 0.04
          },
          {
            "year": 2023,
            "month": 8,
            "avg_high_c": 28.47,
            "avg_low_c": 13.2,
            "total_rain_mm": 15.84,
            "total_rain_in": 0.62
          },
          {
            "year": 2023,
            "month": 9,
            "avg_high_c": 23.69,
            "avg_low_c": 10.6,
            "total_rain_mm": 69.32,
            "total_rain_in": 2.73
          },
          {
            "year": 2023,
            "month": 10,
            "avg_high_c": 18.08,
            "avg_low_c": 7.62,
            "total_rain_mm": 112.67,
            "total_rain_in": 4.44
          },
          {
            "year": 2023,
            "month": 11,
            "avg_high_c": 12.32,
            "avg_low_c": 3.76,
            "total_rain_mm": 171.73,
            "total_rain_in": 6.76
          },
          {
            "year": 2023,
            "month": 12,
            "avg_high_c": 10.81,
            "avg_low_c": 4.63,
            "total_rain_mm": 291.62,
            "total_rain_in": 11.48
          },
          {
            "year": 2024,
            "month": 1,
            "avg_high_c": 9.42,
            "avg_low_c": 4.06,
            "total_rain_mm": 392.13,
            "total_rain_in": 15.44
          },
          {
            "year": 2024,
            "month": 2,
            "avg_high_c": 10.23,
            "avg_low_c": 3.33,
            "total_rain_mm": 199.65,
            "total_rain_in": 7.86
          },
          {
            "year": 2024,
            "month": 3,
            "avg_high_c": 11.63,
            "avg_low_c": 2.94,
            "total_rain_mm": 178.34,
            "total_rain_in": 7.02
          },
          {
            "year": 2024,
            "month": 4,
            "avg_high_c": 14.12,
            "avg_low_c": 4.3,
            "total_rain_mm": 93.08,
            "total_rain_in": 3.66
          },
          {
            "year": 2024,
            "month": 5,
            "avg_high_c": 17.1,
            "avg_low_c": 6.17,
            "total_rain_mm": 106.35,
            "total_rain_in": 4.19
          },
          {
            "year": 2024,
            "month": 6,
            "avg_high_c": 20.44,
            "avg_low_c": 9.21,
            "total_rain_mm": 57.73,
            "total_rain_in": 2.27
          },
          {
            "year": 2024,
            "month": 7,
            "avg_high_c": 26.3,
            "avg_low_c": 11.94,
            "total_rain_mm": 5.44,
            "total_rain_in": 0.21
          },
          {
            "year": 2024,
            "month": 8,
            "avg_high_c": 25.26,
            "avg_low_c": 12.04,
            "total_rain_mm": 20.57,
            "total_rain_in": 0.81
          },
          {
            "year": 2024,
            "month": 9,
            "avg_high_c": 24.25,
            "avg_low_c": 10.86,
            "total_rain_mm": 34.03,
            "total_rain_in": 1.34
          },
          {
            "year": 2024,
            "month": 10,
            "avg_high_c": 18.82,
            "avg_low_c": 7.09,
            "total_rain_mm": 123.02,
            "total_rain_in": 4.84
          },
          {
            "year": 2024,
            "month": 11,
            "avg_high_c": 10.25,
            "avg_low_c": 4.12,
            "total_rain_mm": 316.42,
            "total_rain_in": 12.46
          },
          {
            "year": 2024,
            "month": 12,
            "avg_high_c": 9.56,
            "avg_low_c": 3.41,
            "total_rain_mm": 301.4,
            "total_rain_in": 11.87
          },
          {
            "year": 2025,
            "month": 1,
            "avg_high_c": 8.3,
            "avg_low_c": 0.38,
            "total_rain_mm": 131.61,
            "total_rain_in": 5.18
          },
          {
            "year": 2025,
            "month": 2,
            "avg_high_c": 8.57,
            "avg_low_c": 1.98,
            "total_rain_mm": 208.24,
            "total_rain_in": 8.2
          },
          {
            "year": 2025,
            "month": 3,
            "avg_high_c": 11.43,
            "avg_low_c": 4.26,
            "total_rain_mm": 258.95,
            "total_rain_in": 10.19
          },
          {
            "year": 2025,
            "month": 4,
            "avg_high_c": 15.68,
            "avg_low_c": 4.55,
            "total_rain_mm": 62.07,
            "total_rain_in": 2.44
          },
          {
            "year": 2025,
            "month": 5,
            "avg_high_c": 17.55,
            "avg_low_c": 6.39,
            "total_rain_mm": 43.47,
            "total_rain_in": 1.71
          },
          {
            "year": 2025,
            "month": 6,
            "avg_high_c": 21.52,
            "avg_low_c": 9.24,
            "total_rain_mm": 31.15,
            "total_rain_in": 1.23
          },
          {
            "year": 2025,
            "month": 7,
            "avg_high_c": 25.74,
            "avg_low_c": 11.48,
            "total_rain_mm": 0.4,
            "total_rain_in": 0.02
          },
          {
            "year": 2025,
            "month": 8,
            "avg_high_c": 28.03,
            "avg_low_c": 13.28,
            "total_rain_mm": 12.83,
            "total_rain_in": 0.51
          },
          {
            "year": 2025,
            "month": 9,
            "avg_high_c": 24.93,
            "avg_low_c": 11.27,
            "total_rain_mm": 48.46,
            "total_rain_in": 1.91
          },
          {
            "year": 2025,
            "month": 10,
            "avg_high_c": 15.99,
            "avg_low_c": 6.03,
            "total_rain_mm": 137.17,
            "total_rain_in": 5.4
          },
          {
            "year": 2025,
            "month": 11,
            "avg_high_c": 12.27,
            "avg_low_c": 5.4,
            "total_rain_mm": 167.03,
            "total_rain_in": 6.58
          },
          {
            "year": 2025,
            "month": 12,
            "avg_high_c": 10.32,
            "avg_low_c": 4.3,
            "total_rain_mm": 310.36,
            "total_rain_in": 12.22
          }
        ]
      },
      "geometry": {
        "type": "MultiPolygon",
        "coordinates": [
          [
            [
              [
                -2107464.2030999996,
                2707508.6611
              ],
              [
                -2107487.313100001,
                2707519.944599999
              ],
              [
                -2107509.1833999995,
                2707532.2097999994
              ],
              [
                -2107551.3607,
                2707565.362400001
              ],
              [
                -2107575.8621999994,
                2707582.9349000007
              ],
              [
                -2107615.737299999,
                2707605.6915000007
              ],
              [
                -2107618.039000001,
                2707616.0878999997
              ],
              [
                -2107609.6302000005,
                2707644.8988000005
              ],
              [
                -2107582.3259999994,
                2707636.9299
              ],
              [
                -2107562.7058000006,
                2707704.1554000005
              ],
              [
                -2107617.3136,
                2707720.0933
              ],
              [
                -2107597.6929,
                2707787.318600001
              ],
              [
                -2107693.2553000003,
                2707815.2105
              ],
              [
                -2107645.603,
                2707978.471000001
              ],
              [
                -2107618.3001000006,
                2707970.5019000005
              ],
              [
                -2107586.6108999997,
                2708002.9394000005
              ],
              [
                -2107539.6874,
                2708062.1953999996
              ],
              [
                -2107508.854800001,
                2708167.8343
              ],
              [
                -2107461.0759999994,
                2708153.8893999998
              ],
              [
                -2107414.1537999995,
                2708213.1458
              ],
              [
                -2107386.1251999997,
                2708309.1811999995
              ],
              [
                -2107346.0293000005,
                2708370.4297
              ],
              [
                -2107299.1084000003,
                2708429.6865
              ],
              [
                -2107267.4214999992,
                2708462.1247000005
              ],
              [
                -2107124.0907000005,
                2708420.2957000006
              ],
              [
                -2107135.300899999,
                2708381.8814000003
              ],
              [
                -2107107.999500001,
                2708373.9142000005
              ],
              [
                -2107076.3135,
                2708406.3532999996
              ],
              [
                -2107065.1034999993,
                2708444.7676999997
              ],
              [
                -2107133.3562000003,
                2708464.6853
              ],
              [
                -2107113.7380999997,
                2708531.9102
              ],
              [
                -2107161.5144999996,
                2708545.8528000005
              ],
              [
                -2107153.1064999998,
                2708574.6633
              ],
              [
                -2107057.554199999,
                2708546.7785
              ],
              [
                -2107018.1852,
                2708504.0259000007
              ],
              [
                -2106990.884299999,
                2708496.0592
              ],
              [
                -2106954.3170999996,
                2708443.7031999994
              ],
              [
                -2106886.064200001,
                2708423.7873
              ],
              [
                -2106894.471000001,
                2708394.9762999993
              ],
              [
                -2106798.9163000006,
                2708367.094900001
              ],
              [
                -2106782.8233000003,
                2708320.7141999993
              ],
              [
                -2106794.0317,
                2708282.2994
              ],
              [
                -2106850.2161999997,
                2708267.4288
              ],
              [
                -2106897.9943000004,
                2708281.3696999997
              ],
              [
                -2106878.3786999993,
                2708348.5954
              ],
              [
                -2106914.9470000006,
                2708400.9510999992
              ],
              [
                -2107037.8024000004,
                2708436.8007999994
              ],
              [
                -2107049.0121999998,
                2708398.3863999993
              ],
              [
                -2107032.920600001,
                2708352.0051000006
              ],
              [
                -2106937.3653999995,
                2708324.1218999997
              ],
              [
                -2106936.5051000006,
                2708250.9213999994
              ],
              [
                -2106956.1209999993,
                2708183.6955999993
              ],
              [
                -2106964.5277999993,
                2708154.8845000006
              ],
              [
                -2106975.7369999997,
                2708116.4696999993
              ],
              [
                -2107004.6206,
                2708093.6336000003
              ],
              [
                -2107043.1325000003,
                2708063.1855999995
              ],
              [
                -2107072.0165,
                2708040.3497
              ],
              [
                -2107099.3191,
                2708048.3167000003
              ],
              [
                -2107139.4132000003,
                2707987.0661999993
              ],
              [
                -2107161.832699999,
                2707910.2366000004
              ],
              [
                -2107208.7533,
                2707850.9781
              ],
              [
                -2107236.0566000007,
                2707858.9455999993
              ],
              [
                -2107264.9417000003,
                2707836.110200001
              ],
              [
                -2107311.8632999994,
                2707776.8521
              ],
              [
                -2107351.9594,
                2707715.6021999996
              ],
              [
                -2107371.5778,
                2707648.3762
              ],
              [
                -2107382.7883,
                2707609.9613000005
              ],
              [
                -2107402.4067,
                2707542.735200001
              ],
              [
                -2107450.1896,
                2707556.6797
              ],
              [
                -2107464.2030999996,
                2707508.6611
              ]
            ]
          ]
        ]
      }
    },
    {
      "type": "Feature",
      "properties": {
        "field_id": "WV_AG_028",
        "lat": 45.00425081033196,
        "lon": -122.87662284791486,
        "area_acres": 23.123538307588,
        "crop_code": 36,
        "cdl_crop": "Alfalfa",
        "crop_dominant_pct": 89.1,
        "soil_muname": "Woodburn silt loam, 0 to 3 percent slopes",
        "soil_drainage": "Moderately well drained",
        "soil_clay_pct": 15.0,
        "soil_sand_pct": 14.0,
        "soil_silt_pct": 71.0,
        "soil_om_pct": 4.0,
        "soil_ph": 6.1,
        "soil_cec": 15.0,
        "soil_depth_cm": 0.0,
        "weather_monthly": [
          {
            "year": 2020,
            "month": 1,
            "avg_high_c": 8.33,
            "avg_low_c": 3.69,
            "total_rain_mm": 331.66,
            "total_rain_in": 13.06
          },
          {
            "year": 2020,
            "month": 2,
            "avg_high_c": 9.3,
            "avg_low_c": 1.59,
            "total_rain_mm": 119.69,
            "total_rain_in": 4.71
          },
          {
            "year": 2020,
            "month": 3,
            "avg_high_c": 10.58,
            "avg_low_c": 1.93,
            "total_rain_mm": 119.65,
            "total_rain_in": 4.71
          },
          {
            "year": 2020,
            "month": 4,
            "avg_high_c": 15.36,
            "avg_low_c": 4.91,
            "total_rain_mm": 65.25,
            "total_rain_in": 2.57
          },
          {
            "year": 2020,
            "month": 5,
            "avg_high_c": 18.1,
            "avg_low_c": 7.97,
            "total_rain_mm": 129.22,
            "total_rain_in": 5.09
          },
          {
            "year": 2020,
            "month": 6,
            "avg_high_c": 19.57,
            "avg_low_c": 9.34,
            "total_rain_mm": 97.62,
            "total_rain_in": 3.84
          },
          {
            "year": 2020,
            "month": 7,
            "avg_high_c": 24.4,
            "avg_low_c": 11.06,
            "total_rain_mm": 3.63,
            "total_rain_in": 0.14
          },
          {
            "year": 2020,
            "month": 8,
            "avg_high_c": 25.88,
            "avg_low_c": 11.44,
            "total_rain_mm": 5.11,
            "total_rain_in": 0.2
          },
          {
            "year": 2020,
            "month": 9,
            "avg_high_c": 24.8,
            "avg_low_c": 11.76,
            "total_rain_mm": 75.48,
            "total_rain_in": 2.97
          },
          {
            "year": 2020,
            "month": 10,
            "avg_high_c": 17.88,
            "avg_low_c": 7.03,
            "total_rain_mm": 95.76,
            "total_rain_in": 3.77
          },
          {
            "year": 2020,
            "month": 11,
            "avg_high_c": 10.62,
            "avg_low_c": 2.98,
            "total_rain_mm": 245.69,
            "total_rain_in": 9.67
          },
          {
            "year": 2020,
            "month": 12,
            "avg_high_c": 9.56,
            "avg_low_c": 2.24,
            "total_rain_mm": 231.54,
            "total_rain_in": 9.12
          },
          {
            "year": 2021,
            "month": 1,
            "avg_high_c": 8.81,
            "avg_low_c": 2.61,
            "total_rain_mm": 260.36,
            "total_rain_in": 10.25
          },
          {
            "year": 2021,
            "month": 2,
            "avg_high_c": 7.61,
            "avg_low_c": 1.86,
            "total_rain_mm": 215.93,
            "total_rain_in": 8.5
          },
          {
            "year": 2021,
            "month": 3,
            "avg_high_c": 11.05,
            "avg_low_c": 1.47,
            "total_rain_mm": 82.08,
            "total_rain_in": 3.23
          },
          {
            "year": 2021,
            "month": 4,
            "avg_high_c": 16.05,
            "avg_low_c": 3.87,
            "total_rain_mm": 27.34,
            "total_rain_in": 1.08
          },
          {
            "year": 2021,
            "month": 5,
            "avg_high_c": 18.03,
            "avg_low_c": 6.8,
            "total_rain_mm": 47.74,
            "total_rain_in": 1.88
          },
          {
            "year": 2021,
            "month": 6,
            "avg_high_c": 24.25,
            "avg_low_c": 11.1,
            "total_rain_mm": 49.29,
            "total_rain_in": 1.94
          },
          {
            "year": 2021,
            "month": 7,
            "avg_high_c": 27.3,
            "avg_low_c": 11.55,
            "total_rain_mm": 1.83,
            "total_rain_in": 0.07
          },
          {
            "year": 2021,
            "month": 8,
            "avg_high_c": 27.65,
            "avg_low_c": 12.56,
            "total_rain_mm": 2.92,
            "total_rain_in": 0.11
          },
          {
            "year": 2021,
            "month": 9,
            "avg_high_c": 24.55,
            "avg_low_c": 10.43,
            "total_rain_mm": 101.83,
            "total_rain_in": 4.01
          },
          {
            "year": 2021,
            "month": 10,
            "avg_high_c": 15.52,
            "avg_low_c": 6.56,
            "total_rain_mm": 148.73,
            "total_rain_in": 5.86
          },
          {
            "year": 2021,
            "month": 11,
            "avg_high_c": 12.28,
            "avg_low_c": 5.35,
            "total_rain_mm": 250.09,
            "total_rain_in": 9.85
          },
          {
            "year": 2021,
            "month": 12,
            "avg_high_c": 5.61,
            "avg_low_c": 0.97,
            "total_rain_mm": 309.17,
            "total_rain_in": 12.17
          },
          {
            "year": 2022,
            "month": 1,
            "avg_high_c": 9.29,
            "avg_low_c": 1.87,
            "total_rain_mm": 185.19,
            "total_rain_in": 7.29
          },
          {
            "year": 2022,
            "month": 2,
            "avg_high_c": 9.66,
            "avg_low_c": 1.72,
            "total_rain_mm": 98.54,
            "total_rain_in": 3.88
          },
          {
            "year": 2022,
            "month": 3,
            "avg_high_c": 11.99,
            "avg_low_c": 3.83,
            "total_rain_mm": 125.82,
            "total_rain_in": 4.95
          },
          {
            "year": 2022,
            "month": 4,
            "avg_high_c": 11.48,
            "avg_low_c": 2.65,
            "total_rain_mm": 200.52,
            "total_rain_in": 7.89
          },
          {
            "year": 2022,
            "month": 5,
            "avg_high_c": 15.04,
            "avg_low_c": 6.2,
            "total_rain_mm": 191.01,
            "total_rain_in": 7.52
          },
          {
            "year": 2022,
            "month": 6,
            "avg_high_c": 19.96,
            "avg_low_c": 9.78,
            "total_rain_mm": 128.91,
            "total_rain_in": 5.08
          },
          {
            "year": 2022,
            "month": 7,
            "avg_high_c": 25.26,
            "avg_low_c": 12.21,
            "total_rain_mm": 8.52,
            "total_rain_in": 0.34
          },
          {
            "year": 2022,
            "month": 8,
            "avg_high_c": 27.38,
            "avg_low_c": 13.3,
            "total_rain_mm": 1.96,
            "total_rain_in": 0.08
          },
          {
            "year": 2022,
            "month": 9,
            "avg_high_c": 25.27,
            "avg_low_c": 11.26,
            "total_rain_mm": 12.33,
            "total_rain_in": 0.49
          },
          {
            "year": 2022,
            "month": 10,
            "avg_high_c": 21.88,
            "avg_low_c": 8.89,
            "total_rain_mm": 83.79,
            "total_rain_in": 3.3
          },
          {
            "year": 2022,
            "month": 11,
            "avg_high_c": 9.53,
            "avg_low_c": 1.32,
            "total_rain_mm": 209.49,
            "total_rain_in": 8.25
          },
          {
            "year": 2022,
            "month": 12,
            "avg_high_c": 7.23,
            "avg_low_c": 1.41,
            "total_rain_mm": 213.47,
            "total_rain_in": 8.4
          },
          {
            "year": 2023,
            "month": 1,
            "avg_high_c": 8.1,
            "avg_low_c": 2.21,
            "total_rain_mm": 124.27,
            "total_rain_in": 4.89
          },
          {
            "year": 2023,
            "month": 2,
            "avg_high_c": 7.34,
            "avg_low_c": 0.11,
            "total_rain_mm": 126.83,
            "total_rain_in": 4.99
          },
          {
            "year": 2023,
            "month": 3,
            "avg_high_c": 8.74,
            "avg_low_c": 0.78,
            "total_rain_mm": 189.54,
            "total_rain_in": 7.46
          },
          {
            "year": 2023,
            "month": 4,
            "avg_high_c": 12.14,
            "avg_low_c": 3.83,
            "total_rain_mm": 194.6,
            "total_rain_in": 7.66
          },
          {
            "year": 2023,
            "month": 5,
            "avg_high_c": 20.07,
            "avg_low_c": 8.51,
            "total_rain_mm": 27.12,
            "total_rain_in": 1.07
          },
          {
            "year": 2023,
            "month": 6,
            "avg_high_c": 21.75,
            "avg_low_c": 8.84,
            "total_rain_mm": 19.41,
            "total_rain_in": 0.76
          },
          {
            "year": 2023,
            "month": 7,
            "avg_high_c": 26.77,
            "avg_low_c": 11.45,
            "total_rain_mm": 2.08,
            "total_rain_in": 0.08
          },
          {
            "year": 2023,
            "month": 8,
            "avg_high_c": 29.03,
            "avg_low_c": 13.52,
            "total_rain_mm": 21.34,
            "total_rain_in": 0.84
          },
          {
            "year": 2023,
            "month": 9,
            "avg_high_c": 23.57,
            "avg_low_c": 10.75,
            "total_rain_mm": 70.6,
            "total_rain_in": 2.78
          },
          {
            "year": 2023,
            "month": 10,
            "avg_high_c": 18.22,
            "avg_low_c": 7.61,
            "total_rain_mm": 117.2,
            "total_rain_in": 4.61
          },
          {
            "year": 2023,
            "month": 11,
            "avg_high_c": 11.95,
            "avg_low_c": 3.59,
            "total_rain_mm": 187.96,
            "total_rain_in": 7.4
          },
          {
            "year": 2023,
            "month": 12,
            "avg_high_c": 10.68,
            "avg_low_c": 4.45,
            "total_rain_mm": 295.35,
            "total_rain_in": 11.63
          },
          {
            "year": 2024,
            "month": 1,
            "avg_high_c": 8.28,
            "avg_low_c": 2.91,
            "total_rain_mm": 370.12,
            "total_rain_in": 14.57
          },
          {
            "year": 2024,
            "month": 2,
            "avg_high_c": 10.14,
            "avg_low_c": 3.26,
            "total_rain_mm": 200.23,
            "total_rain_in": 7.88
          },
          {
            "year": 2024,
            "month": 3,
            "avg_high_c": 11.51,
            "avg_low_c": 3.24,
            "total_rain_mm": 164.08,
            "total_rain_in": 6.46
          },
          {
            "year": 2024,
            "month": 4,
            "avg_high_c": 14.23,
            "avg_low_c": 4.47,
            "total_rain_mm": 94.88,
            "total_rain_in": 3.74
          },
          {
            "year": 2024,
            "month": 5,
            "avg_high_c": 17.15,
            "avg_low_c": 6.5,
            "total_rain_mm": 118.44,
            "total_rain_in": 4.66
          },
          {
            "year": 2024,
            "month": 6,
            "avg_high_c": 20.38,
            "avg_low_c": 9.29,
            "total_rain_mm": 74.42,
            "total_rain_in": 2.93
          },
          {
            "year": 2024,
            "month": 7,
            "avg_high_c": 27.02,
            "avg_low_c": 12.01,
            "total_rain_mm": 7.22,
            "total_rain_in": 0.28
          },
          {
            "year": 2024,
            "month": 8,
            "avg_high_c": 25.73,
            "avg_low_c": 12.22,
            "total_rain_mm": 22.59,
            "total_rain_in": 0.89
          },
          {
            "year": 2024,
            "month": 9,
            "avg_high_c": 24.48,
            "avg_low_c": 11.29,
            "total_rain_mm": 33.37,
            "total_rain_in": 1.31
          },
          {
            "year": 2024,
            "month": 10,
            "avg_high_c": 18.76,
            "avg_low_c": 7.37,
            "total_rain_mm": 131.82,
            "total_rain_in": 5.19
          },
          {
            "year": 2024,
            "month": 11,
            "avg_high_c": 9.95,
            "avg_low_c": 4.08,
            "total_rain_mm": 284.69,
            "total_rain_in": 11.21
          },
          {
            "year": 2024,
            "month": 12,
            "avg_high_c": 9.31,
            "avg_low_c": 3.22,
            "total_rain_mm": 297.03,
            "total_rain_in": 11.69
          },
          {
            "year": 2025,
            "month": 1,
            "avg_high_c": 7.89,
            "avg_low_c": 0.22,
            "total_rain_mm": 116.9,
            "total_rain_in": 4.6
          },
          {
            "year": 2025,
            "month": 2,
            "avg_high_c": 8.27,
            "avg_low_c": 1.66,
            "total_rain_mm": 206.54,
            "total_rain_in": 8.13
          },
          {
            "year": 2025,
            "month": 3,
            "avg_high_c": 11.38,
            "avg_low_c": 4.41,
            "total_rain_mm": 241.61,
            "total_rain_in": 9.51
          },
          {
            "year": 2025,
            "month": 4,
            "avg_high_c": 15.77,
            "avg_low_c": 4.72,
            "total_rain_mm": 64.12,
            "total_rain_in": 2.52
          },
          {
            "year": 2025,
            "month": 5,
            "avg_high_c": 17.45,
            "avg_low_c": 6.68,
            "total_rain_mm": 52.17,
            "total_rain_in": 2.05
          },
          {
            "year": 2025,
            "month": 6,
            "avg_high_c": 21.6,
            "avg_low_c": 9.69,
            "total_rain_mm": 34.37,
            "total_rain_in": 1.35
          },
          {
            "year": 2025,
            "month": 7,
            "avg_high_c": 26.13,
            "avg_low_c": 11.56,
            "total_rain_mm": 1.41,
            "total_rain_in": 0.06
          },
          {
            "year": 2025,
            "month": 8,
            "avg_high_c": 28.06,
            "avg_low_c": 13.39,
            "total_rain_mm": 20.61,
            "total_rain_in": 0.81
          },
          {
            "year": 2025,
            "month": 9,
            "avg_high_c": 24.77,
            "avg_low_c": 11.37,
            "total_rain_mm": 49.32,
            "total_rain_in": 1.94
          },
          {
            "year": 2025,
            "month": 10,
            "avg_high_c": 15.59,
            "avg_low_c": 6.02,
            "total_rain_mm": 148.04,
            "total_rain_in": 5.83
          },
          {
            "year": 2025,
            "month": 11,
            "avg_high_c": 11.64,
            "avg_low_c": 5.24,
            "total_rain_mm": 176.54,
            "total_rain_in": 6.95
          },
          {
            "year": 2025,
            "month": 12,
            "avg_high_c": 9.99,
            "avg_low_c": 4.33,
            "total_rain_mm": 352.37,
            "total_rain_in": 13.87
          }
        ]
      },
      "geometry": {
        "type": "MultiPolygon",
        "coordinates": [
          [
            [
              [
                -2088042.9594,
                2743604.8395000007
              ],
              [
                -2088015.7912000008,
                2743596.9444999993
              ],
              [
                -2087995.4151000008,
                2743591.0232999995
              ],
              [
                -2087968.2467999998,
                2743583.1284999996
              ],
              [
                -2087920.7024000008,
                2743569.3128999993
              ],
              [
                -2087904.6910999995,
                2743523.022
              ],
              [
                -2087913.0589000005,
                2743494.2246000003
              ],
              [
                -2087912.2072,
                2743421.1097999997
              ],
              [
                -2087923.3641999997,
                2743382.713199999
              ],
              [
                -2087943.7409000006,
                2743388.6340999994
              ],
              [
                -2087991.2865999993,
                2743402.4498999994
              ],
              [
                -2087980.1292000003,
                2743440.8464
              ],
              [
                -2088018.4554999992,
                2743410.344799999
              ],
              [
                -2088053.9925999995,
                2743389.442399999
              ],
              [
                -2088074.3693000004,
                2743395.3637000006
              ],
              [
                -2088085.5271000005,
                2743356.9672999997
              ],
              [
                -2088112.6962000001,
                2743364.8625000007
              ],
              [
                -2088123.8541,
                2743326.4661
              ],
              [
                -2088171.4002,
                2743340.2830999997
              ],
              [
                -2088200.1458,
                2743317.4075000007
              ],
              [
                -2088211.3040999994,
                2743279.0111
              ],
              [
                -2088219.6728000008,
                2743250.2138
              ],
              [
                -2088230.8311,
                2743211.817399999
              ],
              [
                -2088239.1998999994,
                2743183.0199999996
              ],
              [
                -2088266.3695999999,
                2743190.9157999996
              ],
              [
                -2088313.9166,
                2743204.7336999997
              ],
              [
                -2088325.9246999994,
                2743239.4529999997
              ],
              [
                -2088306.3968000002,
                2743306.6465000007
              ],
              [
                -2088286.8688999992,
                2743373.8399
              ],
              [
                -2088268.9178999998,
                2743410.2621
              ],
              [
                -2088235.8057000004,
                2743473.5074000005
              ],
              [
                -2088177.951199999,
                2743571.2010999992
              ],
              [
                -2088172.0077999998,
                2743642.3419000003
              ],
              [
                -2088163.6389000006,
                2743671.1389000006
              ],
              [
                -2088034.591,
                2743633.6367000006
              ],
              [
                -2088042.9594,
                2743604.8395000007
              ]
            ]
          ]
        ]
      }
    },
    {
      "type": "Feature",
      "properties": {
        "field_id": "WV_AG_029",
        "lat": 44.30058769068435,
        "lon": -123.26565725829239,
        "area_acres": 48.890331328098,
        "crop_code": 24,
        "cdl_crop": "Winter Wheat",
        "crop_dominant_pct": 92.6,
        "soil_muname": "Coburg silty clay loam, 0 to 3 percent slopes",
        "soil_drainage": "Moderately well drained",
        "soil_clay_pct": 30.0,
        "soil_sand_pct": 15.0,
        "soil_silt_pct": 55.0,
        "soil_om_pct": 4.5,
        "soil_ph": 5.6,
        "soil_cec": 30.0,
        "soil_depth_cm": 0.0,
        "weather_monthly": [
          {
            "year": 2020,
            "month": 1,
            "avg_high_c": 8.29,
            "avg_low_c": 3.45,
            "total_rain_mm": 335.74,
            "total_rain_in": 13.22
          },
          {
            "year": 2020,
            "month": 2,
            "avg_high_c": 9.41,
            "avg_low_c": 1.31,
            "total_rain_mm": 106.13,
            "total_rain_in": 4.18
          },
          {
            "year": 2020,
            "month": 3,
            "avg_high_c": 10.89,
            "avg_low_c": 1.82,
            "total_rain_mm": 122.53,
            "total_rain_in": 4.82
          },
          {
            "year": 2020,
            "month": 4,
            "avg_high_c": 15.33,
            "avg_low_c": 4.78,
            "total_rain_mm": 69.14,
            "total_rain_in": 2.72
          },
          {
            "year": 2020,
            "month": 5,
            "avg_high_c": 17.79,
            "avg_low_c": 7.72,
            "total_rain_mm": 134.18,
            "total_rain_in": 5.28
          },
          {
            "year": 2020,
            "month": 6,
            "avg_high_c": 19.47,
            "avg_low_c": 9.28,
            "total_rain_mm": 75.69,
            "total_rain_in": 2.98
          },
          {
            "year": 2020,
            "month": 7,
            "avg_high_c": 23.62,
            "avg_low_c": 10.84,
            "total_rain_mm": 1.22,
            "total_rain_in": 0.05
          },
          {
            "year": 2020,
            "month": 8,
            "avg_high_c": 25.28,
            "avg_low_c": 10.98,
            "total_rain_mm": 2.78,
            "total_rain_in": 0.11
          },
          {
            "year": 2020,
            "month": 9,
            "avg_high_c": 24.88,
            "avg_low_c": 11.82,
            "total_rain_mm": 72.75,
            "total_rain_in": 2.86
          },
          {
            "year": 2020,
            "month": 10,
            "avg_high_c": 18.05,
            "avg_low_c": 6.83,
            "total_rain_mm": 69.47,
            "total_rain_in": 2.74
          },
          {
            "year": 2020,
            "month": 11,
            "avg_high_c": 10.89,
            "avg_low_c": 2.86,
            "total_rain_mm": 232.5,
            "total_rain_in": 9.15
          },
          {
            "year": 2020,
            "month": 12,
            "avg_high_c": 9.48,
            "avg_low_c": 1.8,
            "total_rain_mm": 218.39,
            "total_rain_in": 8.6
          },
          {
            "year": 2021,
            "month": 1,
            "avg_high_c": 8.91,
            "avg_low_c": 2.45,
            "total_rain_mm": 254.08,
            "total_rain_in": 10.0
          },
          {
            "year": 2021,
            "month": 2,
            "avg_high_c": 7.83,
            "avg_low_c": 1.9,
            "total_rain_mm": 199.0,
            "total_rain_in": 7.83
          },
          {
            "year": 2021,
            "month": 3,
            "avg_high_c": 11.03,
            "avg_low_c": 1.41,
            "total_rain_mm": 76.2,
            "total_rain_in": 3.0
          },
          {
            "year": 2021,
            "month": 4,
            "avg_high_c": 16.03,
            "avg_low_c": 3.49,
            "total_rain_mm": 26.64,
            "total_rain_in": 1.05
          },
          {
            "year": 2021,
            "month": 5,
            "avg_high_c": 17.61,
            "avg_low_c": 6.63,
            "total_rain_mm": 32.61,
            "total_rain_in": 1.28
          },
          {
            "year": 2021,
            "month": 6,
            "avg_high_c": 23.31,
            "avg_low_c": 10.75,
            "total_rain_mm": 48.27,
            "total_rain_in": 1.9
          },
          {
            "year": 2021,
            "month": 7,
            "avg_high_c": 26.5,
            "avg_low_c": 11.41,
            "total_rain_mm": 1.97,
            "total_rain_in": 0.08
          },
          {
            "year": 2021,
            "month": 8,
            "avg_high_c": 27.12,
            "avg_low_c": 12.3,
            "total_rain_mm": 1.69,
            "total_rain_in": 0.07
          },
          {
            "year": 2021,
            "month": 9,
            "avg_high_c": 24.68,
            "avg_low_c": 9.98,
            "total_rain_mm": 85.39,
            "total_rain_in": 3.36
          },
          {
            "year": 2021,
            "month": 10,
            "avg_high_c": 15.78,
            "avg_low_c": 6.61,
            "total_rain_mm": 126.84,
            "total_rain_in": 4.99
          },
          {
            "year": 2021,
            "month": 11,
            "avg_high_c": 12.39,
            "avg_low_c": 4.82,
            "total_rain_mm": 205.74,
            "total_rain_in": 8.1
          },
          {
            "year": 2021,
            "month": 12,
            "avg_high_c": 6.18,
            "avg_low_c": 1.36,
            "total_rain_mm": 308.92,
            "total_rain_in": 12.16
          },
          {
            "year": 2022,
            "month": 1,
            "avg_high_c": 9.77,
            "avg_low_c": 1.92,
            "total_rain_mm": 158.73,
            "total_rain_in": 6.25
          },
          {
            "year": 2022,
            "month": 2,
            "avg_high_c": 10.27,
            "avg_low_c": 1.55,
            "total_rain_mm": 85.78,
            "total_rain_in": 3.38
          },
          {
            "year": 2022,
            "month": 3,
            "avg_high_c": 12.11,
            "avg_low_c": 3.66,
            "total_rain_mm": 115.37,
            "total_rain_in": 4.54
          },
          {
            "year": 2022,
            "month": 4,
            "avg_high_c": 11.74,
            "avg_low_c": 2.97,
            "total_rain_mm": 181.66,
            "total_rain_in": 7.15
          },
          {
            "year": 2022,
            "month": 5,
            "avg_high_c": 15.02,
            "avg_low_c": 6.09,
            "total_rain_mm": 173.68,
            "total_rain_in": 6.84
          },
          {
            "year": 2022,
            "month": 6,
            "avg_high_c": 20.05,
            "avg_low_c": 9.46,
            "total_rain_mm": 102.97,
            "total_rain_in": 4.05
          },
          {
            "year": 2022,
            "month": 7,
            "avg_high_c": 24.84,
            "avg_low_c": 12.19,
            "total_rain_mm": 7.17,
            "total_rain_in": 0.28
          },
          {
            "year": 2022,
            "month": 8,
            "avg_high_c": 26.1,
            "avg_low_c": 12.91,
            "total_rain_mm": 2.85,
            "total_rain_in": 0.11
          },
          {
            "year": 2022,
            "month": 9,
            "avg_high_c": 24.47,
            "avg_low_c": 11.0,
            "total_rain_mm": 8.81,
            "total_rain_in": 0.35
          },
          {
            "year": 2022,
            "month": 10,
            "avg_high_c": 21.37,
            "avg_low_c": 8.75,
            "total_rain_mm": 58.08,
            "total_rain_in": 2.29
          },
          {
            "year": 2022,
            "month": 11,
            "avg_high_c": 9.79,
            "avg_low_c": 0.95,
            "total_rain_mm": 178.0,
            "total_rain_in": 7.01
          },
          {
            "year": 2022,
            "month": 12,
            "avg_high_c": 7.87,
            "avg_low_c": 1.37,
            "total_rain_mm": 195.13,
            "total_rain_in": 7.68
          },
          {
            "year": 2023,
            "month": 1,
            "avg_high_c": 8.03,
            "avg_low_c": 1.69,
            "total_rain_mm": 125.73,
            "total_rain_in": 4.95
          },
          {
            "year": 2023,
            "month": 2,
            "avg_high_c": 7.67,
            "avg_low_c": 0.08,
            "total_rain_mm": 120.26,
            "total_rain_in": 4.73
          },
          {
            "year": 2023,
            "month": 3,
            "avg_high_c": 8.6,
            "avg_low_c": 0.45,
            "total_rain_mm": 204.35,
            "total_rain_in": 8.05
          },
          {
            "year": 2023,
            "month": 4,
            "avg_high_c": 12.24,
            "avg_low_c": 3.7,
            "total_rain_mm": 183.89,
            "total_rain_in": 7.24
          },
          {
            "year": 2023,
            "month": 5,
            "avg_high_c": 19.84,
            "avg_low_c": 8.26,
            "total_rain_mm": 19.98,
            "total_rain_in": 0.79
          },
          {
            "year": 2023,
            "month": 6,
            "avg_high_c": 21.61,
            "avg_low_c": 8.67,
            "total_rain_mm": 11.98,
            "total_rain_in": 0.47
          },
          {
            "year": 2023,
            "month": 7,
            "avg_high_c": 26.14,
            "avg_low_c": 11.26,
            "total_rain_mm": 1.1,
            "total_rain_in": 0.04
          },
          {
            "year": 2023,
            "month": 8,
            "avg_high_c": 28.47,
            "avg_low_c": 13.2,
            "total_rain_mm": 15.84,
            "total_rain_in": 0.62
          },
          {
            "year": 2023,
            "month": 9,
            "avg_high_c": 23.69,
            "avg_low_c": 10.6,
            "total_rain_mm": 69.32,
            "total_rain_in": 2.73
          },
          {
            "year": 2023,
            "month": 10,
            "avg_high_c": 18.08,
            "avg_low_c": 7.62,
            "total_rain_mm": 112.67,
            "total_rain_in": 4.44
          },
          {
            "year": 2023,
            "month": 11,
            "avg_high_c": 12.32,
            "avg_low_c": 3.76,
            "total_rain_mm": 171.73,
            "total_rain_in": 6.76
          },
          {
            "year": 2023,
            "month": 12,
            "avg_high_c": 10.81,
            "avg_low_c": 4.63,
            "total_rain_mm": 291.62,
            "total_rain_in": 11.48
          },
          {
            "year": 2024,
            "month": 1,
            "avg_high_c": 9.42,
            "avg_low_c": 4.06,
            "total_rain_mm": 392.13,
            "total_rain_in": 15.44
          },
          {
            "year": 2024,
            "month": 2,
            "avg_high_c": 10.23,
            "avg_low_c": 3.33,
            "total_rain_mm": 199.65,
            "total_rain_in": 7.86
          },
          {
            "year": 2024,
            "month": 3,
            "avg_high_c": 11.63,
            "avg_low_c": 2.94,
            "total_rain_mm": 178.34,
            "total_rain_in": 7.02
          },
          {
            "year": 2024,
            "month": 4,
            "avg_high_c": 14.12,
            "avg_low_c": 4.3,
            "total_rain_mm": 93.08,
            "total_rain_in": 3.66
          },
          {
            "year": 2024,
            "month": 5,
            "avg_high_c": 17.1,
            "avg_low_c": 6.17,
            "total_rain_mm": 106.35,
            "total_rain_in": 4.19
          },
          {
            "year": 2024,
            "month": 6,
            "avg_high_c": 20.44,
            "avg_low_c": 9.21,
            "total_rain_mm": 57.73,
            "total_rain_in": 2.27
          },
          {
            "year": 2024,
            "month": 7,
            "avg_high_c": 26.3,
            "avg_low_c": 11.94,
            "total_rain_mm": 5.44,
            "total_rain_in": 0.21
          },
          {
            "year": 2024,
            "month": 8,
            "avg_high_c": 25.26,
            "avg_low_c": 12.04,
            "total_rain_mm": 20.57,
            "total_rain_in": 0.81
          },
          {
            "year": 2024,
            "month": 9,
            "avg_high_c": 24.25,
            "avg_low_c": 10.86,
            "total_rain_mm": 34.03,
            "total_rain_in": 1.34
          },
          {
            "year": 2024,
            "month": 10,
            "avg_high_c": 18.82,
            "avg_low_c": 7.09,
            "total_rain_mm": 123.02,
            "total_rain_in": 4.84
          },
          {
            "year": 2024,
            "month": 11,
            "avg_high_c": 10.25,
            "avg_low_c": 4.12,
            "total_rain_mm": 316.42,
            "total_rain_in": 12.46
          },
          {
            "year": 2024,
            "month": 12,
            "avg_high_c": 9.56,
            "avg_low_c": 3.41,
            "total_rain_mm": 301.4,
            "total_rain_in": 11.87
          },
          {
            "year": 2025,
            "month": 1,
            "avg_high_c": 8.3,
            "avg_low_c": 0.38,
            "total_rain_mm": 131.61,
            "total_rain_in": 5.18
          },
          {
            "year": 2025,
            "month": 2,
            "avg_high_c": 8.57,
            "avg_low_c": 1.98,
            "total_rain_mm": 208.24,
            "total_rain_in": 8.2
          },
          {
            "year": 2025,
            "month": 3,
            "avg_high_c": 11.43,
            "avg_low_c": 4.26,
            "total_rain_mm": 258.95,
            "total_rain_in": 10.19
          },
          {
            "year": 2025,
            "month": 4,
            "avg_high_c": 15.68,
            "avg_low_c": 4.55,
            "total_rain_mm": 62.07,
            "total_rain_in": 2.44
          },
          {
            "year": 2025,
            "month": 5,
            "avg_high_c": 17.55,
            "avg_low_c": 6.39,
            "total_rain_mm": 43.47,
            "total_rain_in": 1.71
          },
          {
            "year": 2025,
            "month": 6,
            "avg_high_c": 21.52,
            "avg_low_c": 9.24,
            "total_rain_mm": 31.15,
            "total_rain_in": 1.23
          },
          {
            "year": 2025,
            "month": 7,
            "avg_high_c": 25.74,
            "avg_low_c": 11.48,
            "total_rain_mm": 0.4,
            "total_rain_in": 0.02
          },
          {
            "year": 2025,
            "month": 8,
            "avg_high_c": 28.03,
            "avg_low_c": 13.28,
            "total_rain_mm": 12.83,
            "total_rain_in": 0.51
          },
          {
            "year": 2025,
            "month": 9,
            "avg_high_c": 24.93,
            "avg_low_c": 11.27,
            "total_rain_mm": 48.46,
            "total_rain_in": 1.91
          },
          {
            "year": 2025,
            "month": 10,
            "avg_high_c": 15.99,
            "avg_low_c": 6.03,
            "total_rain_mm": 137.17,
            "total_rain_in": 5.4
          },
          {
            "year": 2025,
            "month": 11,
            "avg_high_c": 12.27,
            "avg_low_c": 5.4,
            "total_rain_mm": 167.03,
            "total_rain_in": 6.58
          },
          {
            "year": 2025,
            "month": 12,
            "avg_high_c": 10.32,
            "avg_low_c": 4.3,
            "total_rain_mm": 310.36,
            "total_rain_in": 12.22
          }
        ]
      },
      "geometry": {
        "type": "MultiPolygon",
        "coordinates": [
          [
            [
              [
                -2139788.9518999998,
                2677158.0237000007
              ],
              [
                -2139797.4519999996,
                2677129.216600001
              ],
              [
                -2139770.0325000007,
                2677121.126
              ],
              [
                -2139749.4678000007,
                2677115.0581
              ],
              [
                -2139740.9679000005,
                2677143.8652
              ],
              [
                -2139665.5643000007,
                2677121.616699999
              ],
              [
                -2139674.0638999995,
                2677092.8094999995
              ],
              [
                -2139644.9996000007,
                2677115.5491000004
              ],
              [
                -2139617.58,
                2677107.4590000007
              ],
              [
                -2139578.0950000007,
                2677064.4944
              ],
              [
                -2139589.4273000006,
                2677026.0845999997
              ],
              [
                -2139557.530099999,
                2677058.426999999
              ],
              [
                -2139530.1103000008,
                2677050.337200001
              ],
              [
                -2139521.611300001,
                2677079.1446
              ],
              [
                -2139446.2070000004,
                2677056.8983999994
              ],
              [
                -2139454.7057000007,
                2677028.091
              ],
              [
                -2139434.1407999992,
                2677022.024
              ],
              [
                -2139406.720899999,
                2677013.934699999
              ],
              [
                -2139397.4871999994,
                2676969.457699999
              ],
              [
                -2139408.818600001,
                2676931.0475999992
              ],
              [
                -2139429.3838,
                2676937.114600001
              ],
              [
                -2139437.8824000005,
                2676908.307
              ],
              [
                -2139449.2138,
                2676869.8969
              ],
              [
                -2139457.7124000005,
                2676841.089299999
              ],
              [
                -2139469.0439,
                2676802.6790999994
              ],
              [
                -2139477.5425000004,
                2676773.8715000004
              ],
              [
                -2139488.874,
                2676735.4613000005
              ],
              [
                -2139516.295,
                2676743.550899999
              ],
              [
                -2139524.7937000003,
                2676714.7432000004
              ],
              [
                -2139497.3726000004,
                2676706.6536
              ],
              [
                -2139508.7040999997,
                2676668.2433
              ],
              [
                -2139517.2027000003,
                2676639.4355999995
              ],
              [
                -2139688.5856999997,
                2676689.9979
              ],
              [
                -2139716.0067999996,
                2676698.088199999
              ],
              [
                -2139727.339400001,
                2676659.678200001
              ],
              [
                -2139775.3266000003,
                2676673.8366
              ],
              [
                -2139763.9937999994,
                2676712.2466
              ],
              [
                -2139784.5595999993,
                2676718.3145000003
              ],
              [
                -2139811.9805999994,
                2676726.405200001
              ],
              [
                -2139823.3137,
                2676687.9954000004
              ],
              [
                -2139871.3006999996,
                2676702.1544000003
              ],
              [
                -2139891.8665999994,
                2676708.2227
              ],
              [
                -2139880.5330999997,
                2676746.6324000005
              ],
              [
                -2139976.5063000005,
                2676774.9516000003
              ],
              [
                -2139956.6719000004,
                2676842.168299999
              ],
              [
                -2139928.337099999,
                2676938.1920999996
              ],
              [
                -2139888.6685000006,
                2677072.625
              ],
              [
                -2139866.0007000007,
                2677149.4437000006
              ],
              [
                -2139845.4361000005,
                2677143.375499999
              ],
              [
                -2139836.935799999,
                2677172.182499999
              ],
              [
                -2139788.9518999998,
                2677158.0237000007
              ]
            ],
            [
              [
                -2139629.0906000007,
                2676891.6502
              ],
              [
                -2139581.104800001,
                2676877.4926999994
              ],
              [
                -2139572.6056999993,
                2676906.3002000004
              ],
              [
                -2139620.5912999995,
                2676920.4575999994
              ],
              [
                -2139629.0906000007,
                2676891.6502
              ]
            ],
            [
              [
                -2139696.908399999,
                2676838.5907000005
              ],
              [
                -2139676.3429000005,
                2676832.523
              ],
              [
                -2139667.8434999995,
                2676861.3303999994
              ],
              [
                -2139688.4089,
                2676867.3981
              ],
              [
                -2139696.908399999,
                2676838.5907000005
              ]
            ]
          ]
        ]
      }
    },
    {
      "type": "Feature",
      "properties": {
        "field_id": "WV_AG_030",
        "lat": 44.20689878033033,
        "lon": -123.28532458047103,
        "area_acres": 12.874924633446,
        "crop_code": 24,
        "cdl_crop": "Winter Wheat",
        "crop_dominant_pct": 90.9,
        "soil_muname": "Coburg silty clay loam",
        "soil_drainage": "Moderately well drained",
        "soil_clay_pct": 31.0,
        "soil_sand_pct": 20.0,
        "soil_silt_pct": 49.0,
        "soil_om_pct": 4.0,
        "soil_ph": 6.1,
        "soil_cec": 22.5,
        "soil_depth_cm": 0.0,
        "weather_monthly": [
          {
            "year": 2020,
            "month": 1,
            "avg_high_c": 7.66,
            "avg_low_c": 3.21,
            "total_rain_mm": 280.71,
            "total_rain_in": 11.05
          },
          {
            "year": 2020,
            "month": 2,
            "avg_high_c": 9.12,
            "avg_low_c": 0.7,
            "total_rain_mm": 88.78,
            "total_rain_in": 3.5
          },
          {
            "year": 2020,
            "month": 3,
            "avg_high_c": 10.54,
            "avg_low_c": 1.58,
            "total_rain_mm": 108.69,
            "total_rain_in": 4.28
          },
          {
            "year": 2020,
            "month": 4,
            "avg_high_c": 15.02,
            "avg_low_c": 4.71,
            "total_rain_mm": 73.03,
            "total_rain_in": 2.88
          },
          {
            "year": 2020,
            "month": 5,
            "avg_high_c": 17.39,
            "avg_low_c": 7.19,
            "total_rain_mm": 120.67,
            "total_rain_in": 4.75
          },
          {
            "year": 2020,
            "month": 6,
            "avg_high_c": 19.11,
            "avg_low_c": 9.05,
            "total_rain_mm": 70.28,
            "total_rain_in": 2.77
          },
          {
            "year": 2020,
            "month": 7,
            "avg_high_c": 23.77,
            "avg_low_c": 11.01,
            "total_rain_mm": 1.23,
            "total_rain_in": 0.05
          },
          {
            "year": 2020,
            "month": 8,
            "avg_high_c": 26.66,
            "avg_low_c": 10.99,
            "total_rain_mm": 2.32,
            "total_rain_in": 0.09
          },
          {
            "year": 2020,
            "month": 9,
            "avg_high_c": 26.07,
            "avg_low_c": 11.71,
            "total_rain_mm": 58.73,
            "total_rain_in": 2.31
          },
          {
            "year": 2020,
            "month": 10,
            "avg_high_c": 19.05,
            "avg_low_c": 7.03,
            "total_rain_mm": 64.71,
            "total_rain_in": 2.55
          },
          {
            "year": 2020,
            "month": 11,
            "avg_high_c": 10.65,
            "avg_low_c": 2.51,
            "total_rain_mm": 204.9,
            "total_rain_in": 8.07
          },
          {
            "year": 2020,
            "month": 12,
            "avg_high_c": 9.4,
            "avg_low_c": 1.62,
            "total_rain_mm": 187.39,
            "total_rain_in": 7.38
          },
          {
            "year": 2021,
            "month": 1,
            "avg_high_c": 8.67,
            "avg_low_c": 2.37,
            "total_rain_mm": 184.79,
            "total_rain_in": 7.28
          },
          {
            "year": 2021,
            "month": 2,
            "avg_high_c": 7.16,
            "avg_low_c": 1.66,
            "total_rain_mm": 163.15,
            "total_rain_in": 6.42
          },
          {
            "year": 2021,
            "month": 3,
            "avg_high_c": 10.78,
            "avg_low_c": 1.09,
            "total_rain_mm": 68.13,
            "total_rain_in": 2.68
          },
          {
            "year": 2021,
            "month": 4,
            "avg_high_c": 15.69,
            "avg_low_c": 3.28,
            "total_rain_mm": 17.85,
            "total_rain_in": 0.7
          },
          {
            "year": 2021,
            "month": 5,
            "avg_high_c": 16.96,
            "avg_low_c": 6.41,
            "total_rain_mm": 33.24,
            "total_rain_in": 1.31
          },
          {
            "year": 2021,
            "month": 6,
            "avg_high_c": 23.28,
            "avg_low_c": 10.71,
            "total_rain_mm": 33.37,
            "total_rain_in": 1.31
          },
          {
            "year": 2021,
            "month": 7,
            "avg_high_c": 27.7,
            "avg_low_c": 11.54,
            "total_rain_mm": 1.42,
            "total_rain_in": 0.06
          },
          {
            "year": 2021,
            "month": 8,
            "avg_high_c": 27.84,
            "avg_low_c": 12.16,
            "total_rain_mm": 1.11,
            "total_rain_in": 0.04
          },
          {
            "year": 2021,
            "month": 9,
            "avg_high_c": 25.0,
            "avg_low_c": 9.64,
            "total_rain_mm": 82.72,
            "total_rain_in": 3.26
          },
          {
            "year": 2021,
            "month": 10,
            "avg_high_c": 16.05,
            "avg_low_c": 6.61,
            "total_rain_mm": 104.65,
            "total_rain_in": 4.12
          },
          {
            "year": 2021,
            "month": 11,
            "avg_high_c": 12.26,
            "avg_low_c": 4.72,
            "total_rain_mm": 156.92,
            "total_rain_in": 6.18
          },
          {
            "year": 2021,
            "month": 12,
            "avg_high_c": 5.99,
            "avg_low_c": 1.66,
            "total_rain_mm": 254.46,
            "total_rain_in": 10.02
          },
          {
            "year": 2022,
            "month": 1,
            "avg_high_c": 10.25,
            "avg_low_c": 1.58,
            "total_rain_mm": 140.49,
            "total_rain_in": 5.53
          },
          {
            "year": 2022,
            "month": 2,
            "avg_high_c": 10.43,
            "avg_low_c": 1.5,
            "total_rain_mm": 44.88,
            "total_rain_in": 1.77
          },
          {
            "year": 2022,
            "month": 3,
            "avg_high_c": 11.97,
            "avg_low_c": 3.41,
            "total_rain_mm": 100.24,
            "total_rain_in": 3.95
          },
          {
            "year": 2022,
            "month": 4,
            "avg_high_c": 11.32,
            "avg_low_c": 2.64,
            "total_rain_mm": 161.54,
            "total_rain_in": 6.36
          },
          {
            "year": 2022,
            "month": 5,
            "avg_high_c": 14.57,
            "avg_low_c": 5.9,
            "total_rain_mm": 174.98,
            "total_rain_in": 6.89
          },
          {
            "year": 2022,
            "month": 6,
            "avg_high_c": 19.98,
            "avg_low_c": 9.33,
            "total_rain_mm": 99.4,
            "total_rain_in": 3.91
          },
          {
            "year": 2022,
            "month": 7,
            "avg_high_c": 24.74,
            "avg_low_c": 12.38,
            "total_rain_mm": 7.74,
            "total_rain_in": 0.3
          },
          {
            "year": 2022,
            "month": 8,
            "avg_high_c": 26.85,
            "avg_low_c": 12.9,
            "total_rain_mm": 1.93,
            "total_rain_in": 0.08
          },
          {
            "year": 2022,
            "month": 9,
            "avg_high_c": 25.2,
            "avg_low_c": 10.87,
            "total_rain_mm": 8.62,
            "total_rain_in": 0.34
          },
          {
            "year": 2022,
            "month": 10,
            "avg_high_c": 21.99,
            "avg_low_c": 8.89,
            "total_rain_mm": 57.5,
            "total_rain_in": 2.26
          },
          {
            "year": 2022,
            "month": 11,
            "avg_high_c": 9.82,
            "avg_low_c": 0.86,
            "total_rain_mm": 160.98,
            "total_rain_in": 6.34
          },
          {
            "year": 2022,
            "month": 12,
            "avg_high_c": 7.61,
            "avg_low_c": 1.27,
            "total_rain_mm": 173.4,
            "total_rain_in": 6.83
          },
          {
            "year": 2023,
            "month": 1,
            "avg_high_c": 7.82,
            "avg_low_c": 1.42,
            "total_rain_mm": 94.49,
            "total_rain_in": 3.72
          },
          {
            "year": 2023,
            "month": 2,
            "avg_high_c": 7.78,
            "avg_low_c": -0.04,
            "total_rain_mm": 112.98,
            "total_rain_in": 4.45
          },
          {
            "year": 2023,
            "month": 3,
            "avg_high_c": 7.61,
            "avg_low_c": -0.22,
            "total_rain_mm": 193.63,
            "total_rain_in": 7.62
          },
          {
            "year": 2023,
            "month": 4,
            "avg_high_c": 11.76,
            "avg_low_c": 3.48,
            "total_rain_mm": 155.44,
            "total_rain_in": 6.12
          },
          {
            "year": 2023,
            "month": 5,
            "avg_high_c": 19.43,
            "avg_low_c": 8.12,
            "total_rain_mm": 27.62,
            "total_rain_in": 1.09
          },
          {
            "year": 2023,
            "month": 6,
            "avg_high_c": 21.13,
            "avg_low_c": 8.79,
            "total_rain_mm": 13.29,
            "total_rain_in": 0.52
          },
          {
            "year": 2023,
            "month": 7,
            "avg_high_c": 26.83,
            "avg_low_c": 11.23,
            "total_rain_mm": 0.8,
            "total_rain_in": 0.03
          },
          {
            "year": 2023,
            "month": 8,
            "avg_high_c": 29.16,
            "avg_low_c": 12.95,
            "total_rain_mm": 13.99,
            "total_rain_in": 0.55
          },
          {
            "year": 2023,
            "month": 9,
            "avg_high_c": 24.05,
            "avg_low_c": 10.15,
            "total_rain_mm": 56.6,
            "total_rain_in": 2.23
          },
          {
            "year": 2023,
            "month": 10,
            "avg_high_c": 18.3,
            "avg_low_c": 7.1,
            "total_rain_mm": 106.79,
            "total_rain_in": 4.2
          },
          {
            "year": 2023,
            "month": 11,
            "avg_high_c": 12.28,
            "avg_low_c": 3.5,
            "total_rain_mm": 139.45,
            "total_rain_in": 5.49
          },
          {
            "year": 2023,
            "month": 12,
            "avg_high_c": 10.7,
            "avg_low_c": 4.32,
            "total_rain_mm": 245.67,
            "total_rain_in": 9.67
          },
          {
            "year": 2024,
            "month": 1,
            "avg_high_c": 9.33,
            "avg_low_c": 4.32,
            "total_rain_mm": 351.31,
            "total_rain_in": 13.83
          },
          {
            "year": 2024,
            "month": 2,
            "avg_high_c": 9.73,
            "avg_low_c": 3.04,
            "total_rain_mm": 178.71,
            "total_rain_in": 7.04
          },
          {
            "year": 2024,
            "month": 3,
            "avg_high_c": 10.96,
            "avg_low_c": 2.61,
            "total_rain_mm": 164.28,
            "total_rain_in": 6.47
          },
          {
            "year": 2024,
            "month": 4,
            "avg_high_c": 13.62,
            "avg_low_c": 4.03,
            "total_rain_mm": 93.19,
            "total_rain_in": 3.67
          },
          {
            "year": 2024,
            "month": 5,
            "avg_high_c": 16.89,
            "avg_low_c": 5.88,
            "total_rain_mm": 103.89,
            "total_rain_in": 4.09
          },
          {
            "year": 2024,
            "month": 6,
            "avg_high_c": 20.35,
            "avg_low_c": 9.04,
            "total_rain_mm": 54.09,
            "total_rain_in": 2.13
          },
          {
            "year": 2024,
            "month": 7,
            "avg_high_c": 26.5,
            "avg_low_c": 12.22,
            "total_rain_mm": 3.37,
            "total_rain_in": 0.13
          },
          {
            "year": 2024,
            "month": 8,
            "avg_high_c": 26.3,
            "avg_low_c": 12.01,
            "total_rain_mm": 24.29,
            "total_rain_in": 0.96
          },
          {
            "year": 2024,
            "month": 9,
            "avg_high_c": 25.02,
            "avg_low_c": 10.59,
            "total_rain_mm": 32.9,
            "total_rain_in": 1.3
          },
          {
            "year": 2024,
            "month": 10,
            "avg_high_c": 19.19,
            "avg_low_c": 6.89,
            "total_rain_mm": 98.47,
            "total_rain_in": 3.88
          },
          {
            "year": 2024,
            "month": 11,
            "avg_high_c": 9.64,
            "avg_low_c": 3.86,
            "total_rain_mm": 293.22,
            "total_rain_in": 11.54
          },
          {
            "year": 2024,
            "month": 12,
            "avg_high_c": 9.76,
            "avg_low_c": 3.29,
            "total_rain_mm": 295.17,
            "total_rain_in": 11.62
          },
          {
            "year": 2025,
            "month": 1,
            "avg_high_c": 8.65,
            "avg_low_c": 0.33,
            "total_rain_mm": 131.95,
            "total_rain_in": 5.19
          },
          {
            "year": 2025,
            "month": 2,
            "avg_high_c": 8.13,
            "avg_low_c": 1.66,
            "total_rain_mm": 190.55,
            "total_rain_in": 7.5
          },
          {
            "year": 2025,
            "month": 3,
            "avg_high_c": 11.05,
            "avg_low_c": 4.06,
            "total_rain_mm": 268.39,
            "total_rain_in": 10.57
          },
          {
            "year": 2025,
            "month": 4,
            "avg_high_c": 15.16,
            "avg_low_c": 4.32,
            "total_rain_mm": 58.55,
            "total_rain_in": 2.31
          },
          {
            "year": 2025,
            "month": 5,
            "avg_high_c": 17.27,
            "avg_low_c": 6.52,
            "total_rain_mm": 44.19,
            "total_rain_in": 1.74
          },
          {
            "year": 2025,
            "month": 6,
            "avg_high_c": 21.41,
            "avg_low_c": 9.22,
            "total_rain_mm": 31.7,
            "total_rain_in": 1.25
          },
          {
            "year": 2025,
            "month": 7,
            "avg_high_c": 26.68,
            "avg_low_c": 11.54,
            "total_rain_mm": 0.73,
            "total_rain_in": 0.03
          },
          {
            "year": 2025,
            "month": 8,
            "avg_high_c": 29.54,
            "avg_low_c": 13.29,
            "total_rain_mm": 10.11,
            "total_rain_in": 0.4
          },
          {
            "year": 2025,
            "month": 9,
            "avg_high_c": 25.66,
            "avg_low_c": 10.95,
            "total_rain_mm": 47.25,
            "total_rain_in": 1.86
          },
          {
            "year": 2025,
            "month": 10,
            "avg_high_c": 16.4,
            "avg_low_c": 6.01,
            "total_rain_mm": 126.39,
            "total_rain_in": 4.98
          },
          {
            "year": 2025,
            "month": 11,
            "avg_high_c": 12.57,
            "avg_low_c": 5.3,
            "total_rain_mm": 124.05,
            "total_rain_in": 4.88
          },
          {
            "year": 2025,
            "month": 12,
            "avg_high_c": 10.45,
            "avg_low_c": 4.15,
            "total_rain_mm": 259.14,
            "total_rain_in": 10.2
          }
        ]
      },
      "geometry": {
        "type": "MultiPolygon",
        "coordinates": [
          [
            [
              [
                -2144064.000600001,
                2667499.9847999997
              ],
              [
                -2144072.5076,
                2667471.173800001
              ],
              [
                -2144083.8501999993,
                2667432.7589999996
              ],
              [
                -2144035.8018999994,
                2667418.5721000005
              ],
              [
                -2143987.7534,
                2667404.385500001
              ],
              [
                -2143996.26,
                2667375.5743000004
              ],
              [
                -2144016.8522999994,
                2667381.6542000007
              ],
              [
                -2144036.701199999,
                2667314.428099999
              ],
              [
                -2144016.1086999997,
                2667308.348099999
              ],
              [
                -2144027.4507999998,
                2667269.9331
              ],
              [
                -2144075.5001999997,
                2667284.119999999
              ],
              [
                -2144134.8921000008,
                2667259.8923000004
              ],
              [
                -2144191.4486999996,
                2667245.2687999997
              ],
              [
                -2144223.384299999,
                2667212.9344999995
              ],
              [
                -2144231.8915999997,
                2667184.123400001
              ],
              [
                -2144222.6416999996,
                2667139.6279000007
              ],
              [
                -2144195.1843999997,
                2667131.5205000006
              ],
              [
                -2144203.6915000007,
                2667102.7093
              ],
              [
                -2144242.491800001,
                2667072.401799999
              ],
              [
                -2144271.5922999997,
                2667049.6711999997
              ],
              [
                -2144299.049900001,
                2667057.7788999993
              ],
              [
                -2144279.1993000004,
                2667125.004899999
              ],
              [
                -2144270.6919,
                2667153.8160999995
              ],
              [
                -2144250.8412999995,
                2667221.0419999994
              ],
              [
                -2144219.6476000007,
                2667326.682499999
              ],
              [
                -2144220.3893,
                2667399.9888000004
              ],
              [
                -2144209.0461,
                2667438.4034
              ],
              [
                -2144200.5386999995,
                2667467.214299999
              ],
              [
                -2144168.6034999993,
                2667499.5483999997
              ],
              [
                -2144112.0484999996,
                2667514.1719000004
              ],
              [
                -2144064.000600001,
                2667499.9847999997
              ]
            ],
            [
              [
                -2144112.9494000003,
                2667410.0282000005
              ],
              [
                -2144124.2920999993,
                2667371.613399999
              ],
              [
                -2144103.6997999996,
                2667365.5330999997
              ],
              [
                -2144092.3572000004,
                2667403.947899999
              ],
              [
                -2144112.9494000003,
                2667410.0282000005
              ]
            ]
          ]
        ]
      }
    },
    {
      "type": "Feature",
      "properties": {
        "field_id": "WV_AG_031",
        "lat": 44.74281558853815,
        "lon": -122.91978136495452,
        "area_acres": 12.2937616877912,
        "crop_code": 36,
        "cdl_crop": "Alfalfa",
        "crop_dominant_pct": 98.1,
        "soil_muname": "Salem gravelly silt loam",
        "soil_drainage": "Well drained",
        "soil_clay_pct": 17.5,
        "soil_sand_pct": 29.1,
        "soil_silt_pct": 53.4,
        "soil_om_pct": 4.0,
        "soil_ph": 6.1,
        "soil_cec": 15.0,
        "soil_depth_cm": 0.0,
        "weather_monthly": [
          {
            "year": 2020,
            "month": 1,
            "avg_high_c": 8.29,
            "avg_low_c": 3.45,
            "total_rain_mm": 335.74,
            "total_rain_in": 13.22
          },
          {
            "year": 2020,
            "month": 2,
            "avg_high_c": 9.41,
            "avg_low_c": 1.31,
            "total_rain_mm": 106.13,
            "total_rain_in": 4.18
          },
          {
            "year": 2020,
            "month": 3,
            "avg_high_c": 10.89,
            "avg_low_c": 1.82,
            "total_rain_mm": 122.53,
            "total_rain_in": 4.82
          },
          {
            "year": 2020,
            "month": 4,
            "avg_high_c": 15.33,
            "avg_low_c": 4.78,
            "total_rain_mm": 69.14,
            "total_rain_in": 2.72
          },
          {
            "year": 2020,
            "month": 5,
            "avg_high_c": 17.79,
            "avg_low_c": 7.72,
            "total_rain_mm": 134.18,
            "total_rain_in": 5.28
          },
          {
            "year": 2020,
            "month": 6,
            "avg_high_c": 19.47,
            "avg_low_c": 9.28,
            "total_rain_mm": 75.69,
            "total_rain_in": 2.98
          },
          {
            "year": 2020,
            "month": 7,
            "avg_high_c": 23.62,
            "avg_low_c": 10.84,
            "total_rain_mm": 1.22,
            "total_rain_in": 0.05
          },
          {
            "year": 2020,
            "month": 8,
            "avg_high_c": 25.28,
            "avg_low_c": 10.98,
            "total_rain_mm": 2.78,
            "total_rain_in": 0.11
          },
          {
            "year": 2020,
            "month": 9,
            "avg_high_c": 24.88,
            "avg_low_c": 11.82,
            "total_rain_mm": 72.75,
            "total_rain_in": 2.86
          },
          {
            "year": 2020,
            "month": 10,
            "avg_high_c": 18.05,
            "avg_low_c": 6.83,
            "total_rain_mm": 69.47,
            "total_rain_in": 2.74
          },
          {
            "year": 2020,
            "month": 11,
            "avg_high_c": 10.89,
            "avg_low_c": 2.86,
            "total_rain_mm": 232.5,
            "total_rain_in": 9.15
          },
          {
            "year": 2020,
            "month": 12,
            "avg_high_c": 9.48,
            "avg_low_c": 1.8,
            "total_rain_mm": 218.39,
            "total_rain_in": 8.6
          },
          {
            "year": 2021,
            "month": 1,
            "avg_high_c": 8.91,
            "avg_low_c": 2.45,
            "total_rain_mm": 254.08,
            "total_rain_in": 10.0
          },
          {
            "year": 2021,
            "month": 2,
            "avg_high_c": 7.83,
            "avg_low_c": 1.9,
            "total_rain_mm": 199.0,
            "total_rain_in": 7.83
          },
          {
            "year": 2021,
            "month": 3,
            "avg_high_c": 11.03,
            "avg_low_c": 1.41,
            "total_rain_mm": 76.2,
            "total_rain_in": 3.0
          },
          {
            "year": 2021,
            "month": 4,
            "avg_high_c": 16.03,
            "avg_low_c": 3.49,
            "total_rain_mm": 26.64,
            "total_rain_in": 1.05
          },
          {
            "year": 2021,
            "month": 5,
            "avg_high_c": 17.61,
            "avg_low_c": 6.63,
            "total_rain_mm": 32.61,
            "total_rain_in": 1.28
          },
          {
            "year": 2021,
            "month": 6,
            "avg_high_c": 23.31,
            "avg_low_c": 10.75,
            "total_rain_mm": 48.27,
            "total_rain_in": 1.9
          },
          {
            "year": 2021,
            "month": 7,
            "avg_high_c": 26.5,
            "avg_low_c": 11.41,
            "total_rain_mm": 1.97,
            "total_rain_in": 0.08
          },
          {
            "year": 2021,
            "month": 8,
            "avg_high_c": 27.12,
            "avg_low_c": 12.3,
            "total_rain_mm": 1.69,
            "total_rain_in": 0.07
          },
          {
            "year": 2021,
            "month": 9,
            "avg_high_c": 24.68,
            "avg_low_c": 9.98,
            "total_rain_mm": 85.39,
            "total_rain_in": 3.36
          },
          {
            "year": 2021,
            "month": 10,
            "avg_high_c": 15.78,
            "avg_low_c": 6.61,
            "total_rain_mm": 126.84,
            "total_rain_in": 4.99
          },
          {
            "year": 2021,
            "month": 11,
            "avg_high_c": 12.39,
            "avg_low_c": 4.82,
            "total_rain_mm": 205.74,
            "total_rain_in": 8.1
          },
          {
            "year": 2021,
            "month": 12,
            "avg_high_c": 6.18,
            "avg_low_c": 1.36,
            "total_rain_mm": 308.92,
            "total_rain_in": 12.16
          },
          {
            "year": 2022,
            "month": 1,
            "avg_high_c": 9.77,
            "avg_low_c": 1.92,
            "total_rain_mm": 158.73,
            "total_rain_in": 6.25
          },
          {
            "year": 2022,
            "month": 2,
            "avg_high_c": 10.27,
            "avg_low_c": 1.55,
            "total_rain_mm": 85.78,
            "total_rain_in": 3.38
          },
          {
            "year": 2022,
            "month": 3,
            "avg_high_c": 12.11,
            "avg_low_c": 3.66,
            "total_rain_mm": 115.37,
            "total_rain_in": 4.54
          },
          {
            "year": 2022,
            "month": 4,
            "avg_high_c": 11.74,
            "avg_low_c": 2.97,
            "total_rain_mm": 181.66,
            "total_rain_in": 7.15
          },
          {
            "year": 2022,
            "month": 5,
            "avg_high_c": 15.02,
            "avg_low_c": 6.09,
            "total_rain_mm": 173.68,
            "total_rain_in": 6.84
          },
          {
            "year": 2022,
            "month": 6,
            "avg_high_c": 20.05,
            "avg_low_c": 9.46,
            "total_rain_mm": 102.97,
            "total_rain_in": 4.05
          },
          {
            "year": 2022,
            "month": 7,
            "avg_high_c": 24.84,
            "avg_low_c": 12.19,
            "total_rain_mm": 7.17,
            "total_rain_in": 0.28
          },
          {
            "year": 2022,
            "month": 8,
            "avg_high_c": 26.1,
            "avg_low_c": 12.91,
            "total_rain_mm": 2.85,
            "total_rain_in": 0.11
          },
          {
            "year": 2022,
            "month": 9,
            "avg_high_c": 24.47,
            "avg_low_c": 11.0,
            "total_rain_mm": 8.81,
            "total_rain_in": 0.35
          },
          {
            "year": 2022,
            "month": 10,
            "avg_high_c": 21.37,
            "avg_low_c": 8.75,
            "total_rain_mm": 58.08,
            "total_rain_in": 2.29
          },
          {
            "year": 2022,
            "month": 11,
            "avg_high_c": 9.79,
            "avg_low_c": 0.95,
            "total_rain_mm": 178.0,
            "total_rain_in": 7.01
          },
          {
            "year": 2022,
            "month": 12,
            "avg_high_c": 7.87,
            "avg_low_c": 1.37,
            "total_rain_mm": 195.13,
            "total_rain_in": 7.68
          },
          {
            "year": 2023,
            "month": 1,
            "avg_high_c": 8.03,
            "avg_low_c": 1.69,
            "total_rain_mm": 125.73,
            "total_rain_in": 4.95
          },
          {
            "year": 2023,
            "month": 2,
            "avg_high_c": 7.67,
            "avg_low_c": 0.08,
            "total_rain_mm": 120.26,
            "total_rain_in": 4.73
          },
          {
            "year": 2023,
            "month": 3,
            "avg_high_c": 8.6,
            "avg_low_c": 0.45,
            "total_rain_mm": 204.35,
            "total_rain_in": 8.05
          },
          {
            "year": 2023,
            "month": 4,
            "avg_high_c": 12.24,
            "avg_low_c": 3.7,
            "total_rain_mm": 183.89,
            "total_rain_in": 7.24
          },
          {
            "year": 2023,
            "month": 5,
            "avg_high_c": 19.84,
            "avg_low_c": 8.26,
            "total_rain_mm": 19.98,
            "total_rain_in": 0.79
          },
          {
            "year": 2023,
            "month": 6,
            "avg_high_c": 21.61,
            "avg_low_c": 8.67,
            "total_rain_mm": 11.98,
            "total_rain_in": 0.47
          },
          {
            "year": 2023,
            "month": 7,
            "avg_high_c": 26.14,
            "avg_low_c": 11.26,
            "total_rain_mm": 1.1,
            "total_rain_in": 0.04
          },
          {
            "year": 2023,
            "month": 8,
            "avg_high_c": 28.47,
            "avg_low_c": 13.2,
            "total_rain_mm": 15.84,
            "total_rain_in": 0.62
          },
          {
            "year": 2023,
            "month": 9,
            "avg_high_c": 23.69,
            "avg_low_c": 10.6,
            "total_rain_mm": 69.32,
            "total_rain_in": 2.73
          },
          {
            "year": 2023,
            "month": 10,
            "avg_high_c": 18.08,
            "avg_low_c": 7.62,
            "total_rain_mm": 112.67,
            "total_rain_in": 4.44
          },
          {
            "year": 2023,
            "month": 11,
            "avg_high_c": 12.32,
            "avg_low_c": 3.76,
            "total_rain_mm": 171.73,
            "total_rain_in": 6.76
          },
          {
            "year": 2023,
            "month": 12,
            "avg_high_c": 10.81,
            "avg_low_c": 4.63,
            "total_rain_mm": 291.62,
            "total_rain_in": 11.48
          },
          {
            "year": 2024,
            "month": 1,
            "avg_high_c": 9.42,
            "avg_low_c": 4.06,
            "total_rain_mm": 392.13,
            "total_rain_in": 15.44
          },
          {
            "year": 2024,
            "month": 2,
            "avg_high_c": 10.23,
            "avg_low_c": 3.33,
            "total_rain_mm": 199.65,
            "total_rain_in": 7.86
          },
          {
            "year": 2024,
            "month": 3,
            "avg_high_c": 11.63,
            "avg_low_c": 2.94,
            "total_rain_mm": 178.34,
            "total_rain_in": 7.02
          },
          {
            "year": 2024,
            "month": 4,
            "avg_high_c": 14.12,
            "avg_low_c": 4.3,
            "total_rain_mm": 93.08,
            "total_rain_in": 3.66
          },
          {
            "year": 2024,
            "month": 5,
            "avg_high_c": 17.1,
            "avg_low_c": 6.17,
            "total_rain_mm": 106.35,
            "total_rain_in": 4.19
          },
          {
            "year": 2024,
            "month": 6,
            "avg_high_c": 20.44,
            "avg_low_c": 9.21,
            "total_rain_mm": 57.73,
            "total_rain_in": 2.27
          },
          {
            "year": 2024,
            "month": 7,
            "avg_high_c": 26.3,
            "avg_low_c": 11.94,
            "total_rain_mm": 5.44,
            "total_rain_in": 0.21
          },
          {
            "year": 2024,
            "month": 8,
            "avg_high_c": 25.26,
            "avg_low_c": 12.04,
            "total_rain_mm": 20.57,
            "total_rain_in": 0.81
          },
          {
            "year": 2024,
            "month": 9,
            "avg_high_c": 24.25,
            "avg_low_c": 10.86,
            "total_rain_mm": 34.03,
            "total_rain_in": 1.34
          },
          {
            "year": 2024,
            "month": 10,
            "avg_high_c": 18.82,
            "avg_low_c": 7.09,
            "total_rain_mm": 123.02,
            "total_rain_in": 4.84
          },
          {
            "year": 2024,
            "month": 11,
            "avg_high_c": 10.25,
            "avg_low_c": 4.12,
            "total_rain_mm": 316.42,
            "total_rain_in": 12.46
          },
          {
            "year": 2024,
            "month": 12,
            "avg_high_c": 9.56,
            "avg_low_c": 3.41,
            "total_rain_mm": 301.4,
            "total_rain_in": 11.87
          },
          {
            "year": 2025,
            "month": 1,
            "avg_high_c": 8.3,
            "avg_low_c": 0.38,
            "total_rain_mm": 131.61,
            "total_rain_in": 5.18
          },
          {
            "year": 2025,
            "month": 2,
            "avg_high_c": 8.57,
            "avg_low_c": 1.98,
            "total_rain_mm": 208.24,
            "total_rain_in": 8.2
          },
          {
            "year": 2025,
            "month": 3,
            "avg_high_c": 11.43,
            "avg_low_c": 4.26,
            "total_rain_mm": 258.95,
            "total_rain_in": 10.19
          },
          {
            "year": 2025,
            "month": 4,
            "avg_high_c": 15.68,
            "avg_low_c": 4.55,
            "total_rain_mm": 62.07,
            "total_rain_in": 2.44
          },
          {
            "year": 2025,
            "month": 5,
            "avg_high_c": 17.55,
            "avg_low_c": 6.39,
            "total_rain_mm": 43.47,
            "total_rain_in": 1.71
          },
          {
            "year": 2025,
            "month": 6,
            "avg_high_c": 21.52,
            "avg_low_c": 9.24,
            "total_rain_mm": 31.15,
            "total_rain_in": 1.23
          },
          {
            "year": 2025,
            "month": 7,
            "avg_high_c": 25.74,
            "avg_low_c": 11.48,
            "total_rain_mm": 0.4,
            "total_rain_in": 0.02
          },
          {
            "year": 2025,
            "month": 8,
            "avg_high_c": 28.03,
            "avg_low_c": 13.28,
            "total_rain_mm": 12.83,
            "total_rain_in": 0.51
          },
          {
            "year": 2025,
            "month": 9,
            "avg_high_c": 24.93,
            "avg_low_c": 11.27,
            "total_rain_mm": 48.46,
            "total_rain_in": 1.91
          },
          {
            "year": 2025,
            "month": 10,
            "avg_high_c": 15.99,
            "avg_low_c": 6.03,
            "total_rain_mm": 137.17,
            "total_rain_in": 5.4
          },
          {
            "year": 2025,
            "month": 11,
            "avg_high_c": 12.27,
            "avg_low_c": 5.4,
            "total_rain_mm": 167.03,
            "total_rain_in": 6.58
          },
          {
            "year": 2025,
            "month": 12,
            "avg_high_c": 10.32,
            "avg_low_c": 4.3,
            "total_rain_mm": 310.36,
            "total_rain_in": 12.22
          }
        ]
      },
      "geometry": {
        "type": "MultiPolygon",
        "coordinates": [
          [
            [
              [
                -2099435.666099999,
                2716567.5581
              ],
              [
                -2099446.8479999993,
                2716529.1437999997
              ],
              [
                -2099419.5775000006,
                2716521.2057000007
              ],
              [
                -2099427.9638,
                2716492.3949999996
              ],
              [
                -2099407.5108000003,
                2716486.4415000007
              ],
              [
                -2099352.0834999997,
                2716397.387
              ],
              [
                -2099363.264799999,
                2716358.9725
              ],
              [
                -2099390.5360000003,
                2716366.9102999996
              ],
              [
                -2099398.9221,
                2716338.0994000006
              ],
              [
                -2099446.6468,
                2716351.9910000004
              ],
              [
                -2099467.1001999993,
                2716357.944599999
              ],
              [
                -2099514.8246999998,
                2716371.8366
              ],
              [
                -2099562.5491000004,
                2716385.7290000003
              ],
              [
                -2099589.8202,
                2716393.6676000003
              ],
              [
                -2099637.544500001,
                2716407.5604
              ],
              [
                -2099664.8155000005,
                2716415.4992999993
              ],
              [
                -2099656.4283000007,
                2716444.3099000007
              ],
              [
                -2099724.6054,
                2716464.1576000005
              ],
              [
                -2099713.4221,
                2716502.5715999994
              ],
              [
                -2099665.6985,
                2716488.678200001
              ],
              [
                -2099609.5877,
                2716503.5957999993
              ],
              [
                -2099598.4049999993,
                2716542.0099
              ],
              [
                -2099569.5650999993,
                2716564.8663999997
              ],
              [
                -2099503.842,
                2716587.4036
              ],
              [
                -2099435.666099999,
                2716567.5581
              ]
            ]
          ]
        ]
      }
    },
    {
      "type": "Feature",
      "properties": {
        "field_id": "WV_AG_032",
        "lat": 44.27476292114583,
        "lon": -123.19060547723261,
        "area_acres": 14.0631770965139,
        "crop_code": 24,
        "cdl_crop": "Winter Wheat",
        "crop_dominant_pct": 92.3,
        "soil_muname": "Chehalis silty clay loam, occasionally flooded",
        "soil_drainage": "Well drained",
        "soil_clay_pct": 35.0,
        "soil_sand_pct": 6.5,
        "soil_silt_pct": 58.5,
        "soil_om_pct": 7.5,
        "soil_ph": 6.1,
        "soil_cec": 30.0,
        "soil_depth_cm": 0.0,
        "weather_monthly": [
          {
            "year": 2020,
            "month": 1,
            "avg_high_c": 8.29,
            "avg_low_c": 3.45,
            "total_rain_mm": 335.74,
            "total_rain_in": 13.22
          },
          {
            "year": 2020,
            "month": 2,
            "avg_high_c": 9.41,
            "avg_low_c": 1.31,
            "total_rain_mm": 106.13,
            "total_rain_in": 4.18
          },
          {
            "year": 2020,
            "month": 3,
            "avg_high_c": 10.89,
            "avg_low_c": 1.82,
            "total_rain_mm": 122.53,
            "total_rain_in": 4.82
          },
          {
            "year": 2020,
            "month": 4,
            "avg_high_c": 15.33,
            "avg_low_c": 4.78,
            "total_rain_mm": 69.14,
            "total_rain_in": 2.72
          },
          {
            "year": 2020,
            "month": 5,
            "avg_high_c": 17.79,
            "avg_low_c": 7.72,
            "total_rain_mm": 134.18,
            "total_rain_in": 5.28
          },
          {
            "year": 2020,
            "month": 6,
            "avg_high_c": 19.47,
            "avg_low_c": 9.28,
            "total_rain_mm": 75.69,
            "total_rain_in": 2.98
          },
          {
            "year": 2020,
            "month": 7,
            "avg_high_c": 23.62,
            "avg_low_c": 10.84,
            "total_rain_mm": 1.22,
            "total_rain_in": 0.05
          },
          {
            "year": 2020,
            "month": 8,
            "avg_high_c": 25.28,
            "avg_low_c": 10.98,
            "total_rain_mm": 2.78,
            "total_rain_in": 0.11
          },
          {
            "year": 2020,
            "month": 9,
            "avg_high_c": 24.88,
            "avg_low_c": 11.82,
            "total_rain_mm": 72.75,
            "total_rain_in": 2.86
          },
          {
            "year": 2020,
            "month": 10,
            "avg_high_c": 18.05,
            "avg_low_c": 6.83,
            "total_rain_mm": 69.47,
            "total_rain_in": 2.74
          },
          {
            "year": 2020,
            "month": 11,
            "avg_high_c": 10.89,
            "avg_low_c": 2.86,
            "total_rain_mm": 232.5,
            "total_rain_in": 9.15
          },
          {
            "year": 2020,
            "month": 12,
            "avg_high_c": 9.48,
            "avg_low_c": 1.8,
            "total_rain_mm": 218.39,
            "total_rain_in": 8.6
          },
          {
            "year": 2021,
            "month": 1,
            "avg_high_c": 8.91,
            "avg_low_c": 2.45,
            "total_rain_mm": 254.08,
            "total_rain_in": 10.0
          },
          {
            "year": 2021,
            "month": 2,
            "avg_high_c": 7.83,
            "avg_low_c": 1.9,
            "total_rain_mm": 199.0,
            "total_rain_in": 7.83
          },
          {
            "year": 2021,
            "month": 3,
            "avg_high_c": 11.03,
            "avg_low_c": 1.41,
            "total_rain_mm": 76.2,
            "total_rain_in": 3.0
          },
          {
            "year": 2021,
            "month": 4,
            "avg_high_c": 16.03,
            "avg_low_c": 3.49,
            "total_rain_mm": 26.64,
            "total_rain_in": 1.05
          },
          {
            "year": 2021,
            "month": 5,
            "avg_high_c": 17.61,
            "avg_low_c": 6.63,
            "total_rain_mm": 32.61,
            "total_rain_in": 1.28
          },
          {
            "year": 2021,
            "month": 6,
            "avg_high_c": 23.31,
            "avg_low_c": 10.75,
            "total_rain_mm": 48.27,
            "total_rain_in": 1.9
          },
          {
            "year": 2021,
            "month": 7,
            "avg_high_c": 26.5,
            "avg_low_c": 11.41,
            "total_rain_mm": 1.97,
            "total_rain_in": 0.08
          },
          {
            "year": 2021,
            "month": 8,
            "avg_high_c": 27.12,
            "avg_low_c": 12.3,
            "total_rain_mm": 1.69,
            "total_rain_in": 0.07
          },
          {
            "year": 2021,
            "month": 9,
            "avg_high_c": 24.68,
            "avg_low_c": 9.98,
            "total_rain_mm": 85.39,
            "total_rain_in": 3.36
          },
          {
            "year": 2021,
            "month": 10,
            "avg_high_c": 15.78,
            "avg_low_c": 6.61,
            "total_rain_mm": 126.84,
            "total_rain_in": 4.99
          },
          {
            "year": 2021,
            "month": 11,
            "avg_high_c": 12.39,
            "avg_low_c": 4.82,
            "total_rain_mm": 205.74,
            "total_rain_in": 8.1
          },
          {
            "year": 2021,
            "month": 12,
            "avg_high_c": 6.18,
            "avg_low_c": 1.36,
            "total_rain_mm": 308.92,
            "total_rain_in": 12.16
          },
          {
            "year": 2022,
            "month": 1,
            "avg_high_c": 9.77,
            "avg_low_c": 1.92,
            "total_rain_mm": 158.73,
            "total_rain_in": 6.25
          },
          {
            "year": 2022,
            "month": 2,
            "avg_high_c": 10.27,
            "avg_low_c": 1.55,
            "total_rain_mm": 85.78,
            "total_rain_in": 3.38
          },
          {
            "year": 2022,
            "month": 3,
            "avg_high_c": 12.11,
            "avg_low_c": 3.66,
            "total_rain_mm": 115.37,
            "total_rain_in": 4.54
          },
          {
            "year": 2022,
            "month": 4,
            "avg_high_c": 11.74,
            "avg_low_c": 2.97,
            "total_rain_mm": 181.66,
            "total_rain_in": 7.15
          },
          {
            "year": 2022,
            "month": 5,
            "avg_high_c": 15.02,
            "avg_low_c": 6.09,
            "total_rain_mm": 173.68,
            "total_rain_in": 6.84
          },
          {
            "year": 2022,
            "month": 6,
            "avg_high_c": 20.05,
            "avg_low_c": 9.46,
            "total_rain_mm": 102.97,
            "total_rain_in": 4.05
          },
          {
            "year": 2022,
            "month": 7,
            "avg_high_c": 24.84,
            "avg_low_c": 12.19,
            "total_rain_mm": 7.17,
            "total_rain_in": 0.28
          },
          {
            "year": 2022,
            "month": 8,
            "avg_high_c": 26.1,
            "avg_low_c": 12.91,
            "total_rain_mm": 2.85,
            "total_rain_in": 0.11
          },
          {
            "year": 2022,
            "month": 9,
            "avg_high_c": 24.47,
            "avg_low_c": 11.0,
            "total_rain_mm": 8.81,
            "total_rain_in": 0.35
          },
          {
            "year": 2022,
            "month": 10,
            "avg_high_c": 21.37,
            "avg_low_c": 8.75,
            "total_rain_mm": 58.08,
            "total_rain_in": 2.29
          },
          {
            "year": 2022,
            "month": 11,
            "avg_high_c": 9.79,
            "avg_low_c": 0.95,
            "total_rain_mm": 178.0,
            "total_rain_in": 7.01
          },
          {
            "year": 2022,
            "month": 12,
            "avg_high_c": 7.87,
            "avg_low_c": 1.37,
            "total_rain_mm": 195.13,
            "total_rain_in": 7.68
          },
          {
            "year": 2023,
            "month": 1,
            "avg_high_c": 8.03,
            "avg_low_c": 1.69,
            "total_rain_mm": 125.73,
            "total_rain_in": 4.95
          },
          {
            "year": 2023,
            "month": 2,
            "avg_high_c": 7.67,
            "avg_low_c": 0.08,
            "total_rain_mm": 120.26,
            "total_rain_in": 4.73
          },
          {
            "year": 2023,
            "month": 3,
            "avg_high_c": 8.6,
            "avg_low_c": 0.45,
            "total_rain_mm": 204.35,
            "total_rain_in": 8.05
          },
          {
            "year": 2023,
            "month": 4,
            "avg_high_c": 12.24,
            "avg_low_c": 3.7,
            "total_rain_mm": 183.89,
            "total_rain_in": 7.24
          },
          {
            "year": 2023,
            "month": 5,
            "avg_high_c": 19.84,
            "avg_low_c": 8.26,
            "total_rain_mm": 19.98,
            "total_rain_in": 0.79
          },
          {
            "year": 2023,
            "month": 6,
            "avg_high_c": 21.61,
            "avg_low_c": 8.67,
            "total_rain_mm": 11.98,
            "total_rain_in": 0.47
          },
          {
            "year": 2023,
            "month": 7,
            "avg_high_c": 26.14,
            "avg_low_c": 11.26,
            "total_rain_mm": 1.1,
            "total_rain_in": 0.04
          },
          {
            "year": 2023,
            "month": 8,
            "avg_high_c": 28.47,
            "avg_low_c": 13.2,
            "total_rain_mm": 15.84,
            "total_rain_in": 0.62
          },
          {
            "year": 2023,
            "month": 9,
            "avg_high_c": 23.69,
            "avg_low_c": 10.6,
            "total_rain_mm": 69.32,
            "total_rain_in": 2.73
          },
          {
            "year": 2023,
            "month": 10,
            "avg_high_c": 18.08,
            "avg_low_c": 7.62,
            "total_rain_mm": 112.67,
            "total_rain_in": 4.44
          },
          {
            "year": 2023,
            "month": 11,
            "avg_high_c": 12.32,
            "avg_low_c": 3.76,
            "total_rain_mm": 171.73,
            "total_rain_in": 6.76
          },
          {
            "year": 2023,
            "month": 12,
            "avg_high_c": 10.81,
            "avg_low_c": 4.63,
            "total_rain_mm": 291.62,
            "total_rain_in": 11.48
          },
          {
            "year": 2024,
            "month": 1,
            "avg_high_c": 9.42,
            "avg_low_c": 4.06,
            "total_rain_mm": 392.13,
            "total_rain_in": 15.44
          },
          {
            "year": 2024,
            "month": 2,
            "avg_high_c": 10.23,
            "avg_low_c": 3.33,
            "total_rain_mm": 199.65,
            "total_rain_in": 7.86
          },
          {
            "year": 2024,
            "month": 3,
            "avg_high_c": 11.63,
            "avg_low_c": 2.94,
            "total_rain_mm": 178.34,
            "total_rain_in": 7.02
          },
          {
            "year": 2024,
            "month": 4,
            "avg_high_c": 14.12,
            "avg_low_c": 4.3,
            "total_rain_mm": 93.08,
            "total_rain_in": 3.66
          },
          {
            "year": 2024,
            "month": 5,
            "avg_high_c": 17.1,
            "avg_low_c": 6.17,
            "total_rain_mm": 106.35,
            "total_rain_in": 4.19
          },
          {
            "year": 2024,
            "month": 6,
            "avg_high_c": 20.44,
            "avg_low_c": 9.21,
            "total_rain_mm": 57.73,
            "total_rain_in": 2.27
          },
          {
            "year": 2024,
            "month": 7,
            "avg_high_c": 26.3,
            "avg_low_c": 11.94,
            "total_rain_mm": 5.44,
            "total_rain_in": 0.21
          },
          {
            "year": 2024,
            "month": 8,
            "avg_high_c": 25.26,
            "avg_low_c": 12.04,
            "total_rain_mm": 20.57,
            "total_rain_in": 0.81
          },
          {
            "year": 2024,
            "month": 9,
            "avg_high_c": 24.25,
            "avg_low_c": 10.86,
            "total_rain_mm": 34.03,
            "total_rain_in": 1.34
          },
          {
            "year": 2024,
            "month": 10,
            "avg_high_c": 18.82,
            "avg_low_c": 7.09,
            "total_rain_mm": 123.02,
            "total_rain_in": 4.84
          },
          {
            "year": 2024,
            "month": 11,
            "avg_high_c": 10.25,
            "avg_low_c": 4.12,
            "total_rain_mm": 316.42,
            "total_rain_in": 12.46
          },
          {
            "year": 2024,
            "month": 12,
            "avg_high_c": 9.56,
            "avg_low_c": 3.41,
            "total_rain_mm": 301.4,
            "total_rain_in": 11.87
          },
          {
            "year": 2025,
            "month": 1,
            "avg_high_c": 8.3,
            "avg_low_c": 0.38,
            "total_rain_mm": 131.61,
            "total_rain_in": 5.18
          },
          {
            "year": 2025,
            "month": 2,
            "avg_high_c": 8.57,
            "avg_low_c": 1.98,
            "total_rain_mm": 208.24,
            "total_rain_in": 8.2
          },
          {
            "year": 2025,
            "month": 3,
            "avg_high_c": 11.43,
            "avg_low_c": 4.26,
            "total_rain_mm": 258.95,
            "total_rain_in": 10.19
          },
          {
            "year": 2025,
            "month": 4,
            "avg_high_c": 15.68,
            "avg_low_c": 4.55,
            "total_rain_mm": 62.07,
            "total_rain_in": 2.44
          },
          {
            "year": 2025,
            "month": 5,
            "avg_high_c": 17.55,
            "avg_low_c": 6.39,
            "total_rain_mm": 43.47,
            "total_rain_in": 1.71
          },
          {
            "year": 2025,
            "month": 6,
            "avg_high_c": 21.52,
            "avg_low_c": 9.24,
            "total_rain_mm": 31.15,
            "total_rain_in": 1.23
          },
          {
            "year": 2025,
            "month": 7,
            "avg_high_c": 25.74,
            "avg_low_c": 11.48,
            "total_rain_mm": 0.4,
            "total_rain_in": 0.02
          },
          {
            "year": 2025,
            "month": 8,
            "avg_high_c": 28.03,
            "avg_low_c": 13.28,
            "total_rain_mm": 12.83,
            "total_rain_in": 0.51
          },
          {
            "year": 2025,
            "month": 9,
            "avg_high_c": 24.93,
            "avg_low_c": 11.27,
            "total_rain_mm": 48.46,
            "total_rain_in": 1.91
          },
          {
            "year": 2025,
            "month": 10,
            "avg_high_c": 15.99,
            "avg_low_c": 6.03,
            "total_rain_mm": 137.17,
            "total_rain_in": 5.4
          },
          {
            "year": 2025,
            "month": 11,
            "avg_high_c": 12.27,
            "avg_low_c": 5.4,
            "total_rain_mm": 167.03,
            "total_rain_in": 6.58
          },
          {
            "year": 2025,
            "month": 12,
            "avg_high_c": 10.32,
            "avg_low_c": 4.3,
            "total_rain_mm": 310.36,
            "total_rain_in": 12.22
          }
        ]
      },
      "geometry": {
        "type": "MultiPolygon",
        "coordinates": [
          [
            [
              [
                -2134679.8323999997,
                2672594.5812999997
              ],
              [
                -2134691.1350999996,
                2672556.1604999993
              ],
              [
                -2134718.571900001,
                2672564.232000001
              ],
              [
                -2134727.0490000006,
                2672535.4164000005
              ],
              [
                -2134699.6120999996,
                2672527.344900001
              ],
              [
                -2134679.0343999993,
                2672521.2914000005
              ],
              [
                -2134670.557499999,
                2672550.107000001
              ],
              [
                -2134622.5429999996,
                2672535.9824
              ],
              [
                -2134631.0197,
                2672507.1667
              ],
              [
                -2134662.8999000005,
                2672474.7992000002
              ],
              [
                -2134690.3369999994,
                2672482.8706
              ],
              [
                -2134710.1164999995,
                2672415.6340999994
              ],
              [
                -2134682.6790999994,
                2672407.5626
              ],
              [
                -2134722.2377000004,
                2672273.0891999993
              ],
              [
                -2134775.9053000007,
                2672268.0040000007
              ],
              [
                -2134823.921599999,
                2672282.1296999995
              ],
              [
                -2134818.2700999994,
                2672301.3400999997
              ],
              [
                -2134845.7079000007,
                2672309.4120000005
              ],
              [
                -2134834.4047,
                2672347.8329000007
              ],
              [
                -2134882.420499999,
                2672361.958900001
              ],
              [
                -2134894.5209999997,
                2672396.8286000006
              ],
              [
                -2134883.2174999993,
                2672435.2491999995
              ],
              [
                -2134835.202299999,
                2672421.1231999993
              ],
              [
                -2134826.7249,
                2672449.9387
              ],
              [
                -2134874.7399000004,
                2672464.0647
              ],
              [
                -2134911.451199999,
                2672516.6116000004
              ],
              [
                -2134902.9734000005,
                2672545.426999999
              ],
              [
                -2134862.614499999,
                2672606.6087999996
              ],
              [
                -2134835.1778999995,
                2672598.536800001
              ],
              [
                -2134854.958900001,
                2672531.3007999994
              ],
              [
                -2134806.9442999996,
                2672517.174900001
              ],
              [
                -2134787.1636999995,
                2672584.4110000003
              ],
              [
                -2134767.383199999,
                2672651.6470999997
              ],
              [
                -2134746.8058,
                2672645.5933
              ],
              [
                -2134755.2830999997,
                2672616.777899999
              ],
              [
                -2134727.8465,
                2672608.7062999997
              ],
              [
                -2134707.269099999,
                2672602.6526999995
              ],
              [
                -2134679.8323999997,
                2672594.5812999997
              ]
            ]
          ]
        ]
      }
    },
    {
      "type": "Feature",
      "properties": {
        "field_id": "WV_AG_033",
        "lat": 44.7858732100336,
        "lon": -123.34764665552954,
        "area_acres": 23.2629267725537,
        "crop_code": 24,
        "cdl_crop": "Winter Wheat",
        "crop_dominant_pct": 96.2,
        "soil_muname": "Woodburn silt loam, 0 to 3 percent slopes",
        "soil_drainage": "Moderately well drained",
        "soil_clay_pct": 15.0,
        "soil_sand_pct": 14.0,
        "soil_silt_pct": 71.0,
        "soil_om_pct": 4.0,
        "soil_ph": 6.1,
        "soil_cec": 15.0,
        "soil_depth_cm": 0.0,
        "weather_monthly": [
          {
            "year": 2020,
            "month": 1,
            "avg_high_c": 8.33,
            "avg_low_c": 3.69,
            "total_rain_mm": 331.66,
            "total_rain_in": 13.06
          },
          {
            "year": 2020,
            "month": 2,
            "avg_high_c": 9.3,
            "avg_low_c": 1.59,
            "total_rain_mm": 119.69,
            "total_rain_in": 4.71
          },
          {
            "year": 2020,
            "month": 3,
            "avg_high_c": 10.58,
            "avg_low_c": 1.93,
            "total_rain_mm": 119.65,
            "total_rain_in": 4.71
          },
          {
            "year": 2020,
            "month": 4,
            "avg_high_c": 15.36,
            "avg_low_c": 4.91,
            "total_rain_mm": 65.25,
            "total_rain_in": 2.57
          },
          {
            "year": 2020,
            "month": 5,
            "avg_high_c": 18.1,
            "avg_low_c": 7.97,
            "total_rain_mm": 129.22,
            "total_rain_in": 5.09
          },
          {
            "year": 2020,
            "month": 6,
            "avg_high_c": 19.57,
            "avg_low_c": 9.34,
            "total_rain_mm": 97.62,
            "total_rain_in": 3.84
          },
          {
            "year": 2020,
            "month": 7,
            "avg_high_c": 24.4,
            "avg_low_c": 11.06,
            "total_rain_mm": 3.63,
            "total_rain_in": 0.14
          },
          {
            "year": 2020,
            "month": 8,
            "avg_high_c": 25.88,
            "avg_low_c": 11.44,
            "total_rain_mm": 5.11,
            "total_rain_in": 0.2
          },
          {
            "year": 2020,
            "month": 9,
            "avg_high_c": 24.8,
            "avg_low_c": 11.76,
            "total_rain_mm": 75.48,
            "total_rain_in": 2.97
          },
          {
            "year": 2020,
            "month": 10,
            "avg_high_c": 17.88,
            "avg_low_c": 7.03,
            "total_rain_mm": 95.76,
            "total_rain_in": 3.77
          },
          {
            "year": 2020,
            "month": 11,
            "avg_high_c": 10.62,
            "avg_low_c": 2.98,
            "total_rain_mm": 245.69,
            "total_rain_in": 9.67
          },
          {
            "year": 2020,
            "month": 12,
            "avg_high_c": 9.56,
            "avg_low_c": 2.24,
            "total_rain_mm": 231.54,
            "total_rain_in": 9.12
          },
          {
            "year": 2021,
            "month": 1,
            "avg_high_c": 8.81,
            "avg_low_c": 2.61,
            "total_rain_mm": 260.36,
            "total_rain_in": 10.25
          },
          {
            "year": 2021,
            "month": 2,
            "avg_high_c": 7.61,
            "avg_low_c": 1.86,
            "total_rain_mm": 215.93,
            "total_rain_in": 8.5
          },
          {
            "year": 2021,
            "month": 3,
            "avg_high_c": 11.05,
            "avg_low_c": 1.47,
            "total_rain_mm": 82.08,
            "total_rain_in": 3.23
          },
          {
            "year": 2021,
            "month": 4,
            "avg_high_c": 16.05,
            "avg_low_c": 3.87,
            "total_rain_mm": 27.34,
            "total_rain_in": 1.08
          },
          {
            "year": 2021,
            "month": 5,
            "avg_high_c": 18.03,
            "avg_low_c": 6.8,
            "total_rain_mm": 47.74,
            "total_rain_in": 1.88
          },
          {
            "year": 2021,
            "month": 6,
            "avg_high_c": 24.25,
            "avg_low_c": 11.1,
            "total_rain_mm": 49.29,
            "total_rain_in": 1.94
          },
          {
            "year": 2021,
            "month": 7,
            "avg_high_c": 27.3,
            "avg_low_c": 11.55,
            "total_rain_mm": 1.83,
            "total_rain_in": 0.07
          },
          {
            "year": 2021,
            "month": 8,
            "avg_high_c": 27.65,
            "avg_low_c": 12.56,
            "total_rain_mm": 2.92,
            "total_rain_in": 0.11
          },
          {
            "year": 2021,
            "month": 9,
            "avg_high_c": 24.55,
            "avg_low_c": 10.43,
            "total_rain_mm": 101.83,
            "total_rain_in": 4.01
          },
          {
            "year": 2021,
            "month": 10,
            "avg_high_c": 15.52,
            "avg_low_c": 6.56,
            "total_rain_mm": 148.73,
            "total_rain_in": 5.86
          },
          {
            "year": 2021,
            "month": 11,
            "avg_high_c": 12.28,
            "avg_low_c": 5.35,
            "total_rain_mm": 250.09,
            "total_rain_in": 9.85
          },
          {
            "year": 2021,
            "month": 12,
            "avg_high_c": 5.61,
            "avg_low_c": 0.97,
            "total_rain_mm": 309.17,
            "total_rain_in": 12.17
          },
          {
            "year": 2022,
            "month": 1,
            "avg_high_c": 9.29,
            "avg_low_c": 1.87,
            "total_rain_mm": 185.19,
            "total_rain_in": 7.29
          },
          {
            "year": 2022,
            "month": 2,
            "avg_high_c": 9.66,
            "avg_low_c": 1.72,
            "total_rain_mm": 98.54,
            "total_rain_in": 3.88
          },
          {
            "year": 2022,
            "month": 3,
            "avg_high_c": 11.99,
            "avg_low_c": 3.83,
            "total_rain_mm": 125.82,
            "total_rain_in": 4.95
          },
          {
            "year": 2022,
            "month": 4,
            "avg_high_c": 11.48,
            "avg_low_c": 2.65,
            "total_rain_mm": 200.52,
            "total_rain_in": 7.89
          },
          {
            "year": 2022,
            "month": 5,
            "avg_high_c": 15.04,
            "avg_low_c": 6.2,
            "total_rain_mm": 191.01,
            "total_rain_in": 7.52
          },
          {
            "year": 2022,
            "month": 6,
            "avg_high_c": 19.96,
            "avg_low_c": 9.78,
            "total_rain_mm": 128.91,
            "total_rain_in": 5.08
          },
          {
            "year": 2022,
            "month": 7,
            "avg_high_c": 25.26,
            "avg_low_c": 12.21,
            "total_rain_mm": 8.52,
            "total_rain_in": 0.34
          },
          {
            "year": 2022,
            "month": 8,
            "avg_high_c": 27.38,
            "avg_low_c": 13.3,
            "total_rain_mm": 1.96,
            "total_rain_in": 0.08
          },
          {
            "year": 2022,
            "month": 9,
            "avg_high_c": 25.27,
            "avg_low_c": 11.26,
            "total_rain_mm": 12.33,
            "total_rain_in": 0.49
          },
          {
            "year": 2022,
            "month": 10,
            "avg_high_c": 21.88,
            "avg_low_c": 8.89,
            "total_rain_mm": 83.79,
            "total_rain_in": 3.3
          },
          {
            "year": 2022,
            "month": 11,
            "avg_high_c": 9.53,
            "avg_low_c": 1.32,
            "total_rain_mm": 209.49,
            "total_rain_in": 8.25
          },
          {
            "year": 2022,
            "month": 12,
            "avg_high_c": 7.23,
            "avg_low_c": 1.41,
            "total_rain_mm": 213.47,
            "total_rain_in": 8.4
          },
          {
            "year": 2023,
            "month": 1,
            "avg_high_c": 8.1,
            "avg_low_c": 2.21,
            "total_rain_mm": 124.27,
            "total_rain_in": 4.89
          },
          {
            "year": 2023,
            "month": 2,
            "avg_high_c": 7.34,
            "avg_low_c": 0.11,
            "total_rain_mm": 126.83,
            "total_rain_in": 4.99
          },
          {
            "year": 2023,
            "month": 3,
            "avg_high_c": 8.74,
            "avg_low_c": 0.78,
            "total_rain_mm": 189.54,
            "total_rain_in": 7.46
          },
          {
            "year": 2023,
            "month": 4,
            "avg_high_c": 12.14,
            "avg_low_c": 3.83,
            "total_rain_mm": 194.6,
            "total_rain_in": 7.66
          },
          {
            "year": 2023,
            "month": 5,
            "avg_high_c": 20.07,
            "avg_low_c": 8.51,
            "total_rain_mm": 27.12,
            "total_rain_in": 1.07
          },
          {
            "year": 2023,
            "month": 6,
            "avg_high_c": 21.75,
            "avg_low_c": 8.84,
            "total_rain_mm": 19.41,
            "total_rain_in": 0.76
          },
          {
            "year": 2023,
            "month": 7,
            "avg_high_c": 26.77,
            "avg_low_c": 11.45,
            "total_rain_mm": 2.08,
            "total_rain_in": 0.08
          },
          {
            "year": 2023,
            "month": 8,
            "avg_high_c": 29.03,
            "avg_low_c": 13.52,
            "total_rain_mm": 21.34,
            "total_rain_in": 0.84
          },
          {
            "year": 2023,
            "month": 9,
            "avg_high_c": 23.57,
            "avg_low_c": 10.75,
            "total_rain_mm": 70.6,
            "total_rain_in": 2.78
          },
          {
            "year": 2023,
            "month": 10,
            "avg_high_c": 18.22,
            "avg_low_c": 7.61,
            "total_rain_mm": 117.2,
            "total_rain_in": 4.61
          },
          {
            "year": 2023,
            "month": 11,
            "avg_high_c": 11.95,
            "avg_low_c": 3.59,
            "total_rain_mm": 187.96,
            "total_rain_in": 7.4
          },
          {
            "year": 2023,
            "month": 12,
            "avg_high_c": 10.68,
            "avg_low_c": 4.45,
            "total_rain_mm": 295.35,
            "total_rain_in": 11.63
          },
          {
            "year": 2024,
            "month": 1,
            "avg_high_c": 8.28,
            "avg_low_c": 2.91,
            "total_rain_mm": 370.12,
            "total_rain_in": 14.57
          },
          {
            "year": 2024,
            "month": 2,
            "avg_high_c": 10.14,
            "avg_low_c": 3.26,
            "total_rain_mm": 200.23,
            "total_rain_in": 7.88
          },
          {
            "year": 2024,
            "month": 3,
            "avg_high_c": 11.51,
            "avg_low_c": 3.24,
            "total_rain_mm": 164.08,
            "total_rain_in": 6.46
          },
          {
            "year": 2024,
            "month": 4,
            "avg_high_c": 14.23,
            "avg_low_c": 4.47,
            "total_rain_mm": 94.88,
            "total_rain_in": 3.74
          },
          {
            "year": 2024,
            "month": 5,
            "avg_high_c": 17.15,
            "avg_low_c": 6.5,
            "total_rain_mm": 118.44,
            "total_rain_in": 4.66
          },
          {
            "year": 2024,
            "month": 6,
            "avg_high_c": 20.38,
            "avg_low_c": 9.29,
            "total_rain_mm": 74.42,
            "total_rain_in": 2.93
          },
          {
            "year": 2024,
            "month": 7,
            "avg_high_c": 27.02,
            "avg_low_c": 12.01,
            "total_rain_mm": 7.22,
            "total_rain_in": 0.28
          },
          {
            "year": 2024,
            "month": 8,
            "avg_high_c": 25.73,
            "avg_low_c": 12.22,
            "total_rain_mm": 22.59,
            "total_rain_in": 0.89
          },
          {
            "year": 2024,
            "month": 9,
            "avg_high_c": 24.48,
            "avg_low_c": 11.29,
            "total_rain_mm": 33.37,
            "total_rain_in": 1.31
          },
          {
            "year": 2024,
            "month": 10,
            "avg_high_c": 18.76,
            "avg_low_c": 7.37,
            "total_rain_mm": 131.82,
            "total_rain_in": 5.19
          },
          {
            "year": 2024,
            "month": 11,
            "avg_high_c": 9.95,
            "avg_low_c": 4.08,
            "total_rain_mm": 284.69,
            "total_rain_in": 11.21
          },
          {
            "year": 2024,
            "month": 12,
            "avg_high_c": 9.31,
            "avg_low_c": 3.22,
            "total_rain_mm": 297.03,
            "total_rain_in": 11.69
          },
          {
            "year": 2025,
            "month": 1,
            "avg_high_c": 7.89,
            "avg_low_c": 0.22,
            "total_rain_mm": 116.9,
            "total_rain_in": 4.6
          },
          {
            "year": 2025,
            "month": 2,
            "avg_high_c": 8.27,
            "avg_low_c": 1.66,
            "total_rain_mm": 206.54,
            "total_rain_in": 8.13
          },
          {
            "year": 2025,
            "month": 3,
            "avg_high_c": 11.38,
            "avg_low_c": 4.41,
            "total_rain_mm": 241.61,
            "total_rain_in": 9.51
          },
          {
            "year": 2025,
            "month": 4,
            "avg_high_c": 15.77,
            "avg_low_c": 4.72,
            "total_rain_mm": 64.12,
            "total_rain_in": 2.52
          },
          {
            "year": 2025,
            "month": 5,
            "avg_high_c": 17.45,
            "avg_low_c": 6.68,
            "total_rain_mm": 52.17,
            "total_rain_in": 2.05
          },
          {
            "year": 2025,
            "month": 6,
            "avg_high_c": 21.6,
            "avg_low_c": 9.69,
            "total_rain_mm": 34.37,
            "total_rain_in": 1.35
          },
          {
            "year": 2025,
            "month": 7,
            "avg_high_c": 26.13,
            "avg_low_c": 11.56,
            "total_rain_mm": 1.41,
            "total_rain_in": 0.06
          },
          {
            "year": 2025,
            "month": 8,
            "avg_high_c": 28.06,
            "avg_low_c": 13.39,
            "total_rain_mm": 20.61,
            "total_rain_in": 0.81
          },
          {
            "year": 2025,
            "month": 9,
            "avg_high_c": 24.77,
            "avg_low_c": 11.37,
            "total_rain_mm": 49.32,
            "total_rain_in": 1.94
          },
          {
            "year": 2025,
            "month": 10,
            "avg_high_c": 15.59,
            "avg_low_c": 6.02,
            "total_rain_mm": 148.04,
            "total_rain_in": 5.83
          },
          {
            "year": 2025,
            "month": 11,
            "avg_high_c": 11.64,
            "avg_low_c": 5.24,
            "total_rain_mm": 176.54,
            "total_rain_in": 6.95
          },
          {
            "year": 2025,
            "month": 12,
            "avg_high_c": 9.99,
            "avg_low_c": 4.33,
            "total_rain_mm": 352.37,
            "total_rain_in": 13.87
          }
        ]
      },
      "geometry": {
        "type": "MultiPolygon",
        "coordinates": [
          [
            [
              [
                -2130739.9483000003,
                2730539.309800001
              ],
              [
                -2130751.3027999997,
                2730500.950099999
              ],
              [
                -2130724.0852000006,
                2730492.8937
              ],
              [
                -2130703.6719000004,
                2730486.851399999
              ],
              [
                -2130692.3176000006,
                2730525.2112000007
              ],
              [
                -2130739.9483000003,
                2730539.309800001
              ],
              [
                -2130751.8455,
                2730574.1218999997
              ],
              [
                -2130731.9749,
                2730641.2512999997
              ],
              [
                -2130759.1920999996,
                2730649.3078000005
              ],
              [
                -2130768.2501,
                2730693.7096999995
              ],
              [
                -2130747.8373000007,
                2730687.667300001
              ],
              [
                -2130759.7338999994,
                2730722.4793
              ],
              [
                -2130748.3790000007,
                2730760.8387
              ],
              [
                -2130689.3950999994,
                2730785.0995000005
              ],
              [
                -2130641.765900001,
                2730771.0012
              ],
              [
                -2130653.1203000005,
                2730732.6416999996
              ],
              [
                -2130632.707699999,
                2730726.5996000003
              ],
              [
                -2130605.4908000007,
                2730718.5436000004
              ],
              [
                -2130594.1367000006,
                2730756.9032000005
              ],
              [
                -2130546.5074000005,
                2730742.8056000005
              ],
              [
                -2130510.2314999998,
                2730690.3484000005
              ],
              [
                -2130494.367900001,
                2730643.933
              ],
              [
                -2130473.9551,
                2730637.8914
              ],
              [
                -2130446.7379,
                2730629.835999999
              ],
              [
                -2130426.3248999994,
                2730623.794500001
              ],
              [
                -2130399.1076999996,
                2730615.7392999995
              ],
              [
                -2130447.3577999994,
                2730452.708900001
              ],
              [
                -2130458.7107999995,
                2730414.3487
              ],
              [
                -2130485.9288,
                2730422.4042000007
              ],
              [
                -2130533.5603,
                2730436.5013999995
              ],
              [
                -2130553.9737,
                2730442.5431999993
              ],
              [
                -2130581.1916000005,
                2730450.5989999995
              ],
              [
                -2130589.7069000006,
                2730421.829
              ],
              [
                -2130610.1204000004,
                2730427.8709999993
              ],
              [
                -2130649.236300001,
                2730470.739
              ],
              [
                -2130637.8823000006,
                2730509.0988999996
              ],
              [
                -2130665.0999,
                2730517.1549999993
              ],
              [
                -2130676.4540999997,
                2730478.7950999998
              ],
              [
                -2130684.9696999993,
                2730450.0252
              ],
              [
                -2130696.3237999994,
                2730411.6654000003
              ],
              [
                -2130704.8395000007,
                2730382.8954000007
              ],
              [
                -2130732.0577000007,
                2730390.9518
              ],
              [
                -2130752.4712000005,
                2730396.9941000007
              ],
              [
                -2130779.6893000007,
                2730405.0506999996
              ],
              [
                -2130771.1733,
                2730433.8204999994
              ],
              [
                -2130759.8188000005,
                2730472.180299999
              ],
              [
                -2130780.2322000004,
                2730478.2227
              ],
              [
                -2130760.3615000006,
                2730545.3521999996
              ],
              [
                -2130739.9483000003,
                2730539.309800001
              ]
            ]
          ]
        ]
      }
    },
    {
      "type": "Feature",
      "properties": {
        "field_id": "WV_AG_034",
        "lat": 44.13525612061724,
        "lon": -123.07047455464338,
        "area_acres": 22.7842022426687,
        "crop_code": 24,
        "cdl_crop": "Winter Wheat",
        "crop_dominant_pct": 76.2,
        "soil_muname": "Newberg loam",
        "soil_drainage": "Well drained",
        "soil_clay_pct": 11.0,
        "soil_sand_pct": 45.6,
        "soil_silt_pct": 43.4,
        "soil_om_pct": 3.0,
        "soil_ph": 6.1,
        "soil_cec": 20.0,
        "soil_depth_cm": 0.0,
        "weather_monthly": [
          {
            "year": 2020,
            "month": 1,
            "avg_high_c": 7.66,
            "avg_low_c": 3.21,
            "total_rain_mm": 280.71,
            "total_rain_in": 11.05
          },
          {
            "year": 2020,
            "month": 2,
            "avg_high_c": 9.12,
            "avg_low_c": 0.7,
            "total_rain_mm": 88.78,
            "total_rain_in": 3.5
          },
          {
            "year": 2020,
            "month": 3,
            "avg_high_c": 10.54,
            "avg_low_c": 1.58,
            "total_rain_mm": 108.69,
            "total_rain_in": 4.28
          },
          {
            "year": 2020,
            "month": 4,
            "avg_high_c": 15.02,
            "avg_low_c": 4.71,
            "total_rain_mm": 73.03,
            "total_rain_in": 2.88
          },
          {
            "year": 2020,
            "month": 5,
            "avg_high_c": 17.39,
            "avg_low_c": 7.19,
            "total_rain_mm": 120.67,
            "total_rain_in": 4.75
          },
          {
            "year": 2020,
            "month": 6,
            "avg_high_c": 19.11,
            "avg_low_c": 9.05,
            "total_rain_mm": 70.28,
            "total_rain_in": 2.77
          },
          {
            "year": 2020,
            "month": 7,
            "avg_high_c": 23.77,
            "avg_low_c": 11.01,
            "total_rain_mm": 1.23,
            "total_rain_in": 0.05
          },
          {
            "year": 2020,
            "month": 8,
            "avg_high_c": 26.66,
            "avg_low_c": 10.99,
            "total_rain_mm": 2.32,
            "total_rain_in": 0.09
          },
          {
            "year": 2020,
            "month": 9,
            "avg_high_c": 26.07,
            "avg_low_c": 11.71,
            "total_rain_mm": 58.73,
            "total_rain_in": 2.31
          },
          {
            "year": 2020,
            "month": 10,
            "avg_high_c": 19.05,
            "avg_low_c": 7.03,
            "total_rain_mm": 64.71,
            "total_rain_in": 2.55
          },
          {
            "year": 2020,
            "month": 11,
            "avg_high_c": 10.65,
            "avg_low_c": 2.51,
            "total_rain_mm": 204.9,
            "total_rain_in": 8.07
          },
          {
            "year": 2020,
            "month": 12,
            "avg_high_c": 9.4,
            "avg_low_c": 1.62,
            "total_rain_mm": 187.39,
            "total_rain_in": 7.38
          },
          {
            "year": 2021,
            "month": 1,
            "avg_high_c": 8.67,
            "avg_low_c": 2.37,
            "total_rain_mm": 184.79,
            "total_rain_in": 7.28
          },
          {
            "year": 2021,
            "month": 2,
            "avg_high_c": 7.16,
            "avg_low_c": 1.66,
            "total_rain_mm": 163.15,
            "total_rain_in": 6.42
          },
          {
            "year": 2021,
            "month": 3,
            "avg_high_c": 10.78,
            "avg_low_c": 1.09,
            "total_rain_mm": 68.13,
            "total_rain_in": 2.68
          },
          {
            "year": 2021,
            "month": 4,
            "avg_high_c": 15.69,
            "avg_low_c": 3.28,
            "total_rain_mm": 17.85,
            "total_rain_in": 0.7
          },
          {
            "year": 2021,
            "month": 5,
            "avg_high_c": 16.96,
            "avg_low_c": 6.41,
            "total_rain_mm": 33.24,
            "total_rain_in": 1.31
          },
          {
            "year": 2021,
            "month": 6,
            "avg_high_c": 23.28,
            "avg_low_c": 10.71,
            "total_rain_mm": 33.37,
            "total_rain_in": 1.31
          },
          {
            "year": 2021,
            "month": 7,
            "avg_high_c": 27.7,
            "avg_low_c": 11.54,
            "total_rain_mm": 1.42,
            "total_rain_in": 0.06
          },
          {
            "year": 2021,
            "month": 8,
            "avg_high_c": 27.84,
            "avg_low_c": 12.16,
            "total_rain_mm": 1.11,
            "total_rain_in": 0.04
          },
          {
            "year": 2021,
            "month": 9,
            "avg_high_c": 25.0,
            "avg_low_c": 9.64,
            "total_rain_mm": 82.72,
            "total_rain_in": 3.26
          },
          {
            "year": 2021,
            "month": 10,
            "avg_high_c": 16.05,
            "avg_low_c": 6.61,
            "total_rain_mm": 104.65,
            "total_rain_in": 4.12
          },
          {
            "year": 2021,
            "month": 11,
            "avg_high_c": 12.26,
            "avg_low_c": 4.72,
            "total_rain_mm": 156.92,
            "total_rain_in": 6.18
          },
          {
            "year": 2021,
            "month": 12,
            "avg_high_c": 5.99,
            "avg_low_c": 1.66,
            "total_rain_mm": 254.46,
            "total_rain_in": 10.02
          },
          {
            "year": 2022,
            "month": 1,
            "avg_high_c": 10.25,
            "avg_low_c": 1.58,
            "total_rain_mm": 140.49,
            "total_rain_in": 5.53
          },
          {
            "year": 2022,
            "month": 2,
            "avg_high_c": 10.43,
            "avg_low_c": 1.5,
            "total_rain_mm": 44.88,
            "total_rain_in": 1.77
          },
          {
            "year": 2022,
            "month": 3,
            "avg_high_c": 11.97,
            "avg_low_c": 3.41,
            "total_rain_mm": 100.24,
            "total_rain_in": 3.95
          },
          {
            "year": 2022,
            "month": 4,
            "avg_high_c": 11.32,
            "avg_low_c": 2.64,
            "total_rain_mm": 161.54,
            "total_rain_in": 6.36
          },
          {
            "year": 2022,
            "month": 5,
            "avg_high_c": 14.57,
            "avg_low_c": 5.9,
            "total_rain_mm": 174.98,
            "total_rain_in": 6.89
          },
          {
            "year": 2022,
            "month": 6,
            "avg_high_c": 19.98,
            "avg_low_c": 9.33,
            "total_rain_mm": 99.4,
            "total_rain_in": 3.91
          },
          {
            "year": 2022,
            "month": 7,
            "avg_high_c": 24.74,
            "avg_low_c": 12.38,
            "total_rain_mm": 7.74,
            "total_rain_in": 0.3
          },
          {
            "year": 2022,
            "month": 8,
            "avg_high_c": 26.85,
            "avg_low_c": 12.9,
            "total_rain_mm": 1.93,
            "total_rain_in": 0.08
          },
          {
            "year": 2022,
            "month": 9,
            "avg_high_c": 25.2,
            "avg_low_c": 10.87,
            "total_rain_mm": 8.62,
            "total_rain_in": 0.34
          },
          {
            "year": 2022,
            "month": 10,
            "avg_high_c": 21.99,
            "avg_low_c": 8.89,
            "total_rain_mm": 57.5,
            "total_rain_in": 2.26
          },
          {
            "year": 2022,
            "month": 11,
            "avg_high_c": 9.82,
            "avg_low_c": 0.86,
            "total_rain_mm": 160.98,
            "total_rain_in": 6.34
          },
          {
            "year": 2022,
            "month": 12,
            "avg_high_c": 7.61,
            "avg_low_c": 1.27,
            "total_rain_mm": 173.4,
            "total_rain_in": 6.83
          },
          {
            "year": 2023,
            "month": 1,
            "avg_high_c": 7.82,
            "avg_low_c": 1.42,
            "total_rain_mm": 94.49,
            "total_rain_in": 3.72
          },
          {
            "year": 2023,
            "month": 2,
            "avg_high_c": 7.78,
            "avg_low_c": -0.04,
            "total_rain_mm": 112.98,
            "total_rain_in": 4.45
          },
          {
            "year": 2023,
            "month": 3,
            "avg_high_c": 7.61,
            "avg_low_c": -0.22,
            "total_rain_mm": 193.63,
            "total_rain_in": 7.62
          },
          {
            "year": 2023,
            "month": 4,
            "avg_high_c": 11.76,
            "avg_low_c": 3.48,
            "total_rain_mm": 155.44,
            "total_rain_in": 6.12
          },
          {
            "year": 2023,
            "month": 5,
            "avg_high_c": 19.43,
            "avg_low_c": 8.12,
            "total_rain_mm": 27.62,
            "total_rain_in": 1.09
          },
          {
            "year": 2023,
            "month": 6,
            "avg_high_c": 21.13,
            "avg_low_c": 8.79,
            "total_rain_mm": 13.29,
            "total_rain_in": 0.52
          },
          {
            "year": 2023,
            "month": 7,
            "avg_high_c": 26.83,
            "avg_low_c": 11.23,
            "total_rain_mm": 0.8,
            "total_rain_in": 0.03
          },
          {
            "year": 2023,
            "month": 8,
            "avg_high_c": 29.16,
            "avg_low_c": 12.95,
            "total_rain_mm": 13.99,
            "total_rain_in": 0.55
          },
          {
            "year": 2023,
            "month": 9,
            "avg_high_c": 24.05,
            "avg_low_c": 10.15,
            "total_rain_mm": 56.6,
            "total_rain_in": 2.23
          },
          {
            "year": 2023,
            "month": 10,
            "avg_high_c": 18.3,
            "avg_low_c": 7.1,
            "total_rain_mm": 106.79,
            "total_rain_in": 4.2
          },
          {
            "year": 2023,
            "month": 11,
            "avg_high_c": 12.28,
            "avg_low_c": 3.5,
            "total_rain_mm": 139.45,
            "total_rain_in": 5.49
          },
          {
            "year": 2023,
            "month": 12,
            "avg_high_c": 10.7,
            "avg_low_c": 4.32,
            "total_rain_mm": 245.67,
            "total_rain_in": 9.67
          },
          {
            "year": 2024,
            "month": 1,
            "avg_high_c": 9.33,
            "avg_low_c": 4.32,
            "total_rain_mm": 351.31,
            "total_rain_in": 13.83
          },
          {
            "year": 2024,
            "month": 2,
            "avg_high_c": 9.73,
            "avg_low_c": 3.04,
            "total_rain_mm": 178.71,
            "total_rain_in": 7.04
          },
          {
            "year": 2024,
            "month": 3,
            "avg_high_c": 10.96,
            "avg_low_c": 2.61,
            "total_rain_mm": 164.28,
            "total_rain_in": 6.47
          },
          {
            "year": 2024,
            "month": 4,
            "avg_high_c": 13.62,
            "avg_low_c": 4.03,
            "total_rain_mm": 93.19,
            "total_rain_in": 3.67
          },
          {
            "year": 2024,
            "month": 5,
            "avg_high_c": 16.89,
            "avg_low_c": 5.88,
            "total_rain_mm": 103.89,
            "total_rain_in": 4.09
          },
          {
            "year": 2024,
            "month": 6,
            "avg_high_c": 20.35,
            "avg_low_c": 9.04,
            "total_rain_mm": 54.09,
            "total_rain_in": 2.13
          },
          {
            "year": 2024,
            "month": 7,
            "avg_high_c": 26.5,
            "avg_low_c": 12.22,
            "total_rain_mm": 3.37,
            "total_rain_in": 0.13
          },
          {
            "year": 2024,
            "month": 8,
            "avg_high_c": 26.3,
            "avg_low_c": 12.01,
            "total_rain_mm": 24.29,
            "total_rain_in": 0.96
          },
          {
            "year": 2024,
            "month": 9,
            "avg_high_c": 25.02,
            "avg_low_c": 10.59,
            "total_rain_mm": 32.9,
            "total_rain_in": 1.3
          },
          {
            "year": 2024,
            "month": 10,
            "avg_high_c": 19.19,
            "avg_low_c": 6.89,
            "total_rain_mm": 98.47,
            "total_rain_in": 3.88
          },
          {
            "year": 2024,
            "month": 11,
            "avg_high_c": 9.64,
            "avg_low_c": 3.86,
            "total_rain_mm": 293.22,
            "total_rain_in": 11.54
          },
          {
            "year": 2024,
            "month": 12,
            "avg_high_c": 9.76,
            "avg_low_c": 3.29,
            "total_rain_mm": 295.17,
            "total_rain_in": 11.62
          },
          {
            "year": 2025,
            "month": 1,
            "avg_high_c": 8.65,
            "avg_low_c": 0.33,
            "total_rain_mm": 131.95,
            "total_rain_in": 5.19
          },
          {
            "year": 2025,
            "month": 2,
            "avg_high_c": 8.13,
            "avg_low_c": 1.66,
            "total_rain_mm": 190.55,
            "total_rain_in": 7.5
          },
          {
            "year": 2025,
            "month": 3,
            "avg_high_c": 11.05,
            "avg_low_c": 4.06,
            "total_rain_mm": 268.39,
            "total_rain_in": 10.57
          },
          {
            "year": 2025,
            "month": 4,
            "avg_high_c": 15.16,
            "avg_low_c": 4.32,
            "total_rain_mm": 58.55,
            "total_rain_in": 2.31
          },
          {
            "year": 2025,
            "month": 5,
            "avg_high_c": 17.27,
            "avg_low_c": 6.52,
            "total_rain_mm": 44.19,
            "total_rain_in": 1.74
          },
          {
            "year": 2025,
            "month": 6,
            "avg_high_c": 21.41,
            "avg_low_c": 9.22,
            "total_rain_mm": 31.7,
            "total_rain_in": 1.25
          },
          {
            "year": 2025,
            "month": 7,
            "avg_high_c": 26.68,
            "avg_low_c": 11.54,
            "total_rain_mm": 0.73,
            "total_rain_in": 0.03
          },
          {
            "year": 2025,
            "month": 8,
            "avg_high_c": 29.54,
            "avg_low_c": 13.29,
            "total_rain_mm": 10.11,
            "total_rain_in": 0.4
          },
          {
            "year": 2025,
            "month": 9,
            "avg_high_c": 25.66,
            "avg_low_c": 10.95,
            "total_rain_mm": 47.25,
            "total_rain_in": 1.86
          },
          {
            "year": 2025,
            "month": 10,
            "avg_high_c": 16.4,
            "avg_low_c": 6.01,
            "total_rain_mm": 126.39,
            "total_rain_in": 4.98
          },
          {
            "year": 2025,
            "month": 11,
            "avg_high_c": 12.57,
            "avg_low_c": 5.3,
            "total_rain_mm": 124.05,
            "total_rain_in": 4.88
          },
          {
            "year": 2025,
            "month": 12,
            "avg_high_c": 10.45,
            "avg_low_c": 4.15,
            "total_rain_mm": 259.14,
            "total_rain_in": 10.2
          }
        ]
      },
      "geometry": {
        "type": "MultiPolygon",
        "coordinates": [
          [
            [
              [
                -2129992.3972999994,
                2655174.0922
              ],
              [
                -2129976.1526999995,
                2655127.5932
              ],
              [
                -2129984.5961000007,
                2655098.7589999996
              ],
              [
                -2129908.0365999993,
                2655003.2919999994
              ],
              [
                -2129871.1632000003,
                2654950.7530000005
              ],
              [
                -2129852.102600001,
                2654913.8654999994
              ],
              [
                -2129863.3597,
                2654875.4196000006
              ],
              [
                -2129899.3062999994,
                2654854.6382999998
              ],
              [
                -2129931.191400001,
                2654822.2324
              ],
              [
                -2129942.4486999996,
                2654783.7864999995
              ],
              [
                -2129921.820699999,
                2654777.7464000005
              ],
              [
                -2129894.3167000003,
                2654769.6931
              ],
              [
                -2129854.6272,
                2654726.7654999997
              ],
              [
                -2129853.6983000003,
                2654653.4449000005
              ],
              [
                -2129864.955,
                2654614.9987000003
              ],
              [
                -2129873.3976000007,
                2654586.164000001
              ],
              [
                -2129905.283,
                2654553.7577
              ],
              [
                -2129932.787900001,
                2654561.8110000007
              ],
              [
                -2129941.2306999993,
                2654532.976399999
              ],
              [
                -2129952.4877000004,
                2654494.530099999
              ],
              [
                -2130021.2502999995,
                2654514.6641000006
              ],
              [
                -2130001.549900001,
                2654581.9448000006
              ],
              [
                -2129980.9212999996,
                2654575.9046
              ],
              [
                -2129969.664000001,
                2654614.3507000003
              ],
              [
                -2129981.8495000005,
                2654649.2255000006
              ],
              [
                -2129998.0965,
                2654695.7250999995
              ],
              [
                -2130025.6008,
                2654703.7787999995
              ],
              [
                -2130036.8584000003,
                2654665.332800001
              ],
              [
                -2130057.4868,
                2654671.3731999993
              ],
              [
                -2130037.785700001,
                2654738.6536
              ],
              [
                -2130085.9179,
                2654752.7479
              ],
              [
                -2130066.2163999993,
                2654820.028000001
              ],
              [
                -2130045.5885000005,
                2654813.9876000006
              ],
              [
                -2130034.330600001,
                2654852.4332999997
              ],
              [
                -2130082.462099999,
                2654866.5275999997
              ],
              [
                -2130071.204,
                2654904.9733000007
              ],
              [
                -2130091.831599999,
                2654911.013800001
              ],
              [
                -2130112.4593,
                2654917.054300001
              ],
              [
                -2130104.0154999997,
                2654945.8884999994
              ],
              [
                -2130052.4278999995,
                2655045.5733000003
              ],
              [
                -2130031.158,
                2655143.7005000003
              ],
              [
                -2130013.0242,
                2655180.1325000003
              ],
              [
                -2129992.3972999994,
                2655174.0922
              ]
            ]
          ]
        ]
      }
    },
    {
      "type": "Feature",
      "properties": {
        "field_id": "WV_AG_035",
        "lat": 44.875335099955265,
        "lon": -122.766766104878,
        "area_acres": 20.9772718359788,
        "crop_code": 24,
        "cdl_crop": "Winter Wheat",
        "crop_dominant_pct": 91.8,
        "soil_muname": "Jory silty clay loam, 7 to 12 percent slopes",
        "soil_drainage": "Well drained",
        "soil_clay_pct": 33.5,
        "soil_sand_pct": 17.5,
        "soil_silt_pct": 49.0,
        "soil_om_pct": 4.5,
        "soil_ph": 5.5,
        "soil_cec": 17.5,
        "soil_depth_cm": 0.0,
        "weather_monthly": [
          {
            "year": 2020,
            "month": 1,
            "avg_high_c": 5.81,
            "avg_low_c": 2.03,
            "total_rain_mm": 359.92,
            "total_rain_in": 14.17
          },
          {
            "year": 2020,
            "month": 2,
            "avg_high_c": 6.99,
            "avg_low_c": 0.03,
            "total_rain_mm": 156.24,
            "total_rain_in": 6.15
          },
          {
            "year": 2020,
            "month": 3,
            "avg_high_c": 8.24,
            "avg_low_c": 0.2,
            "total_rain_mm": 144.29,
            "total_rain_in": 5.68
          },
          {
            "year": 2020,
            "month": 4,
            "avg_high_c": 13.32,
            "avg_low_c": 3.73,
            "total_rain_mm": 83.54,
            "total_rain_in": 3.29
          },
          {
            "year": 2020,
            "month": 5,
            "avg_high_c": 16.34,
            "avg_low_c": 6.92,
            "total_rain_mm": 155.36,
            "total_rain_in": 6.12
          },
          {
            "year": 2020,
            "month": 6,
            "avg_high_c": 17.93,
            "avg_low_c": 8.84,
            "total_rain_mm": 126.7,
            "total_rain_in": 4.99
          },
          {
            "year": 2020,
            "month": 7,
            "avg_high_c": 24.27,
            "avg_low_c": 11.44,
            "total_rain_mm": 6.27,
            "total_rain_in": 0.25
          },
          {
            "year": 2020,
            "month": 8,
            "avg_high_c": 26.48,
            "avg_low_c": 11.41,
            "total_rain_mm": 6.86,
            "total_rain_in": 0.27
          },
          {
            "year": 2020,
            "month": 9,
            "avg_high_c": 24.68,
            "avg_low_c": 11.64,
            "total_rain_mm": 74.35,
            "total_rain_in": 2.93
          },
          {
            "year": 2020,
            "month": 10,
            "avg_high_c": 16.8,
            "avg_low_c": 6.5,
            "total_rain_mm": 130.57,
            "total_rain_in": 5.14
          },
          {
            "year": 2020,
            "month": 11,
            "avg_high_c": 8.61,
            "avg_low_c": 1.9,
            "total_rain_mm": 281.72,
            "total_rain_in": 11.09
          },
          {
            "year": 2020,
            "month": 12,
            "avg_high_c": 7.65,
            "avg_low_c": 1.25,
            "total_rain_mm": 259.29,
            "total_rain_in": 10.21
          },
          {
            "year": 2021,
            "month": 1,
            "avg_high_c": 6.98,
            "avg_low_c": 1.34,
            "total_rain_mm": 261.43,
            "total_rain_in": 10.29
          },
          {
            "year": 2021,
            "month": 2,
            "avg_high_c": 4.47,
            "avg_low_c": 0.24,
            "total_rain_mm": 269.97,
            "total_rain_in": 10.63
          },
          {
            "year": 2021,
            "month": 3,
            "avg_high_c": 9.28,
            "avg_low_c": 0.48,
            "total_rain_mm": 92.81,
            "total_rain_in": 3.65
          },
          {
            "year": 2021,
            "month": 4,
            "avg_high_c": 14.09,
            "avg_low_c": 2.76,
            "total_rain_mm": 31.72,
            "total_rain_in": 1.25
          },
          {
            "year": 2021,
            "month": 5,
            "avg_high_c": 16.27,
            "avg_low_c": 6.07,
            "total_rain_mm": 61.46,
            "total_rain_in": 2.42
          },
          {
            "year": 2021,
            "month": 6,
            "avg_high_c": 24.04,
            "avg_low_c": 11.21,
            "total_rain_mm": 49.22,
            "total_rain_in": 1.94
          },
          {
            "year": 2021,
            "month": 7,
            "avg_high_c": 28.38,
            "avg_low_c": 12.51,
            "total_rain_mm": 1.03,
            "total_rain_in": 0.04
          },
          {
            "year": 2021,
            "month": 8,
            "avg_high_c": 27.64,
            "avg_low_c": 12.44,
            "total_rain_mm": 4.68,
            "total_rain_in": 0.18
          },
          {
            "year": 2021,
            "month": 9,
            "avg_high_c": 23.59,
            "avg_low_c": 9.74,
            "total_rain_mm": 114.11,
            "total_rain_in": 4.49
          },
          {
            "year": 2021,
            "month": 10,
            "avg_high_c": 13.46,
            "avg_low_c": 5.2,
            "total_rain_mm": 156.64,
            "total_rain_in": 6.17
          },
          {
            "year": 2021,
            "month": 11,
            "avg_high_c": 10.34,
            "avg_low_c": 4.21,
            "total_rain_mm": 274.71,
            "total_rain_in": 10.82
          },
          {
            "year": 2021,
            "month": 12,
            "avg_high_c": 3.78,
            "avg_low_c": -0.31,
            "total_rain_mm": 350.28,
            "total_rain_in": 13.79
          },
          {
            "year": 2022,
            "month": 1,
            "avg_high_c": 8.06,
            "avg_low_c": 1.23,
            "total_rain_mm": 225.32,
            "total_rain_in": 8.87
          },
          {
            "year": 2022,
            "month": 2,
            "avg_high_c": 8.05,
            "avg_low_c": 0.03,
            "total_rain_mm": 107.61,
            "total_rain_in": 4.24
          },
          {
            "year": 2022,
            "month": 3,
            "avg_high_c": 10.15,
            "avg_low_c": 2.61,
            "total_rain_mm": 151.02,
            "total_rain_in": 5.95
          },
          {
            "year": 2022,
            "month": 4,
            "avg_high_c": 9.2,
            "avg_low_c": 1.3,
            "total_rain_mm": 229.03,
            "total_rain_in": 9.02
          },
          {
            "year": 2022,
            "month": 5,
            "avg_high_c": 13.16,
            "avg_low_c": 5.08,
            "total_rain_mm": 234.81,
            "total_rain_in": 9.24
          },
          {
            "year": 2022,
            "month": 6,
            "avg_high_c": 18.67,
            "avg_low_c": 8.78,
            "total_rain_mm": 164.65,
            "total_rain_in": 6.48
          },
          {
            "year": 2022,
            "month": 7,
            "avg_high_c": 25.12,
            "avg_low_c": 12.9,
            "total_rain_mm": 12.17,
            "total_rain_in": 0.48
          },
          {
            "year": 2022,
            "month": 8,
            "avg_high_c": 29.06,
            "avg_low_c": 13.57,
            "total_rain_mm": 2.79,
            "total_rain_in": 0.11
          },
          {
            "year": 2022,
            "month": 9,
            "avg_high_c": 25.76,
            "avg_low_c": 11.09,
            "total_rain_mm": 17.6,
            "total_rain_in": 0.69
          },
          {
            "year": 2022,
            "month": 10,
            "avg_high_c": 21.87,
            "avg_low_c": 9.05,
            "total_rain_mm": 105.7,
            "total_rain_in": 4.16
          },
          {
            "year": 2022,
            "month": 11,
            "avg_high_c": 7.14,
            "avg_low_c": 0.32,
            "total_rain_mm": 242.69,
            "total_rain_in": 9.55
          },
          {
            "year": 2022,
            "month": 12,
            "avg_high_c": 5.01,
            "avg_low_c": 0.13,
            "total_rain_mm": 239.46,
            "total_rain_in": 9.43
          },
          {
            "year": 2023,
            "month": 1,
            "avg_high_c": 6.39,
            "avg_low_c": 0.82,
            "total_rain_mm": 121.96,
            "total_rain_in": 4.8
          },
          {
            "year": 2023,
            "month": 2,
            "avg_high_c": 5.15,
            "avg_low_c": -1.05,
            "total_rain_mm": 146.96,
            "total_rain_in": 5.79
          },
          {
            "year": 2023,
            "month": 3,
            "avg_high_c": 5.83,
            "avg_low_c": -0.97,
            "total_rain_mm": 208.72,
            "total_rain_in": 8.22
          },
          {
            "year": 2023,
            "month": 4,
            "avg_high_c": 10.03,
            "avg_low_c": 2.47,
            "total_rain_mm": 208.63,
            "total_rain_in": 8.21
          },
          {
            "year": 2023,
            "month": 5,
            "avg_high_c": 18.49,
            "avg_low_c": 8.23,
            "total_rain_mm": 39.53,
            "total_rain_in": 1.56
          },
          {
            "year": 2023,
            "month": 6,
            "avg_high_c": 20.7,
            "avg_low_c": 8.66,
            "total_rain_mm": 27.84,
            "total_rain_in": 1.1
          },
          {
            "year": 2023,
            "month": 7,
            "avg_high_c": 27.74,
            "avg_low_c": 12.12,
            "total_rain_mm": 2.53,
            "total_rain_in": 0.1
          },
          {
            "year": 2023,
            "month": 8,
            "avg_high_c": 28.71,
            "avg_low_c": 13.39,
            "total_rain_mm": 25.38,
            "total_rain_in": 1.0
          },
          {
            "year": 2023,
            "month": 9,
            "avg_high_c": 22.44,
            "avg_low_c": 9.97,
            "total_rain_mm": 69.83,
            "total_rain_in": 2.75
          },
          {
            "year": 2023,
            "month": 10,
            "avg_high_c": 17.1,
            "avg_low_c": 6.69,
            "total_rain_mm": 132.51,
            "total_rain_in": 5.22
          },
          {
            "year": 2023,
            "month": 11,
            "avg_high_c": 10.75,
            "avg_low_c": 3.03,
            "total_rain_mm": 202.29,
            "total_rain_in": 7.96
          },
          {
            "year": 2023,
            "month": 12,
            "avg_high_c": 9.57,
            "avg_low_c": 3.84,
            "total_rain_mm": 316.81,
            "total_rain_in": 12.47
          },
          {
            "year": 2024,
            "month": 1,
            "avg_high_c": 6.31,
            "avg_low_c": 1.57,
            "total_rain_mm": 421.31,
            "total_rain_in": 16.59
          },
          {
            "year": 2024,
            "month": 2,
            "avg_high_c": 7.68,
            "avg_low_c": 1.43,
            "total_rain_mm": 222.12,
            "total_rain_in": 8.74
          },
          {
            "year": 2024,
            "month": 3,
            "avg_high_c": 9.44,
            "avg_low_c": 1.78,
            "total_rain_mm": 169.03,
            "total_rain_in": 6.65
          },
          {
            "year": 2024,
            "month": 4,
            "avg_high_c": 12.13,
            "avg_low_c": 3.07,
            "total_rain_mm": 116.57,
            "total_rain_in": 4.59
          },
          {
            "year": 2024,
            "month": 5,
            "avg_high_c": 15.29,
            "avg_low_c": 5.39,
            "total_rain_mm": 143.39,
            "total_rain_in": 5.65
          },
          {
            "year": 2024,
            "month": 6,
            "avg_high_c": 19.39,
            "avg_low_c": 8.93,
            "total_rain_mm": 89.0,
            "total_rain_in": 3.5
          },
          {
            "year": 2024,
            "month": 7,
            "avg_high_c": 28.25,
            "avg_low_c": 13.13,
            "total_rain_mm": 9.04,
            "total_rain_in": 0.36
          },
          {
            "year": 2024,
            "month": 8,
            "avg_high_c": 26.69,
            "avg_low_c": 12.07,
            "total_rain_mm": 28.51,
            "total_rain_in": 1.12
          },
          {
            "year": 2024,
            "month": 9,
            "avg_high_c": 24.27,
            "avg_low_c": 10.79,
            "total_rain_mm": 36.96,
            "total_rain_in": 1.46
          },
          {
            "year": 2024,
            "month": 10,
            "avg_high_c": 17.47,
            "avg_low_c": 6.03,
            "total_rain_mm": 141.25,
            "total_rain_in": 5.56
          },
          {
            "year": 2024,
            "month": 11,
            "avg_high_c": 7.85,
            "avg_low_c": 2.65,
            "total_rain_mm": 304.21,
            "total_rain_in": 11.98
          },
          {
            "year": 2024,
            "month": 12,
            "avg_high_c": 8.3,
            "avg_low_c": 2.23,
            "total_rain_mm": 333.84,
            "total_rain_in": 13.14
          },
          {
            "year": 2025,
            "month": 1,
            "avg_high_c": 7.18,
            "avg_low_c": -0.76,
            "total_rain_mm": 132.35,
            "total_rain_in": 5.21
          },
          {
            "year": 2025,
            "month": 2,
            "avg_high_c": 5.84,
            "avg_low_c": -0.17,
            "total_rain_mm": 236.43,
            "total_rain_in": 9.31
          },
          {
            "year": 2025,
            "month": 3,
            "avg_high_c": 9.17,
            "avg_low_c": 2.53,
            "total_rain_mm": 282.53,
            "total_rain_in": 11.12
          },
          {
            "year": 2025,
            "month": 4,
            "avg_high_c": 13.94,
            "avg_low_c": 3.09,
            "total_rain_mm": 73.03,
            "total_rain_in": 2.88
          },
          {
            "year": 2025,
            "month": 5,
            "avg_high_c": 15.8,
            "avg_low_c": 5.06,
            "total_rain_mm": 68.67,
            "total_rain_in": 2.7
          },
          {
            "year": 2025,
            "month": 6,
            "avg_high_c": 20.74,
            "avg_low_c": 8.79,
            "total_rain_mm": 39.96,
            "total_rain_in": 1.57
          },
          {
            "year": 2025,
            "month": 7,
            "avg_high_c": 26.46,
            "avg_low_c": 11.76,
            "total_rain_mm": 2.21,
            "total_rain_in": 0.09
          },
          {
            "year": 2025,
            "month": 8,
            "avg_high_c": 28.09,
            "avg_low_c": 13.36,
            "total_rain_mm": 24.98,
            "total_rain_in": 0.98
          },
          {
            "year": 2025,
            "month": 9,
            "avg_high_c": 24.85,
            "avg_low_c": 11.09,
            "total_rain_mm": 53.01,
            "total_rain_in": 2.09
          },
          {
            "year": 2025,
            "month": 10,
            "avg_high_c": 13.55,
            "avg_low_c": 4.47,
            "total_rain_mm": 162.62,
            "total_rain_in": 6.4
          },
          {
            "year": 2025,
            "month": 11,
            "avg_high_c": 10.71,
            "avg_low_c": 4.08,
            "total_rain_mm": 190.66,
            "total_rain_in": 7.51
          },
          {
            "year": 2025,
            "month": 12,
            "avg_high_c": 8.4,
            "avg_low_c": 3.2,
            "total_rain_mm": 412.06,
            "total_rain_in": 16.22
          }
        ]
      },
      "geometry": {
        "type": "MultiPolygon",
        "coordinates": [
          [
            [
              [
                -2083607.697899999,
                2727454.0746999998
              ],
              [
                -2083616.0351,
                2727425.2591999993
              ],
              [
                -2083588.8058000002,
                2727417.3808999993
              ],
              [
                -2083619.3750999998,
                2727311.7238999996
              ],
              [
                -2083646.6049000006,
                2727319.6021
              ],
              [
                -2083667.0271000005,
                2727325.5109
              ],
              [
                -2083702.5943,
                2727304.5738999993
              ],
              [
                -2083740.9407000002,
                2727274.0319
              ],
              [
                -2083749.2783000004,
                2727245.2162999995
              ],
              [
                -2083771.5118000004,
                2727168.3747000005
              ],
              [
                -2083779.8494000006,
                2727139.5591
              ],
              [
                -2083799.3037,
                2727072.3225999996
              ],
              [
                -2083772.0730000008,
                2727064.4437000006
              ],
              [
                -2083783.1896000002,
                2727026.0227000006
              ],
              [
                -2083818.7579999994,
                2727005.085999999
              ],
              [
                -2083839.1811999995,
                2727010.9953000005
              ],
              [
                -2083830.8435999993,
                2727039.8110000007
              ],
              [
                -2083905.7280000001,
                2727061.4789000005
              ],
              [
                -2083914.0660999995,
                2727032.6633
              ],
              [
                -2083961.7200000007,
                2727046.4524000008
              ],
              [
                -2083953.3817999996,
                2727075.2678999994
              ],
              [
                -2084001.0354999993,
                2727089.0572999995
              ],
              [
                -2083989.9177,
                2727127.4779000003
              ],
              [
                -2083981.5792999994,
                2727156.293299999
              ],
              [
                -2083903.3530000001,
                2727248.1608000007
              ],
              [
                -2083856.6677,
                2727307.5175
              ],
              [
                -2083845.5503000002,
                2727345.937999999
              ],
              [
                -2083837.2123000007,
                2727374.7534
              ],
              [
                -2083826.0950000007,
                2727413.1739000008
              ],
              [
                -2083853.3244000003,
                2727421.0529999994
              ],
              [
                -2083844.986300001,
                2727449.8683
              ],
              [
                -2083817.757099999,
                2727441.9891999997
              ],
              [
                -2083797.3351000007,
                2727436.0799000002
              ],
              [
                -2083758.9887000006,
                2727466.6215000004
              ],
              [
                -2083730.2291,
                2727489.5277999993
              ],
              [
                -2083703.0,
                2727481.6492
              ],
              [
                -2083682.5781999994,
                2727475.7402
              ],
              [
                -2083607.697899999,
                2727454.0746999998
              ]
            ]
          ]
        ]
      }
    },
    {
      "type": "Feature",
      "properties": {
        "field_id": "WV_AG_036",
        "lat": 44.18617759569894,
        "lon": -123.13093410763247,
        "area_acres": 70.9872394055515,
        "crop_code": 24,
        "cdl_crop": "Winter Wheat",
        "crop_dominant_pct": 95.3,
        "soil_muname": "Newberg loam",
        "soil_drainage": "Well drained",
        "soil_clay_pct": 11.0,
        "soil_sand_pct": 45.6,
        "soil_silt_pct": 43.4,
        "soil_om_pct": 3.0,
        "soil_ph": 6.1,
        "soil_cec": 20.0,
        "soil_depth_cm": 0.0,
        "weather_monthly": [
          {
            "year": 2020,
            "month": 1,
            "avg_high_c": 7.66,
            "avg_low_c": 3.21,
            "total_rain_mm": 280.71,
            "total_rain_in": 11.05
          },
          {
            "year": 2020,
            "month": 2,
            "avg_high_c": 9.12,
            "avg_low_c": 0.7,
            "total_rain_mm": 88.78,
            "total_rain_in": 3.5
          },
          {
            "year": 2020,
            "month": 3,
            "avg_high_c": 10.54,
            "avg_low_c": 1.58,
            "total_rain_mm": 108.69,
            "total_rain_in": 4.28
          },
          {
            "year": 2020,
            "month": 4,
            "avg_high_c": 15.02,
            "avg_low_c": 4.71,
            "total_rain_mm": 73.03,
            "total_rain_in": 2.88
          },
          {
            "year": 2020,
            "month": 5,
            "avg_high_c": 17.39,
            "avg_low_c": 7.19,
            "total_rain_mm": 120.67,
            "total_rain_in": 4.75
          },
          {
            "year": 2020,
            "month": 6,
            "avg_high_c": 19.11,
            "avg_low_c": 9.05,
            "total_rain_mm": 70.28,
            "total_rain_in": 2.77
          },
          {
            "year": 2020,
            "month": 7,
            "avg_high_c": 23.77,
            "avg_low_c": 11.01,
            "total_rain_mm": 1.23,
            "total_rain_in": 0.05
          },
          {
            "year": 2020,
            "month": 8,
            "avg_high_c": 26.66,
            "avg_low_c": 10.99,
            "total_rain_mm": 2.32,
            "total_rain_in": 0.09
          },
          {
            "year": 2020,
            "month": 9,
            "avg_high_c": 26.07,
            "avg_low_c": 11.71,
            "total_rain_mm": 58.73,
            "total_rain_in": 2.31
          },
          {
            "year": 2020,
            "month": 10,
            "avg_high_c": 19.05,
            "avg_low_c": 7.03,
            "total_rain_mm": 64.71,
            "total_rain_in": 2.55
          },
          {
            "year": 2020,
            "month": 11,
            "avg_high_c": 10.65,
            "avg_low_c": 2.51,
            "total_rain_mm": 204.9,
            "total_rain_in": 8.07
          },
          {
            "year": 2020,
            "month": 12,
            "avg_high_c": 9.4,
            "avg_low_c": 1.62,
            "total_rain_mm": 187.39,
            "total_rain_in": 7.38
          },
          {
            "year": 2021,
            "month": 1,
            "avg_high_c": 8.67,
            "avg_low_c": 2.37,
            "total_rain_mm": 184.79,
            "total_rain_in": 7.28
          },
          {
            "year": 2021,
            "month": 2,
            "avg_high_c": 7.16,
            "avg_low_c": 1.66,
            "total_rain_mm": 163.15,
            "total_rain_in": 6.42
          },
          {
            "year": 2021,
            "month": 3,
            "avg_high_c": 10.78,
            "avg_low_c": 1.09,
            "total_rain_mm": 68.13,
            "total_rain_in": 2.68
          },
          {
            "year": 2021,
            "month": 4,
            "avg_high_c": 15.69,
            "avg_low_c": 3.28,
            "total_rain_mm": 17.85,
            "total_rain_in": 0.7
          },
          {
            "year": 2021,
            "month": 5,
            "avg_high_c": 16.96,
            "avg_low_c": 6.41,
            "total_rain_mm": 33.24,
            "total_rain_in": 1.31
          },
          {
            "year": 2021,
            "month": 6,
            "avg_high_c": 23.28,
            "avg_low_c": 10.71,
            "total_rain_mm": 33.37,
            "total_rain_in": 1.31
          },
          {
            "year": 2021,
            "month": 7,
            "avg_high_c": 27.7,
            "avg_low_c": 11.54,
            "total_rain_mm": 1.42,
            "total_rain_in": 0.06
          },
          {
            "year": 2021,
            "month": 8,
            "avg_high_c": 27.84,
            "avg_low_c": 12.16,
            "total_rain_mm": 1.11,
            "total_rain_in": 0.04
          },
          {
            "year": 2021,
            "month": 9,
            "avg_high_c": 25.0,
            "avg_low_c": 9.64,
            "total_rain_mm": 82.72,
            "total_rain_in": 3.26
          },
          {
            "year": 2021,
            "month": 10,
            "avg_high_c": 16.05,
            "avg_low_c": 6.61,
            "total_rain_mm": 104.65,
            "total_rain_in": 4.12
          },
          {
            "year": 2021,
            "month": 11,
            "avg_high_c": 12.26,
            "avg_low_c": 4.72,
            "total_rain_mm": 156.92,
            "total_rain_in": 6.18
          },
          {
            "year": 2021,
            "month": 12,
            "avg_high_c": 5.99,
            "avg_low_c": 1.66,
            "total_rain_mm": 254.46,
            "total_rain_in": 10.02
          },
          {
            "year": 2022,
            "month": 1,
            "avg_high_c": 10.25,
            "avg_low_c": 1.58,
            "total_rain_mm": 140.49,
            "total_rain_in": 5.53
          },
          {
            "year": 2022,
            "month": 2,
            "avg_high_c": 10.43,
            "avg_low_c": 1.5,
            "total_rain_mm": 44.88,
            "total_rain_in": 1.77
          },
          {
            "year": 2022,
            "month": 3,
            "avg_high_c": 11.97,
            "avg_low_c": 3.41,
            "total_rain_mm": 100.24,
            "total_rain_in": 3.95
          },
          {
            "year": 2022,
            "month": 4,
            "avg_high_c": 11.32,
            "avg_low_c": 2.64,
            "total_rain_mm": 161.54,
            "total_rain_in": 6.36
          },
          {
            "year": 2022,
            "month": 5,
            "avg_high_c": 14.57,
            "avg_low_c": 5.9,
            "total_rain_mm": 174.98,
            "total_rain_in": 6.89
          },
          {
            "year": 2022,
            "month": 6,
            "avg_high_c": 19.98,
            "avg_low_c": 9.33,
            "total_rain_mm": 99.4,
            "total_rain_in": 3.91
          },
          {
            "year": 2022,
            "month": 7,
            "avg_high_c": 24.74,
            "avg_low_c": 12.38,
            "total_rain_mm": 7.74,
            "total_rain_in": 0.3
          },
          {
            "year": 2022,
            "month": 8,
            "avg_high_c": 26.85,
            "avg_low_c": 12.9,
            "total_rain_mm": 1.93,
            "total_rain_in": 0.08
          },
          {
            "year": 2022,
            "month": 9,
            "avg_high_c": 25.2,
            "avg_low_c": 10.87,
            "total_rain_mm": 8.62,
            "total_rain_in": 0.34
          },
          {
            "year": 2022,
            "month": 10,
            "avg_high_c": 21.99,
            "avg_low_c": 8.89,
            "total_rain_mm": 57.5,
            "total_rain_in": 2.26
          },
          {
            "year": 2022,
            "month": 11,
            "avg_high_c": 9.82,
            "avg_low_c": 0.86,
            "total_rain_mm": 160.98,
            "total_rain_in": 6.34
          },
          {
            "year": 2022,
            "month": 12,
            "avg_high_c": 7.61,
            "avg_low_c": 1.27,
            "total_rain_mm": 173.4,
            "total_rain_in": 6.83
          },
          {
            "year": 2023,
            "month": 1,
            "avg_high_c": 7.82,
            "avg_low_c": 1.42,
            "total_rain_mm": 94.49,
            "total_rain_in": 3.72
          },
          {
            "year": 2023,
            "month": 2,
            "avg_high_c": 7.78,
            "avg_low_c": -0.04,
            "total_rain_mm": 112.98,
            "total_rain_in": 4.45
          },
          {
            "year": 2023,
            "month": 3,
            "avg_high_c": 7.61,
            "avg_low_c": -0.22,
            "total_rain_mm": 193.63,
            "total_rain_in": 7.62
          },
          {
            "year": 2023,
            "month": 4,
            "avg_high_c": 11.76,
            "avg_low_c": 3.48,
            "total_rain_mm": 155.44,
            "total_rain_in": 6.12
          },
          {
            "year": 2023,
            "month": 5,
            "avg_high_c": 19.43,
            "avg_low_c": 8.12,
            "total_rain_mm": 27.62,
            "total_rain_in": 1.09
          },
          {
            "year": 2023,
            "month": 6,
            "avg_high_c": 21.13,
            "avg_low_c": 8.79,
            "total_rain_mm": 13.29,
            "total_rain_in": 0.52
          },
          {
            "year": 2023,
            "month": 7,
            "avg_high_c": 26.83,
            "avg_low_c": 11.23,
            "total_rain_mm": 0.8,
            "total_rain_in": 0.03
          },
          {
            "year": 2023,
            "month": 8,
            "avg_high_c": 29.16,
            "avg_low_c": 12.95,
            "total_rain_mm": 13.99,
            "total_rain_in": 0.55
          },
          {
            "year": 2023,
            "month": 9,
            "avg_high_c": 24.05,
            "avg_low_c": 10.15,
            "total_rain_mm": 56.6,
            "total_rain_in": 2.23
          },
          {
            "year": 2023,
            "month": 10,
            "avg_high_c": 18.3,
            "avg_low_c": 7.1,
            "total_rain_mm": 106.79,
            "total_rain_in": 4.2
          },
          {
            "year": 2023,
            "month": 11,
            "avg_high_c": 12.28,
            "avg_low_c": 3.5,
            "total_rain_mm": 139.45,
            "total_rain_in": 5.49
          },
          {
            "year": 2023,
            "month": 12,
            "avg_high_c": 10.7,
            "avg_low_c": 4.32,
            "total_rain_mm": 245.67,
            "total_rain_in": 9.67
          },
          {
            "year": 2024,
            "month": 1,
            "avg_high_c": 9.33,
            "avg_low_c": 4.32,
            "total_rain_mm": 351.31,
            "total_rain_in": 13.83
          },
          {
            "year": 2024,
            "month": 2,
            "avg_high_c": 9.73,
            "avg_low_c": 3.04,
            "total_rain_mm": 178.71,
            "total_rain_in": 7.04
          },
          {
            "year": 2024,
            "month": 3,
            "avg_high_c": 10.96,
            "avg_low_c": 2.61,
            "total_rain_mm": 164.28,
            "total_rain_in": 6.47
          },
          {
            "year": 2024,
            "month": 4,
            "avg_high_c": 13.62,
            "avg_low_c": 4.03,
            "total_rain_mm": 93.19,
            "total_rain_in": 3.67
          },
          {
            "year": 2024,
            "month": 5,
            "avg_high_c": 16.89,
            "avg_low_c": 5.88,
            "total_rain_mm": 103.89,
            "total_rain_in": 4.09
          },
          {
            "year": 2024,
            "month": 6,
            "avg_high_c": 20.35,
            "avg_low_c": 9.04,
            "total_rain_mm": 54.09,
            "total_rain_in": 2.13
          },
          {
            "year": 2024,
            "month": 7,
            "avg_high_c": 26.5,
            "avg_low_c": 12.22,
            "total_rain_mm": 3.37,
            "total_rain_in": 0.13
          },
          {
            "year": 2024,
            "month": 8,
            "avg_high_c": 26.3,
            "avg_low_c": 12.01,
            "total_rain_mm": 24.29,
            "total_rain_in": 0.96
          },
          {
            "year": 2024,
            "month": 9,
            "avg_high_c": 25.02,
            "avg_low_c": 10.59,
            "total_rain_mm": 32.9,
            "total_rain_in": 1.3
          },
          {
            "year": 2024,
            "month": 10,
            "avg_high_c": 19.19,
            "avg_low_c": 6.89,
            "total_rain_mm": 98.47,
            "total_rain_in": 3.88
          },
          {
            "year": 2024,
            "month": 11,
            "avg_high_c": 9.64,
            "avg_low_c": 3.86,
            "total_rain_mm": 293.22,
            "total_rain_in": 11.54
          },
          {
            "year": 2024,
            "month": 12,
            "avg_high_c": 9.76,
            "avg_low_c": 3.29,
            "total_rain_mm": 295.17,
            "total_rain_in": 11.62
          },
          {
            "year": 2025,
            "month": 1,
            "avg_high_c": 8.65,
            "avg_low_c": 0.33,
            "total_rain_mm": 131.95,
            "total_rain_in": 5.19
          },
          {
            "year": 2025,
            "month": 2,
            "avg_high_c": 8.13,
            "avg_low_c": 1.66,
            "total_rain_mm": 190.55,
            "total_rain_in": 7.5
          },
          {
            "year": 2025,
            "month": 3,
            "avg_high_c": 11.05,
            "avg_low_c": 4.06,
            "total_rain_mm": 268.39,
            "total_rain_in": 10.57
          },
          {
            "year": 2025,
            "month": 4,
            "avg_high_c": 15.16,
            "avg_low_c": 4.32,
            "total_rain_mm": 58.55,
            "total_rain_in": 2.31
          },
          {
            "year": 2025,
            "month": 5,
            "avg_high_c": 17.27,
            "avg_low_c": 6.52,
            "total_rain_mm": 44.19,
            "total_rain_in": 1.74
          },
          {
            "year": 2025,
            "month": 6,
            "avg_high_c": 21.41,
            "avg_low_c": 9.22,
            "total_rain_mm": 31.7,
            "total_rain_in": 1.25
          },
          {
            "year": 2025,
            "month": 7,
            "avg_high_c": 26.68,
            "avg_low_c": 11.54,
            "total_rain_mm": 0.73,
            "total_rain_in": 0.03
          },
          {
            "year": 2025,
            "month": 8,
            "avg_high_c": 29.54,
            "avg_low_c": 13.29,
            "total_rain_mm": 10.11,
            "total_rain_in": 0.4
          },
          {
            "year": 2025,
            "month": 9,
            "avg_high_c": 25.66,
            "avg_low_c": 10.95,
            "total_rain_mm": 47.25,
            "total_rain_in": 1.86
          },
          {
            "year": 2025,
            "month": 10,
            "avg_high_c": 16.4,
            "avg_low_c": 6.01,
            "total_rain_mm": 126.39,
            "total_rain_in": 4.98
          },
          {
            "year": 2025,
            "month": 11,
            "avg_high_c": 12.57,
            "avg_low_c": 5.3,
            "total_rain_mm": 124.05,
            "total_rain_in": 4.88
          },
          {
            "year": 2025,
            "month": 12,
            "avg_high_c": 10.45,
            "avg_low_c": 4.15,
            "total_rain_mm": 259.14,
            "total_rain_in": 10.2
          }
        ]
      },
      "geometry": {
        "type": "MultiPolygon",
        "coordinates": [
          [
            [
              [
                -2133047.8891000003,
                2661934.9275
              ],
              [
                -2133027.281300001,
                2661928.8785999995
              ],
              [
                -2133018.8203,
                2661957.704399999
              ],
              [
                -2132943.2588,
                2661935.5260000005
              ],
              [
                -2132951.7194999997,
                2661906.6999999993
              ],
              [
                -2132931.1117000002,
                2661900.6514
              ],
              [
                -2132903.6346000005,
                2661892.5867
              ],
              [
                -2132895.1741000004,
                2661921.4126999993
              ],
              [
                -2132874.566299999,
                2661915.3642999995
              ],
              [
                -2132855.5495999996,
                2661878.4738
              ],
              [
                -2132864.0099,
                2661849.6478000004
              ],
              [
                -2132836.5326000005,
                2661841.5833
              ],
              [
                -2132807.4645000007,
                2661864.3610999994
              ],
              [
                -2132771.5272000004,
                2661885.1229999997
              ],
              [
                -2132627.2718,
                2661842.7876999993
              ],
              [
                -2132615.1230999995,
                2661807.9137999993
              ],
              [
                -2132694.0775000006,
                2661538.8676999994
              ],
              [
                -2132705.3567999993,
                2661500.4323999994
              ],
              [
                -2132725.0954,
                2661433.1707000006
              ],
              [
                -2132781.642999999,
                2661418.4562999997
              ],
              [
                -2132802.2522,
                2661424.5044
              ],
              [
                -2132829.7311000004,
                2661432.5688000005
              ],
              [
                -2132821.271299999,
                2661461.3950999994
              ],
              [
                -2132889.9681,
                2661481.5561999995
              ],
              [
                -2132917.4466999993,
                2661489.6208999995
              ],
              [
                -2132993.0129000004,
                2661511.7992000002
              ],
              [
                -2133001.4734000005,
                2661482.9729999993
              ],
              [
                -2133022.0823999997,
                2661489.0218
              ],
              [
                -2133049.5610000007,
                2661497.0868999995
              ],
              [
                -2133041.100299999,
                2661525.9131000005
              ],
              [
                -2133089.1876999997,
                2661540.0273
              ],
              [
                -2133118.2575000003,
                2661517.2501999997
              ],
              [
                -2133157.0174000002,
                2661486.8808999993
              ],
              [
                -2133176.76,
                2661419.6202000007
              ],
              [
                -2133169.0232999995,
                2661344.2936000004
              ],
              [
                -2133177.4843000006,
                2661315.4672999997
              ],
              [
                -2133200.0470000003,
                2661238.5975
              ],
              [
                -2133227.5265999995,
                2661246.6633
              ],
              [
                -2133371.7939,
                2661289.010399999
              ],
              [
                -2133376.7084999997,
                2661373.9461000003
              ],
              [
                -2133388.855900001,
                2661408.8220000006
              ],
              [
                -2133357.8290999997,
                2661514.5167999994
              ],
              [
                -2133385.307600001,
                2661522.5832
              ],
              [
                -2133376.8456999995,
                2661551.409
              ],
              [
                -2133365.563100001,
                2661589.8433999997
              ],
              [
                -2133338.0847999994,
                2661581.7772000004
              ],
              [
                -2133289.9977,
                2661567.6612
              ],
              [
                -2133233.449100001,
                2661582.3716
              ],
              [
                -2133213.7057000007,
                2661649.6319999993
              ],
              [
                -2133202.423800001,
                2661688.0666000005
              ],
              [
                -2133151.6553000007,
                2661861.0215000007
              ],
              [
                -2133143.1939000003,
                2661889.8472000007
              ],
              [
                -2133114.9891999997,
                2661985.9329000004
              ],
              [
                -2133039.4279999994,
                2661963.7533
              ],
              [
                -2133047.8891000003,
                2661934.9275
              ]
            ]
          ]
        ]
      }
    },
    {
      "type": "Feature",
      "properties": {
        "field_id": "WV_AG_037",
        "lat": 44.46994929998061,
        "lon": -123.24915365920704,
        "area_acres": 16.5735942254202,
        "crop_code": 24,
        "cdl_crop": "Winter Wheat",
        "crop_dominant_pct": 96.1,
        "soil_muname": "Chehalis silty clay loam, 0 to 3 percent slopes",
        "soil_drainage": "Well drained",
        "soil_clay_pct": 28.0,
        "soil_sand_pct": 10.0,
        "soil_silt_pct": 62.0,
        "soil_om_pct": 5.0,
        "soil_ph": 6.2,
        "soil_cec": 30.0,
        "soil_depth_cm": 0.0,
        "weather_monthly": [
          {
            "year": 2020,
            "month": 1,
            "avg_high_c": 8.29,
            "avg_low_c": 3.45,
            "total_rain_mm": 335.74,
            "total_rain_in": 13.22
          },
          {
            "year": 2020,
            "month": 2,
            "avg_high_c": 9.41,
            "avg_low_c": 1.31,
            "total_rain_mm": 106.13,
            "total_rain_in": 4.18
          },
          {
            "year": 2020,
            "month": 3,
            "avg_high_c": 10.89,
            "avg_low_c": 1.82,
            "total_rain_mm": 122.53,
            "total_rain_in": 4.82
          },
          {
            "year": 2020,
            "month": 4,
            "avg_high_c": 15.33,
            "avg_low_c": 4.78,
            "total_rain_mm": 69.14,
            "total_rain_in": 2.72
          },
          {
            "year": 2020,
            "month": 5,
            "avg_high_c": 17.79,
            "avg_low_c": 7.72,
            "total_rain_mm": 134.18,
            "total_rain_in": 5.28
          },
          {
            "year": 2020,
            "month": 6,
            "avg_high_c": 19.47,
            "avg_low_c": 9.28,
            "total_rain_mm": 75.69,
            "total_rain_in": 2.98
          },
          {
            "year": 2020,
            "month": 7,
            "avg_high_c": 23.62,
            "avg_low_c": 10.84,
            "total_rain_mm": 1.22,
            "total_rain_in": 0.05
          },
          {
            "year": 2020,
            "month": 8,
            "avg_high_c": 25.28,
            "avg_low_c": 10.98,
            "total_rain_mm": 2.78,
            "total_rain_in": 0.11
          },
          {
            "year": 2020,
            "month": 9,
            "avg_high_c": 24.88,
            "avg_low_c": 11.82,
            "total_rain_mm": 72.75,
            "total_rain_in": 2.86
          },
          {
            "year": 2020,
            "month": 10,
            "avg_high_c": 18.05,
            "avg_low_c": 6.83,
            "total_rain_mm": 69.47,
            "total_rain_in": 2.74
          },
          {
            "year": 2020,
            "month": 11,
            "avg_high_c": 10.89,
            "avg_low_c": 2.86,
            "total_rain_mm": 232.5,
            "total_rain_in": 9.15
          },
          {
            "year": 2020,
            "month": 12,
            "avg_high_c": 9.48,
            "avg_low_c": 1.8,
            "total_rain_mm": 218.39,
            "total_rain_in": 8.6
          },
          {
            "year": 2021,
            "month": 1,
            "avg_high_c": 8.91,
            "avg_low_c": 2.45,
            "total_rain_mm": 254.08,
            "total_rain_in": 10.0
          },
          {
            "year": 2021,
            "month": 2,
            "avg_high_c": 7.83,
            "avg_low_c": 1.9,
            "total_rain_mm": 199.0,
            "total_rain_in": 7.83
          },
          {
            "year": 2021,
            "month": 3,
            "avg_high_c": 11.03,
            "avg_low_c": 1.41,
            "total_rain_mm": 76.2,
            "total_rain_in": 3.0
          },
          {
            "year": 2021,
            "month": 4,
            "avg_high_c": 16.03,
            "avg_low_c": 3.49,
            "total_rain_mm": 26.64,
            "total_rain_in": 1.05
          },
          {
            "year": 2021,
            "month": 5,
            "avg_high_c": 17.61,
            "avg_low_c": 6.63,
            "total_rain_mm": 32.61,
            "total_rain_in": 1.28
          },
          {
            "year": 2021,
            "month": 6,
            "avg_high_c": 23.31,
            "avg_low_c": 10.75,
            "total_rain_mm": 48.27,
            "total_rain_in": 1.9
          },
          {
            "year": 2021,
            "month": 7,
            "avg_high_c": 26.5,
            "avg_low_c": 11.41,
            "total_rain_mm": 1.97,
            "total_rain_in": 0.08
          },
          {
            "year": 2021,
            "month": 8,
            "avg_high_c": 27.12,
            "avg_low_c": 12.3,
            "total_rain_mm": 1.69,
            "total_rain_in": 0.07
          },
          {
            "year": 2021,
            "month": 9,
            "avg_high_c": 24.68,
            "avg_low_c": 9.98,
            "total_rain_mm": 85.39,
            "total_rain_in": 3.36
          },
          {
            "year": 2021,
            "month": 10,
            "avg_high_c": 15.78,
            "avg_low_c": 6.61,
            "total_rain_mm": 126.84,
            "total_rain_in": 4.99
          },
          {
            "year": 2021,
            "month": 11,
            "avg_high_c": 12.39,
            "avg_low_c": 4.82,
            "total_rain_mm": 205.74,
            "total_rain_in": 8.1
          },
          {
            "year": 2021,
            "month": 12,
            "avg_high_c": 6.18,
            "avg_low_c": 1.36,
            "total_rain_mm": 308.92,
            "total_rain_in": 12.16
          },
          {
            "year": 2022,
            "month": 1,
            "avg_high_c": 9.77,
            "avg_low_c": 1.92,
            "total_rain_mm": 158.73,
            "total_rain_in": 6.25
          },
          {
            "year": 2022,
            "month": 2,
            "avg_high_c": 10.27,
            "avg_low_c": 1.55,
            "total_rain_mm": 85.78,
            "total_rain_in": 3.38
          },
          {
            "year": 2022,
            "month": 3,
            "avg_high_c": 12.11,
            "avg_low_c": 3.66,
            "total_rain_mm": 115.37,
            "total_rain_in": 4.54
          },
          {
            "year": 2022,
            "month": 4,
            "avg_high_c": 11.74,
            "avg_low_c": 2.97,
            "total_rain_mm": 181.66,
            "total_rain_in": 7.15
          },
          {
            "year": 2022,
            "month": 5,
            "avg_high_c": 15.02,
            "avg_low_c": 6.09,
            "total_rain_mm": 173.68,
            "total_rain_in": 6.84
          },
          {
            "year": 2022,
            "month": 6,
            "avg_high_c": 20.05,
            "avg_low_c": 9.46,
            "total_rain_mm": 102.97,
            "total_rain_in": 4.05
          },
          {
            "year": 2022,
            "month": 7,
            "avg_high_c": 24.84,
            "avg_low_c": 12.19,
            "total_rain_mm": 7.17,
            "total_rain_in": 0.28
          },
          {
            "year": 2022,
            "month": 8,
            "avg_high_c": 26.1,
            "avg_low_c": 12.91,
            "total_rain_mm": 2.85,
            "total_rain_in": 0.11
          },
          {
            "year": 2022,
            "month": 9,
            "avg_high_c": 24.47,
            "avg_low_c": 11.0,
            "total_rain_mm": 8.81,
            "total_rain_in": 0.35
          },
          {
            "year": 2022,
            "month": 10,
            "avg_high_c": 21.37,
            "avg_low_c": 8.75,
            "total_rain_mm": 58.08,
            "total_rain_in": 2.29
          },
          {
            "year": 2022,
            "month": 11,
            "avg_high_c": 9.79,
            "avg_low_c": 0.95,
            "total_rain_mm": 178.0,
            "total_rain_in": 7.01
          },
          {
            "year": 2022,
            "month": 12,
            "avg_high_c": 7.87,
            "avg_low_c": 1.37,
            "total_rain_mm": 195.13,
            "total_rain_in": 7.68
          },
          {
            "year": 2023,
            "month": 1,
            "avg_high_c": 8.03,
            "avg_low_c": 1.69,
            "total_rain_mm": 125.73,
            "total_rain_in": 4.95
          },
          {
            "year": 2023,
            "month": 2,
            "avg_high_c": 7.67,
            "avg_low_c": 0.08,
            "total_rain_mm": 120.26,
            "total_rain_in": 4.73
          },
          {
            "year": 2023,
            "month": 3,
            "avg_high_c": 8.6,
            "avg_low_c": 0.45,
            "total_rain_mm": 204.35,
            "total_rain_in": 8.05
          },
          {
            "year": 2023,
            "month": 4,
            "avg_high_c": 12.24,
            "avg_low_c": 3.7,
            "total_rain_mm": 183.89,
            "total_rain_in": 7.24
          },
          {
            "year": 2023,
            "month": 5,
            "avg_high_c": 19.84,
            "avg_low_c": 8.26,
            "total_rain_mm": 19.98,
            "total_rain_in": 0.79
          },
          {
            "year": 2023,
            "month": 6,
            "avg_high_c": 21.61,
            "avg_low_c": 8.67,
            "total_rain_mm": 11.98,
            "total_rain_in": 0.47
          },
          {
            "year": 2023,
            "month": 7,
            "avg_high_c": 26.14,
            "avg_low_c": 11.26,
            "total_rain_mm": 1.1,
            "total_rain_in": 0.04
          },
          {
            "year": 2023,
            "month": 8,
            "avg_high_c": 28.47,
            "avg_low_c": 13.2,
            "total_rain_mm": 15.84,
            "total_rain_in": 0.62
          },
          {
            "year": 2023,
            "month": 9,
            "avg_high_c": 23.69,
            "avg_low_c": 10.6,
            "total_rain_mm": 69.32,
            "total_rain_in": 2.73
          },
          {
            "year": 2023,
            "month": 10,
            "avg_high_c": 18.08,
            "avg_low_c": 7.62,
            "total_rain_mm": 112.67,
            "total_rain_in": 4.44
          },
          {
            "year": 2023,
            "month": 11,
            "avg_high_c": 12.32,
            "avg_low_c": 3.76,
            "total_rain_mm": 171.73,
            "total_rain_in": 6.76
          },
          {
            "year": 2023,
            "month": 12,
            "avg_high_c": 10.81,
            "avg_low_c": 4.63,
            "total_rain_mm": 291.62,
            "total_rain_in": 11.48
          },
          {
            "year": 2024,
            "month": 1,
            "avg_high_c": 9.42,
            "avg_low_c": 4.06,
            "total_rain_mm": 392.13,
            "total_rain_in": 15.44
          },
          {
            "year": 2024,
            "month": 2,
            "avg_high_c": 10.23,
            "avg_low_c": 3.33,
            "total_rain_mm": 199.65,
            "total_rain_in": 7.86
          },
          {
            "year": 2024,
            "month": 3,
            "avg_high_c": 11.63,
            "avg_low_c": 2.94,
            "total_rain_mm": 178.34,
            "total_rain_in": 7.02
          },
          {
            "year": 2024,
            "month": 4,
            "avg_high_c": 14.12,
            "avg_low_c": 4.3,
            "total_rain_mm": 93.08,
            "total_rain_in": 3.66
          },
          {
            "year": 2024,
            "month": 5,
            "avg_high_c": 17.1,
            "avg_low_c": 6.17,
            "total_rain_mm": 106.35,
            "total_rain_in": 4.19
          },
          {
            "year": 2024,
            "month": 6,
            "avg_high_c": 20.44,
            "avg_low_c": 9.21,
            "total_rain_mm": 57.73,
            "total_rain_in": 2.27
          },
          {
            "year": 2024,
            "month": 7,
            "avg_high_c": 26.3,
            "avg_low_c": 11.94,
            "total_rain_mm": 5.44,
            "total_rain_in": 0.21
          },
          {
            "year": 2024,
            "month": 8,
            "avg_high_c": 25.26,
            "avg_low_c": 12.04,
            "total_rain_mm": 20.57,
            "total_rain_in": 0.81
          },
          {
            "year": 2024,
            "month": 9,
            "avg_high_c": 24.25,
            "avg_low_c": 10.86,
            "total_rain_mm": 34.03,
            "total_rain_in": 1.34
          },
          {
            "year": 2024,
            "month": 10,
            "avg_high_c": 18.82,
            "avg_low_c": 7.09,
            "total_rain_mm": 123.02,
            "total_rain_in": 4.84
          },
          {
            "year": 2024,
            "month": 11,
            "avg_high_c": 10.25,
            "avg_low_c": 4.12,
            "total_rain_mm": 316.42,
            "total_rain_in": 12.46
          },
          {
            "year": 2024,
            "month": 12,
            "avg_high_c": 9.56,
            "avg_low_c": 3.41,
            "total_rain_mm": 301.4,
            "total_rain_in": 11.87
          },
          {
            "year": 2025,
            "month": 1,
            "avg_high_c": 8.3,
            "avg_low_c": 0.38,
            "total_rain_mm": 131.61,
            "total_rain_in": 5.18
          },
          {
            "year": 2025,
            "month": 2,
            "avg_high_c": 8.57,
            "avg_low_c": 1.98,
            "total_rain_mm": 208.24,
            "total_rain_in": 8.2
          },
          {
            "year": 2025,
            "month": 3,
            "avg_high_c": 11.43,
            "avg_low_c": 4.26,
            "total_rain_mm": 258.95,
            "total_rain_in": 10.19
          },
          {
            "year": 2025,
            "month": 4,
            "avg_high_c": 15.68,
            "avg_low_c": 4.55,
            "total_rain_mm": 62.07,
            "total_rain_in": 2.44
          },
          {
            "year": 2025,
            "month": 5,
            "avg_high_c": 17.55,
            "avg_low_c": 6.39,
            "total_rain_mm": 43.47,
            "total_rain_in": 1.71
          },
          {
            "year": 2025,
            "month": 6,
            "avg_high_c": 21.52,
            "avg_low_c": 9.24,
            "total_rain_mm": 31.15,
            "total_rain_in": 1.23
          },
          {
            "year": 2025,
            "month": 7,
            "avg_high_c": 25.74,
            "avg_low_c": 11.48,
            "total_rain_mm": 0.4,
            "total_rain_in": 0.02
          },
          {
            "year": 2025,
            "month": 8,
            "avg_high_c": 28.03,
            "avg_low_c": 13.28,
            "total_rain_mm": 12.83,
            "total_rain_in": 0.51
          },
          {
            "year": 2025,
            "month": 9,
            "avg_high_c": 24.93,
            "avg_low_c": 11.27,
            "total_rain_mm": 48.46,
            "total_rain_in": 1.91
          },
          {
            "year": 2025,
            "month": 10,
            "avg_high_c": 15.99,
            "avg_low_c": 6.03,
            "total_rain_mm": 137.17,
            "total_rain_in": 5.4
          },
          {
            "year": 2025,
            "month": 11,
            "avg_high_c": 12.27,
            "avg_low_c": 5.4,
            "total_rain_mm": 167.03,
            "total_rain_in": 6.58
          },
          {
            "year": 2025,
            "month": 12,
            "avg_high_c": 10.32,
            "avg_low_c": 4.3,
            "total_rain_mm": 310.36,
            "total_rain_in": 12.22
          }
        ]
      },
      "geometry": {
        "type": "MultiPolygon",
        "coordinates": [
          [
            [
              [
                -2133109.226399999,
                2694807.9003999997
              ],
              [
                -2133120.5485999994,
                2694769.5024999995
              ],
              [
                -2132976.9460000005,
                2694727.1602999996
              ],
              [
                -2132949.5929000005,
                2694719.0954
              ],
              [
                -2132977.8965000007,
                2694623.0998
              ],
              [
                -2133017.5216000006,
                2694488.705499999
              ],
              [
                -2132997.0062000006,
                2694482.6567
              ],
              [
                -2132969.6521000005,
                2694474.5918000005
              ],
              [
                -2132980.9734000005,
                2694436.1932999995
              ],
              [
                -2133028.8429000005,
                2694450.3071
              ],
              [
                -2133104.0665000007,
                2694472.4865000006
              ],
              [
                -2133124.5819000006,
                2694478.535599999
              ],
              [
                -2133151.9356999993,
                2694486.6010999996
              ],
              [
                -2133172.4510999992,
                2694492.6503
              ],
              [
                -2133199.8049999997,
                2694500.716
              ],
              [
                -2133188.4825999998,
                2694539.1141999997
              ],
              [
                -2133179.9909000006,
                2694567.912799999
              ],
              [
                -2133208.045,
                2694649.2244000006
              ],
              [
                -2133224.0756,
                2694695.6882000007
              ],
              [
                -2133236.0983000007,
                2694730.5360000003
              ],
              [
                -2133216.2831999995,
                2694797.7322000004
              ],
              [
                -2133195.7687,
                2694791.6829000004
              ],
              [
                -2133168.4158999994,
                2694783.6172
              ],
              [
                -2133147.9014,
                2694777.568
              ],
              [
                -2133136.579,
                2694815.9659
              ],
              [
                -2133109.226399999,
                2694807.9003999997
              ]
            ]
          ]
        ]
      }
    },
    {
      "type": "Feature",
      "properties": {
        "field_id": "WV_AG_038",
        "lat": 43.966583626531296,
        "lon": -122.89882800338839,
        "area_acres": 10.8729325027771,
        "crop_code": 37,
        "cdl_crop": "Other Hay",
        "crop_dominant_pct": 46.9,
        "soil_muname": "Courtney gravelly silty clay loam, 0 to 3 percent slopes",
        "soil_drainage": "Poorly drained",
        "soil_clay_pct": 31.0,
        "soil_sand_pct": 20.0,
        "soil_silt_pct": 49.0,
        "soil_om_pct": 3.5,
        "soil_ph": 5.6,
        "soil_cec": 25.2,
        "soil_depth_cm": 0.0,
        "weather_monthly": [
          {
            "year": 2020,
            "month": 1,
            "avg_high_c": 7.66,
            "avg_low_c": 3.21,
            "total_rain_mm": 280.71,
            "total_rain_in": 11.05
          },
          {
            "year": 2020,
            "month": 2,
            "avg_high_c": 9.12,
            "avg_low_c": 0.7,
            "total_rain_mm": 88.78,
            "total_rain_in": 3.5
          },
          {
            "year": 2020,
            "month": 3,
            "avg_high_c": 10.54,
            "avg_low_c": 1.58,
            "total_rain_mm": 108.69,
            "total_rain_in": 4.28
          },
          {
            "year": 2020,
            "month": 4,
            "avg_high_c": 15.02,
            "avg_low_c": 4.71,
            "total_rain_mm": 73.03,
            "total_rain_in": 2.88
          },
          {
            "year": 2020,
            "month": 5,
            "avg_high_c": 17.39,
            "avg_low_c": 7.19,
            "total_rain_mm": 120.67,
            "total_rain_in": 4.75
          },
          {
            "year": 2020,
            "month": 6,
            "avg_high_c": 19.11,
            "avg_low_c": 9.05,
            "total_rain_mm": 70.28,
            "total_rain_in": 2.77
          },
          {
            "year": 2020,
            "month": 7,
            "avg_high_c": 23.77,
            "avg_low_c": 11.01,
            "total_rain_mm": 1.23,
            "total_rain_in": 0.05
          },
          {
            "year": 2020,
            "month": 8,
            "avg_high_c": 26.66,
            "avg_low_c": 10.99,
            "total_rain_mm": 2.32,
            "total_rain_in": 0.09
          },
          {
            "year": 2020,
            "month": 9,
            "avg_high_c": 26.07,
            "avg_low_c": 11.71,
            "total_rain_mm": 58.73,
            "total_rain_in": 2.31
          },
          {
            "year": 2020,
            "month": 10,
            "avg_high_c": 19.05,
            "avg_low_c": 7.03,
            "total_rain_mm": 64.71,
            "total_rain_in": 2.55
          },
          {
            "year": 2020,
            "month": 11,
            "avg_high_c": 10.65,
            "avg_low_c": 2.51,
            "total_rain_mm": 204.9,
            "total_rain_in": 8.07
          },
          {
            "year": 2020,
            "month": 12,
            "avg_high_c": 9.4,
            "avg_low_c": 1.62,
            "total_rain_mm": 187.39,
            "total_rain_in": 7.38
          },
          {
            "year": 2021,
            "month": 1,
            "avg_high_c": 8.67,
            "avg_low_c": 2.37,
            "total_rain_mm": 184.79,
            "total_rain_in": 7.28
          },
          {
            "year": 2021,
            "month": 2,
            "avg_high_c": 7.16,
            "avg_low_c": 1.66,
            "total_rain_mm": 163.15,
            "total_rain_in": 6.42
          },
          {
            "year": 2021,
            "month": 3,
            "avg_high_c": 10.78,
            "avg_low_c": 1.09,
            "total_rain_mm": 68.13,
            "total_rain_in": 2.68
          },
          {
            "year": 2021,
            "month": 4,
            "avg_high_c": 15.69,
            "avg_low_c": 3.28,
            "total_rain_mm": 17.85,
            "total_rain_in": 0.7
          },
          {
            "year": 2021,
            "month": 5,
            "avg_high_c": 16.96,
            "avg_low_c": 6.41,
            "total_rain_mm": 33.24,
            "total_rain_in": 1.31
          },
          {
            "year": 2021,
            "month": 6,
            "avg_high_c": 23.28,
            "avg_low_c": 10.71,
            "total_rain_mm": 33.37,
            "total_rain_in": 1.31
          },
          {
            "year": 2021,
            "month": 7,
            "avg_high_c": 27.7,
            "avg_low_c": 11.54,
            "total_rain_mm": 1.42,
            "total_rain_in": 0.06
          },
          {
            "year": 2021,
            "month": 8,
            "avg_high_c": 27.84,
            "avg_low_c": 12.16,
            "total_rain_mm": 1.11,
            "total_rain_in": 0.04
          },
          {
            "year": 2021,
            "month": 9,
            "avg_high_c": 25.0,
            "avg_low_c": 9.64,
            "total_rain_mm": 82.72,
            "total_rain_in": 3.26
          },
          {
            "year": 2021,
            "month": 10,
            "avg_high_c": 16.05,
            "avg_low_c": 6.61,
            "total_rain_mm": 104.65,
            "total_rain_in": 4.12
          },
          {
            "year": 2021,
            "month": 11,
            "avg_high_c": 12.26,
            "avg_low_c": 4.72,
            "total_rain_mm": 156.92,
            "total_rain_in": 6.18
          },
          {
            "year": 2021,
            "month": 12,
            "avg_high_c": 5.99,
            "avg_low_c": 1.66,
            "total_rain_mm": 254.46,
            "total_rain_in": 10.02
          },
          {
            "year": 2022,
            "month": 1,
            "avg_high_c": 10.25,
            "avg_low_c": 1.58,
            "total_rain_mm": 140.49,
            "total_rain_in": 5.53
          },
          {
            "year": 2022,
            "month": 2,
            "avg_high_c": 10.43,
            "avg_low_c": 1.5,
            "total_rain_mm": 44.88,
            "total_rain_in": 1.77
          },
          {
            "year": 2022,
            "month": 3,
            "avg_high_c": 11.97,
            "avg_low_c": 3.41,
            "total_rain_mm": 100.24,
            "total_rain_in": 3.95
          },
          {
            "year": 2022,
            "month": 4,
            "avg_high_c": 11.32,
            "avg_low_c": 2.64,
            "total_rain_mm": 161.54,
            "total_rain_in": 6.36
          },
          {
            "year": 2022,
            "month": 5,
            "avg_high_c": 14.57,
            "avg_low_c": 5.9,
            "total_rain_mm": 174.98,
            "total_rain_in": 6.89
          },
          {
            "year": 2022,
            "month": 6,
            "avg_high_c": 19.98,
            "avg_low_c": 9.33,
            "total_rain_mm": 99.4,
            "total_rain_in": 3.91
          },
          {
            "year": 2022,
            "month": 7,
            "avg_high_c": 24.74,
            "avg_low_c": 12.38,
            "total_rain_mm": 7.74,
            "total_rain_in": 0.3
          },
          {
            "year": 2022,
            "month": 8,
            "avg_high_c": 26.85,
            "avg_low_c": 12.9,
            "total_rain_mm": 1.93,
            "total_rain_in": 0.08
          },
          {
            "year": 2022,
            "month": 9,
            "avg_high_c": 25.2,
            "avg_low_c": 10.87,
            "total_rain_mm": 8.62,
            "total_rain_in": 0.34
          },
          {
            "year": 2022,
            "month": 10,
            "avg_high_c": 21.99,
            "avg_low_c": 8.89,
            "total_rain_mm": 57.5,
            "total_rain_in": 2.26
          },
          {
            "year": 2022,
            "month": 11,
            "avg_high_c": 9.82,
            "avg_low_c": 0.86,
            "total_rain_mm": 160.98,
            "total_rain_in": 6.34
          },
          {
            "year": 2022,
            "month": 12,
            "avg_high_c": 7.61,
            "avg_low_c": 1.27,
            "total_rain_mm": 173.4,
            "total_rain_in": 6.83
          },
          {
            "year": 2023,
            "month": 1,
            "avg_high_c": 7.82,
            "avg_low_c": 1.42,
            "total_rain_mm": 94.49,
            "total_rain_in": 3.72
          },
          {
            "year": 2023,
            "month": 2,
            "avg_high_c": 7.78,
            "avg_low_c": -0.04,
            "total_rain_mm": 112.98,
            "total_rain_in": 4.45
          },
          {
            "year": 2023,
            "month": 3,
            "avg_high_c": 7.61,
            "avg_low_c": -0.22,
            "total_rain_mm": 193.63,
            "total_rain_in": 7.62
          },
          {
            "year": 2023,
            "month": 4,
            "avg_high_c": 11.76,
            "avg_low_c": 3.48,
            "total_rain_mm": 155.44,
            "total_rain_in": 6.12
          },
          {
            "year": 2023,
            "month": 5,
            "avg_high_c": 19.43,
            "avg_low_c": 8.12,
            "total_rain_mm": 27.62,
            "total_rain_in": 1.09
          },
          {
            "year": 2023,
            "month": 6,
            "avg_high_c": 21.13,
            "avg_low_c": 8.79,
            "total_rain_mm": 13.29,
            "total_rain_in": 0.52
          },
          {
            "year": 2023,
            "month": 7,
            "avg_high_c": 26.83,
            "avg_low_c": 11.23,
            "total_rain_mm": 0.8,
            "total_rain_in": 0.03
          },
          {
            "year": 2023,
            "month": 8,
            "avg_high_c": 29.16,
            "avg_low_c": 12.95,
            "total_rain_mm": 13.99,
            "total_rain_in": 0.55
          },
          {
            "year": 2023,
            "month": 9,
            "avg_high_c": 24.05,
            "avg_low_c": 10.15,
            "total_rain_mm": 56.6,
            "total_rain_in": 2.23
          },
          {
            "year": 2023,
            "month": 10,
            "avg_high_c": 18.3,
            "avg_low_c": 7.1,
            "total_rain_mm": 106.79,
            "total_rain_in": 4.2
          },
          {
            "year": 2023,
            "month": 11,
            "avg_high_c": 12.28,
            "avg_low_c": 3.5,
            "total_rain_mm": 139.45,
            "total_rain_in": 5.49
          },
          {
            "year": 2023,
            "month": 12,
            "avg_high_c": 10.7,
            "avg_low_c": 4.32,
            "total_rain_mm": 245.67,
            "total_rain_in": 9.67
          },
          {
            "year": 2024,
            "month": 1,
            "avg_high_c": 9.33,
            "avg_low_c": 4.32,
            "total_rain_mm": 351.31,
            "total_rain_in": 13.83
          },
          {
            "year": 2024,
            "month": 2,
            "avg_high_c": 9.73,
            "avg_low_c": 3.04,
            "total_rain_mm": 178.71,
            "total_rain_in": 7.04
          },
          {
            "year": 2024,
            "month": 3,
            "avg_high_c": 10.96,
            "avg_low_c": 2.61,
            "total_rain_mm": 164.28,
            "total_rain_in": 6.47
          },
          {
            "year": 2024,
            "month": 4,
            "avg_high_c": 13.62,
            "avg_low_c": 4.03,
            "total_rain_mm": 93.19,
            "total_rain_in": 3.67
          },
          {
            "year": 2024,
            "month": 5,
            "avg_high_c": 16.89,
            "avg_low_c": 5.88,
            "total_rain_mm": 103.89,
            "total_rain_in": 4.09
          },
          {
            "year": 2024,
            "month": 6,
            "avg_high_c": 20.35,
            "avg_low_c": 9.04,
            "total_rain_mm": 54.09,
            "total_rain_in": 2.13
          },
          {
            "year": 2024,
            "month": 7,
            "avg_high_c": 26.5,
            "avg_low_c": 12.22,
            "total_rain_mm": 3.37,
            "total_rain_in": 0.13
          },
          {
            "year": 2024,
            "month": 8,
            "avg_high_c": 26.3,
            "avg_low_c": 12.01,
            "total_rain_mm": 24.29,
            "total_rain_in": 0.96
          },
          {
            "year": 2024,
            "month": 9,
            "avg_high_c": 25.02,
            "avg_low_c": 10.59,
            "total_rain_mm": 32.9,
            "total_rain_in": 1.3
          },
          {
            "year": 2024,
            "month": 10,
            "avg_high_c": 19.19,
            "avg_low_c": 6.89,
            "total_rain_mm": 98.47,
            "total_rain_in": 3.88
          },
          {
            "year": 2024,
            "month": 11,
            "avg_high_c": 9.64,
            "avg_low_c": 3.86,
            "total_rain_mm": 293.22,
            "total_rain_in": 11.54
          },
          {
            "year": 2024,
            "month": 12,
            "avg_high_c": 9.76,
            "avg_low_c": 3.29,
            "total_rain_mm": 295.17,
            "total_rain_in": 11.62
          },
          {
            "year": 2025,
            "month": 1,
            "avg_high_c": 8.65,
            "avg_low_c": 0.33,
            "total_rain_mm": 131.95,
            "total_rain_in": 5.19
          },
          {
            "year": 2025,
            "month": 2,
            "avg_high_c": 8.13,
            "avg_low_c": 1.66,
            "total_rain_mm": 190.55,
            "total_rain_in": 7.5
          },
          {
            "year": 2025,
            "month": 3,
            "avg_high_c": 11.05,
            "avg_low_c": 4.06,
            "total_rain_mm": 268.39,
            "total_rain_in": 10.57
          },
          {
            "year": 2025,
            "month": 4,
            "avg_high_c": 15.16,
            "avg_low_c": 4.32,
            "total_rain_mm": 58.55,
            "total_rain_in": 2.31
          },
          {
            "year": 2025,
            "month": 5,
            "avg_high_c": 17.27,
            "avg_low_c": 6.52,
            "total_rain_mm": 44.19,
            "total_rain_in": 1.74
          },
          {
            "year": 2025,
            "month": 6,
            "avg_high_c": 21.41,
            "avg_low_c": 9.22,
            "total_rain_mm": 31.7,
            "total_rain_in": 1.25
          },
          {
            "year": 2025,
            "month": 7,
            "avg_high_c": 26.68,
            "avg_low_c": 11.54,
            "total_rain_mm": 0.73,
            "total_rain_in": 0.03
          },
          {
            "year": 2025,
            "month": 8,
            "avg_high_c": 29.54,
            "avg_low_c": 13.29,
            "total_rain_mm": 10.11,
            "total_rain_in": 0.4
          },
          {
            "year": 2025,
            "month": 9,
            "avg_high_c": 25.66,
            "avg_low_c": 10.95,
            "total_rain_mm": 47.25,
            "total_rain_in": 1.86
          },
          {
            "year": 2025,
            "month": 10,
            "avg_high_c": 16.4,
            "avg_low_c": 6.01,
            "total_rain_mm": 126.39,
            "total_rain_in": 4.98
          },
          {
            "year": 2025,
            "month": 11,
            "avg_high_c": 12.57,
            "avg_low_c": 5.3,
            "total_rain_mm": 124.05,
            "total_rain_in": 4.88
          },
          {
            "year": 2025,
            "month": 12,
            "avg_high_c": 10.45,
            "avg_low_c": 4.15,
            "total_rain_mm": 259.14,
            "total_rain_in": 10.2
          }
        ]
      },
      "geometry": {
        "type": "MultiPolygon",
        "coordinates": [
          [
            [
              [
                -2121970.1906000003,
                2633100.7722999994
              ],
              [
                -2121981.3819999993,
                2633062.2935000006
              ],
              [
                -2121989.7755999994,
                2633033.4343999997
              ],
              [
                -2122021.6568,
                2633000.973099999
              ],
              [
                -2122049.6357000005,
                2632904.7760000005
              ],
              [
                -2122040.1371999998,
                2632860.2794000003
              ],
              [
                -2122020.9438000005,
                2632823.3965000007
              ],
              [
                -2122033.6317999996,
                2632754.0523000006
              ],
              [
                -2122044.8231000006,
                2632715.5732000005
              ],
              [
                -2122051.7200000007,
                2632717.5790999997
              ],
              [
                -2122099.9979,
                2632731.6206
              ],
              [
                -2122069.221000001,
                2632837.4377999995
              ],
              [
                -2122128.6899999995,
                2632813.000499999
              ],
              [
                -2122176.9673999995,
                2632827.0425000004
              ],
              [
                -2122165.7753,
                2632865.521299999
              ],
              [
                -2122157.3812000006,
                2632894.3804
              ],
              [
                -2122184.9679000005,
                2632902.4044000003
              ],
              [
                -2122194.4656000007,
                2632946.9012
              ],
              [
                -2122186.0714,
                2632975.7601999994
              ],
              [
                -2122154.1893000007,
                2633008.220899999
              ],
              [
                -2122126.6029000003,
                2633000.196900001
              ],
              [
                -2122118.208900001,
                2633029.0559
              ],
              [
                -2122097.519200001,
                2633023.0381000005
              ],
              [
                -2122107.0167999994,
                2633067.534600001
              ],
              [
                -2122098.6228,
                2633096.3936
              ],
              [
                -2122039.1554000005,
                2633120.8309000004
              ],
              [
                -2121970.1906000003,
                2633100.7722999994
              ]
            ]
          ]
        ]
      }
    },
    {
      "type": "Feature",
      "properties": {
        "field_id": "WV_AG_039",
        "lat": 44.72882983270048,
        "lon": -123.12798947427636,
        "area_acres": 10.7694800050082,
        "crop_code": 24,
        "cdl_crop": "Winter Wheat",
        "crop_dominant_pct": 79.6,
        "soil_muname": "Chehalis silty clay loam",
        "soil_drainage": "Well drained",
        "soil_clay_pct": 35.0,
        "soil_sand_pct": 6.5,
        "soil_silt_pct": 58.5,
        "soil_om_pct": 7.5,
        "soil_ph": 6.1,
        "soil_cec": 30.0,
        "soil_depth_cm": 0.0,
        "weather_monthly": [
          {
            "year": 2020,
            "month": 1,
            "avg_high_c": 8.29,
            "avg_low_c": 3.45,
            "total_rain_mm": 335.74,
            "total_rain_in": 13.22
          },
          {
            "year": 2020,
            "month": 2,
            "avg_high_c": 9.41,
            "avg_low_c": 1.31,
            "total_rain_mm": 106.13,
            "total_rain_in": 4.18
          },
          {
            "year": 2020,
            "month": 3,
            "avg_high_c": 10.89,
            "avg_low_c": 1.82,
            "total_rain_mm": 122.53,
            "total_rain_in": 4.82
          },
          {
            "year": 2020,
            "month": 4,
            "avg_high_c": 15.33,
            "avg_low_c": 4.78,
            "total_rain_mm": 69.14,
            "total_rain_in": 2.72
          },
          {
            "year": 2020,
            "month": 5,
            "avg_high_c": 17.79,
            "avg_low_c": 7.72,
            "total_rain_mm": 134.18,
            "total_rain_in": 5.28
          },
          {
            "year": 2020,
            "month": 6,
            "avg_high_c": 19.47,
            "avg_low_c": 9.28,
            "total_rain_mm": 75.69,
            "total_rain_in": 2.98
          },
          {
            "year": 2020,
            "month": 7,
            "avg_high_c": 23.62,
            "avg_low_c": 10.84,
            "total_rain_mm": 1.22,
            "total_rain_in": 0.05
          },
          {
            "year": 2020,
            "month": 8,
            "avg_high_c": 25.28,
            "avg_low_c": 10.98,
            "total_rain_mm": 2.78,
            "total_rain_in": 0.11
          },
          {
            "year": 2020,
            "month": 9,
            "avg_high_c": 24.88,
            "avg_low_c": 11.82,
            "total_rain_mm": 72.75,
            "total_rain_in": 2.86
          },
          {
            "year": 2020,
            "month": 10,
            "avg_high_c": 18.05,
            "avg_low_c": 6.83,
            "total_rain_mm": 69.47,
            "total_rain_in": 2.74
          },
          {
            "year": 2020,
            "month": 11,
            "avg_high_c": 10.89,
            "avg_low_c": 2.86,
            "total_rain_mm": 232.5,
            "total_rain_in": 9.15
          },
          {
            "year": 2020,
            "month": 12,
            "avg_high_c": 9.48,
            "avg_low_c": 1.8,
            "total_rain_mm": 218.39,
            "total_rain_in": 8.6
          },
          {
            "year": 2021,
            "month": 1,
            "avg_high_c": 8.91,
            "avg_low_c": 2.45,
            "total_rain_mm": 254.08,
            "total_rain_in": 10.0
          },
          {
            "year": 2021,
            "month": 2,
            "avg_high_c": 7.83,
            "avg_low_c": 1.9,
            "total_rain_mm": 199.0,
            "total_rain_in": 7.83
          },
          {
            "year": 2021,
            "month": 3,
            "avg_high_c": 11.03,
            "avg_low_c": 1.41,
            "total_rain_mm": 76.2,
            "total_rain_in": 3.0
          },
          {
            "year": 2021,
            "month": 4,
            "avg_high_c": 16.03,
            "avg_low_c": 3.49,
            "total_rain_mm": 26.64,
            "total_rain_in": 1.05
          },
          {
            "year": 2021,
            "month": 5,
            "avg_high_c": 17.61,
            "avg_low_c": 6.63,
            "total_rain_mm": 32.61,
            "total_rain_in": 1.28
          },
          {
            "year": 2021,
            "month": 6,
            "avg_high_c": 23.31,
            "avg_low_c": 10.75,
            "total_rain_mm": 48.27,
            "total_rain_in": 1.9
          },
          {
            "year": 2021,
            "month": 7,
            "avg_high_c": 26.5,
            "avg_low_c": 11.41,
            "total_rain_mm": 1.97,
            "total_rain_in": 0.08
          },
          {
            "year": 2021,
            "month": 8,
            "avg_high_c": 27.12,
            "avg_low_c": 12.3,
            "total_rain_mm": 1.69,
            "total_rain_in": 0.07
          },
          {
            "year": 2021,
            "month": 9,
            "avg_high_c": 24.68,
            "avg_low_c": 9.98,
            "total_rain_mm": 85.39,
            "total_rain_in": 3.36
          },
          {
            "year": 2021,
            "month": 10,
            "avg_high_c": 15.78,
            "avg_low_c": 6.61,
            "total_rain_mm": 126.84,
            "total_rain_in": 4.99
          },
          {
            "year": 2021,
            "month": 11,
            "avg_high_c": 12.39,
            "avg_low_c": 4.82,
            "total_rain_mm": 205.74,
            "total_rain_in": 8.1
          },
          {
            "year": 2021,
            "month": 12,
            "avg_high_c": 6.18,
            "avg_low_c": 1.36,
            "total_rain_mm": 308.92,
            "total_rain_in": 12.16
          },
          {
            "year": 2022,
            "month": 1,
            "avg_high_c": 9.77,
            "avg_low_c": 1.92,
            "total_rain_mm": 158.73,
            "total_rain_in": 6.25
          },
          {
            "year": 2022,
            "month": 2,
            "avg_high_c": 10.27,
            "avg_low_c": 1.55,
            "total_rain_mm": 85.78,
            "total_rain_in": 3.38
          },
          {
            "year": 2022,
            "month": 3,
            "avg_high_c": 12.11,
            "avg_low_c": 3.66,
            "total_rain_mm": 115.37,
            "total_rain_in": 4.54
          },
          {
            "year": 2022,
            "month": 4,
            "avg_high_c": 11.74,
            "avg_low_c": 2.97,
            "total_rain_mm": 181.66,
            "total_rain_in": 7.15
          },
          {
            "year": 2022,
            "month": 5,
            "avg_high_c": 15.02,
            "avg_low_c": 6.09,
            "total_rain_mm": 173.68,
            "total_rain_in": 6.84
          },
          {
            "year": 2022,
            "month": 6,
            "avg_high_c": 20.05,
            "avg_low_c": 9.46,
            "total_rain_mm": 102.97,
            "total_rain_in": 4.05
          },
          {
            "year": 2022,
            "month": 7,
            "avg_high_c": 24.84,
            "avg_low_c": 12.19,
            "total_rain_mm": 7.17,
            "total_rain_in": 0.28
          },
          {
            "year": 2022,
            "month": 8,
            "avg_high_c": 26.1,
            "avg_low_c": 12.91,
            "total_rain_mm": 2.85,
            "total_rain_in": 0.11
          },
          {
            "year": 2022,
            "month": 9,
            "avg_high_c": 24.47,
            "avg_low_c": 11.0,
            "total_rain_mm": 8.81,
            "total_rain_in": 0.35
          },
          {
            "year": 2022,
            "month": 10,
            "avg_high_c": 21.37,
            "avg_low_c": 8.75,
            "total_rain_mm": 58.08,
            "total_rain_in": 2.29
          },
          {
            "year": 2022,
            "month": 11,
            "avg_high_c": 9.79,
            "avg_low_c": 0.95,
            "total_rain_mm": 178.0,
            "total_rain_in": 7.01
          },
          {
            "year": 2022,
            "month": 12,
            "avg_high_c": 7.87,
            "avg_low_c": 1.37,
            "total_rain_mm": 195.13,
            "total_rain_in": 7.68
          },
          {
            "year": 2023,
            "month": 1,
            "avg_high_c": 8.03,
            "avg_low_c": 1.69,
            "total_rain_mm": 125.73,
            "total_rain_in": 4.95
          },
          {
            "year": 2023,
            "month": 2,
            "avg_high_c": 7.67,
            "avg_low_c": 0.08,
            "total_rain_mm": 120.26,
            "total_rain_in": 4.73
          },
          {
            "year": 2023,
            "month": 3,
            "avg_high_c": 8.6,
            "avg_low_c": 0.45,
            "total_rain_mm": 204.35,
            "total_rain_in": 8.05
          },
          {
            "year": 2023,
            "month": 4,
            "avg_high_c": 12.24,
            "avg_low_c": 3.7,
            "total_rain_mm": 183.89,
            "total_rain_in": 7.24
          },
          {
            "year": 2023,
            "month": 5,
            "avg_high_c": 19.84,
            "avg_low_c": 8.26,
            "total_rain_mm": 19.98,
            "total_rain_in": 0.79
          },
          {
            "year": 2023,
            "month": 6,
            "avg_high_c": 21.61,
            "avg_low_c": 8.67,
            "total_rain_mm": 11.98,
            "total_rain_in": 0.47
          },
          {
            "year": 2023,
            "month": 7,
            "avg_high_c": 26.14,
            "avg_low_c": 11.26,
            "total_rain_mm": 1.1,
            "total_rain_in": 0.04
          },
          {
            "year": 2023,
            "month": 8,
            "avg_high_c": 28.47,
            "avg_low_c": 13.2,
            "total_rain_mm": 15.84,
            "total_rain_in": 0.62
          },
          {
            "year": 2023,
            "month": 9,
            "avg_high_c": 23.69,
            "avg_low_c": 10.6,
            "total_rain_mm": 69.32,
            "total_rain_in": 2.73
          },
          {
            "year": 2023,
            "month": 10,
            "avg_high_c": 18.08,
            "avg_low_c": 7.62,
            "total_rain_mm": 112.67,
            "total_rain_in": 4.44
          },
          {
            "year": 2023,
            "month": 11,
            "avg_high_c": 12.32,
            "avg_low_c": 3.76,
            "total_rain_mm": 171.73,
            "total_rain_in": 6.76
          },
          {
            "year": 2023,
            "month": 12,
            "avg_high_c": 10.81,
            "avg_low_c": 4.63,
            "total_rain_mm": 291.62,
            "total_rain_in": 11.48
          },
          {
            "year": 2024,
            "month": 1,
            "avg_high_c": 9.42,
            "avg_low_c": 4.06,
            "total_rain_mm": 392.13,
            "total_rain_in": 15.44
          },
          {
            "year": 2024,
            "month": 2,
            "avg_high_c": 10.23,
            "avg_low_c": 3.33,
            "total_rain_mm": 199.65,
            "total_rain_in": 7.86
          },
          {
            "year": 2024,
            "month": 3,
            "avg_high_c": 11.63,
            "avg_low_c": 2.94,
            "total_rain_mm": 178.34,
            "total_rain_in": 7.02
          },
          {
            "year": 2024,
            "month": 4,
            "avg_high_c": 14.12,
            "avg_low_c": 4.3,
            "total_rain_mm": 93.08,
            "total_rain_in": 3.66
          },
          {
            "year": 2024,
            "month": 5,
            "avg_high_c": 17.1,
            "avg_low_c": 6.17,
            "total_rain_mm": 106.35,
            "total_rain_in": 4.19
          },
          {
            "year": 2024,
            "month": 6,
            "avg_high_c": 20.44,
            "avg_low_c": 9.21,
            "total_rain_mm": 57.73,
            "total_rain_in": 2.27
          },
          {
            "year": 2024,
            "month": 7,
            "avg_high_c": 26.3,
            "avg_low_c": 11.94,
            "total_rain_mm": 5.44,
            "total_rain_in": 0.21
          },
          {
            "year": 2024,
            "month": 8,
            "avg_high_c": 25.26,
            "avg_low_c": 12.04,
            "total_rain_mm": 20.57,
            "total_rain_in": 0.81
          },
          {
            "year": 2024,
            "month": 9,
            "avg_high_c": 24.25,
            "avg_low_c": 10.86,
            "total_rain_mm": 34.03,
            "total_rain_in": 1.34
          },
          {
            "year": 2024,
            "month": 10,
            "avg_high_c": 18.82,
            "avg_low_c": 7.09,
            "total_rain_mm": 123.02,
            "total_rain_in": 4.84
          },
          {
            "year": 2024,
            "month": 11,
            "avg_high_c": 10.25,
            "avg_low_c": 4.12,
            "total_rain_mm": 316.42,
            "total_rain_in": 12.46
          },
          {
            "year": 2024,
            "month": 12,
            "avg_high_c": 9.56,
            "avg_low_c": 3.41,
            "total_rain_mm": 301.4,
            "total_rain_in": 11.87
          },
          {
            "year": 2025,
            "month": 1,
            "avg_high_c": 8.3,
            "avg_low_c": 0.38,
            "total_rain_mm": 131.61,
            "total_rain_in": 5.18
          },
          {
            "year": 2025,
            "month": 2,
            "avg_high_c": 8.57,
            "avg_low_c": 1.98,
            "total_rain_mm": 208.24,
            "total_rain_in": 8.2
          },
          {
            "year": 2025,
            "month": 3,
            "avg_high_c": 11.43,
            "avg_low_c": 4.26,
            "total_rain_mm": 258.95,
            "total_rain_in": 10.19
          },
          {
            "year": 2025,
            "month": 4,
            "avg_high_c": 15.68,
            "avg_low_c": 4.55,
            "total_rain_mm": 62.07,
            "total_rain_in": 2.44
          },
          {
            "year": 2025,
            "month": 5,
            "avg_high_c": 17.55,
            "avg_low_c": 6.39,
            "total_rain_mm": 43.47,
            "total_rain_in": 1.71
          },
          {
            "year": 2025,
            "month": 6,
            "avg_high_c": 21.52,
            "avg_low_c": 9.24,
            "total_rain_mm": 31.15,
            "total_rain_in": 1.23
          },
          {
            "year": 2025,
            "month": 7,
            "avg_high_c": 25.74,
            "avg_low_c": 11.48,
            "total_rain_mm": 0.4,
            "total_rain_in": 0.02
          },
          {
            "year": 2025,
            "month": 8,
            "avg_high_c": 28.03,
            "avg_low_c": 13.28,
            "total_rain_mm": 12.83,
            "total_rain_in": 0.51
          },
          {
            "year": 2025,
            "month": 9,
            "avg_high_c": 24.93,
            "avg_low_c": 11.27,
            "total_rain_mm": 48.46,
            "total_rain_in": 1.91
          },
          {
            "year": 2025,
            "month": 10,
            "avg_high_c": 15.99,
            "avg_low_c": 6.03,
            "total_rain_mm": 137.17,
            "total_rain_in": 5.4
          },
          {
            "year": 2025,
            "month": 11,
            "avg_high_c": 12.27,
            "avg_low_c": 5.4,
            "total_rain_mm": 167.03,
            "total_rain_in": 6.58
          },
          {
            "year": 2025,
            "month": 12,
            "avg_high_c": 10.32,
            "avg_low_c": 4.3,
            "total_rain_mm": 310.36,
            "total_rain_in": 12.22
          }
        ]
      },
      "geometry": {
        "type": "MultiPolygon",
        "coordinates": [
          [
            [
              [
                -2115830.6794000007,
                2719627.8658000007
              ],
              [
                -2115782.976399999,
                2719613.8658000007
              ],
              [
                -2115744.4507999998,
                2719644.2567
              ],
              [
                -2115667.8540000003,
                2719653.0507999994
              ],
              [
                -2115640.5953,
                2719645.0514
              ],
              [
                -2115620.1512,
                2719639.0518999994
              ],
              [
                -2115592.8924000002,
                2719631.0526
              ],
              [
                -2115580.8977000006,
                2719596.26
              ],
              [
                -2115592.1635,
                2719557.868899999
              ],
              [
                -2115564.9044000003,
                2719549.8697999995
              ],
              [
                -2115546.0944999997,
                2719513.0774000008
              ],
              [
                -2115573.353700001,
                2719521.0764000006
              ],
              [
                -2115593.0688000005,
                2719453.8917999994
              ],
              [
                -2115620.3281999994,
                2719461.8911000006
              ],
              [
                -2115611.878799999,
                2719490.6843999997
              ],
              [
                -2115707.2863,
                2719518.6823999994
              ],
              [
                -2115727.7306999993,
                2719524.6821999997
              ],
              [
                -2115775.4343,
                2719538.6819
              ],
              [
                -2115811.8707999997,
                2719591.0725
              ],
              [
                -2115839.1296999995,
                2719599.0725999996
              ],
              [
                -2115898.1001999993,
                2719574.6822999995
              ],
              [
                -2115906.5507999994,
                2719545.8892
              ],
              [
                -2115938.262599999,
                2719513.4988
              ],
              [
                -2115965.5219,
                2719521.499399999
              ],
              [
                -2115985.9662999995,
                2719527.4998000003
              ],
              [
                -2115966.2477,
                2719594.6833999995
              ],
              [
                -2115934.5358000007,
                2719627.0736
              ],
              [
                -2115887.5588000007,
                2719686.2567999996
              ],
              [
                -2115819.4122,
                2719666.2564000003
              ],
              [
                -2115830.6794000007,
                2719627.8658000007
              ]
            ]
          ]
        ]
      }
    },
    {
      "type": "Feature",
      "properties": {
        "field_id": "WV_AG_040",
        "lat": 44.86884421183535,
        "lon": -122.84776466529046,
        "area_acres": 35.1995053051457,
        "crop_code": 24,
        "cdl_crop": "Winter Wheat",
        "crop_dominant_pct": 93.6,
        "soil_muname": "Nekia silty clay loam, 2 to 7 percent slopes",
        "soil_drainage": "Well drained",
        "soil_clay_pct": 35.0,
        "soil_sand_pct": 16.9,
        "soil_silt_pct": 48.1,
        "soil_om_pct": 5.5,
        "soil_ph": 5.6,
        "soil_cec": 20.0,
        "soil_depth_cm": 0.0,
        "weather_monthly": [
          {
            "year": 2020,
            "month": 1,
            "avg_high_c": 8.33,
            "avg_low_c": 3.69,
            "total_rain_mm": 331.66,
            "total_rain_in": 13.06
          },
          {
            "year": 2020,
            "month": 2,
            "avg_high_c": 9.3,
            "avg_low_c": 1.59,
            "total_rain_mm": 119.69,
            "total_rain_in": 4.71
          },
          {
            "year": 2020,
            "month": 3,
            "avg_high_c": 10.58,
            "avg_low_c": 1.93,
            "total_rain_mm": 119.65,
            "total_rain_in": 4.71
          },
          {
            "year": 2020,
            "month": 4,
            "avg_high_c": 15.36,
            "avg_low_c": 4.91,
            "total_rain_mm": 65.25,
            "total_rain_in": 2.57
          },
          {
            "year": 2020,
            "month": 5,
            "avg_high_c": 18.1,
            "avg_low_c": 7.97,
            "total_rain_mm": 129.22,
            "total_rain_in": 5.09
          },
          {
            "year": 2020,
            "month": 6,
            "avg_high_c": 19.57,
            "avg_low_c": 9.34,
            "total_rain_mm": 97.62,
            "total_rain_in": 3.84
          },
          {
            "year": 2020,
            "month": 7,
            "avg_high_c": 24.4,
            "avg_low_c": 11.06,
            "total_rain_mm": 3.63,
            "total_rain_in": 0.14
          },
          {
            "year": 2020,
            "month": 8,
            "avg_high_c": 25.88,
            "avg_low_c": 11.44,
            "total_rain_mm": 5.11,
            "total_rain_in": 0.2
          },
          {
            "year": 2020,
            "month": 9,
            "avg_high_c": 24.8,
            "avg_low_c": 11.76,
            "total_rain_mm": 75.48,
            "total_rain_in": 2.97
          },
          {
            "year": 2020,
            "month": 10,
            "avg_high_c": 17.88,
            "avg_low_c": 7.03,
            "total_rain_mm": 95.76,
            "total_rain_in": 3.77
          },
          {
            "year": 2020,
            "month": 11,
            "avg_high_c": 10.62,
            "avg_low_c": 2.98,
            "total_rain_mm": 245.69,
            "total_rain_in": 9.67
          },
          {
            "year": 2020,
            "month": 12,
            "avg_high_c": 9.56,
            "avg_low_c": 2.24,
            "total_rain_mm": 231.54,
            "total_rain_in": 9.12
          },
          {
            "year": 2021,
            "month": 1,
            "avg_high_c": 8.81,
            "avg_low_c": 2.61,
            "total_rain_mm": 260.36,
            "total_rain_in": 10.25
          },
          {
            "year": 2021,
            "month": 2,
            "avg_high_c": 7.61,
            "avg_low_c": 1.86,
            "total_rain_mm": 215.93,
            "total_rain_in": 8.5
          },
          {
            "year": 2021,
            "month": 3,
            "avg_high_c": 11.05,
            "avg_low_c": 1.47,
            "total_rain_mm": 82.08,
            "total_rain_in": 3.23
          },
          {
            "year": 2021,
            "month": 4,
            "avg_high_c": 16.05,
            "avg_low_c": 3.87,
            "total_rain_mm": 27.34,
            "total_rain_in": 1.08
          },
          {
            "year": 2021,
            "month": 5,
            "avg_high_c": 18.03,
            "avg_low_c": 6.8,
            "total_rain_mm": 47.74,
            "total_rain_in": 1.88
          },
          {
            "year": 2021,
            "month": 6,
            "avg_high_c": 24.25,
            "avg_low_c": 11.1,
            "total_rain_mm": 49.29,
            "total_rain_in": 1.94
          },
          {
            "year": 2021,
            "month": 7,
            "avg_high_c": 27.3,
            "avg_low_c": 11.55,
            "total_rain_mm": 1.83,
            "total_rain_in": 0.07
          },
          {
            "year": 2021,
            "month": 8,
            "avg_high_c": 27.65,
            "avg_low_c": 12.56,
            "total_rain_mm": 2.92,
            "total_rain_in": 0.11
          },
          {
            "year": 2021,
            "month": 9,
            "avg_high_c": 24.55,
            "avg_low_c": 10.43,
            "total_rain_mm": 101.83,
            "total_rain_in": 4.01
          },
          {
            "year": 2021,
            "month": 10,
            "avg_high_c": 15.52,
            "avg_low_c": 6.56,
            "total_rain_mm": 148.73,
            "total_rain_in": 5.86
          },
          {
            "year": 2021,
            "month": 11,
            "avg_high_c": 12.28,
            "avg_low_c": 5.35,
            "total_rain_mm": 250.09,
            "total_rain_in": 9.85
          },
          {
            "year": 2021,
            "month": 12,
            "avg_high_c": 5.61,
            "avg_low_c": 0.97,
            "total_rain_mm": 309.17,
            "total_rain_in": 12.17
          },
          {
            "year": 2022,
            "month": 1,
            "avg_high_c": 9.29,
            "avg_low_c": 1.87,
            "total_rain_mm": 185.19,
            "total_rain_in": 7.29
          },
          {
            "year": 2022,
            "month": 2,
            "avg_high_c": 9.66,
            "avg_low_c": 1.72,
            "total_rain_mm": 98.54,
            "total_rain_in": 3.88
          },
          {
            "year": 2022,
            "month": 3,
            "avg_high_c": 11.99,
            "avg_low_c": 3.83,
            "total_rain_mm": 125.82,
            "total_rain_in": 4.95
          },
          {
            "year": 2022,
            "month": 4,
            "avg_high_c": 11.48,
            "avg_low_c": 2.65,
            "total_rain_mm": 200.52,
            "total_rain_in": 7.89
          },
          {
            "year": 2022,
            "month": 5,
            "avg_high_c": 15.04,
            "avg_low_c": 6.2,
            "total_rain_mm": 191.01,
            "total_rain_in": 7.52
          },
          {
            "year": 2022,
            "month": 6,
            "avg_high_c": 19.96,
            "avg_low_c": 9.78,
            "total_rain_mm": 128.91,
            "total_rain_in": 5.08
          },
          {
            "year": 2022,
            "month": 7,
            "avg_high_c": 25.26,
            "avg_low_c": 12.21,
            "total_rain_mm": 8.52,
            "total_rain_in": 0.34
          },
          {
            "year": 2022,
            "month": 8,
            "avg_high_c": 27.38,
            "avg_low_c": 13.3,
            "total_rain_mm": 1.96,
            "total_rain_in": 0.08
          },
          {
            "year": 2022,
            "month": 9,
            "avg_high_c": 25.27,
            "avg_low_c": 11.26,
            "total_rain_mm": 12.33,
            "total_rain_in": 0.49
          },
          {
            "year": 2022,
            "month": 10,
            "avg_high_c": 21.88,
            "avg_low_c": 8.89,
            "total_rain_mm": 83.79,
            "total_rain_in": 3.3
          },
          {
            "year": 2022,
            "month": 11,
            "avg_high_c": 9.53,
            "avg_low_c": 1.32,
            "total_rain_mm": 209.49,
            "total_rain_in": 8.25
          },
          {
            "year": 2022,
            "month": 12,
            "avg_high_c": 7.23,
            "avg_low_c": 1.41,
            "total_rain_mm": 213.47,
            "total_rain_in": 8.4
          },
          {
            "year": 2023,
            "month": 1,
            "avg_high_c": 8.1,
            "avg_low_c": 2.21,
            "total_rain_mm": 124.27,
            "total_rain_in": 4.89
          },
          {
            "year": 2023,
            "month": 2,
            "avg_high_c": 7.34,
            "avg_low_c": 0.11,
            "total_rain_mm": 126.83,
            "total_rain_in": 4.99
          },
          {
            "year": 2023,
            "month": 3,
            "avg_high_c": 8.74,
            "avg_low_c": 0.78,
            "total_rain_mm": 189.54,
            "total_rain_in": 7.46
          },
          {
            "year": 2023,
            "month": 4,
            "avg_high_c": 12.14,
            "avg_low_c": 3.83,
            "total_rain_mm": 194.6,
            "total_rain_in": 7.66
          },
          {
            "year": 2023,
            "month": 5,
            "avg_high_c": 20.07,
            "avg_low_c": 8.51,
            "total_rain_mm": 27.12,
            "total_rain_in": 1.07
          },
          {
            "year": 2023,
            "month": 6,
            "avg_high_c": 21.75,
            "avg_low_c": 8.84,
            "total_rain_mm": 19.41,
            "total_rain_in": 0.76
          },
          {
            "year": 2023,
            "month": 7,
            "avg_high_c": 26.77,
            "avg_low_c": 11.45,
            "total_rain_mm": 2.08,
            "total_rain_in": 0.08
          },
          {
            "year": 2023,
            "month": 8,
            "avg_high_c": 29.03,
            "avg_low_c": 13.52,
            "total_rain_mm": 21.34,
            "total_rain_in": 0.84
          },
          {
            "year": 2023,
            "month": 9,
            "avg_high_c": 23.57,
            "avg_low_c": 10.75,
            "total_rain_mm": 70.6,
            "total_rain_in": 2.78
          },
          {
            "year": 2023,
            "month": 10,
            "avg_high_c": 18.22,
            "avg_low_c": 7.61,
            "total_rain_mm": 117.2,
            "total_rain_in": 4.61
          },
          {
            "year": 2023,
            "month": 11,
            "avg_high_c": 11.95,
            "avg_low_c": 3.59,
            "total_rain_mm": 187.96,
            "total_rain_in": 7.4
          },
          {
            "year": 2023,
            "month": 12,
            "avg_high_c": 10.68,
            "avg_low_c": 4.45,
            "total_rain_mm": 295.35,
            "total_rain_in": 11.63
          },
          {
            "year": 2024,
            "month": 1,
            "avg_high_c": 8.28,
            "avg_low_c": 2.91,
            "total_rain_mm": 370.12,
            "total_rain_in": 14.57
          },
          {
            "year": 2024,
            "month": 2,
            "avg_high_c": 10.14,
            "avg_low_c": 3.26,
            "total_rain_mm": 200.23,
            "total_rain_in": 7.88
          },
          {
            "year": 2024,
            "month": 3,
            "avg_high_c": 11.51,
            "avg_low_c": 3.24,
            "total_rain_mm": 164.08,
            "total_rain_in": 6.46
          },
          {
            "year": 2024,
            "month": 4,
            "avg_high_c": 14.23,
            "avg_low_c": 4.47,
            "total_rain_mm": 94.88,
            "total_rain_in": 3.74
          },
          {
            "year": 2024,
            "month": 5,
            "avg_high_c": 17.15,
            "avg_low_c": 6.5,
            "total_rain_mm": 118.44,
            "total_rain_in": 4.66
          },
          {
            "year": 2024,
            "month": 6,
            "avg_high_c": 20.38,
            "avg_low_c": 9.29,
            "total_rain_mm": 74.42,
            "total_rain_in": 2.93
          },
          {
            "year": 2024,
            "month": 7,
            "avg_high_c": 27.02,
            "avg_low_c": 12.01,
            "total_rain_mm": 7.22,
            "total_rain_in": 0.28
          },
          {
            "year": 2024,
            "month": 8,
            "avg_high_c": 25.73,
            "avg_low_c": 12.22,
            "total_rain_mm": 22.59,
            "total_rain_in": 0.89
          },
          {
            "year": 2024,
            "month": 9,
            "avg_high_c": 24.48,
            "avg_low_c": 11.29,
            "total_rain_mm": 33.37,
            "total_rain_in": 1.31
          },
          {
            "year": 2024,
            "month": 10,
            "avg_high_c": 18.76,
            "avg_low_c": 7.37,
            "total_rain_mm": 131.82,
            "total_rain_in": 5.19
          },
          {
            "year": 2024,
            "month": 11,
            "avg_high_c": 9.95,
            "avg_low_c": 4.08,
            "total_rain_mm": 284.69,
            "total_rain_in": 11.21
          },
          {
            "year": 2024,
            "month": 12,
            "avg_high_c": 9.31,
            "avg_low_c": 3.22,
            "total_rain_mm": 297.03,
            "total_rain_in": 11.69
          },
          {
            "year": 2025,
            "month": 1,
            "avg_high_c": 7.89,
            "avg_low_c": 0.22,
            "total_rain_mm": 116.9,
            "total_rain_in": 4.6
          },
          {
            "year": 2025,
            "month": 2,
            "avg_high_c": 8.27,
            "avg_low_c": 1.66,
            "total_rain_mm": 206.54,
            "total_rain_in": 8.13
          },
          {
            "year": 2025,
            "month": 3,
            "avg_high_c": 11.38,
            "avg_low_c": 4.41,
            "total_rain_mm": 241.61,
            "total_rain_in": 9.51
          },
          {
            "year": 2025,
            "month": 4,
            "avg_high_c": 15.77,
            "avg_low_c": 4.72,
            "total_rain_mm": 64.12,
            "total_rain_in": 2.52
          },
          {
            "year": 2025,
            "month": 5,
            "avg_high_c": 17.45,
            "avg_low_c": 6.68,
            "total_rain_mm": 52.17,
            "total_rain_in": 2.05
          },
          {
            "year": 2025,
            "month": 6,
            "avg_high_c": 21.6,
            "avg_low_c": 9.69,
            "total_rain_mm": 34.37,
            "total_rain_in": 1.35
          },
          {
            "year": 2025,
            "month": 7,
            "avg_high_c": 26.13,
            "avg_low_c": 11.56,
            "total_rain_mm": 1.41,
            "total_rain_in": 0.06
          },
          {
            "year": 2025,
            "month": 8,
            "avg_high_c": 28.06,
            "avg_low_c": 13.39,
            "total_rain_mm": 20.61,
            "total_rain_in": 0.81
          },
          {
            "year": 2025,
            "month": 9,
            "avg_high_c": 24.77,
            "avg_low_c": 11.37,
            "total_rain_mm": 49.32,
            "total_rain_in": 1.94
          },
          {
            "year": 2025,
            "month": 10,
            "avg_high_c": 15.59,
            "avg_low_c": 6.02,
            "total_rain_mm": 148.04,
            "total_rain_in": 5.83
          },
          {
            "year": 2025,
            "month": 11,
            "avg_high_c": 11.64,
            "avg_low_c": 5.24,
            "total_rain_mm": 176.54,
            "total_rain_in": 6.95
          },
          {
            "year": 2025,
            "month": 12,
            "avg_high_c": 9.99,
            "avg_low_c": 4.33,
            "total_rain_mm": 352.37,
            "total_rain_in": 13.87
          }
        ]
      },
      "geometry": {
        "type": "MultiPolygon",
        "coordinates": [
          [
            [
              [
                -2090279.1851000004,
                2728544.3104999997
              ],
              [
                -2090290.3359999992,
                2728505.8991
              ],
              [
                -2090310.7548999991,
                2728511.8268
              ],
              [
                -2090330.2690999992,
                2728444.606899999
              ],
              [
                -2090282.6245000008,
                2728430.7755999994
              ],
              [
                -2090271.4737,
                2728469.1871000007
              ],
              [
                -2090204.3159999996,
                2728522.576300001
              ],
              [
                -2090061.3833000008,
                2728481.085999999
              ],
              [
                -2090040.9642999992,
                2728475.1591
              ],
              [
                -2090002.5895000007,
                2728505.668299999
              ],
              [
                -2089975.3641999997,
                2728497.765900001
              ],
              [
                -2089986.5134999994,
                2728459.3542
              ],
              [
                -2089938.8688999992,
                2728445.5252
              ],
              [
                -2089918.4497999996,
                2728439.5986
              ],
              [
                -2089870.8051999994,
                2728425.7699999996
              ],
              [
                -2089881.9538000003,
                2728387.358100001
              ],
              [
                -2089854.7281,
                2728379.4561
              ],
              [
                -2089874.238,
                2728312.2349999994
              ],
              [
                -2089909.8255000003,
                2728291.3279
              ],
              [
                -2089949.7555,
                2728230.0332999993
              ],
              [
                -2089988.1306999996,
                2728199.523499999
              ],
              [
                -2090075.7080000006,
                2728152.058700001
              ],
              [
                -2090138.5233999994,
                2728139.055299999
              ],
              [
                -2090206.5899,
                2728158.812999999
              ],
              [
                -2090254.236300001,
                2728172.6437
              ],
              [
                -2090245.8736000005,
                2728201.4526000004
              ],
              [
                -2090234.7234000005,
                2728239.8643999994
              ],
              [
                -2090261.9496,
                2728247.7676999997
              ],
              [
                -2090253.5867999997,
                2728276.5765000004
              ],
              [
                -2090301.2325,
                2728290.4076000005
              ],
              [
                -2090320.7460999992,
                2728223.1872000005
              ],
              [
                -2090341.1658999994,
                2728229.1149000004
              ],
              [
                -2090368.3922000006,
                2728237.0187
              ],
              [
                -2090385.3724000007,
                2728356.4821000006
              ],
              [
                -2090386.2771000005,
                2728429.629899999
              ],
              [
                -2090377.9136999995,
                2728458.4384000003
              ],
              [
                -2090347.2478,
                2728564.0694999993
              ],
              [
                -2090279.1851000004,
                2728544.3104999997
              ]
            ]
          ]
        ]
      }
    },
    {
      "type": "Feature",
      "properties": {
        "field_id": "WV_AG_041",
        "lat": 44.45061613875643,
        "lon": -123.1028039264326,
        "area_acres": 10.7851746351209,
        "crop_code": 24,
        "cdl_crop": "Winter Wheat",
        "crop_dominant_pct": 93.9,
        "soil_muname": "Dayton silt loam",
        "soil_drainage": "Poorly drained",
        "soil_clay_pct": 17.5,
        "soil_sand_pct": 29.1,
        "soil_silt_pct": 53.4,
        "soil_om_pct": 2.5,
        "soil_ph": 5.6,
        "soil_cec": 15.0,
        "soil_depth_cm": 0.0,
        "weather_monthly": [
          {
            "year": 2020,
            "month": 1,
            "avg_high_c": 8.29,
            "avg_low_c": 3.45,
            "total_rain_mm": 335.74,
            "total_rain_in": 13.22
          },
          {
            "year": 2020,
            "month": 2,
            "avg_high_c": 9.41,
            "avg_low_c": 1.31,
            "total_rain_mm": 106.13,
            "total_rain_in": 4.18
          },
          {
            "year": 2020,
            "month": 3,
            "avg_high_c": 10.89,
            "avg_low_c": 1.82,
            "total_rain_mm": 122.53,
            "total_rain_in": 4.82
          },
          {
            "year": 2020,
            "month": 4,
            "avg_high_c": 15.33,
            "avg_low_c": 4.78,
            "total_rain_mm": 69.14,
            "total_rain_in": 2.72
          },
          {
            "year": 2020,
            "month": 5,
            "avg_high_c": 17.79,
            "avg_low_c": 7.72,
            "total_rain_mm": 134.18,
            "total_rain_in": 5.28
          },
          {
            "year": 2020,
            "month": 6,
            "avg_high_c": 19.47,
            "avg_low_c": 9.28,
            "total_rain_mm": 75.69,
            "total_rain_in": 2.98
          },
          {
            "year": 2020,
            "month": 7,
            "avg_high_c": 23.62,
            "avg_low_c": 10.84,
            "total_rain_mm": 1.22,
            "total_rain_in": 0.05
          },
          {
            "year": 2020,
            "month": 8,
            "avg_high_c": 25.28,
            "avg_low_c": 10.98,
            "total_rain_mm": 2.78,
            "total_rain_in": 0.11
          },
          {
            "year": 2020,
            "month": 9,
            "avg_high_c": 24.88,
            "avg_low_c": 11.82,
            "total_rain_mm": 72.75,
            "total_rain_in": 2.86
          },
          {
            "year": 2020,
            "month": 10,
            "avg_high_c": 18.05,
            "avg_low_c": 6.83,
            "total_rain_mm": 69.47,
            "total_rain_in": 2.74
          },
          {
            "year": 2020,
            "month": 11,
            "avg_high_c": 10.89,
            "avg_low_c": 2.86,
            "total_rain_mm": 232.5,
            "total_rain_in": 9.15
          },
          {
            "year": 2020,
            "month": 12,
            "avg_high_c": 9.48,
            "avg_low_c": 1.8,
            "total_rain_mm": 218.39,
            "total_rain_in": 8.6
          },
          {
            "year": 2021,
            "month": 1,
            "avg_high_c": 8.91,
            "avg_low_c": 2.45,
            "total_rain_mm": 254.08,
            "total_rain_in": 10.0
          },
          {
            "year": 2021,
            "month": 2,
            "avg_high_c": 7.83,
            "avg_low_c": 1.9,
            "total_rain_mm": 199.0,
            "total_rain_in": 7.83
          },
          {
            "year": 2021,
            "month": 3,
            "avg_high_c": 11.03,
            "avg_low_c": 1.41,
            "total_rain_mm": 76.2,
            "total_rain_in": 3.0
          },
          {
            "year": 2021,
            "month": 4,
            "avg_high_c": 16.03,
            "avg_low_c": 3.49,
            "total_rain_mm": 26.64,
            "total_rain_in": 1.05
          },
          {
            "year": 2021,
            "month": 5,
            "avg_high_c": 17.61,
            "avg_low_c": 6.63,
            "total_rain_mm": 32.61,
            "total_rain_in": 1.28
          },
          {
            "year": 2021,
            "month": 6,
            "avg_high_c": 23.31,
            "avg_low_c": 10.75,
            "total_rain_mm": 48.27,
            "total_rain_in": 1.9
          },
          {
            "year": 2021,
            "month": 7,
            "avg_high_c": 26.5,
            "avg_low_c": 11.41,
            "total_rain_mm": 1.97,
            "total_rain_in": 0.08
          },
          {
            "year": 2021,
            "month": 8,
            "avg_high_c": 27.12,
            "avg_low_c": 12.3,
            "total_rain_mm": 1.69,
            "total_rain_in": 0.07
          },
          {
            "year": 2021,
            "month": 9,
            "avg_high_c": 24.68,
            "avg_low_c": 9.98,
            "total_rain_mm": 85.39,
            "total_rain_in": 3.36
          },
          {
            "year": 2021,
            "month": 10,
            "avg_high_c": 15.78,
            "avg_low_c": 6.61,
            "total_rain_mm": 126.84,
            "total_rain_in": 4.99
          },
          {
            "year": 2021,
            "month": 11,
            "avg_high_c": 12.39,
            "avg_low_c": 4.82,
            "total_rain_mm": 205.74,
            "total_rain_in": 8.1
          },
          {
            "year": 2021,
            "month": 12,
            "avg_high_c": 6.18,
            "avg_low_c": 1.36,
            "total_rain_mm": 308.92,
            "total_rain_in": 12.16
          },
          {
            "year": 2022,
            "month": 1,
            "avg_high_c": 9.77,
            "avg_low_c": 1.92,
            "total_rain_mm": 158.73,
            "total_rain_in": 6.25
          },
          {
            "year": 2022,
            "month": 2,
            "avg_high_c": 10.27,
            "avg_low_c": 1.55,
            "total_rain_mm": 85.78,
            "total_rain_in": 3.38
          },
          {
            "year": 2022,
            "month": 3,
            "avg_high_c": 12.11,
            "avg_low_c": 3.66,
            "total_rain_mm": 115.37,
            "total_rain_in": 4.54
          },
          {
            "year": 2022,
            "month": 4,
            "avg_high_c": 11.74,
            "avg_low_c": 2.97,
            "total_rain_mm": 181.66,
            "total_rain_in": 7.15
          },
          {
            "year": 2022,
            "month": 5,
            "avg_high_c": 15.02,
            "avg_low_c": 6.09,
            "total_rain_mm": 173.68,
            "total_rain_in": 6.84
          },
          {
            "year": 2022,
            "month": 6,
            "avg_high_c": 20.05,
            "avg_low_c": 9.46,
            "total_rain_mm": 102.97,
            "total_rain_in": 4.05
          },
          {
            "year": 2022,
            "month": 7,
            "avg_high_c": 24.84,
            "avg_low_c": 12.19,
            "total_rain_mm": 7.17,
            "total_rain_in": 0.28
          },
          {
            "year": 2022,
            "month": 8,
            "avg_high_c": 26.1,
            "avg_low_c": 12.91,
            "total_rain_mm": 2.85,
            "total_rain_in": 0.11
          },
          {
            "year": 2022,
            "month": 9,
            "avg_high_c": 24.47,
            "avg_low_c": 11.0,
            "total_rain_mm": 8.81,
            "total_rain_in": 0.35
          },
          {
            "year": 2022,
            "month": 10,
            "avg_high_c": 21.37,
            "avg_low_c": 8.75,
            "total_rain_mm": 58.08,
            "total_rain_in": 2.29
          },
          {
            "year": 2022,
            "month": 11,
            "avg_high_c": 9.79,
            "avg_low_c": 0.95,
            "total_rain_mm": 178.0,
            "total_rain_in": 7.01
          },
          {
            "year": 2022,
            "month": 12,
            "avg_high_c": 7.87,
            "avg_low_c": 1.37,
            "total_rain_mm": 195.13,
            "total_rain_in": 7.68
          },
          {
            "year": 2023,
            "month": 1,
            "avg_high_c": 8.03,
            "avg_low_c": 1.69,
            "total_rain_mm": 125.73,
            "total_rain_in": 4.95
          },
          {
            "year": 2023,
            "month": 2,
            "avg_high_c": 7.67,
            "avg_low_c": 0.08,
            "total_rain_mm": 120.26,
            "total_rain_in": 4.73
          },
          {
            "year": 2023,
            "month": 3,
            "avg_high_c": 8.6,
            "avg_low_c": 0.45,
            "total_rain_mm": 204.35,
            "total_rain_in": 8.05
          },
          {
            "year": 2023,
            "month": 4,
            "avg_high_c": 12.24,
            "avg_low_c": 3.7,
            "total_rain_mm": 183.89,
            "total_rain_in": 7.24
          },
          {
            "year": 2023,
            "month": 5,
            "avg_high_c": 19.84,
            "avg_low_c": 8.26,
            "total_rain_mm": 19.98,
            "total_rain_in": 0.79
          },
          {
            "year": 2023,
            "month": 6,
            "avg_high_c": 21.61,
            "avg_low_c": 8.67,
            "total_rain_mm": 11.98,
            "total_rain_in": 0.47
          },
          {
            "year": 2023,
            "month": 7,
            "avg_high_c": 26.14,
            "avg_low_c": 11.26,
            "total_rain_mm": 1.1,
            "total_rain_in": 0.04
          },
          {
            "year": 2023,
            "month": 8,
            "avg_high_c": 28.47,
            "avg_low_c": 13.2,
            "total_rain_mm": 15.84,
            "total_rain_in": 0.62
          },
          {
            "year": 2023,
            "month": 9,
            "avg_high_c": 23.69,
            "avg_low_c": 10.6,
            "total_rain_mm": 69.32,
            "total_rain_in": 2.73
          },
          {
            "year": 2023,
            "month": 10,
            "avg_high_c": 18.08,
            "avg_low_c": 7.62,
            "total_rain_mm": 112.67,
            "total_rain_in": 4.44
          },
          {
            "year": 2023,
            "month": 11,
            "avg_high_c": 12.32,
            "avg_low_c": 3.76,
            "total_rain_mm": 171.73,
            "total_rain_in": 6.76
          },
          {
            "year": 2023,
            "month": 12,
            "avg_high_c": 10.81,
            "avg_low_c": 4.63,
            "total_rain_mm": 291.62,
            "total_rain_in": 11.48
          },
          {
            "year": 2024,
            "month": 1,
            "avg_high_c": 9.42,
            "avg_low_c": 4.06,
            "total_rain_mm": 392.13,
            "total_rain_in": 15.44
          },
          {
            "year": 2024,
            "month": 2,
            "avg_high_c": 10.23,
            "avg_low_c": 3.33,
            "total_rain_mm": 199.65,
            "total_rain_in": 7.86
          },
          {
            "year": 2024,
            "month": 3,
            "avg_high_c": 11.63,
            "avg_low_c": 2.94,
            "total_rain_mm": 178.34,
            "total_rain_in": 7.02
          },
          {
            "year": 2024,
            "month": 4,
            "avg_high_c": 14.12,
            "avg_low_c": 4.3,
            "total_rain_mm": 93.08,
            "total_rain_in": 3.66
          },
          {
            "year": 2024,
            "month": 5,
            "avg_high_c": 17.1,
            "avg_low_c": 6.17,
            "total_rain_mm": 106.35,
            "total_rain_in": 4.19
          },
          {
            "year": 2024,
            "month": 6,
            "avg_high_c": 20.44,
            "avg_low_c": 9.21,
            "total_rain_mm": 57.73,
            "total_rain_in": 2.27
          },
          {
            "year": 2024,
            "month": 7,
            "avg_high_c": 26.3,
            "avg_low_c": 11.94,
            "total_rain_mm": 5.44,
            "total_rain_in": 0.21
          },
          {
            "year": 2024,
            "month": 8,
            "avg_high_c": 25.26,
            "avg_low_c": 12.04,
            "total_rain_mm": 20.57,
            "total_rain_in": 0.81
          },
          {
            "year": 2024,
            "month": 9,
            "avg_high_c": 24.25,
            "avg_low_c": 10.86,
            "total_rain_mm": 34.03,
            "total_rain_in": 1.34
          },
          {
            "year": 2024,
            "month": 10,
            "avg_high_c": 18.82,
            "avg_low_c": 7.09,
            "total_rain_mm": 123.02,
            "total_rain_in": 4.84
          },
          {
            "year": 2024,
            "month": 11,
            "avg_high_c": 10.25,
            "avg_low_c": 4.12,
            "total_rain_mm": 316.42,
            "total_rain_in": 12.46
          },
          {
            "year": 2024,
            "month": 12,
            "avg_high_c": 9.56,
            "avg_low_c": 3.41,
            "total_rain_mm": 301.4,
            "total_rain_in": 11.87
          },
          {
            "year": 2025,
            "month": 1,
            "avg_high_c": 8.3,
            "avg_low_c": 0.38,
            "total_rain_mm": 131.61,
            "total_rain_in": 5.18
          },
          {
            "year": 2025,
            "month": 2,
            "avg_high_c": 8.57,
            "avg_low_c": 1.98,
            "total_rain_mm": 208.24,
            "total_rain_in": 8.2
          },
          {
            "year": 2025,
            "month": 3,
            "avg_high_c": 11.43,
            "avg_low_c": 4.26,
            "total_rain_mm": 258.95,
            "total_rain_in": 10.19
          },
          {
            "year": 2025,
            "month": 4,
            "avg_high_c": 15.68,
            "avg_low_c": 4.55,
            "total_rain_mm": 62.07,
            "total_rain_in": 2.44
          },
          {
            "year": 2025,
            "month": 5,
            "avg_high_c": 17.55,
            "avg_low_c": 6.39,
            "total_rain_mm": 43.47,
            "total_rain_in": 1.71
          },
          {
            "year": 2025,
            "month": 6,
            "avg_high_c": 21.52,
            "avg_low_c": 9.24,
            "total_rain_mm": 31.15,
            "total_rain_in": 1.23
          },
          {
            "year": 2025,
            "month": 7,
            "avg_high_c": 25.74,
            "avg_low_c": 11.48,
            "total_rain_mm": 0.4,
            "total_rain_in": 0.02
          },
          {
            "year": 2025,
            "month": 8,
            "avg_high_c": 28.03,
            "avg_low_c": 13.28,
            "total_rain_mm": 12.83,
            "total_rain_in": 0.51
          },
          {
            "year": 2025,
            "month": 9,
            "avg_high_c": 24.93,
            "avg_low_c": 11.27,
            "total_rain_mm": 48.46,
            "total_rain_in": 1.91
          },
          {
            "year": 2025,
            "month": 10,
            "avg_high_c": 15.99,
            "avg_low_c": 6.03,
            "total_rain_mm": 137.17,
            "total_rain_in": 5.4
          },
          {
            "year": 2025,
            "month": 11,
            "avg_high_c": 12.27,
            "avg_low_c": 5.4,
            "total_rain_mm": 167.03,
            "total_rain_in": 6.58
          },
          {
            "year": 2025,
            "month": 12,
            "avg_high_c": 10.32,
            "avg_low_c": 4.3,
            "total_rain_mm": 310.36,
            "total_rain_in": 12.22
          }
        ]
      },
      "geometry": {
        "type": "MultiPolygon",
        "coordinates": [
          [
            [
              [
                -2122468.4828999992,
                2689467.6972000003
              ],
              [
                -2122479.7459999993,
                2689429.280200001
              ],
              [
                -2122507.1191000007,
                2689437.3055000007
              ],
              [
                -2122526.8298000004,
                2689370.0756
              ],
              [
                -2122547.3596,
                2689376.0946999993
              ],
              [
                -2122555.8071,
                2689347.2819
              ],
              [
                -2122546.5405,
                2689302.8456999995
              ],
              [
                -2122519.1669999994,
                2689294.8203
              ],
              [
                -2122527.6142999995,
                2689266.0074000005
              ],
              [
                -2122491.7935000006,
                2689286.795
              ],
              [
                -2122471.2632999998,
                2689280.7761000004
              ],
              [
                -2122479.7105,
                2689251.9630999994
              ],
              [
                -2122452.3367999997,
                2689243.937999999
              ],
              [
                -2122443.0692,
                2689199.5018000007
              ],
              [
                -2122451.5162000004,
                2689170.6887999997
              ],
              [
                -2122499.420600001,
                2689184.7328999992
              ],
              [
                -2122510.6833999995,
                2689146.3156000003
              ],
              [
                -2122483.3093,
                2689138.2903000005
              ],
              [
                -2122494.5722000003,
                2689099.8729
              ],
              [
                -2122569.8511999995,
                2689121.9428000003
              ],
              [
                -2122558.5879999995,
                2689160.3600999992
              ],
              [
                -2122574.6986999996,
                2689206.8027999997
              ],
              [
                -2122622.603,
                2689220.8477999996
              ],
              [
                -2122633.8665999994,
                2689182.4306000005
              ],
              [
                -2122606.4925999995,
                2689174.4048999995
              ],
              [
                -2122617.755999999,
                2689135.9877000004
              ],
              [
                -2122665.660700001,
                2689150.0329
              ],
              [
                -2122681.7709,
                2689196.476
              ],
              [
                -2122670.507099999,
                2689234.892999999
              ],
              [
                -2122643.133300001,
                2689226.8671000004
              ],
              [
                -2122634.6855999995,
                2689255.6799
              ],
              [
                -2122623.4219000004,
                2689294.096999999
              ],
              [
                -2122602.8916999996,
                2689288.0777000003
              ],
              [
                -2122614.974199999,
                2689322.9097000007
              ],
              [
                -2122642.3475,
                2689330.9354999997
              ],
              [
                -2122622.6359,
                2689398.1652000006
              ],
              [
                -2122595.2628000006,
                2689390.1394999996
              ],
              [
                -2122583.9990999997,
                2689428.556399999
              ],
              [
                -2122575.5514,
                2689457.3691000007
              ],
              [
                -2122602.9243,
                2689465.3947
              ],
              [
                -2122591.6603999995,
                2689503.8115999997
              ],
              [
                -2122495.8556999993,
                2689475.7225
              ],
              [
                -2122468.4828999992,
                2689467.6972000003
              ]
            ]
          ]
        ]
      }
    },
    {
      "type": "Feature",
      "properties": {
        "field_id": "WV_AG_042",
        "lat": 44.64353661940457,
        "lon": -122.94709237783644,
        "area_acres": 37.66448623331,
        "crop_code": 24,
        "cdl_crop": "Winter Wheat",
        "crop_dominant_pct": 84.7,
        "soil_muname": "Cloquato silt loam",
        "soil_drainage": "Well drained",
        "soil_clay_pct": 10.0,
        "soil_sand_pct": 21.2,
        "soil_silt_pct": 68.8,
        "soil_om_pct": 7.5,
        "soil_ph": 6.1,
        "soil_cec": 17.5,
        "soil_depth_cm": 0.0,
        "weather_monthly": [
          {
            "year": 2020,
            "month": 1,
            "avg_high_c": 8.29,
            "avg_low_c": 3.45,
            "total_rain_mm": 335.74,
            "total_rain_in": 13.22
          },
          {
            "year": 2020,
            "month": 2,
            "avg_high_c": 9.41,
            "avg_low_c": 1.31,
            "total_rain_mm": 106.13,
            "total_rain_in": 4.18
          },
          {
            "year": 2020,
            "month": 3,
            "avg_high_c": 10.89,
            "avg_low_c": 1.82,
            "total_rain_mm": 122.53,
            "total_rain_in": 4.82
          },
          {
            "year": 2020,
            "month": 4,
            "avg_high_c": 15.33,
            "avg_low_c": 4.78,
            "total_rain_mm": 69.14,
            "total_rain_in": 2.72
          },
          {
            "year": 2020,
            "month": 5,
            "avg_high_c": 17.79,
            "avg_low_c": 7.72,
            "total_rain_mm": 134.18,
            "total_rain_in": 5.28
          },
          {
            "year": 2020,
            "month": 6,
            "avg_high_c": 19.47,
            "avg_low_c": 9.28,
            "total_rain_mm": 75.69,
            "total_rain_in": 2.98
          },
          {
            "year": 2020,
            "month": 7,
            "avg_high_c": 23.62,
            "avg_low_c": 10.84,
            "total_rain_mm": 1.22,
            "total_rain_in": 0.05
          },
          {
            "year": 2020,
            "month": 8,
            "avg_high_c": 25.28,
            "avg_low_c": 10.98,
            "total_rain_mm": 2.78,
            "total_rain_in": 0.11
          },
          {
            "year": 2020,
            "month": 9,
            "avg_high_c": 24.88,
            "avg_low_c": 11.82,
            "total_rain_mm": 72.75,
            "total_rain_in": 2.86
          },
          {
            "year": 2020,
            "month": 10,
            "avg_high_c": 18.05,
            "avg_low_c": 6.83,
            "total_rain_mm": 69.47,
            "total_rain_in": 2.74
          },
          {
            "year": 2020,
            "month": 11,
            "avg_high_c": 10.89,
            "avg_low_c": 2.86,
            "total_rain_mm": 232.5,
            "total_rain_in": 9.15
          },
          {
            "year": 2020,
            "month": 12,
            "avg_high_c": 9.48,
            "avg_low_c": 1.8,
            "total_rain_mm": 218.39,
            "total_rain_in": 8.6
          },
          {
            "year": 2021,
            "month": 1,
            "avg_high_c": 8.91,
            "avg_low_c": 2.45,
            "total_rain_mm": 254.08,
            "total_rain_in": 10.0
          },
          {
            "year": 2021,
            "month": 2,
            "avg_high_c": 7.83,
            "avg_low_c": 1.9,
            "total_rain_mm": 199.0,
            "total_rain_in": 7.83
          },
          {
            "year": 2021,
            "month": 3,
            "avg_high_c": 11.03,
            "avg_low_c": 1.41,
            "total_rain_mm": 76.2,
            "total_rain_in": 3.0
          },
          {
            "year": 2021,
            "month": 4,
            "avg_high_c": 16.03,
            "avg_low_c": 3.49,
            "total_rain_mm": 26.64,
            "total_rain_in": 1.05
          },
          {
            "year": 2021,
            "month": 5,
            "avg_high_c": 17.61,
            "avg_low_c": 6.63,
            "total_rain_mm": 32.61,
            "total_rain_in": 1.28
          },
          {
            "year": 2021,
            "month": 6,
            "avg_high_c": 23.31,
            "avg_low_c": 10.75,
            "total_rain_mm": 48.27,
            "total_rain_in": 1.9
          },
          {
            "year": 2021,
            "month": 7,
            "avg_high_c": 26.5,
            "avg_low_c": 11.41,
            "total_rain_mm": 1.97,
            "total_rain_in": 0.08
          },
          {
            "year": 2021,
            "month": 8,
            "avg_high_c": 27.12,
            "avg_low_c": 12.3,
            "total_rain_mm": 1.69,
            "total_rain_in": 0.07
          },
          {
            "year": 2021,
            "month": 9,
            "avg_high_c": 24.68,
            "avg_low_c": 9.98,
            "total_rain_mm": 85.39,
            "total_rain_in": 3.36
          },
          {
            "year": 2021,
            "month": 10,
            "avg_high_c": 15.78,
            "avg_low_c": 6.61,
            "total_rain_mm": 126.84,
            "total_rain_in": 4.99
          },
          {
            "year": 2021,
            "month": 11,
            "avg_high_c": 12.39,
            "avg_low_c": 4.82,
            "total_rain_mm": 205.74,
            "total_rain_in": 8.1
          },
          {
            "year": 2021,
            "month": 12,
            "avg_high_c": 6.18,
            "avg_low_c": 1.36,
            "total_rain_mm": 308.92,
            "total_rain_in": 12.16
          },
          {
            "year": 2022,
            "month": 1,
            "avg_high_c": 9.77,
            "avg_low_c": 1.92,
            "total_rain_mm": 158.73,
            "total_rain_in": 6.25
          },
          {
            "year": 2022,
            "month": 2,
            "avg_high_c": 10.27,
            "avg_low_c": 1.55,
            "total_rain_mm": 85.78,
            "total_rain_in": 3.38
          },
          {
            "year": 2022,
            "month": 3,
            "avg_high_c": 12.11,
            "avg_low_c": 3.66,
            "total_rain_mm": 115.37,
            "total_rain_in": 4.54
          },
          {
            "year": 2022,
            "month": 4,
            "avg_high_c": 11.74,
            "avg_low_c": 2.97,
            "total_rain_mm": 181.66,
            "total_rain_in": 7.15
          },
          {
            "year": 2022,
            "month": 5,
            "avg_high_c": 15.02,
            "avg_low_c": 6.09,
            "total_rain_mm": 173.68,
            "total_rain_in": 6.84
          },
          {
            "year": 2022,
            "month": 6,
            "avg_high_c": 20.05,
            "avg_low_c": 9.46,
            "total_rain_mm": 102.97,
            "total_rain_in": 4.05
          },
          {
            "year": 2022,
            "month": 7,
            "avg_high_c": 24.84,
            "avg_low_c": 12.19,
            "total_rain_mm": 7.17,
            "total_rain_in": 0.28
          },
          {
            "year": 2022,
            "month": 8,
            "avg_high_c": 26.1,
            "avg_low_c": 12.91,
            "total_rain_mm": 2.85,
            "total_rain_in": 0.11
          },
          {
            "year": 2022,
            "month": 9,
            "avg_high_c": 24.47,
            "avg_low_c": 11.0,
            "total_rain_mm": 8.81,
            "total_rain_in": 0.35
          },
          {
            "year": 2022,
            "month": 10,
            "avg_high_c": 21.37,
            "avg_low_c": 8.75,
            "total_rain_mm": 58.08,
            "total_rain_in": 2.29
          },
          {
            "year": 2022,
            "month": 11,
            "avg_high_c": 9.79,
            "avg_low_c": 0.95,
            "total_rain_mm": 178.0,
            "total_rain_in": 7.01
          },
          {
            "year": 2022,
            "month": 12,
            "avg_high_c": 7.87,
            "avg_low_c": 1.37,
            "total_rain_mm": 195.13,
            "total_rain_in": 7.68
          },
          {
            "year": 2023,
            "month": 1,
            "avg_high_c": 8.03,
            "avg_low_c": 1.69,
            "total_rain_mm": 125.73,
            "total_rain_in": 4.95
          },
          {
            "year": 2023,
            "month": 2,
            "avg_high_c": 7.67,
            "avg_low_c": 0.08,
            "total_rain_mm": 120.26,
            "total_rain_in": 4.73
          },
          {
            "year": 2023,
            "month": 3,
            "avg_high_c": 8.6,
            "avg_low_c": 0.45,
            "total_rain_mm": 204.35,
            "total_rain_in": 8.05
          },
          {
            "year": 2023,
            "month": 4,
            "avg_high_c": 12.24,
            "avg_low_c": 3.7,
            "total_rain_mm": 183.89,
            "total_rain_in": 7.24
          },
          {
            "year": 2023,
            "month": 5,
            "avg_high_c": 19.84,
            "avg_low_c": 8.26,
            "total_rain_mm": 19.98,
            "total_rain_in": 0.79
          },
          {
            "year": 2023,
            "month": 6,
            "avg_high_c": 21.61,
            "avg_low_c": 8.67,
            "total_rain_mm": 11.98,
            "total_rain_in": 0.47
          },
          {
            "year": 2023,
            "month": 7,
            "avg_high_c": 26.14,
            "avg_low_c": 11.26,
            "total_rain_mm": 1.1,
            "total_rain_in": 0.04
          },
          {
            "year": 2023,
            "month": 8,
            "avg_high_c": 28.47,
            "avg_low_c": 13.2,
            "total_rain_mm": 15.84,
            "total_rain_in": 0.62
          },
          {
            "year": 2023,
            "month": 9,
            "avg_high_c": 23.69,
            "avg_low_c": 10.6,
            "total_rain_mm": 69.32,
            "total_rain_in": 2.73
          },
          {
            "year": 2023,
            "month": 10,
            "avg_high_c": 18.08,
            "avg_low_c": 7.62,
            "total_rain_mm": 112.67,
            "total_rain_in": 4.44
          },
          {
            "year": 2023,
            "month": 11,
            "avg_high_c": 12.32,
            "avg_low_c": 3.76,
            "total_rain_mm": 171.73,
            "total_rain_in": 6.76
          },
          {
            "year": 2023,
            "month": 12,
            "avg_high_c": 10.81,
            "avg_low_c": 4.63,
            "total_rain_mm": 291.62,
            "total_rain_in": 11.48
          },
          {
            "year": 2024,
            "month": 1,
            "avg_high_c": 9.42,
            "avg_low_c": 4.06,
            "total_rain_mm": 392.13,
            "total_rain_in": 15.44
          },
          {
            "year": 2024,
            "month": 2,
            "avg_high_c": 10.23,
            "avg_low_c": 3.33,
            "total_rain_mm": 199.65,
            "total_rain_in": 7.86
          },
          {
            "year": 2024,
            "month": 3,
            "avg_high_c": 11.63,
            "avg_low_c": 2.94,
            "total_rain_mm": 178.34,
            "total_rain_in": 7.02
          },
          {
            "year": 2024,
            "month": 4,
            "avg_high_c": 14.12,
            "avg_low_c": 4.3,
            "total_rain_mm": 93.08,
            "total_rain_in": 3.66
          },
          {
            "year": 2024,
            "month": 5,
            "avg_high_c": 17.1,
            "avg_low_c": 6.17,
            "total_rain_mm": 106.35,
            "total_rain_in": 4.19
          },
          {
            "year": 2024,
            "month": 6,
            "avg_high_c": 20.44,
            "avg_low_c": 9.21,
            "total_rain_mm": 57.73,
            "total_rain_in": 2.27
          },
          {
            "year": 2024,
            "month": 7,
            "avg_high_c": 26.3,
            "avg_low_c": 11.94,
            "total_rain_mm": 5.44,
            "total_rain_in": 0.21
          },
          {
            "year": 2024,
            "month": 8,
            "avg_high_c": 25.26,
            "avg_low_c": 12.04,
            "total_rain_mm": 20.57,
            "total_rain_in": 0.81
          },
          {
            "year": 2024,
            "month": 9,
            "avg_high_c": 24.25,
            "avg_low_c": 10.86,
            "total_rain_mm": 34.03,
            "total_rain_in": 1.34
          },
          {
            "year": 2024,
            "month": 10,
            "avg_high_c": 18.82,
            "avg_low_c": 7.09,
            "total_rain_mm": 123.02,
            "total_rain_in": 4.84
          },
          {
            "year": 2024,
            "month": 11,
            "avg_high_c": 10.25,
            "avg_low_c": 4.12,
            "total_rain_mm": 316.42,
            "total_rain_in": 12.46
          },
          {
            "year": 2024,
            "month": 12,
            "avg_high_c": 9.56,
            "avg_low_c": 3.41,
            "total_rain_mm": 301.4,
            "total_rain_in": 11.87
          },
          {
            "year": 2025,
            "month": 1,
            "avg_high_c": 8.3,
            "avg_low_c": 0.38,
            "total_rain_mm": 131.61,
            "total_rain_in": 5.18
          },
          {
            "year": 2025,
            "month": 2,
            "avg_high_c": 8.57,
            "avg_low_c": 1.98,
            "total_rain_mm": 208.24,
            "total_rain_in": 8.2
          },
          {
            "year": 2025,
            "month": 3,
            "avg_high_c": 11.43,
            "avg_low_c": 4.26,
            "total_rain_mm": 258.95,
            "total_rain_in": 10.19
          },
          {
            "year": 2025,
            "month": 4,
            "avg_high_c": 15.68,
            "avg_low_c": 4.55,
            "total_rain_mm": 62.07,
            "total_rain_in": 2.44
          },
          {
            "year": 2025,
            "month": 5,
            "avg_high_c": 17.55,
            "avg_low_c": 6.39,
            "total_rain_mm": 43.47,
            "total_rain_in": 1.71
          },
          {
            "year": 2025,
            "month": 6,
            "avg_high_c": 21.52,
            "avg_low_c": 9.24,
            "total_rain_mm": 31.15,
            "total_rain_in": 1.23
          },
          {
            "year": 2025,
            "month": 7,
            "avg_high_c": 25.74,
            "avg_low_c": 11.48,
            "total_rain_mm": 0.4,
            "total_rain_in": 0.02
          },
          {
            "year": 2025,
            "month": 8,
            "avg_high_c": 28.03,
            "avg_low_c": 13.28,
            "total_rain_mm": 12.83,
            "total_rain_in": 0.51
          },
          {
            "year": 2025,
            "month": 9,
            "avg_high_c": 24.93,
            "avg_low_c": 11.27,
            "total_rain_mm": 48.46,
            "total_rain_in": 1.91
          },
          {
            "year": 2025,
            "month": 10,
            "avg_high_c": 15.99,
            "avg_low_c": 6.03,
            "total_rain_mm": 137.17,
            "total_rain_in": 5.4
          },
          {
            "year": 2025,
            "month": 11,
            "avg_high_c": 12.27,
            "avg_low_c": 5.4,
            "total_rain_mm": 167.03,
            "total_rain_in": 6.58
          },
          {
            "year": 2025,
            "month": 12,
            "avg_high_c": 10.32,
            "avg_low_c": 4.3,
            "total_rain_mm": 310.36,
            "total_rain_in": 12.22
          }
        ]
      },
      "geometry": {
        "type": "MultiPolygon",
        "coordinates": [
          [
            [
              [
                -2104407.0336000007,
                2706231.6205
              ],
              [
                -2104454.825099999,
                2706245.5451999996
              ],
              [
                -2104466.0194000006,
                2706207.1251999997
              ],
              [
                -2104445.5372,
                2706201.157400001
              ],
              [
                -2104453.9329000004,
                2706172.3422999997
              ],
              [
                -2104426.6231999993,
                2706164.3852999993
              ],
              [
                -2104407.0336000007,
                2706231.6205
              ],
              [
                -2104386.5514,
                2706225.652899999
              ],
              [
                -2104417.334899999,
                2706119.9974000007
              ],
              [
                -2104485.6095000003,
                2706139.8900000006
              ],
              [
                -2104474.4152000006,
                2706178.3101000004
              ],
              [
                -2104569.9989,
                2706206.1608000007
              ],
              [
                -2104588.9122,
                2706242.9332
              ],
              [
                -2104577.7172,
                2706281.3531
              ],
              [
                -2104598.199100001,
                2706287.3212
              ],
              [
                -2104589.8027999997,
                2706316.1361
              ],
              [
                -2104617.1119,
                2706324.093699999
              ],
              [
                -2104605.9167,
                2706362.5133999996
              ],
              [
                -2104653.7073999997,
                2706376.4395000003
              ],
              [
                -2104673.2994999997,
                2706309.2051
              ],
              [
                -2104598.199100001,
                2706287.3212
              ],
              [
                -2104617.7906,
                2706220.0865
              ],
              [
                -2104597.3083999995,
                2706214.1183
              ],
              [
                -2104608.5034,
                2706175.6984
              ],
              [
                -2104656.2952999994,
                2706189.624500001
              ],
              [
                -2104676.7775,
                2706195.5929000005
              ],
              [
                -2104724.5692999996,
                2706209.5193000007
              ],
              [
                -2104713.3737000003,
                2706247.939099999
              ],
              [
                -2104732.2863,
                2706284.7118999995
              ],
              [
                -2104712.6937000006,
                2706351.9462
              ],
              [
                -2104685.3847000003,
                2706343.9881999996
              ],
              [
                -2104665.7924000006,
                2706411.2226
              ],
              [
                -2104693.1011999995,
                2706419.1805000007
              ],
              [
                -2104740.8915,
                2706433.1071000006
              ],
              [
                -2104777.4854000006,
                2706485.453400001
              ],
              [
                -2104804.7939,
                2706493.411699999
              ],
              [
                -2104864.6675000004,
                2706542.1224000007
              ],
              [
                -2105158.2300000004,
                2706627.6834999993
              ],
              [
                -2105147.0317,
                2706666.1021999996
              ],
              [
                -2105159.1138000004,
                2706700.886
              ],
              [
                -2105206.9022000004,
                2706714.8157
              ],
              [
                -2105195.7036000006,
                2706753.2343000006
              ],
              [
                -2105172.4233,
                2706756.869000001
              ],
              [
                -2105001.7509000003,
                2706707.1224000007
              ],
              [
                -2105004.5503000002,
                2706697.5176999997
              ],
              [
                -2105031.857999999,
                2706705.4769
              ],
              [
                -2105043.0558,
                2706667.0581
              ],
              [
                -2105003.6652000006,
                2706624.315300001
              ],
              [
                -2104928.5681,
                2706602.428099999
              ],
              [
                -2104908.973099999,
                2706669.6613
              ],
              [
                -2104594.9311999995,
                2706578.1421000008
              ],
              [
                -2104606.126700001,
                2706539.7226
              ],
              [
                -2104626.6078999992,
                2706545.6909
              ],
              [
                -2104646.200099999,
                2706478.4568000007
              ],
              [
                -2104625.718699999,
                2706472.488500001
              ],
              [
                -2104598.4101,
                2706464.5308
              ],
              [
                -2104577.9287,
                2706458.5626
              ],
              [
                -2104539.4250000007,
                2706489.0248000007
              ],
              [
                -2104531.0286999997,
                2706517.8395000007
              ],
              [
                -2104578.8183999993,
                2706531.7651000004
              ],
              [
                -2104567.6230999995,
                2706570.1845999993
              ],
              [
                -2104499.352499999,
                2706550.291200001
              ],
              [
                -2104472.0441999994,
                2706542.3340000007
              ],
              [
                -2104424.2545999996,
                2706528.4091999996
              ],
              [
                -2104387.6591999996,
                2706476.0648
              ],
              [
                -2104396.0549999997,
                2706447.2499
              ],
              [
                -2104423.3636000007,
                2706455.2068000007
              ],
              [
                -2104442.9539,
                2706387.972100001
              ],
              [
                -2104406.3575,
                2706335.6274999995
              ],
              [
                -2104387.4439000003,
                2706298.8555999994
              ],
              [
                -2104407.0336000007,
                2706231.6205
              ]
            ]
          ]
        ]
      }
    },
    {
      "type": "Feature",
      "properties": {
        "field_id": "WV_AG_043",
        "lat": 44.18210116099981,
        "lon": -123.16499701818665,
        "area_acres": 17.3153344611764,
        "crop_code": 24,
        "cdl_crop": "Winter Wheat",
        "crop_dominant_pct": 83.5,
        "soil_muname": "Chapman loam",
        "soil_drainage": "Well drained",
        "soil_clay_pct": 22.5,
        "soil_sand_pct": 39.8,
        "soil_silt_pct": 37.7,
        "soil_om_pct": 3.5,
        "soil_ph": 6.1,
        "soil_cec": 15.0,
        "soil_depth_cm": 0.0,
        "weather_monthly": [
          {
            "year": 2020,
            "month": 1,
            "avg_high_c": 7.66,
            "avg_low_c": 3.21,
            "total_rain_mm": 280.71,
            "total_rain_in": 11.05
          },
          {
            "year": 2020,
            "month": 2,
            "avg_high_c": 9.12,
            "avg_low_c": 0.7,
            "total_rain_mm": 88.78,
            "total_rain_in": 3.5
          },
          {
            "year": 2020,
            "month": 3,
            "avg_high_c": 10.54,
            "avg_low_c": 1.58,
            "total_rain_mm": 108.69,
            "total_rain_in": 4.28
          },
          {
            "year": 2020,
            "month": 4,
            "avg_high_c": 15.02,
            "avg_low_c": 4.71,
            "total_rain_mm": 73.03,
            "total_rain_in": 2.88
          },
          {
            "year": 2020,
            "month": 5,
            "avg_high_c": 17.39,
            "avg_low_c": 7.19,
            "total_rain_mm": 120.67,
            "total_rain_in": 4.75
          },
          {
            "year": 2020,
            "month": 6,
            "avg_high_c": 19.11,
            "avg_low_c": 9.05,
            "total_rain_mm": 70.28,
            "total_rain_in": 2.77
          },
          {
            "year": 2020,
            "month": 7,
            "avg_high_c": 23.77,
            "avg_low_c": 11.01,
            "total_rain_mm": 1.23,
            "total_rain_in": 0.05
          },
          {
            "year": 2020,
            "month": 8,
            "avg_high_c": 26.66,
            "avg_low_c": 10.99,
            "total_rain_mm": 2.32,
            "total_rain_in": 0.09
          },
          {
            "year": 2020,
            "month": 9,
            "avg_high_c": 26.07,
            "avg_low_c": 11.71,
            "total_rain_mm": 58.73,
            "total_rain_in": 2.31
          },
          {
            "year": 2020,
            "month": 10,
            "avg_high_c": 19.05,
            "avg_low_c": 7.03,
            "total_rain_mm": 64.71,
            "total_rain_in": 2.55
          },
          {
            "year": 2020,
            "month": 11,
            "avg_high_c": 10.65,
            "avg_low_c": 2.51,
            "total_rain_mm": 204.9,
            "total_rain_in": 8.07
          },
          {
            "year": 2020,
            "month": 12,
            "avg_high_c": 9.4,
            "avg_low_c": 1.62,
            "total_rain_mm": 187.39,
            "total_rain_in": 7.38
          },
          {
            "year": 2021,
            "month": 1,
            "avg_high_c": 8.67,
            "avg_low_c": 2.37,
            "total_rain_mm": 184.79,
            "total_rain_in": 7.28
          },
          {
            "year": 2021,
            "month": 2,
            "avg_high_c": 7.16,
            "avg_low_c": 1.66,
            "total_rain_mm": 163.15,
            "total_rain_in": 6.42
          },
          {
            "year": 2021,
            "month": 3,
            "avg_high_c": 10.78,
            "avg_low_c": 1.09,
            "total_rain_mm": 68.13,
            "total_rain_in": 2.68
          },
          {
            "year": 2021,
            "month": 4,
            "avg_high_c": 15.69,
            "avg_low_c": 3.28,
            "total_rain_mm": 17.85,
            "total_rain_in": 0.7
          },
          {
            "year": 2021,
            "month": 5,
            "avg_high_c": 16.96,
            "avg_low_c": 6.41,
            "total_rain_mm": 33.24,
            "total_rain_in": 1.31
          },
          {
            "year": 2021,
            "month": 6,
            "avg_high_c": 23.28,
            "avg_low_c": 10.71,
            "total_rain_mm": 33.37,
            "total_rain_in": 1.31
          },
          {
            "year": 2021,
            "month": 7,
            "avg_high_c": 27.7,
            "avg_low_c": 11.54,
            "total_rain_mm": 1.42,
            "total_rain_in": 0.06
          },
          {
            "year": 2021,
            "month": 8,
            "avg_high_c": 27.84,
            "avg_low_c": 12.16,
            "total_rain_mm": 1.11,
            "total_rain_in": 0.04
          },
          {
            "year": 2021,
            "month": 9,
            "avg_high_c": 25.0,
            "avg_low_c": 9.64,
            "total_rain_mm": 82.72,
            "total_rain_in": 3.26
          },
          {
            "year": 2021,
            "month": 10,
            "avg_high_c": 16.05,
            "avg_low_c": 6.61,
            "total_rain_mm": 104.65,
            "total_rain_in": 4.12
          },
          {
            "year": 2021,
            "month": 11,
            "avg_high_c": 12.26,
            "avg_low_c": 4.72,
            "total_rain_mm": 156.92,
            "total_rain_in": 6.18
          },
          {
            "year": 2021,
            "month": 12,
            "avg_high_c": 5.99,
            "avg_low_c": 1.66,
            "total_rain_mm": 254.46,
            "total_rain_in": 10.02
          },
          {
            "year": 2022,
            "month": 1,
            "avg_high_c": 10.25,
            "avg_low_c": 1.58,
            "total_rain_mm": 140.49,
            "total_rain_in": 5.53
          },
          {
            "year": 2022,
            "month": 2,
            "avg_high_c": 10.43,
            "avg_low_c": 1.5,
            "total_rain_mm": 44.88,
            "total_rain_in": 1.77
          },
          {
            "year": 2022,
            "month": 3,
            "avg_high_c": 11.97,
            "avg_low_c": 3.41,
            "total_rain_mm": 100.24,
            "total_rain_in": 3.95
          },
          {
            "year": 2022,
            "month": 4,
            "avg_high_c": 11.32,
            "avg_low_c": 2.64,
            "total_rain_mm": 161.54,
            "total_rain_in": 6.36
          },
          {
            "year": 2022,
            "month": 5,
            "avg_high_c": 14.57,
            "avg_low_c": 5.9,
            "total_rain_mm": 174.98,
            "total_rain_in": 6.89
          },
          {
            "year": 2022,
            "month": 6,
            "avg_high_c": 19.98,
            "avg_low_c": 9.33,
            "total_rain_mm": 99.4,
            "total_rain_in": 3.91
          },
          {
            "year": 2022,
            "month": 7,
            "avg_high_c": 24.74,
            "avg_low_c": 12.38,
            "total_rain_mm": 7.74,
            "total_rain_in": 0.3
          },
          {
            "year": 2022,
            "month": 8,
            "avg_high_c": 26.85,
            "avg_low_c": 12.9,
            "total_rain_mm": 1.93,
            "total_rain_in": 0.08
          },
          {
            "year": 2022,
            "month": 9,
            "avg_high_c": 25.2,
            "avg_low_c": 10.87,
            "total_rain_mm": 8.62,
            "total_rain_in": 0.34
          },
          {
            "year": 2022,
            "month": 10,
            "avg_high_c": 21.99,
            "avg_low_c": 8.89,
            "total_rain_mm": 57.5,
            "total_rain_in": 2.26
          },
          {
            "year": 2022,
            "month": 11,
            "avg_high_c": 9.82,
            "avg_low_c": 0.86,
            "total_rain_mm": 160.98,
            "total_rain_in": 6.34
          },
          {
            "year": 2022,
            "month": 12,
            "avg_high_c": 7.61,
            "avg_low_c": 1.27,
            "total_rain_mm": 173.4,
            "total_rain_in": 6.83
          },
          {
            "year": 2023,
            "month": 1,
            "avg_high_c": 7.82,
            "avg_low_c": 1.42,
            "total_rain_mm": 94.49,
            "total_rain_in": 3.72
          },
          {
            "year": 2023,
            "month": 2,
            "avg_high_c": 7.78,
            "avg_low_c": -0.04,
            "total_rain_mm": 112.98,
            "total_rain_in": 4.45
          },
          {
            "year": 2023,
            "month": 3,
            "avg_high_c": 7.61,
            "avg_low_c": -0.22,
            "total_rain_mm": 193.63,
            "total_rain_in": 7.62
          },
          {
            "year": 2023,
            "month": 4,
            "avg_high_c": 11.76,
            "avg_low_c": 3.48,
            "total_rain_mm": 155.44,
            "total_rain_in": 6.12
          },
          {
            "year": 2023,
            "month": 5,
            "avg_high_c": 19.43,
            "avg_low_c": 8.12,
            "total_rain_mm": 27.62,
            "total_rain_in": 1.09
          },
          {
            "year": 2023,
            "month": 6,
            "avg_high_c": 21.13,
            "avg_low_c": 8.79,
            "total_rain_mm": 13.29,
            "total_rain_in": 0.52
          },
          {
            "year": 2023,
            "month": 7,
            "avg_high_c": 26.83,
            "avg_low_c": 11.23,
            "total_rain_mm": 0.8,
            "total_rain_in": 0.03
          },
          {
            "year": 2023,
            "month": 8,
            "avg_high_c": 29.16,
            "avg_low_c": 12.95,
            "total_rain_mm": 13.99,
            "total_rain_in": 0.55
          },
          {
            "year": 2023,
            "month": 9,
            "avg_high_c": 24.05,
            "avg_low_c": 10.15,
            "total_rain_mm": 56.6,
            "total_rain_in": 2.23
          },
          {
            "year": 2023,
            "month": 10,
            "avg_high_c": 18.3,
            "avg_low_c": 7.1,
            "total_rain_mm": 106.79,
            "total_rain_in": 4.2
          },
          {
            "year": 2023,
            "month": 11,
            "avg_high_c": 12.28,
            "avg_low_c": 3.5,
            "total_rain_mm": 139.45,
            "total_rain_in": 5.49
          },
          {
            "year": 2023,
            "month": 12,
            "avg_high_c": 10.7,
            "avg_low_c": 4.32,
            "total_rain_mm": 245.67,
            "total_rain_in": 9.67
          },
          {
            "year": 2024,
            "month": 1,
            "avg_high_c": 9.33,
            "avg_low_c": 4.32,
            "total_rain_mm": 351.31,
            "total_rain_in": 13.83
          },
          {
            "year": 2024,
            "month": 2,
            "avg_high_c": 9.73,
            "avg_low_c": 3.04,
            "total_rain_mm": 178.71,
            "total_rain_in": 7.04
          },
          {
            "year": 2024,
            "month": 3,
            "avg_high_c": 10.96,
            "avg_low_c": 2.61,
            "total_rain_mm": 164.28,
            "total_rain_in": 6.47
          },
          {
            "year": 2024,
            "month": 4,
            "avg_high_c": 13.62,
            "avg_low_c": 4.03,
            "total_rain_mm": 93.19,
            "total_rain_in": 3.67
          },
          {
            "year": 2024,
            "month": 5,
            "avg_high_c": 16.89,
            "avg_low_c": 5.88,
            "total_rain_mm": 103.89,
            "total_rain_in": 4.09
          },
          {
            "year": 2024,
            "month": 6,
            "avg_high_c": 20.35,
            "avg_low_c": 9.04,
            "total_rain_mm": 54.09,
            "total_rain_in": 2.13
          },
          {
            "year": 2024,
            "month": 7,
            "avg_high_c": 26.5,
            "avg_low_c": 12.22,
            "total_rain_mm": 3.37,
            "total_rain_in": 0.13
          },
          {
            "year": 2024,
            "month": 8,
            "avg_high_c": 26.3,
            "avg_low_c": 12.01,
            "total_rain_mm": 24.29,
            "total_rain_in": 0.96
          },
          {
            "year": 2024,
            "month": 9,
            "avg_high_c": 25.02,
            "avg_low_c": 10.59,
            "total_rain_mm": 32.9,
            "total_rain_in": 1.3
          },
          {
            "year": 2024,
            "month": 10,
            "avg_high_c": 19.19,
            "avg_low_c": 6.89,
            "total_rain_mm": 98.47,
            "total_rain_in": 3.88
          },
          {
            "year": 2024,
            "month": 11,
            "avg_high_c": 9.64,
            "avg_low_c": 3.86,
            "total_rain_mm": 293.22,
            "total_rain_in": 11.54
          },
          {
            "year": 2024,
            "month": 12,
            "avg_high_c": 9.76,
            "avg_low_c": 3.29,
            "total_rain_mm": 295.17,
            "total_rain_in": 11.62
          },
          {
            "year": 2025,
            "month": 1,
            "avg_high_c": 8.65,
            "avg_low_c": 0.33,
            "total_rain_mm": 131.95,
            "total_rain_in": 5.19
          },
          {
            "year": 2025,
            "month": 2,
            "avg_high_c": 8.13,
            "avg_low_c": 1.66,
            "total_rain_mm": 190.55,
            "total_rain_in": 7.5
          },
          {
            "year": 2025,
            "month": 3,
            "avg_high_c": 11.05,
            "avg_low_c": 4.06,
            "total_rain_mm": 268.39,
            "total_rain_in": 10.57
          },
          {
            "year": 2025,
            "month": 4,
            "avg_high_c": 15.16,
            "avg_low_c": 4.32,
            "total_rain_mm": 58.55,
            "total_rain_in": 2.31
          },
          {
            "year": 2025,
            "month": 5,
            "avg_high_c": 17.27,
            "avg_low_c": 6.52,
            "total_rain_mm": 44.19,
            "total_rain_in": 1.74
          },
          {
            "year": 2025,
            "month": 6,
            "avg_high_c": 21.41,
            "avg_low_c": 9.22,
            "total_rain_mm": 31.7,
            "total_rain_in": 1.25
          },
          {
            "year": 2025,
            "month": 7,
            "avg_high_c": 26.68,
            "avg_low_c": 11.54,
            "total_rain_mm": 0.73,
            "total_rain_in": 0.03
          },
          {
            "year": 2025,
            "month": 8,
            "avg_high_c": 29.54,
            "avg_low_c": 13.29,
            "total_rain_mm": 10.11,
            "total_rain_in": 0.4
          },
          {
            "year": 2025,
            "month": 9,
            "avg_high_c": 25.66,
            "avg_low_c": 10.95,
            "total_rain_mm": 47.25,
            "total_rain_in": 1.86
          },
          {
            "year": 2025,
            "month": 10,
            "avg_high_c": 16.4,
            "avg_low_c": 6.01,
            "total_rain_mm": 126.39,
            "total_rain_in": 4.98
          },
          {
            "year": 2025,
            "month": 11,
            "avg_high_c": 12.57,
            "avg_low_c": 5.3,
            "total_rain_mm": 124.05,
            "total_rain_in": 4.88
          },
          {
            "year": 2025,
            "month": 12,
            "avg_high_c": 10.45,
            "avg_low_c": 4.15,
            "total_rain_mm": 259.14,
            "total_rain_in": 10.2
          }
        ]
      },
      "geometry": {
        "type": "MultiPolygon",
        "coordinates": [
          [
            [
              [
                -2135801.6187999994,
                2662086.2125000004
              ],
              [
                -2135753.535,
                2662072.0803999994
              ],
              [
                -2135732.9277,
                2662066.0239000004
              ],
              [
                -2135705.451199999,
                2662057.9486
              ],
              [
                -2135684.843800001,
                2662051.8922000006
              ],
              [
                -2135676.3729,
                2662080.715399999
              ],
              [
                -2135621.42,
                2662064.5654000007
              ],
              [
                -2135629.8906999994,
                2662035.7421000004
              ],
              [
                -2135609.2832999993,
                2662029.685900001
              ],
              [
                -2135581.8067000005,
                2662021.6110999994
              ],
              [
                -2135573.336100001,
                2662050.4344999995
              ],
              [
                -2135552.728700001,
                2662044.3784999996
              ],
              [
                -2135572.4931000005,
                2661977.1239
              ],
              [
                -2135603.5515,
                2661871.4378999993
              ],
              [
                -2135612.022,
                2661842.6143999994
              ],
              [
                -2135584.5447000004,
                2661834.5396
              ],
              [
                -2135595.8385000005,
                2661796.1082000006
              ],
              [
                -2135623.3159999996,
                2661804.1831
              ],
              [
                -2135671.4014,
                2661818.3143000007
              ],
              [
                -2135719.4869,
                2661832.4459000006
              ],
              [
                -2135746.9641999993,
                2661840.5211999994
              ],
              [
                -2135767.5722000003,
                2661846.5778
              ],
              [
                -2135795.0494999997,
                2661854.6533000004
              ],
              [
                -2135783.7545999996,
                2661893.0844
              ],
              [
                -2135879.9243,
                2661921.3494000006
              ],
              [
                -2135897.7082,
                2661937.0140000004
              ],
              [
                -2135899.7699999996,
                2662031.5593
              ],
              [
                -2135902.2126,
                2662074.028000001
              ],
              [
                -2135903.0014999993,
                2662088.204
              ],
              [
                -2135900.6098999996,
                2662104.870100001
              ],
              [
                -2135889.314099999,
                2662143.3006999996
              ],
              [
                -2135868.7070000004,
                2662137.2437999994
              ],
              [
                -2135877.1787,
                2662108.4208000004
              ],
              [
                -2135829.0951000005,
                2662094.2882000003
              ],
              [
                -2135801.6187999994,
                2662086.2125000004
              ]
            ]
          ]
        ]
      }
    },
    {
      "type": "Feature",
      "properties": {
        "field_id": "WV_AG_044",
        "lat": 44.19076570292205,
        "lon": -123.1240894938981,
        "area_acres": 10.3728569400627,
        "crop_code": 24,
        "cdl_crop": "Winter Wheat",
        "crop_dominant_pct": 93.8,
        "soil_muname": "Cloquato silt loam",
        "soil_drainage": "Well drained",
        "soil_clay_pct": 10.0,
        "soil_sand_pct": 21.2,
        "soil_silt_pct": 68.8,
        "soil_om_pct": 7.5,
        "soil_ph": 6.1,
        "soil_cec": 17.5,
        "soil_depth_cm": 0.0,
        "weather_monthly": [
          {
            "year": 2020,
            "month": 1,
            "avg_high_c": 7.66,
            "avg_low_c": 3.21,
            "total_rain_mm": 280.71,
            "total_rain_in": 11.05
          },
          {
            "year": 2020,
            "month": 2,
            "avg_high_c": 9.12,
            "avg_low_c": 0.7,
            "total_rain_mm": 88.78,
            "total_rain_in": 3.5
          },
          {
            "year": 2020,
            "month": 3,
            "avg_high_c": 10.54,
            "avg_low_c": 1.58,
            "total_rain_mm": 108.69,
            "total_rain_in": 4.28
          },
          {
            "year": 2020,
            "month": 4,
            "avg_high_c": 15.02,
            "avg_low_c": 4.71,
            "total_rain_mm": 73.03,
            "total_rain_in": 2.88
          },
          {
            "year": 2020,
            "month": 5,
            "avg_high_c": 17.39,
            "avg_low_c": 7.19,
            "total_rain_mm": 120.67,
            "total_rain_in": 4.75
          },
          {
            "year": 2020,
            "month": 6,
            "avg_high_c": 19.11,
            "avg_low_c": 9.05,
            "total_rain_mm": 70.28,
            "total_rain_in": 2.77
          },
          {
            "year": 2020,
            "month": 7,
            "avg_high_c": 23.77,
            "avg_low_c": 11.01,
            "total_rain_mm": 1.23,
            "total_rain_in": 0.05
          },
          {
            "year": 2020,
            "month": 8,
            "avg_high_c": 26.66,
            "avg_low_c": 10.99,
            "total_rain_mm": 2.32,
            "total_rain_in": 0.09
          },
          {
            "year": 2020,
            "month": 9,
            "avg_high_c": 26.07,
            "avg_low_c": 11.71,
            "total_rain_mm": 58.73,
            "total_rain_in": 2.31
          },
          {
            "year": 2020,
            "month": 10,
            "avg_high_c": 19.05,
            "avg_low_c": 7.03,
            "total_rain_mm": 64.71,
            "total_rain_in": 2.55
          },
          {
            "year": 2020,
            "month": 11,
            "avg_high_c": 10.65,
            "avg_low_c": 2.51,
            "total_rain_mm": 204.9,
            "total_rain_in": 8.07
          },
          {
            "year": 2020,
            "month": 12,
            "avg_high_c": 9.4,
            "avg_low_c": 1.62,
            "total_rain_mm": 187.39,
            "total_rain_in": 7.38
          },
          {
            "year": 2021,
            "month": 1,
            "avg_high_c": 8.67,
            "avg_low_c": 2.37,
            "total_rain_mm": 184.79,
            "total_rain_in": 7.28
          },
          {
            "year": 2021,
            "month": 2,
            "avg_high_c": 7.16,
            "avg_low_c": 1.66,
            "total_rain_mm": 163.15,
            "total_rain_in": 6.42
          },
          {
            "year": 2021,
            "month": 3,
            "avg_high_c": 10.78,
            "avg_low_c": 1.09,
            "total_rain_mm": 68.13,
            "total_rain_in": 2.68
          },
          {
            "year": 2021,
            "month": 4,
            "avg_high_c": 15.69,
            "avg_low_c": 3.28,
            "total_rain_mm": 17.85,
            "total_rain_in": 0.7
          },
          {
            "year": 2021,
            "month": 5,
            "avg_high_c": 16.96,
            "avg_low_c": 6.41,
            "total_rain_mm": 33.24,
            "total_rain_in": 1.31
          },
          {
            "year": 2021,
            "month": 6,
            "avg_high_c": 23.28,
            "avg_low_c": 10.71,
            "total_rain_mm": 33.37,
            "total_rain_in": 1.31
          },
          {
            "year": 2021,
            "month": 7,
            "avg_high_c": 27.7,
            "avg_low_c": 11.54,
            "total_rain_mm": 1.42,
            "total_rain_in": 0.06
          },
          {
            "year": 2021,
            "month": 8,
            "avg_high_c": 27.84,
            "avg_low_c": 12.16,
            "total_rain_mm": 1.11,
            "total_rain_in": 0.04
          },
          {
            "year": 2021,
            "month": 9,
            "avg_high_c": 25.0,
            "avg_low_c": 9.64,
            "total_rain_mm": 82.72,
            "total_rain_in": 3.26
          },
          {
            "year": 2021,
            "month": 10,
            "avg_high_c": 16.05,
            "avg_low_c": 6.61,
            "total_rain_mm": 104.65,
            "total_rain_in": 4.12
          },
          {
            "year": 2021,
            "month": 11,
            "avg_high_c": 12.26,
            "avg_low_c": 4.72,
            "total_rain_mm": 156.92,
            "total_rain_in": 6.18
          },
          {
            "year": 2021,
            "month": 12,
            "avg_high_c": 5.99,
            "avg_low_c": 1.66,
            "total_rain_mm": 254.46,
            "total_rain_in": 10.02
          },
          {
            "year": 2022,
            "month": 1,
            "avg_high_c": 10.25,
            "avg_low_c": 1.58,
            "total_rain_mm": 140.49,
            "total_rain_in": 5.53
          },
          {
            "year": 2022,
            "month": 2,
            "avg_high_c": 10.43,
            "avg_low_c": 1.5,
            "total_rain_mm": 44.88,
            "total_rain_in": 1.77
          },
          {
            "year": 2022,
            "month": 3,
            "avg_high_c": 11.97,
            "avg_low_c": 3.41,
            "total_rain_mm": 100.24,
            "total_rain_in": 3.95
          },
          {
            "year": 2022,
            "month": 4,
            "avg_high_c": 11.32,
            "avg_low_c": 2.64,
            "total_rain_mm": 161.54,
            "total_rain_in": 6.36
          },
          {
            "year": 2022,
            "month": 5,
            "avg_high_c": 14.57,
            "avg_low_c": 5.9,
            "total_rain_mm": 174.98,
            "total_rain_in": 6.89
          },
          {
            "year": 2022,
            "month": 6,
            "avg_high_c": 19.98,
            "avg_low_c": 9.33,
            "total_rain_mm": 99.4,
            "total_rain_in": 3.91
          },
          {
            "year": 2022,
            "month": 7,
            "avg_high_c": 24.74,
            "avg_low_c": 12.38,
            "total_rain_mm": 7.74,
            "total_rain_in": 0.3
          },
          {
            "year": 2022,
            "month": 8,
            "avg_high_c": 26.85,
            "avg_low_c": 12.9,
            "total_rain_mm": 1.93,
            "total_rain_in": 0.08
          },
          {
            "year": 2022,
            "month": 9,
            "avg_high_c": 25.2,
            "avg_low_c": 10.87,
            "total_rain_mm": 8.62,
            "total_rain_in": 0.34
          },
          {
            "year": 2022,
            "month": 10,
            "avg_high_c": 21.99,
            "avg_low_c": 8.89,
            "total_rain_mm": 57.5,
            "total_rain_in": 2.26
          },
          {
            "year": 2022,
            "month": 11,
            "avg_high_c": 9.82,
            "avg_low_c": 0.86,
            "total_rain_mm": 160.98,
            "total_rain_in": 6.34
          },
          {
            "year": 2022,
            "month": 12,
            "avg_high_c": 7.61,
            "avg_low_c": 1.27,
            "total_rain_mm": 173.4,
            "total_rain_in": 6.83
          },
          {
            "year": 2023,
            "month": 1,
            "avg_high_c": 7.82,
            "avg_low_c": 1.42,
            "total_rain_mm": 94.49,
            "total_rain_in": 3.72
          },
          {
            "year": 2023,
            "month": 2,
            "avg_high_c": 7.78,
            "avg_low_c": -0.04,
            "total_rain_mm": 112.98,
            "total_rain_in": 4.45
          },
          {
            "year": 2023,
            "month": 3,
            "avg_high_c": 7.61,
            "avg_low_c": -0.22,
            "total_rain_mm": 193.63,
            "total_rain_in": 7.62
          },
          {
            "year": 2023,
            "month": 4,
            "avg_high_c": 11.76,
            "avg_low_c": 3.48,
            "total_rain_mm": 155.44,
            "total_rain_in": 6.12
          },
          {
            "year": 2023,
            "month": 5,
            "avg_high_c": 19.43,
            "avg_low_c": 8.12,
            "total_rain_mm": 27.62,
            "total_rain_in": 1.09
          },
          {
            "year": 2023,
            "month": 6,
            "avg_high_c": 21.13,
            "avg_low_c": 8.79,
            "total_rain_mm": 13.29,
            "total_rain_in": 0.52
          },
          {
            "year": 2023,
            "month": 7,
            "avg_high_c": 26.83,
            "avg_low_c": 11.23,
            "total_rain_mm": 0.8,
            "total_rain_in": 0.03
          },
          {
            "year": 2023,
            "month": 8,
            "avg_high_c": 29.16,
            "avg_low_c": 12.95,
            "total_rain_mm": 13.99,
            "total_rain_in": 0.55
          },
          {
            "year": 2023,
            "month": 9,
            "avg_high_c": 24.05,
            "avg_low_c": 10.15,
            "total_rain_mm": 56.6,
            "total_rain_in": 2.23
          },
          {
            "year": 2023,
            "month": 10,
            "avg_high_c": 18.3,
            "avg_low_c": 7.1,
            "total_rain_mm": 106.79,
            "total_rain_in": 4.2
          },
          {
            "year": 2023,
            "month": 11,
            "avg_high_c": 12.28,
            "avg_low_c": 3.5,
            "total_rain_mm": 139.45,
            "total_rain_in": 5.49
          },
          {
            "year": 2023,
            "month": 12,
            "avg_high_c": 10.7,
            "avg_low_c": 4.32,
            "total_rain_mm": 245.67,
            "total_rain_in": 9.67
          },
          {
            "year": 2024,
            "month": 1,
            "avg_high_c": 9.33,
            "avg_low_c": 4.32,
            "total_rain_mm": 351.31,
            "total_rain_in": 13.83
          },
          {
            "year": 2024,
            "month": 2,
            "avg_high_c": 9.73,
            "avg_low_c": 3.04,
            "total_rain_mm": 178.71,
            "total_rain_in": 7.04
          },
          {
            "year": 2024,
            "month": 3,
            "avg_high_c": 10.96,
            "avg_low_c": 2.61,
            "total_rain_mm": 164.28,
            "total_rain_in": 6.47
          },
          {
            "year": 2024,
            "month": 4,
            "avg_high_c": 13.62,
            "avg_low_c": 4.03,
            "total_rain_mm": 93.19,
            "total_rain_in": 3.67
          },
          {
            "year": 2024,
            "month": 5,
            "avg_high_c": 16.89,
            "avg_low_c": 5.88,
            "total_rain_mm": 103.89,
            "total_rain_in": 4.09
          },
          {
            "year": 2024,
            "month": 6,
            "avg_high_c": 20.35,
            "avg_low_c": 9.04,
            "total_rain_mm": 54.09,
            "total_rain_in": 2.13
          },
          {
            "year": 2024,
            "month": 7,
            "avg_high_c": 26.5,
            "avg_low_c": 12.22,
            "total_rain_mm": 3.37,
            "total_rain_in": 0.13
          },
          {
            "year": 2024,
            "month": 8,
            "avg_high_c": 26.3,
            "avg_low_c": 12.01,
            "total_rain_mm": 24.29,
            "total_rain_in": 0.96
          },
          {
            "year": 2024,
            "month": 9,
            "avg_high_c": 25.02,
            "avg_low_c": 10.59,
            "total_rain_mm": 32.9,
            "total_rain_in": 1.3
          },
          {
            "year": 2024,
            "month": 10,
            "avg_high_c": 19.19,
            "avg_low_c": 6.89,
            "total_rain_mm": 98.47,
            "total_rain_in": 3.88
          },
          {
            "year": 2024,
            "month": 11,
            "avg_high_c": 9.64,
            "avg_low_c": 3.86,
            "total_rain_mm": 293.22,
            "total_rain_in": 11.54
          },
          {
            "year": 2024,
            "month": 12,
            "avg_high_c": 9.76,
            "avg_low_c": 3.29,
            "total_rain_mm": 295.17,
            "total_rain_in": 11.62
          },
          {
            "year": 2025,
            "month": 1,
            "avg_high_c": 8.65,
            "avg_low_c": 0.33,
            "total_rain_mm": 131.95,
            "total_rain_in": 5.19
          },
          {
            "year": 2025,
            "month": 2,
            "avg_high_c": 8.13,
            "avg_low_c": 1.66,
            "total_rain_mm": 190.55,
            "total_rain_in": 7.5
          },
          {
            "year": 2025,
            "month": 3,
            "avg_high_c": 11.05,
            "avg_low_c": 4.06,
            "total_rain_mm": 268.39,
            "total_rain_in": 10.57
          },
          {
            "year": 2025,
            "month": 4,
            "avg_high_c": 15.16,
            "avg_low_c": 4.32,
            "total_rain_mm": 58.55,
            "total_rain_in": 2.31
          },
          {
            "year": 2025,
            "month": 5,
            "avg_high_c": 17.27,
            "avg_low_c": 6.52,
            "total_rain_mm": 44.19,
            "total_rain_in": 1.74
          },
          {
            "year": 2025,
            "month": 6,
            "avg_high_c": 21.41,
            "avg_low_c": 9.22,
            "total_rain_mm": 31.7,
            "total_rain_in": 1.25
          },
          {
            "year": 2025,
            "month": 7,
            "avg_high_c": 26.68,
            "avg_low_c": 11.54,
            "total_rain_mm": 0.73,
            "total_rain_in": 0.03
          },
          {
            "year": 2025,
            "month": 8,
            "avg_high_c": 29.54,
            "avg_low_c": 13.29,
            "total_rain_mm": 10.11,
            "total_rain_in": 0.4
          },
          {
            "year": 2025,
            "month": 9,
            "avg_high_c": 25.66,
            "avg_low_c": 10.95,
            "total_rain_mm": 47.25,
            "total_rain_in": 1.86
          },
          {
            "year": 2025,
            "month": 10,
            "avg_high_c": 16.4,
            "avg_low_c": 6.01,
            "total_rain_mm": 126.39,
            "total_rain_in": 4.98
          },
          {
            "year": 2025,
            "month": 11,
            "avg_high_c": 12.57,
            "avg_low_c": 5.3,
            "total_rain_mm": 124.05,
            "total_rain_in": 4.88
          },
          {
            "year": 2025,
            "month": 12,
            "avg_high_c": 10.45,
            "avg_low_c": 4.15,
            "total_rain_mm": 259.14,
            "total_rain_in": 10.2
          }
        ]
      },
      "geometry": {
        "type": "MultiPolygon",
        "coordinates": [
          [
            [
              [
                -2132237.2589,
                2662104.0438
              ],
              [
                -2132237.0996000003,
                2662025.7009999994
              ],
              [
                -2132240.7958000004,
                2661990.2847000007
              ],
              [
                -2132268.9897000007,
                2661894.1963
              ],
              [
                -2132296.4668000005,
                2661902.2586000003
              ],
              [
                -2132328.352499999,
                2661869.869999999
              ],
              [
                -2132336.810799999,
                2661841.0435000006
              ],
              [
                -2132316.2028,
                2661834.9966
              ],
              [
                -2132327.4805999994,
                2661796.5612000003
              ],
              [
                -2132396.1742000002,
                2661816.717700001
              ],
              [
                -2132412.373299999,
                2661863.2157000005
              ],
              [
                -2132424.522500001,
                2661898.0891999993
              ],
              [
                -2132413.2442000005,
                2661936.5243999995
              ],
              [
                -2132404.7853999995,
                2661965.3508
              ],
              [
                -2132432.2621999998,
                2661973.4135999996
              ],
              [
                -2132420.9837999996,
                2662011.8487
              ],
              [
                -2132401.2465000004,
                2662079.1099999994
              ],
              [
                -2132353.1626999993,
                2662065.0003999993
              ],
              [
                -2132341.8845000006,
                2662103.4354999997
              ],
              [
                -2132305.9496,
                2662124.1994000003
              ],
              [
                -2132237.2589,
                2662104.0438
              ]
            ]
          ]
        ]
      }
    },
    {
      "type": "Feature",
      "properties": {
        "field_id": "WV_AG_045",
        "lat": 44.33521062470658,
        "lon": -122.74878873578649,
        "area_acres": 12.5379799291874,
        "crop_code": 24,
        "cdl_crop": "Winter Wheat",
        "crop_dominant_pct": 96.3,
        "soil_muname": "Santiam silt loam, 3 to 6 percent slopes",
        "soil_drainage": "Moderately well drained",
        "soil_clay_pct": 22.5,
        "soil_sand_pct": 24.8,
        "soil_silt_pct": 52.7,
        "soil_om_pct": 2.5,
        "soil_ph": 5.6,
        "soil_cec": 15.0,
        "soil_depth_cm": 0.0,
        "weather_monthly": [
          {
            "year": 2020,
            "month": 1,
            "avg_high_c": 5.34,
            "avg_low_c": 1.53,
            "total_rain_mm": 331.85,
            "total_rain_in": 13.06
          },
          {
            "year": 2020,
            "month": 2,
            "avg_high_c": 6.98,
            "avg_low_c": -0.51,
            "total_rain_mm": 130.43,
            "total_rain_in": 5.14
          },
          {
            "year": 2020,
            "month": 3,
            "avg_high_c": 8.36,
            "avg_low_c": 0.03,
            "total_rain_mm": 135.36,
            "total_rain_in": 5.33
          },
          {
            "year": 2020,
            "month": 4,
            "avg_high_c": 13.21,
            "avg_low_c": 3.44,
            "total_rain_mm": 83.57,
            "total_rain_in": 3.29
          },
          {
            "year": 2020,
            "month": 5,
            "avg_high_c": 16.56,
            "avg_low_c": 6.5,
            "total_rain_mm": 144.92,
            "total_rain_in": 5.71
          },
          {
            "year": 2020,
            "month": 6,
            "avg_high_c": 17.83,
            "avg_low_c": 8.46,
            "total_rain_mm": 101.1,
            "total_rain_in": 3.98
          },
          {
            "year": 2020,
            "month": 7,
            "avg_high_c": 23.71,
            "avg_low_c": 11.39,
            "total_rain_mm": 3.85,
            "total_rain_in": 0.15
          },
          {
            "year": 2020,
            "month": 8,
            "avg_high_c": 26.32,
            "avg_low_c": 11.02,
            "total_rain_mm": 3.46,
            "total_rain_in": 0.14
          },
          {
            "year": 2020,
            "month": 9,
            "avg_high_c": 25.14,
            "avg_low_c": 11.79,
            "total_rain_mm": 65.4,
            "total_rain_in": 2.57
          },
          {
            "year": 2020,
            "month": 10,
            "avg_high_c": 17.19,
            "avg_low_c": 6.33,
            "total_rain_mm": 97.35,
            "total_rain_in": 3.83
          },
          {
            "year": 2020,
            "month": 11,
            "avg_high_c": 8.43,
            "avg_low_c": 1.51,
            "total_rain_mm": 256.94,
            "total_rain_in": 10.12
          },
          {
            "year": 2020,
            "month": 12,
            "avg_high_c": 7.61,
            "avg_low_c": 0.7,
            "total_rain_mm": 214.88,
            "total_rain_in": 8.46
          },
          {
            "year": 2021,
            "month": 1,
            "avg_high_c": 7.13,
            "avg_low_c": 1.01,
            "total_rain_mm": 209.14,
            "total_rain_in": 8.23
          },
          {
            "year": 2021,
            "month": 2,
            "avg_high_c": 4.32,
            "avg_low_c": 0.17,
            "total_rain_mm": 214.13,
            "total_rain_in": 8.43
          },
          {
            "year": 2021,
            "month": 3,
            "avg_high_c": 9.09,
            "avg_low_c": 0.11,
            "total_rain_mm": 76.7,
            "total_rain_in": 3.02
          },
          {
            "year": 2021,
            "month": 4,
            "avg_high_c": 14.26,
            "avg_low_c": 2.58,
            "total_rain_mm": 23.45,
            "total_rain_in": 0.92
          },
          {
            "year": 2021,
            "month": 5,
            "avg_high_c": 15.84,
            "avg_low_c": 5.83,
            "total_rain_mm": 48.27,
            "total_rain_in": 1.9
          },
          {
            "year": 2021,
            "month": 6,
            "avg_high_c": 24.15,
            "avg_low_c": 11.05,
            "total_rain_mm": 38.73,
            "total_rain_in": 1.52
          },
          {
            "year": 2021,
            "month": 7,
            "avg_high_c": 28.64,
            "avg_low_c": 12.44,
            "total_rain_mm": 1.51,
            "total_rain_in": 0.06
          },
          {
            "year": 2021,
            "month": 8,
            "avg_high_c": 27.8,
            "avg_low_c": 12.53,
            "total_rain_mm": 2.44,
            "total_rain_in": 0.1
          },
          {
            "year": 2021,
            "month": 9,
            "avg_high_c": 23.79,
            "avg_low_c": 9.27,
            "total_rain_mm": 100.22,
            "total_rain_in": 3.95
          },
          {
            "year": 2021,
            "month": 10,
            "avg_high_c": 13.87,
            "avg_low_c": 5.13,
            "total_rain_mm": 127.35,
            "total_rain_in": 5.01
          },
          {
            "year": 2021,
            "month": 11,
            "avg_high_c": 10.36,
            "avg_low_c": 3.91,
            "total_rain_mm": 206.13,
            "total_rain_in": 8.12
          },
          {
            "year": 2021,
            "month": 12,
            "avg_high_c": 4.04,
            "avg_low_c": -0.13,
            "total_rain_mm": 298.43,
            "total_rain_in": 11.75
          },
          {
            "year": 2022,
            "month": 1,
            "avg_high_c": 8.25,
            "avg_low_c": 0.92,
            "total_rain_mm": 185.77,
            "total_rain_in": 7.31
          },
          {
            "year": 2022,
            "month": 2,
            "avg_high_c": 8.79,
            "avg_low_c": 0.12,
            "total_rain_mm": 72.84,
            "total_rain_in": 2.87
          },
          {
            "year": 2022,
            "month": 3,
            "avg_high_c": 10.23,
            "avg_low_c": 2.24,
            "total_rain_mm": 120.32,
            "total_rain_in": 4.74
          },
          {
            "year": 2022,
            "month": 4,
            "avg_high_c": 9.22,
            "avg_low_c": 1.24,
            "total_rain_mm": 197.88,
            "total_rain_in": 7.79
          },
          {
            "year": 2022,
            "month": 5,
            "avg_high_c": 13.16,
            "avg_low_c": 4.62,
            "total_rain_mm": 214.96,
            "total_rain_in": 8.46
          },
          {
            "year": 2022,
            "month": 6,
            "avg_high_c": 18.84,
            "avg_low_c": 8.58,
            "total_rain_mm": 134.24,
            "total_rain_in": 5.29
          },
          {
            "year": 2022,
            "month": 7,
            "avg_high_c": 24.73,
            "avg_low_c": 12.83,
            "total_rain_mm": 11.42,
            "total_rain_in": 0.45
          },
          {
            "year": 2022,
            "month": 8,
            "avg_high_c": 28.62,
            "avg_low_c": 13.54,
            "total_rain_mm": 3.08,
            "total_rain_in": 0.12
          },
          {
            "year": 2022,
            "month": 9,
            "avg_high_c": 25.45,
            "avg_low_c": 10.95,
            "total_rain_mm": 13.25,
            "total_rain_in": 0.52
          },
          {
            "year": 2022,
            "month": 10,
            "avg_high_c": 22.04,
            "avg_low_c": 8.72,
            "total_rain_mm": 75.26,
            "total_rain_in": 2.96
          },
          {
            "year": 2022,
            "month": 11,
            "avg_high_c": 7.52,
            "avg_low_c": 0.03,
            "total_rain_mm": 197.87,
            "total_rain_in": 7.79
          },
          {
            "year": 2022,
            "month": 12,
            "avg_high_c": 5.2,
            "avg_low_c": -0.39,
            "total_rain_mm": 196.97,
            "total_rain_in": 7.75
          },
          {
            "year": 2023,
            "month": 1,
            "avg_high_c": 6.16,
            "avg_low_c": 0.16,
            "total_rain_mm": 94.78,
            "total_rain_in": 3.73
          },
          {
            "year": 2023,
            "month": 2,
            "avg_high_c": 5.62,
            "avg_low_c": -1.58,
            "total_rain_mm": 128.77,
            "total_rain_in": 5.07
          },
          {
            "year": 2023,
            "month": 3,
            "avg_high_c": 5.46,
            "avg_low_c": -1.76,
            "total_rain_mm": 197.43,
            "total_rain_in": 7.77
          },
          {
            "year": 2023,
            "month": 4,
            "avg_high_c": 9.79,
            "avg_low_c": 2.21,
            "total_rain_mm": 181.29,
            "total_rain_in": 7.14
          },
          {
            "year": 2023,
            "month": 5,
            "avg_high_c": 18.55,
            "avg_low_c": 7.82,
            "total_rain_mm": 40.93,
            "total_rain_in": 1.61
          },
          {
            "year": 2023,
            "month": 6,
            "avg_high_c": 20.75,
            "avg_low_c": 8.65,
            "total_rain_mm": 22.49,
            "total_rain_in": 0.89
          },
          {
            "year": 2023,
            "month": 7,
            "avg_high_c": 27.63,
            "avg_low_c": 11.8,
            "total_rain_mm": 1.24,
            "total_rain_in": 0.05
          },
          {
            "year": 2023,
            "month": 8,
            "avg_high_c": 28.58,
            "avg_low_c": 13.55,
            "total_rain_mm": 19.34,
            "total_rain_in": 0.76
          },
          {
            "year": 2023,
            "month": 9,
            "avg_high_c": 22.5,
            "avg_low_c": 9.67,
            "total_rain_mm": 61.6,
            "total_rain_in": 2.43
          },
          {
            "year": 2023,
            "month": 10,
            "avg_high_c": 17.22,
            "avg_low_c": 6.74,
            "total_rain_mm": 119.12,
            "total_rain_in": 4.69
          },
          {
            "year": 2023,
            "month": 11,
            "avg_high_c": 11.08,
            "avg_low_c": 2.81,
            "total_rain_mm": 164.18,
            "total_rain_in": 6.46
          },
          {
            "year": 2023,
            "month": 12,
            "avg_high_c": 9.43,
            "avg_low_c": 3.57,
            "total_rain_mm": 270.37,
            "total_rain_in": 10.64
          },
          {
            "year": 2024,
            "month": 1,
            "avg_high_c": 6.52,
            "avg_low_c": 2.44,
            "total_rain_mm": 393.39,
            "total_rain_in": 15.49
          },
          {
            "year": 2024,
            "month": 2,
            "avg_high_c": 7.69,
            "avg_low_c": 1.17,
            "total_rain_mm": 197.0,
            "total_rain_in": 7.76
          },
          {
            "year": 2024,
            "month": 3,
            "avg_high_c": 9.19,
            "avg_low_c": 1.15,
            "total_rain_mm": 155.25,
            "total_rain_in": 6.11
          },
          {
            "year": 2024,
            "month": 4,
            "avg_high_c": 12.0,
            "avg_low_c": 2.91,
            "total_rain_mm": 106.26,
            "total_rain_in": 4.18
          },
          {
            "year": 2024,
            "month": 5,
            "avg_high_c": 15.17,
            "avg_low_c": 5.1,
            "total_rain_mm": 122.01,
            "total_rain_in": 4.8
          },
          {
            "year": 2024,
            "month": 6,
            "avg_high_c": 19.09,
            "avg_low_c": 8.84,
            "total_rain_mm": 64.13,
            "total_rain_in": 2.52
          },
          {
            "year": 2024,
            "month": 7,
            "avg_high_c": 28.15,
            "avg_low_c": 12.91,
            "total_rain_mm": 5.29,
            "total_rain_in": 0.21
          },
          {
            "year": 2024,
            "month": 8,
            "avg_high_c": 26.36,
            "avg_low_c": 11.93,
            "total_rain_mm": 27.54,
            "total_rain_in": 1.08
          },
          {
            "year": 2024,
            "month": 9,
            "avg_high_c": 24.42,
            "avg_low_c": 10.39,
            "total_rain_mm": 29.22,
            "total_rain_in": 1.15
          },
          {
            "year": 2024,
            "month": 10,
            "avg_high_c": 17.58,
            "avg_low_c": 5.79,
            "total_rain_mm": 114.89,
            "total_rain_in": 4.52
          },
          {
            "year": 2024,
            "month": 11,
            "avg_high_c": 7.83,
            "avg_low_c": 2.22,
            "total_rain_mm": 290.92,
            "total_rain_in": 11.45
          },
          {
            "year": 2024,
            "month": 12,
            "avg_high_c": 8.11,
            "avg_low_c": 1.86,
            "total_rain_mm": 317.7,
            "total_rain_in": 12.51
          },
          {
            "year": 2025,
            "month": 1,
            "avg_high_c": 7.36,
            "avg_low_c": -0.64,
            "total_rain_mm": 133.62,
            "total_rain_in": 5.26
          },
          {
            "year": 2025,
            "month": 2,
            "avg_high_c": 5.74,
            "avg_low_c": -0.37,
            "total_rain_mm": 214.01,
            "total_rain_in": 8.43
          },
          {
            "year": 2025,
            "month": 3,
            "avg_high_c": 8.98,
            "avg_low_c": 2.41,
            "total_rain_mm": 271.07,
            "total_rain_in": 10.67
          },
          {
            "year": 2025,
            "month": 4,
            "avg_high_c": 13.9,
            "avg_low_c": 3.0,
            "total_rain_mm": 63.84,
            "total_rain_in": 2.51
          },
          {
            "year": 2025,
            "month": 5,
            "avg_high_c": 15.9,
            "avg_low_c": 5.02,
            "total_rain_mm": 57.39,
            "total_rain_in": 2.26
          },
          {
            "year": 2025,
            "month": 6,
            "avg_high_c": 20.86,
            "avg_low_c": 8.63,
            "total_rain_mm": 37.01,
            "total_rain_in": 1.46
          },
          {
            "year": 2025,
            "month": 7,
            "avg_high_c": 27.14,
            "avg_low_c": 12.1,
            "total_rain_mm": 2.25,
            "total_rain_in": 0.09
          },
          {
            "year": 2025,
            "month": 8,
            "avg_high_c": 28.55,
            "avg_low_c": 13.57,
            "total_rain_mm": 17.47,
            "total_rain_in": 0.69
          },
          {
            "year": 2025,
            "month": 9,
            "avg_high_c": 25.14,
            "avg_low_c": 11.1,
            "total_rain_mm": 50.13,
            "total_rain_in": 1.97
          },
          {
            "year": 2025,
            "month": 10,
            "avg_high_c": 14.31,
            "avg_low_c": 4.69,
            "total_rain_mm": 142.59,
            "total_rain_in": 5.61
          },
          {
            "year": 2025,
            "month": 11,
            "avg_high_c": 11.19,
            "avg_low_c": 4.16,
            "total_rain_mm": 142.53,
            "total_rain_in": 5.61
          },
          {
            "year": 2025,
            "month": 12,
            "avg_high_c": 8.78,
            "avg_low_c": 2.95,
            "total_rain_mm": 343.99,
            "total_rain_in": 13.54
          }
        ]
      },
      "geometry": {
        "type": "MultiPolygon",
        "coordinates": [
          [
            [
              [
                -2099170.8736000005,
                2669147.5494
              ],
              [
                -2099181.9966,
                2669109.0812999997
              ],
              [
                -2099161.4092999995,
                2669103.1284
              ],
              [
                -2099150.2863,
                2669141.5966999996
              ],
              [
                -2099170.8736000005,
                2669147.5494
              ],
              [
                -2099189.980900001,
                2669184.3375000004
              ],
              [
                -2099178.8576999996,
                2669222.805400001
              ],
              [
                -2099119.6983000003,
                2669247.3836000003
              ],
              [
                -2099092.249,
                2669239.4466999993
              ],
              [
                -2099071.6620000005,
                2669233.4943000004
              ],
              [
                -2099074.7994999997,
                2669119.770199999
              ],
              [
                -2099085.9220000003,
                2669081.301999999
              ],
              [
                -2099017.2971,
                2669061.4604
              ],
              [
                -2099009.3105999995,
                2668986.204399999
              ],
              [
                -2098997.0643000007,
                2668951.400699999
              ],
              [
                -2099008.1863,
                2668912.9322999995
              ],
              [
                -2099028.7742,
                2668918.8847000003
              ],
              [
                -2099076.8126,
                2668932.7739000004
              ],
              [
                -2099065.690300001,
                2668971.2422
              ],
              [
                -2099141.1787,
                2668993.0683999993
              ],
              [
                -2099132.8367,
                2669021.9197000004
              ],
              [
                -2099180.874399999,
                2669035.8094999995
              ],
              [
                -2099209.804300001,
                2669012.9112
              ],
              [
                -2099220.9274000004,
                2668974.443
              ],
              [
                -2099256.7201000005,
                2668953.5294000003
              ],
              [
                -2099284.170499999,
                2668961.4669000003
              ],
              [
                -2099275.8279999997,
                2668990.3179
              ],
              [
                -2099264.7046000008,
                2669028.7859000005
              ],
              [
                -2099285.292199999,
                2669034.739
              ],
              [
                -2099312.7423,
                2669042.6765
              ],
              [
                -2099333.3299000002,
                2669048.6297999993
              ],
              [
                -2099324.9870999996,
                2669077.4806999993
              ],
              [
                -2099304.399599999,
                2669071.5275999997
              ],
              [
                -2099293.2760000005,
                2669109.9955
              ],
              [
                -2099265.826199999,
                2669102.058
              ],
              [
                -2099236.896299999,
                2669124.9559000004
              ],
              [
                -2099225.7729,
                2669163.423800001
              ],
              [
                -2099198.3233000003,
                2669155.4865000006
              ],
              [
                -2099170.8736000005,
                2669147.5494
              ]
            ]
          ]
        ]
      }
    },
    {
      "type": "Feature",
      "properties": {
        "field_id": "WV_AG_046",
        "lat": 44.77131240722577,
        "lon": -123.01607700832467,
        "area_acres": 44.6721436809861,
        "crop_code": 24,
        "cdl_crop": "Winter Wheat",
        "crop_dominant_pct": 92.6,
        "soil_muname": "Willamette silt loam, 3 to 12 percent slopes",
        "soil_drainage": "Well drained",
        "soil_clay_pct": 23.5,
        "soil_sand_pct": 7.0,
        "soil_silt_pct": 69.5,
        "soil_om_pct": 4.0,
        "soil_ph": 6.1,
        "soil_cec": 17.5,
        "soil_depth_cm": 0.0,
        "weather_monthly": [
          {
            "year": 2020,
            "month": 1,
            "avg_high_c": 8.33,
            "avg_low_c": 3.69,
            "total_rain_mm": 331.66,
            "total_rain_in": 13.06
          },
          {
            "year": 2020,
            "month": 2,
            "avg_high_c": 9.3,
            "avg_low_c": 1.59,
            "total_rain_mm": 119.69,
            "total_rain_in": 4.71
          },
          {
            "year": 2020,
            "month": 3,
            "avg_high_c": 10.58,
            "avg_low_c": 1.93,
            "total_rain_mm": 119.65,
            "total_rain_in": 4.71
          },
          {
            "year": 2020,
            "month": 4,
            "avg_high_c": 15.36,
            "avg_low_c": 4.91,
            "total_rain_mm": 65.25,
            "total_rain_in": 2.57
          },
          {
            "year": 2020,
            "month": 5,
            "avg_high_c": 18.1,
            "avg_low_c": 7.97,
            "total_rain_mm": 129.22,
            "total_rain_in": 5.09
          },
          {
            "year": 2020,
            "month": 6,
            "avg_high_c": 19.57,
            "avg_low_c": 9.34,
            "total_rain_mm": 97.62,
            "total_rain_in": 3.84
          },
          {
            "year": 2020,
            "month": 7,
            "avg_high_c": 24.4,
            "avg_low_c": 11.06,
            "total_rain_mm": 3.63,
            "total_rain_in": 0.14
          },
          {
            "year": 2020,
            "month": 8,
            "avg_high_c": 25.88,
            "avg_low_c": 11.44,
            "total_rain_mm": 5.11,
            "total_rain_in": 0.2
          },
          {
            "year": 2020,
            "month": 9,
            "avg_high_c": 24.8,
            "avg_low_c": 11.76,
            "total_rain_mm": 75.48,
            "total_rain_in": 2.97
          },
          {
            "year": 2020,
            "month": 10,
            "avg_high_c": 17.88,
            "avg_low_c": 7.03,
            "total_rain_mm": 95.76,
            "total_rain_in": 3.77
          },
          {
            "year": 2020,
            "month": 11,
            "avg_high_c": 10.62,
            "avg_low_c": 2.98,
            "total_rain_mm": 245.69,
            "total_rain_in": 9.67
          },
          {
            "year": 2020,
            "month": 12,
            "avg_high_c": 9.56,
            "avg_low_c": 2.24,
            "total_rain_mm": 231.54,
            "total_rain_in": 9.12
          },
          {
            "year": 2021,
            "month": 1,
            "avg_high_c": 8.81,
            "avg_low_c": 2.61,
            "total_rain_mm": 260.36,
            "total_rain_in": 10.25
          },
          {
            "year": 2021,
            "month": 2,
            "avg_high_c": 7.61,
            "avg_low_c": 1.86,
            "total_rain_mm": 215.93,
            "total_rain_in": 8.5
          },
          {
            "year": 2021,
            "month": 3,
            "avg_high_c": 11.05,
            "avg_low_c": 1.47,
            "total_rain_mm": 82.08,
            "total_rain_in": 3.23
          },
          {
            "year": 2021,
            "month": 4,
            "avg_high_c": 16.05,
            "avg_low_c": 3.87,
            "total_rain_mm": 27.34,
            "total_rain_in": 1.08
          },
          {
            "year": 2021,
            "month": 5,
            "avg_high_c": 18.03,
            "avg_low_c": 6.8,
            "total_rain_mm": 47.74,
            "total_rain_in": 1.88
          },
          {
            "year": 2021,
            "month": 6,
            "avg_high_c": 24.25,
            "avg_low_c": 11.1,
            "total_rain_mm": 49.29,
            "total_rain_in": 1.94
          },
          {
            "year": 2021,
            "month": 7,
            "avg_high_c": 27.3,
            "avg_low_c": 11.55,
            "total_rain_mm": 1.83,
            "total_rain_in": 0.07
          },
          {
            "year": 2021,
            "month": 8,
            "avg_high_c": 27.65,
            "avg_low_c": 12.56,
            "total_rain_mm": 2.92,
            "total_rain_in": 0.11
          },
          {
            "year": 2021,
            "month": 9,
            "avg_high_c": 24.55,
            "avg_low_c": 10.43,
            "total_rain_mm": 101.83,
            "total_rain_in": 4.01
          },
          {
            "year": 2021,
            "month": 10,
            "avg_high_c": 15.52,
            "avg_low_c": 6.56,
            "total_rain_mm": 148.73,
            "total_rain_in": 5.86
          },
          {
            "year": 2021,
            "month": 11,
            "avg_high_c": 12.28,
            "avg_low_c": 5.35,
            "total_rain_mm": 250.09,
            "total_rain_in": 9.85
          },
          {
            "year": 2021,
            "month": 12,
            "avg_high_c": 5.61,
            "avg_low_c": 0.97,
            "total_rain_mm": 309.17,
            "total_rain_in": 12.17
          },
          {
            "year": 2022,
            "month": 1,
            "avg_high_c": 9.29,
            "avg_low_c": 1.87,
            "total_rain_mm": 185.19,
            "total_rain_in": 7.29
          },
          {
            "year": 2022,
            "month": 2,
            "avg_high_c": 9.66,
            "avg_low_c": 1.72,
            "total_rain_mm": 98.54,
            "total_rain_in": 3.88
          },
          {
            "year": 2022,
            "month": 3,
            "avg_high_c": 11.99,
            "avg_low_c": 3.83,
            "total_rain_mm": 125.82,
            "total_rain_in": 4.95
          },
          {
            "year": 2022,
            "month": 4,
            "avg_high_c": 11.48,
            "avg_low_c": 2.65,
            "total_rain_mm": 200.52,
            "total_rain_in": 7.89
          },
          {
            "year": 2022,
            "month": 5,
            "avg_high_c": 15.04,
            "avg_low_c": 6.2,
            "total_rain_mm": 191.01,
            "total_rain_in": 7.52
          },
          {
            "year": 2022,
            "month": 6,
            "avg_high_c": 19.96,
            "avg_low_c": 9.78,
            "total_rain_mm": 128.91,
            "total_rain_in": 5.08
          },
          {
            "year": 2022,
            "month": 7,
            "avg_high_c": 25.26,
            "avg_low_c": 12.21,
            "total_rain_mm": 8.52,
            "total_rain_in": 0.34
          },
          {
            "year": 2022,
            "month": 8,
            "avg_high_c": 27.38,
            "avg_low_c": 13.3,
            "total_rain_mm": 1.96,
            "total_rain_in": 0.08
          },
          {
            "year": 2022,
            "month": 9,
            "avg_high_c": 25.27,
            "avg_low_c": 11.26,
            "total_rain_mm": 12.33,
            "total_rain_in": 0.49
          },
          {
            "year": 2022,
            "month": 10,
            "avg_high_c": 21.88,
            "avg_low_c": 8.89,
            "total_rain_mm": 83.79,
            "total_rain_in": 3.3
          },
          {
            "year": 2022,
            "month": 11,
            "avg_high_c": 9.53,
            "avg_low_c": 1.32,
            "total_rain_mm": 209.49,
            "total_rain_in": 8.25
          },
          {
            "year": 2022,
            "month": 12,
            "avg_high_c": 7.23,
            "avg_low_c": 1.41,
            "total_rain_mm": 213.47,
            "total_rain_in": 8.4
          },
          {
            "year": 2023,
            "month": 1,
            "avg_high_c": 8.1,
            "avg_low_c": 2.21,
            "total_rain_mm": 124.27,
            "total_rain_in": 4.89
          },
          {
            "year": 2023,
            "month": 2,
            "avg_high_c": 7.34,
            "avg_low_c": 0.11,
            "total_rain_mm": 126.83,
            "total_rain_in": 4.99
          },
          {
            "year": 2023,
            "month": 3,
            "avg_high_c": 8.74,
            "avg_low_c": 0.78,
            "total_rain_mm": 189.54,
            "total_rain_in": 7.46
          },
          {
            "year": 2023,
            "month": 4,
            "avg_high_c": 12.14,
            "avg_low_c": 3.83,
            "total_rain_mm": 194.6,
            "total_rain_in": 7.66
          },
          {
            "year": 2023,
            "month": 5,
            "avg_high_c": 20.07,
            "avg_low_c": 8.51,
            "total_rain_mm": 27.12,
            "total_rain_in": 1.07
          },
          {
            "year": 2023,
            "month": 6,
            "avg_high_c": 21.75,
            "avg_low_c": 8.84,
            "total_rain_mm": 19.41,
            "total_rain_in": 0.76
          },
          {
            "year": 2023,
            "month": 7,
            "avg_high_c": 26.77,
            "avg_low_c": 11.45,
            "total_rain_mm": 2.08,
            "total_rain_in": 0.08
          },
          {
            "year": 2023,
            "month": 8,
            "avg_high_c": 29.03,
            "avg_low_c": 13.52,
            "total_rain_mm": 21.34,
            "total_rain_in": 0.84
          },
          {
            "year": 2023,
            "month": 9,
            "avg_high_c": 23.57,
            "avg_low_c": 10.75,
            "total_rain_mm": 70.6,
            "total_rain_in": 2.78
          },
          {
            "year": 2023,
            "month": 10,
            "avg_high_c": 18.22,
            "avg_low_c": 7.61,
            "total_rain_mm": 117.2,
            "total_rain_in": 4.61
          },
          {
            "year": 2023,
            "month": 11,
            "avg_high_c": 11.95,
            "avg_low_c": 3.59,
            "total_rain_mm": 187.96,
            "total_rain_in": 7.4
          },
          {
            "year": 2023,
            "month": 12,
            "avg_high_c": 10.68,
            "avg_low_c": 4.45,
            "total_rain_mm": 295.35,
            "total_rain_in": 11.63
          },
          {
            "year": 2024,
            "month": 1,
            "avg_high_c": 8.28,
            "avg_low_c": 2.91,
            "total_rain_mm": 370.12,
            "total_rain_in": 14.57
          },
          {
            "year": 2024,
            "month": 2,
            "avg_high_c": 10.14,
            "avg_low_c": 3.26,
            "total_rain_mm": 200.23,
            "total_rain_in": 7.88
          },
          {
            "year": 2024,
            "month": 3,
            "avg_high_c": 11.51,
            "avg_low_c": 3.24,
            "total_rain_mm": 164.08,
            "total_rain_in": 6.46
          },
          {
            "year": 2024,
            "month": 4,
            "avg_high_c": 14.23,
            "avg_low_c": 4.47,
            "total_rain_mm": 94.88,
            "total_rain_in": 3.74
          },
          {
            "year": 2024,
            "month": 5,
            "avg_high_c": 17.15,
            "avg_low_c": 6.5,
            "total_rain_mm": 118.44,
            "total_rain_in": 4.66
          },
          {
            "year": 2024,
            "month": 6,
            "avg_high_c": 20.38,
            "avg_low_c": 9.29,
            "total_rain_mm": 74.42,
            "total_rain_in": 2.93
          },
          {
            "year": 2024,
            "month": 7,
            "avg_high_c": 27.02,
            "avg_low_c": 12.01,
            "total_rain_mm": 7.22,
            "total_rain_in": 0.28
          },
          {
            "year": 2024,
            "month": 8,
            "avg_high_c": 25.73,
            "avg_low_c": 12.22,
            "total_rain_mm": 22.59,
            "total_rain_in": 0.89
          },
          {
            "year": 2024,
            "month": 9,
            "avg_high_c": 24.48,
            "avg_low_c": 11.29,
            "total_rain_mm": 33.37,
            "total_rain_in": 1.31
          },
          {
            "year": 2024,
            "month": 10,
            "avg_high_c": 18.76,
            "avg_low_c": 7.37,
            "total_rain_mm": 131.82,
            "total_rain_in": 5.19
          },
          {
            "year": 2024,
            "month": 11,
            "avg_high_c": 9.95,
            "avg_low_c": 4.08,
            "total_rain_mm": 284.69,
            "total_rain_in": 11.21
          },
          {
            "year": 2024,
            "month": 12,
            "avg_high_c": 9.31,
            "avg_low_c": 3.22,
            "total_rain_mm": 297.03,
            "total_rain_in": 11.69
          },
          {
            "year": 2025,
            "month": 1,
            "avg_high_c": 7.89,
            "avg_low_c": 0.22,
            "total_rain_mm": 116.9,
            "total_rain_in": 4.6
          },
          {
            "year": 2025,
            "month": 2,
            "avg_high_c": 8.27,
            "avg_low_c": 1.66,
            "total_rain_mm": 206.54,
            "total_rain_in": 8.13
          },
          {
            "year": 2025,
            "month": 3,
            "avg_high_c": 11.38,
            "avg_low_c": 4.41,
            "total_rain_mm": 241.61,
            "total_rain_in": 9.51
          },
          {
            "year": 2025,
            "month": 4,
            "avg_high_c": 15.77,
            "avg_low_c": 4.72,
            "total_rain_mm": 64.12,
            "total_rain_in": 2.52
          },
          {
            "year": 2025,
            "month": 5,
            "avg_high_c": 17.45,
            "avg_low_c": 6.68,
            "total_rain_mm": 52.17,
            "total_rain_in": 2.05
          },
          {
            "year": 2025,
            "month": 6,
            "avg_high_c": 21.6,
            "avg_low_c": 9.69,
            "total_rain_mm": 34.37,
            "total_rain_in": 1.35
          },
          {
            "year": 2025,
            "month": 7,
            "avg_high_c": 26.13,
            "avg_low_c": 11.56,
            "total_rain_mm": 1.41,
            "total_rain_in": 0.06
          },
          {
            "year": 2025,
            "month": 8,
            "avg_high_c": 28.06,
            "avg_low_c": 13.39,
            "total_rain_mm": 20.61,
            "total_rain_in": 0.81
          },
          {
            "year": 2025,
            "month": 9,
            "avg_high_c": 24.77,
            "avg_low_c": 11.37,
            "total_rain_mm": 49.32,
            "total_rain_in": 1.94
          },
          {
            "year": 2025,
            "month": 10,
            "avg_high_c": 15.59,
            "avg_low_c": 6.02,
            "total_rain_mm": 148.04,
            "total_rain_in": 5.83
          },
          {
            "year": 2025,
            "month": 11,
            "avg_high_c": 11.64,
            "avg_low_c": 5.24,
            "total_rain_mm": 176.54,
            "total_rain_in": 6.95
          },
          {
            "year": 2025,
            "month": 12,
            "avg_high_c": 9.99,
            "avg_low_c": 4.33,
            "total_rain_mm": 352.37,
            "total_rain_in": 13.87
          }
        ]
      },
      "geometry": {
        "type": "MultiPolygon",
        "coordinates": [
          [
            [
              [
                -2106006.9132000003,
                2721724.2128999997
              ],
              [
                -2105986.4749999996,
                2721718.240700001
              ],
              [
                -2105975.2542000003,
                2721756.6410000008
              ],
              [
                -2105995.6922999993,
                2721762.6131999996
              ],
              [
                -2106006.9132000003,
                2721724.2128999997
              ],
              [
                -2106109.1038000006,
                2721754.0746
              ],
              [
                -2106118.3203999996,
                2721798.4472000003
              ],
              [
                -2106098.6827000007,
                2721865.6472999994
              ],
              [
                -2106090.2665999997,
                2721894.4472000003
              ],
              [
                -2106117.5167999994,
                2721902.4104999993
              ],
              [
                -2106097.8790000007,
                2721969.6104000006
              ],
              [
                -2106050.1915000007,
                2721955.674799999
              ],
              [
                -2106022.941400001,
                2721947.7117
              ],
              [
                -2105995.691400001,
                2721939.7488
              ],
              [
                -2105948.0036999993,
                2721925.8138999995
              ],
              [
                -2105927.5660999995,
                2721919.8419000003
              ],
              [
                -2105804.9400999993,
                2721884.0111
              ],
              [
                -2105813.3551000003,
                2721855.2107999995
              ],
              [
                -2105765.6668999996,
                2721841.2771000005
              ],
              [
                -2105776.8867000006,
                2721802.876700001
              ],
              [
                -2105804.1372999996,
                2721810.8388
              ],
              [
                -2105823.7721999995,
                2721743.6380000003
              ],
              [
                -2105796.521400001,
                2721735.6757999994
              ],
              [
                -2105816.1560999993,
                2721668.4749
              ],
              [
                -2105768.4667000007,
                2721654.541200001
              ],
              [
                -2105776.8814000003,
                2721625.740700001
              ],
              [
                -2105729.1916000005,
                2721611.8071999997
              ],
              [
                -2105701.940300001,
                2721603.8454
              ],
              [
                -2105693.5259000007,
                2721632.6459999997
              ],
              [
                -2105673.0874000005,
                2721626.6746999994
              ],
              [
                -2105701.1351999994,
                2721530.6725999992
              ],
              [
                -2105721.5738999993,
                2721536.6439999994
              ],
              [
                -2105732.7930999994,
                2721498.2431000005
              ],
              [
                -2105752.4267999995,
                2721431.0416
              ],
              [
                -2105779.6788,
                2721439.0035999995
              ],
              [
                -2105799.3127999995,
                2721371.801999999
              ],
              [
                -2105810.5321999993,
                2721333.4011000004
              ],
              [
                -2105846.1992000006,
                2721312.5626
              ],
              [
                -2105866.6384999994,
                2721318.5343999993
              ],
              [
                -2105914.3301999997,
                2721332.468800001
              ],
              [
                -2105941.5825999994,
                2721340.431399999
              ],
              [
                -2105962.0219,
                2721346.4035
              ],
              [
                -2105953.6066999994,
                2721375.204
              ],
              [
                -2106001.2980000004,
                2721389.1390000004
              ],
              [
                -2106014.1472999994,
                2721378.973200001
              ],
              [
                -2106041.7502999995,
                2721394.0396
              ],
              [
                -2106048.9892999995,
                2721403.0742000006
              ],
              [
                -2106037.7686,
                2721441.4748
              ],
              [
                -2106208.0928000007,
                2721491.2458999995
              ],
              [
                -2106199.6766,
                2721520.0461
              ],
              [
                -2106104.295600001,
                2721492.1739000008
              ],
              [
                -2106093.0745,
                2721530.5743000004
              ],
              [
                -2106113.5132,
                2721536.5468000006
              ],
              [
                -2106093.8762,
                2721603.7474000007
              ],
              [
                -2106073.4376999997,
                2721597.7749000005
              ],
              [
                -2106062.216600001,
                2721636.1752000004
              ],
              [
                -2106109.906199999,
                2721650.1108999997
              ],
              [
                -2106090.2689999994,
                2721717.3113
              ],
              [
                -2106015.3288000003,
                2721695.4126999993
              ],
              [
                -2106006.9132000003,
                2721724.2128999997
              ]
            ],
            [
              [
                -2105882.6773000006,
                2721542.0351
              ],
              [
                -2105893.8972999994,
                2721503.6345000006
              ],
              [
                -2105914.336100001,
                2721509.6064
              ],
              [
                -2105922.7512,
                2721480.8059
              ],
              [
                -2105902.3124,
                2721474.8340000007
              ],
              [
                -2105854.6216,
                2721460.899700001
              ],
              [
                -2105846.2068000007,
                2721489.7003000006
              ],
              [
                -2105855.4256999996,
                2721534.0726999994
              ],
              [
                -2105882.6773000006,
                2721542.0351
              ]
            ]
          ]
        ]
      }
    },
    {
      "type": "Feature",
      "properties": {
        "field_id": "WV_AG_047",
        "lat": 44.79674094304592,
        "lon": -123.33944672530762,
        "area_acres": 62.4116151152156,
        "crop_code": 24,
        "cdl_crop": "Winter Wheat",
        "crop_dominant_pct": 84.9,
        "soil_muname": "Coburg silty clay loam, occasionally flooded",
        "soil_drainage": "Moderately well drained",
        "soil_clay_pct": 31.0,
        "soil_sand_pct": 18.1,
        "soil_silt_pct": 50.9,
        "soil_om_pct": 4.0,
        "soil_ph": 6.1,
        "soil_cec": 22.5,
        "soil_depth_cm": 0.0,
        "weather_monthly": [
          {
            "year": 2020,
            "month": 1,
            "avg_high_c": 8.33,
            "avg_low_c": 3.69,
            "total_rain_mm": 331.66,
            "total_rain_in": 13.06
          },
          {
            "year": 2020,
            "month": 2,
            "avg_high_c": 9.3,
            "avg_low_c": 1.59,
            "total_rain_mm": 119.69,
            "total_rain_in": 4.71
          },
          {
            "year": 2020,
            "month": 3,
            "avg_high_c": 10.58,
            "avg_low_c": 1.93,
            "total_rain_mm": 119.65,
            "total_rain_in": 4.71
          },
          {
            "year": 2020,
            "month": 4,
            "avg_high_c": 15.36,
            "avg_low_c": 4.91,
            "total_rain_mm": 65.25,
            "total_rain_in": 2.57
          },
          {
            "year": 2020,
            "month": 5,
            "avg_high_c": 18.1,
            "avg_low_c": 7.97,
            "total_rain_mm": 129.22,
            "total_rain_in": 5.09
          },
          {
            "year": 2020,
            "month": 6,
            "avg_high_c": 19.57,
            "avg_low_c": 9.34,
            "total_rain_mm": 97.62,
            "total_rain_in": 3.84
          },
          {
            "year": 2020,
            "month": 7,
            "avg_high_c": 24.4,
            "avg_low_c": 11.06,
            "total_rain_mm": 3.63,
            "total_rain_in": 0.14
          },
          {
            "year": 2020,
            "month": 8,
            "avg_high_c": 25.88,
            "avg_low_c": 11.44,
            "total_rain_mm": 5.11,
            "total_rain_in": 0.2
          },
          {
            "year": 2020,
            "month": 9,
            "avg_high_c": 24.8,
            "avg_low_c": 11.76,
            "total_rain_mm": 75.48,
            "total_rain_in": 2.97
          },
          {
            "year": 2020,
            "month": 10,
            "avg_high_c": 17.88,
            "avg_low_c": 7.03,
            "total_rain_mm": 95.76,
            "total_rain_in": 3.77
          },
          {
            "year": 2020,
            "month": 11,
            "avg_high_c": 10.62,
            "avg_low_c": 2.98,
            "total_rain_mm": 245.69,
            "total_rain_in": 9.67
          },
          {
            "year": 2020,
            "month": 12,
            "avg_high_c": 9.56,
            "avg_low_c": 2.24,
            "total_rain_mm": 231.54,
            "total_rain_in": 9.12
          },
          {
            "year": 2021,
            "month": 1,
            "avg_high_c": 8.81,
            "avg_low_c": 2.61,
            "total_rain_mm": 260.36,
            "total_rain_in": 10.25
          },
          {
            "year": 2021,
            "month": 2,
            "avg_high_c": 7.61,
            "avg_low_c": 1.86,
            "total_rain_mm": 215.93,
            "total_rain_in": 8.5
          },
          {
            "year": 2021,
            "month": 3,
            "avg_high_c": 11.05,
            "avg_low_c": 1.47,
            "total_rain_mm": 82.08,
            "total_rain_in": 3.23
          },
          {
            "year": 2021,
            "month": 4,
            "avg_high_c": 16.05,
            "avg_low_c": 3.87,
            "total_rain_mm": 27.34,
            "total_rain_in": 1.08
          },
          {
            "year": 2021,
            "month": 5,
            "avg_high_c": 18.03,
            "avg_low_c": 6.8,
            "total_rain_mm": 47.74,
            "total_rain_in": 1.88
          },
          {
            "year": 2021,
            "month": 6,
            "avg_high_c": 24.25,
            "avg_low_c": 11.1,
            "total_rain_mm": 49.29,
            "total_rain_in": 1.94
          },
          {
            "year": 2021,
            "month": 7,
            "avg_high_c": 27.3,
            "avg_low_c": 11.55,
            "total_rain_mm": 1.83,
            "total_rain_in": 0.07
          },
          {
            "year": 2021,
            "month": 8,
            "avg_high_c": 27.65,
            "avg_low_c": 12.56,
            "total_rain_mm": 2.92,
            "total_rain_in": 0.11
          },
          {
            "year": 2021,
            "month": 9,
            "avg_high_c": 24.55,
            "avg_low_c": 10.43,
            "total_rain_mm": 101.83,
            "total_rain_in": 4.01
          },
          {
            "year": 2021,
            "month": 10,
            "avg_high_c": 15.52,
            "avg_low_c": 6.56,
            "total_rain_mm": 148.73,
            "total_rain_in": 5.86
          },
          {
            "year": 2021,
            "month": 11,
            "avg_high_c": 12.28,
            "avg_low_c": 5.35,
            "total_rain_mm": 250.09,
            "total_rain_in": 9.85
          },
          {
            "year": 2021,
            "month": 12,
            "avg_high_c": 5.61,
            "avg_low_c": 0.97,
            "total_rain_mm": 309.17,
            "total_rain_in": 12.17
          },
          {
            "year": 2022,
            "month": 1,
            "avg_high_c": 9.29,
            "avg_low_c": 1.87,
            "total_rain_mm": 185.19,
            "total_rain_in": 7.29
          },
          {
            "year": 2022,
            "month": 2,
            "avg_high_c": 9.66,
            "avg_low_c": 1.72,
            "total_rain_mm": 98.54,
            "total_rain_in": 3.88
          },
          {
            "year": 2022,
            "month": 3,
            "avg_high_c": 11.99,
            "avg_low_c": 3.83,
            "total_rain_mm": 125.82,
            "total_rain_in": 4.95
          },
          {
            "year": 2022,
            "month": 4,
            "avg_high_c": 11.48,
            "avg_low_c": 2.65,
            "total_rain_mm": 200.52,
            "total_rain_in": 7.89
          },
          {
            "year": 2022,
            "month": 5,
            "avg_high_c": 15.04,
            "avg_low_c": 6.2,
            "total_rain_mm": 191.01,
            "total_rain_in": 7.52
          },
          {
            "year": 2022,
            "month": 6,
            "avg_high_c": 19.96,
            "avg_low_c": 9.78,
            "total_rain_mm": 128.91,
            "total_rain_in": 5.08
          },
          {
            "year": 2022,
            "month": 7,
            "avg_high_c": 25.26,
            "avg_low_c": 12.21,
            "total_rain_mm": 8.52,
            "total_rain_in": 0.34
          },
          {
            "year": 2022,
            "month": 8,
            "avg_high_c": 27.38,
            "avg_low_c": 13.3,
            "total_rain_mm": 1.96,
            "total_rain_in": 0.08
          },
          {
            "year": 2022,
            "month": 9,
            "avg_high_c": 25.27,
            "avg_low_c": 11.26,
            "total_rain_mm": 12.33,
            "total_rain_in": 0.49
          },
          {
            "year": 2022,
            "month": 10,
            "avg_high_c": 21.88,
            "avg_low_c": 8.89,
            "total_rain_mm": 83.79,
            "total_rain_in": 3.3
          },
          {
            "year": 2022,
            "month": 11,
            "avg_high_c": 9.53,
            "avg_low_c": 1.32,
            "total_rain_mm": 209.49,
            "total_rain_in": 8.25
          },
          {
            "year": 2022,
            "month": 12,
            "avg_high_c": 7.23,
            "avg_low_c": 1.41,
            "total_rain_mm": 213.47,
            "total_rain_in": 8.4
          },
          {
            "year": 2023,
            "month": 1,
            "avg_high_c": 8.1,
            "avg_low_c": 2.21,
            "total_rain_mm": 124.27,
            "total_rain_in": 4.89
          },
          {
            "year": 2023,
            "month": 2,
            "avg_high_c": 7.34,
            "avg_low_c": 0.11,
            "total_rain_mm": 126.83,
            "total_rain_in": 4.99
          },
          {
            "year": 2023,
            "month": 3,
            "avg_high_c": 8.74,
            "avg_low_c": 0.78,
            "total_rain_mm": 189.54,
            "total_rain_in": 7.46
          },
          {
            "year": 2023,
            "month": 4,
            "avg_high_c": 12.14,
            "avg_low_c": 3.83,
            "total_rain_mm": 194.6,
            "total_rain_in": 7.66
          },
          {
            "year": 2023,
            "month": 5,
            "avg_high_c": 20.07,
            "avg_low_c": 8.51,
            "total_rain_mm": 27.12,
            "total_rain_in": 1.07
          },
          {
            "year": 2023,
            "month": 6,
            "avg_high_c": 21.75,
            "avg_low_c": 8.84,
            "total_rain_mm": 19.41,
            "total_rain_in": 0.76
          },
          {
            "year": 2023,
            "month": 7,
            "avg_high_c": 26.77,
            "avg_low_c": 11.45,
            "total_rain_mm": 2.08,
            "total_rain_in": 0.08
          },
          {
            "year": 2023,
            "month": 8,
            "avg_high_c": 29.03,
            "avg_low_c": 13.52,
            "total_rain_mm": 21.34,
            "total_rain_in": 0.84
          },
          {
            "year": 2023,
            "month": 9,
            "avg_high_c": 23.57,
            "avg_low_c": 10.75,
            "total_rain_mm": 70.6,
            "total_rain_in": 2.78
          },
          {
            "year": 2023,
            "month": 10,
            "avg_high_c": 18.22,
            "avg_low_c": 7.61,
            "total_rain_mm": 117.2,
            "total_rain_in": 4.61
          },
          {
            "year": 2023,
            "month": 11,
            "avg_high_c": 11.95,
            "avg_low_c": 3.59,
            "total_rain_mm": 187.96,
            "total_rain_in": 7.4
          },
          {
            "year": 2023,
            "month": 12,
            "avg_high_c": 10.68,
            "avg_low_c": 4.45,
            "total_rain_mm": 295.35,
            "total_rain_in": 11.63
          },
          {
            "year": 2024,
            "month": 1,
            "avg_high_c": 8.28,
            "avg_low_c": 2.91,
            "total_rain_mm": 370.12,
            "total_rain_in": 14.57
          },
          {
            "year": 2024,
            "month": 2,
            "avg_high_c": 10.14,
            "avg_low_c": 3.26,
            "total_rain_mm": 200.23,
            "total_rain_in": 7.88
          },
          {
            "year": 2024,
            "month": 3,
            "avg_high_c": 11.51,
            "avg_low_c": 3.24,
            "total_rain_mm": 164.08,
            "total_rain_in": 6.46
          },
          {
            "year": 2024,
            "month": 4,
            "avg_high_c": 14.23,
            "avg_low_c": 4.47,
            "total_rain_mm": 94.88,
            "total_rain_in": 3.74
          },
          {
            "year": 2024,
            "month": 5,
            "avg_high_c": 17.15,
            "avg_low_c": 6.5,
            "total_rain_mm": 118.44,
            "total_rain_in": 4.66
          },
          {
            "year": 2024,
            "month": 6,
            "avg_high_c": 20.38,
            "avg_low_c": 9.29,
            "total_rain_mm": 74.42,
            "total_rain_in": 2.93
          },
          {
            "year": 2024,
            "month": 7,
            "avg_high_c": 27.02,
            "avg_low_c": 12.01,
            "total_rain_mm": 7.22,
            "total_rain_in": 0.28
          },
          {
            "year": 2024,
            "month": 8,
            "avg_high_c": 25.73,
            "avg_low_c": 12.22,
            "total_rain_mm": 22.59,
            "total_rain_in": 0.89
          },
          {
            "year": 2024,
            "month": 9,
            "avg_high_c": 24.48,
            "avg_low_c": 11.29,
            "total_rain_mm": 33.37,
            "total_rain_in": 1.31
          },
          {
            "year": 2024,
            "month": 10,
            "avg_high_c": 18.76,
            "avg_low_c": 7.37,
            "total_rain_mm": 131.82,
            "total_rain_in": 5.19
          },
          {
            "year": 2024,
            "month": 11,
            "avg_high_c": 9.95,
            "avg_low_c": 4.08,
            "total_rain_mm": 284.69,
            "total_rain_in": 11.21
          },
          {
            "year": 2024,
            "month": 12,
            "avg_high_c": 9.31,
            "avg_low_c": 3.22,
            "total_rain_mm": 297.03,
            "total_rain_in": 11.69
          },
          {
            "year": 2025,
            "month": 1,
            "avg_high_c": 7.89,
            "avg_low_c": 0.22,
            "total_rain_mm": 116.9,
            "total_rain_in": 4.6
          },
          {
            "year": 2025,
            "month": 2,
            "avg_high_c": 8.27,
            "avg_low_c": 1.66,
            "total_rain_mm": 206.54,
            "total_rain_in": 8.13
          },
          {
            "year": 2025,
            "month": 3,
            "avg_high_c": 11.38,
            "avg_low_c": 4.41,
            "total_rain_mm": 241.61,
            "total_rain_in": 9.51
          },
          {
            "year": 2025,
            "month": 4,
            "avg_high_c": 15.77,
            "avg_low_c": 4.72,
            "total_rain_mm": 64.12,
            "total_rain_in": 2.52
          },
          {
            "year": 2025,
            "month": 5,
            "avg_high_c": 17.45,
            "avg_low_c": 6.68,
            "total_rain_mm": 52.17,
            "total_rain_in": 2.05
          },
          {
            "year": 2025,
            "month": 6,
            "avg_high_c": 21.6,
            "avg_low_c": 9.69,
            "total_rain_mm": 34.37,
            "total_rain_in": 1.35
          },
          {
            "year": 2025,
            "month": 7,
            "avg_high_c": 26.13,
            "avg_low_c": 11.56,
            "total_rain_mm": 1.41,
            "total_rain_in": 0.06
          },
          {
            "year": 2025,
            "month": 8,
            "avg_high_c": 28.06,
            "avg_low_c": 13.39,
            "total_rain_mm": 20.61,
            "total_rain_in": 0.81
          },
          {
            "year": 2025,
            "month": 9,
            "avg_high_c": 24.77,
            "avg_low_c": 11.37,
            "total_rain_mm": 49.32,
            "total_rain_in": 1.94
          },
          {
            "year": 2025,
            "month": 10,
            "avg_high_c": 15.59,
            "avg_low_c": 6.02,
            "total_rain_mm": 148.04,
            "total_rain_in": 5.83
          },
          {
            "year": 2025,
            "month": 11,
            "avg_high_c": 11.64,
            "avg_low_c": 5.24,
            "total_rain_mm": 176.54,
            "total_rain_in": 6.95
          },
          {
            "year": 2025,
            "month": 12,
            "avg_high_c": 9.99,
            "avg_low_c": 4.33,
            "total_rain_mm": 352.37,
            "total_rain_in": 13.87
          }
        ]
      },
      "geometry": {
        "type": "MultiPolygon",
        "coordinates": [
          [
            [
              [
                -2129559.522399999,
                2731952.6065999996
              ],
              [
                -2129568.0352,
                2731923.8369999994
              ],
              [
                -2129547.6259000003,
                2731917.7980000004
              ],
              [
                -2129539.1131999996,
                2731946.5676000006
              ],
              [
                -2129443.870100001,
                2731918.386600001
              ],
              [
                -2129432.520300001,
                2731956.746200001
              ],
              [
                -2129357.6866999995,
                2731934.6050000004
              ],
              [
                -2129341.8236,
                2731888.194
              ],
              [
                -2129361.684800001,
                2731821.064200001
              ],
              [
                -2129388.897500001,
                2731829.1154999994
              ],
              [
                -2129408.7590999994,
                2731761.9857
              ],
              [
                -2129428.6206,
                2731694.855900001
              ],
              [
                -2129455.833799999,
                2731702.907400001
              ],
              [
                -2129444.4842000008,
                2731741.2673000004
              ],
              [
                -2129492.106899999,
                2731755.3576999996
              ],
              [
                -2129543.1812999994,
                2731582.7381999996
              ],
              [
                -2129574.9415000007,
                2731550.417300001
              ],
              [
                -2129583.454,
                2731521.6472999994
              ],
              [
                -2129574.3935000002,
                2731477.248299999
              ],
              [
                -2129547.1795000006,
                2731469.1963
              ],
              [
                -2129535.8297000006,
                2731507.5562999994
              ],
              [
                -2129506.9070999995,
                2731530.2874999996
              ],
              [
                -2129479.6931999996,
                2731522.2357
              ],
              [
                -2129488.2053999994,
                2731493.4657000005
              ],
              [
                -2129460.9913999997,
                2731485.414000001
              ],
              [
                -2129472.3408000004,
                2731447.0538
              ],
              [
                -2129519.4165000003,
                2731387.9751999993
              ],
              [
                -2129492.2021999992,
                2731379.9233999997
              ],
              [
                -2129500.7141999993,
                2731351.1532000005
              ],
              [
                -2129527.9287,
                2731359.2051
              ],
              [
                -2129579.001700001,
                2731186.5836999994
              ],
              [
                -2129551.7865999993,
                2731178.5317
              ],
              [
                -2129560.2985999994,
                2731149.7613999993
              ],
              [
                -2129598.863500001,
                2731119.4529999997
              ],
              [
                -2129626.0788000003,
                2731127.5052000005
              ],
              [
                -2129721.3323,
                2731155.6887
              ],
              [
                -2129816.5855,
                2731183.873400001
              ],
              [
                -2129825.6459,
                2731228.2731999997
              ],
              [
                -2129873.2720999997,
                2731242.3661
              ],
              [
                -2129891.9735000003,
                2731279.1893000007
              ],
              [
                -2129901.0331999995,
                2731323.5889999997
              ],
              [
                -2129892.5197,
                2731352.3588999994
              ],
              [
                -2129872.1088999994,
                2731346.319
              ],
              [
                -2129852.2442000005,
                2731413.4486
              ],
              [
                -2129821.0284,
                2731518.9378999993
              ],
              [
                -2129812.5150000006,
                2731547.7075999994
              ],
              [
                -2129781.2993,
                2731653.1964999996
              ],
              [
                -2129761.434800001,
                2731720.3257
              ],
              [
                -2129752.9214999992,
                2731749.0954
              ],
              [
                -2129750.6286999993,
                2731831.8538000006
              ],
              [
                -2129742.1152999997,
                2731860.623299999
              ],
              [
                -2129710.354800001,
                2731892.9432999995
              ],
              [
                -2129701.8413999993,
                2731921.7128
              ],
              [
                -2129690.4903999995,
                2731960.0721000005
              ],
              [
                -2129654.7649000008,
                2731980.7892000005
              ],
              [
                -2129634.355900001,
                2731974.75
              ],
              [
                -2129559.522399999,
                2731952.6065999996
              ]
            ]
          ]
        ]
      }
    },
    {
      "type": "Feature",
      "properties": {
        "field_id": "WV_AG_048",
        "lat": 44.18453153742422,
        "lon": -123.17100342558331,
        "area_acres": 15.1120027916767,
        "crop_code": 24,
        "cdl_crop": "Winter Wheat",
        "crop_dominant_pct": 89.4,
        "soil_muname": "Chapman loam",
        "soil_drainage": "Well drained",
        "soil_clay_pct": 22.5,
        "soil_sand_pct": 39.8,
        "soil_silt_pct": 37.7,
        "soil_om_pct": 3.5,
        "soil_ph": 6.1,
        "soil_cec": 15.0,
        "soil_depth_cm": 0.0,
        "weather_monthly": [
          {
            "year": 2020,
            "month": 1,
            "avg_high_c": 7.66,
            "avg_low_c": 3.21,
            "total_rain_mm": 280.71,
            "total_rain_in": 11.05
          },
          {
            "year": 2020,
            "month": 2,
            "avg_high_c": 9.12,
            "avg_low_c": 0.7,
            "total_rain_mm": 88.78,
            "total_rain_in": 3.5
          },
          {
            "year": 2020,
            "month": 3,
            "avg_high_c": 10.54,
            "avg_low_c": 1.58,
            "total_rain_mm": 108.69,
            "total_rain_in": 4.28
          },
          {
            "year": 2020,
            "month": 4,
            "avg_high_c": 15.02,
            "avg_low_c": 4.71,
            "total_rain_mm": 73.03,
            "total_rain_in": 2.88
          },
          {
            "year": 2020,
            "month": 5,
            "avg_high_c": 17.39,
            "avg_low_c": 7.19,
            "total_rain_mm": 120.67,
            "total_rain_in": 4.75
          },
          {
            "year": 2020,
            "month": 6,
            "avg_high_c": 19.11,
            "avg_low_c": 9.05,
            "total_rain_mm": 70.28,
            "total_rain_in": 2.77
          },
          {
            "year": 2020,
            "month": 7,
            "avg_high_c": 23.77,
            "avg_low_c": 11.01,
            "total_rain_mm": 1.23,
            "total_rain_in": 0.05
          },
          {
            "year": 2020,
            "month": 8,
            "avg_high_c": 26.66,
            "avg_low_c": 10.99,
            "total_rain_mm": 2.32,
            "total_rain_in": 0.09
          },
          {
            "year": 2020,
            "month": 9,
            "avg_high_c": 26.07,
            "avg_low_c": 11.71,
            "total_rain_mm": 58.73,
            "total_rain_in": 2.31
          },
          {
            "year": 2020,
            "month": 10,
            "avg_high_c": 19.05,
            "avg_low_c": 7.03,
            "total_rain_mm": 64.71,
            "total_rain_in": 2.55
          },
          {
            "year": 2020,
            "month": 11,
            "avg_high_c": 10.65,
            "avg_low_c": 2.51,
            "total_rain_mm": 204.9,
            "total_rain_in": 8.07
          },
          {
            "year": 2020,
            "month": 12,
            "avg_high_c": 9.4,
            "avg_low_c": 1.62,
            "total_rain_mm": 187.39,
            "total_rain_in": 7.38
          },
          {
            "year": 2021,
            "month": 1,
            "avg_high_c": 8.67,
            "avg_low_c": 2.37,
            "total_rain_mm": 184.79,
            "total_rain_in": 7.28
          },
          {
            "year": 2021,
            "month": 2,
            "avg_high_c": 7.16,
            "avg_low_c": 1.66,
            "total_rain_mm": 163.15,
            "total_rain_in": 6.42
          },
          {
            "year": 2021,
            "month": 3,
            "avg_high_c": 10.78,
            "avg_low_c": 1.09,
            "total_rain_mm": 68.13,
            "total_rain_in": 2.68
          },
          {
            "year": 2021,
            "month": 4,
            "avg_high_c": 15.69,
            "avg_low_c": 3.28,
            "total_rain_mm": 17.85,
            "total_rain_in": 0.7
          },
          {
            "year": 2021,
            "month": 5,
            "avg_high_c": 16.96,
            "avg_low_c": 6.41,
            "total_rain_mm": 33.24,
            "total_rain_in": 1.31
          },
          {
            "year": 2021,
            "month": 6,
            "avg_high_c": 23.28,
            "avg_low_c": 10.71,
            "total_rain_mm": 33.37,
            "total_rain_in": 1.31
          },
          {
            "year": 2021,
            "month": 7,
            "avg_high_c": 27.7,
            "avg_low_c": 11.54,
            "total_rain_mm": 1.42,
            "total_rain_in": 0.06
          },
          {
            "year": 2021,
            "month": 8,
            "avg_high_c": 27.84,
            "avg_low_c": 12.16,
            "total_rain_mm": 1.11,
            "total_rain_in": 0.04
          },
          {
            "year": 2021,
            "month": 9,
            "avg_high_c": 25.0,
            "avg_low_c": 9.64,
            "total_rain_mm": 82.72,
            "total_rain_in": 3.26
          },
          {
            "year": 2021,
            "month": 10,
            "avg_high_c": 16.05,
            "avg_low_c": 6.61,
            "total_rain_mm": 104.65,
            "total_rain_in": 4.12
          },
          {
            "year": 2021,
            "month": 11,
            "avg_high_c": 12.26,
            "avg_low_c": 4.72,
            "total_rain_mm": 156.92,
            "total_rain_in": 6.18
          },
          {
            "year": 2021,
            "month": 12,
            "avg_high_c": 5.99,
            "avg_low_c": 1.66,
            "total_rain_mm": 254.46,
            "total_rain_in": 10.02
          },
          {
            "year": 2022,
            "month": 1,
            "avg_high_c": 10.25,
            "avg_low_c": 1.58,
            "total_rain_mm": 140.49,
            "total_rain_in": 5.53
          },
          {
            "year": 2022,
            "month": 2,
            "avg_high_c": 10.43,
            "avg_low_c": 1.5,
            "total_rain_mm": 44.88,
            "total_rain_in": 1.77
          },
          {
            "year": 2022,
            "month": 3,
            "avg_high_c": 11.97,
            "avg_low_c": 3.41,
            "total_rain_mm": 100.24,
            "total_rain_in": 3.95
          },
          {
            "year": 2022,
            "month": 4,
            "avg_high_c": 11.32,
            "avg_low_c": 2.64,
            "total_rain_mm": 161.54,
            "total_rain_in": 6.36
          },
          {
            "year": 2022,
            "month": 5,
            "avg_high_c": 14.57,
            "avg_low_c": 5.9,
            "total_rain_mm": 174.98,
            "total_rain_in": 6.89
          },
          {
            "year": 2022,
            "month": 6,
            "avg_high_c": 19.98,
            "avg_low_c": 9.33,
            "total_rain_mm": 99.4,
            "total_rain_in": 3.91
          },
          {
            "year": 2022,
            "month": 7,
            "avg_high_c": 24.74,
            "avg_low_c": 12.38,
            "total_rain_mm": 7.74,
            "total_rain_in": 0.3
          },
          {
            "year": 2022,
            "month": 8,
            "avg_high_c": 26.85,
            "avg_low_c": 12.9,
            "total_rain_mm": 1.93,
            "total_rain_in": 0.08
          },
          {
            "year": 2022,
            "month": 9,
            "avg_high_c": 25.2,
            "avg_low_c": 10.87,
            "total_rain_mm": 8.62,
            "total_rain_in": 0.34
          },
          {
            "year": 2022,
            "month": 10,
            "avg_high_c": 21.99,
            "avg_low_c": 8.89,
            "total_rain_mm": 57.5,
            "total_rain_in": 2.26
          },
          {
            "year": 2022,
            "month": 11,
            "avg_high_c": 9.82,
            "avg_low_c": 0.86,
            "total_rain_mm": 160.98,
            "total_rain_in": 6.34
          },
          {
            "year": 2022,
            "month": 12,
            "avg_high_c": 7.61,
            "avg_low_c": 1.27,
            "total_rain_mm": 173.4,
            "total_rain_in": 6.83
          },
          {
            "year": 2023,
            "month": 1,
            "avg_high_c": 7.82,
            "avg_low_c": 1.42,
            "total_rain_mm": 94.49,
            "total_rain_in": 3.72
          },
          {
            "year": 2023,
            "month": 2,
            "avg_high_c": 7.78,
            "avg_low_c": -0.04,
            "total_rain_mm": 112.98,
            "total_rain_in": 4.45
          },
          {
            "year": 2023,
            "month": 3,
            "avg_high_c": 7.61,
            "avg_low_c": -0.22,
            "total_rain_mm": 193.63,
            "total_rain_in": 7.62
          },
          {
            "year": 2023,
            "month": 4,
            "avg_high_c": 11.76,
            "avg_low_c": 3.48,
            "total_rain_mm": 155.44,
            "total_rain_in": 6.12
          },
          {
            "year": 2023,
            "month": 5,
            "avg_high_c": 19.43,
            "avg_low_c": 8.12,
            "total_rain_mm": 27.62,
            "total_rain_in": 1.09
          },
          {
            "year": 2023,
            "month": 6,
            "avg_high_c": 21.13,
            "avg_low_c": 8.79,
            "total_rain_mm": 13.29,
            "total_rain_in": 0.52
          },
          {
            "year": 2023,
            "month": 7,
            "avg_high_c": 26.83,
            "avg_low_c": 11.23,
            "total_rain_mm": 0.8,
            "total_rain_in": 0.03
          },
          {
            "year": 2023,
            "month": 8,
            "avg_high_c": 29.16,
            "avg_low_c": 12.95,
            "total_rain_mm": 13.99,
            "total_rain_in": 0.55
          },
          {
            "year": 2023,
            "month": 9,
            "avg_high_c": 24.05,
            "avg_low_c": 10.15,
            "total_rain_mm": 56.6,
            "total_rain_in": 2.23
          },
          {
            "year": 2023,
            "month": 10,
            "avg_high_c": 18.3,
            "avg_low_c": 7.1,
            "total_rain_mm": 106.79,
            "total_rain_in": 4.2
          },
          {
            "year": 2023,
            "month": 11,
            "avg_high_c": 12.28,
            "avg_low_c": 3.5,
            "total_rain_mm": 139.45,
            "total_rain_in": 5.49
          },
          {
            "year": 2023,
            "month": 12,
            "avg_high_c": 10.7,
            "avg_low_c": 4.32,
            "total_rain_mm": 245.67,
            "total_rain_in": 9.67
          },
          {
            "year": 2024,
            "month": 1,
            "avg_high_c": 9.33,
            "avg_low_c": 4.32,
            "total_rain_mm": 351.31,
            "total_rain_in": 13.83
          },
          {
            "year": 2024,
            "month": 2,
            "avg_high_c": 9.73,
            "avg_low_c": 3.04,
            "total_rain_mm": 178.71,
            "total_rain_in": 7.04
          },
          {
            "year": 2024,
            "month": 3,
            "avg_high_c": 10.96,
            "avg_low_c": 2.61,
            "total_rain_mm": 164.28,
            "total_rain_in": 6.47
          },
          {
            "year": 2024,
            "month": 4,
            "avg_high_c": 13.62,
            "avg_low_c": 4.03,
            "total_rain_mm": 93.19,
            "total_rain_in": 3.67
          },
          {
            "year": 2024,
            "month": 5,
            "avg_high_c": 16.89,
            "avg_low_c": 5.88,
            "total_rain_mm": 103.89,
            "total_rain_in": 4.09
          },
          {
            "year": 2024,
            "month": 6,
            "avg_high_c": 20.35,
            "avg_low_c": 9.04,
            "total_rain_mm": 54.09,
            "total_rain_in": 2.13
          },
          {
            "year": 2024,
            "month": 7,
            "avg_high_c": 26.5,
            "avg_low_c": 12.22,
            "total_rain_mm": 3.37,
            "total_rain_in": 0.13
          },
          {
            "year": 2024,
            "month": 8,
            "avg_high_c": 26.3,
            "avg_low_c": 12.01,
            "total_rain_mm": 24.29,
            "total_rain_in": 0.96
          },
          {
            "year": 2024,
            "month": 9,
            "avg_high_c": 25.02,
            "avg_low_c": 10.59,
            "total_rain_mm": 32.9,
            "total_rain_in": 1.3
          },
          {
            "year": 2024,
            "month": 10,
            "avg_high_c": 19.19,
            "avg_low_c": 6.89,
            "total_rain_mm": 98.47,
            "total_rain_in": 3.88
          },
          {
            "year": 2024,
            "month": 11,
            "avg_high_c": 9.64,
            "avg_low_c": 3.86,
            "total_rain_mm": 293.22,
            "total_rain_in": 11.54
          },
          {
            "year": 2024,
            "month": 12,
            "avg_high_c": 9.76,
            "avg_low_c": 3.29,
            "total_rain_mm": 295.17,
            "total_rain_in": 11.62
          },
          {
            "year": 2025,
            "month": 1,
            "avg_high_c": 8.65,
            "avg_low_c": 0.33,
            "total_rain_mm": 131.95,
            "total_rain_in": 5.19
          },
          {
            "year": 2025,
            "month": 2,
            "avg_high_c": 8.13,
            "avg_low_c": 1.66,
            "total_rain_mm": 190.55,
            "total_rain_in": 7.5
          },
          {
            "year": 2025,
            "month": 3,
            "avg_high_c": 11.05,
            "avg_low_c": 4.06,
            "total_rain_mm": 268.39,
            "total_rain_in": 10.57
          },
          {
            "year": 2025,
            "month": 4,
            "avg_high_c": 15.16,
            "avg_low_c": 4.32,
            "total_rain_mm": 58.55,
            "total_rain_in": 2.31
          },
          {
            "year": 2025,
            "month": 5,
            "avg_high_c": 17.27,
            "avg_low_c": 6.52,
            "total_rain_mm": 44.19,
            "total_rain_in": 1.74
          },
          {
            "year": 2025,
            "month": 6,
            "avg_high_c": 21.41,
            "avg_low_c": 9.22,
            "total_rain_mm": 31.7,
            "total_rain_in": 1.25
          },
          {
            "year": 2025,
            "month": 7,
            "avg_high_c": 26.68,
            "avg_low_c": 11.54,
            "total_rain_mm": 0.73,
            "total_rain_in": 0.03
          },
          {
            "year": 2025,
            "month": 8,
            "avg_high_c": 29.54,
            "avg_low_c": 13.29,
            "total_rain_mm": 10.11,
            "total_rain_in": 0.4
          },
          {
            "year": 2025,
            "month": 9,
            "avg_high_c": 25.66,
            "avg_low_c": 10.95,
            "total_rain_mm": 47.25,
            "total_rain_in": 1.86
          },
          {
            "year": 2025,
            "month": 10,
            "avg_high_c": 16.4,
            "avg_low_c": 6.01,
            "total_rain_mm": 126.39,
            "total_rain_in": 4.98
          },
          {
            "year": 2025,
            "month": 11,
            "avg_high_c": 12.57,
            "avg_low_c": 5.3,
            "total_rain_mm": 124.05,
            "total_rain_in": 4.88
          },
          {
            "year": 2025,
            "month": 12,
            "avg_high_c": 10.45,
            "avg_low_c": 4.15,
            "total_rain_mm": 259.14,
            "total_rain_in": 10.2
          }
        ]
      },
      "geometry": {
        "type": "MultiPolygon",
        "coordinates": [
          [
            [
              [
                -2136162.1545,
                2662484.4455999993
              ],
              [
                -2136173.4519999996,
                2662446.0155999996
              ],
              [
                -2136145.977,
                2662437.9387
              ],
              [
                -2136125.3707,
                2662431.8812000006
              ],
              [
                -2136114.0734,
                2662470.3112000003
              ],
              [
                -2136086.5985000003,
                2662462.2345000003
              ],
              [
                -2136065.9922,
                2662456.1768999994
              ],
              [
                -2136077.2892000005,
                2662417.7468
              ],
              [
                -2136049.814099999,
                2662409.6701999996
              ],
              [
                -2136001.7325,
                2662395.5363999996
              ],
              [
                -2135981.1261,
                2662389.4792
              ],
              [
                -2135933.0442999993,
                2662375.345899999
              ],
              [
                -2135920.9099000003,
                2662340.4661
              ],
              [
                -2135920.0714,
                2662267.1558
              ],
              [
                -2135924.498400001,
                2662226.7062
              ],
              [
                -2135945.1053,
                2662232.7632999998
              ],
              [
                -2135972.5811,
                2662240.8395000007
              ],
              [
                -2135993.187999999,
                2662246.8967000004
              ],
              [
                -2136020.6637999993,
                2662254.973099999
              ],
              [
                -2136041.2706000004,
                2662261.0304000005
              ],
              [
                -2136089.353,
                2662275.1644
              ],
              [
                -2136116.8287000004,
                2662283.2412
              ],
              [
                -2136164.9110000003,
                2662297.3757000007
              ],
              [
                -2136212.9933,
                2662311.5106000006
              ],
              [
                -2136242.0731000006,
                2662288.7458999995
              ],
              [
                -2136269.548699999,
                2662296.8232000005
              ],
              [
                -2136309.1575000007,
                2662339.781199999
              ],
              [
                -2136269.6143999994,
                2662474.2858000007
              ],
              [
                -2136237.7103000004,
                2662506.6576000005
              ],
              [
                -2136162.1545,
                2662484.4455999993
              ]
            ]
          ]
        ]
      }
    },
    {
      "type": "Feature",
      "properties": {
        "field_id": "WV_AG_049",
        "lat": 45.032975432328584,
        "lon": -122.79339345798157,
        "area_acres": 13.4987880159994,
        "crop_code": 24,
        "cdl_crop": "Winter Wheat",
        "crop_dominant_pct": 66.7,
        "soil_muname": "Newberg silt loam",
        "soil_drainage": "Well drained",
        "soil_clay_pct": 11.0,
        "soil_sand_pct": 32.6,
        "soil_silt_pct": 56.4,
        "soil_om_pct": 3.0,
        "soil_ph": 6.1,
        "soil_cec": 20.0,
        "soil_depth_cm": 0.0,
        "weather_monthly": [
          {
            "year": 2020,
            "month": 1,
            "avg_high_c": 5.81,
            "avg_low_c": 2.03,
            "total_rain_mm": 359.92,
            "total_rain_in": 14.17
          },
          {
            "year": 2020,
            "month": 2,
            "avg_high_c": 6.99,
            "avg_low_c": 0.03,
            "total_rain_mm": 156.24,
            "total_rain_in": 6.15
          },
          {
            "year": 2020,
            "month": 3,
            "avg_high_c": 8.24,
            "avg_low_c": 0.2,
            "total_rain_mm": 144.29,
            "total_rain_in": 5.68
          },
          {
            "year": 2020,
            "month": 4,
            "avg_high_c": 13.32,
            "avg_low_c": 3.73,
            "total_rain_mm": 83.54,
            "total_rain_in": 3.29
          },
          {
            "year": 2020,
            "month": 5,
            "avg_high_c": 16.34,
            "avg_low_c": 6.92,
            "total_rain_mm": 155.36,
            "total_rain_in": 6.12
          },
          {
            "year": 2020,
            "month": 6,
            "avg_high_c": 17.93,
            "avg_low_c": 8.84,
            "total_rain_mm": 126.7,
            "total_rain_in": 4.99
          },
          {
            "year": 2020,
            "month": 7,
            "avg_high_c": 24.27,
            "avg_low_c": 11.44,
            "total_rain_mm": 6.27,
            "total_rain_in": 0.25
          },
          {
            "year": 2020,
            "month": 8,
            "avg_high_c": 26.48,
            "avg_low_c": 11.41,
            "total_rain_mm": 6.86,
            "total_rain_in": 0.27
          },
          {
            "year": 2020,
            "month": 9,
            "avg_high_c": 24.68,
            "avg_low_c": 11.64,
            "total_rain_mm": 74.35,
            "total_rain_in": 2.93
          },
          {
            "year": 2020,
            "month": 10,
            "avg_high_c": 16.8,
            "avg_low_c": 6.5,
            "total_rain_mm": 130.57,
            "total_rain_in": 5.14
          },
          {
            "year": 2020,
            "month": 11,
            "avg_high_c": 8.61,
            "avg_low_c": 1.9,
            "total_rain_mm": 281.72,
            "total_rain_in": 11.09
          },
          {
            "year": 2020,
            "month": 12,
            "avg_high_c": 7.65,
            "avg_low_c": 1.25,
            "total_rain_mm": 259.29,
            "total_rain_in": 10.21
          },
          {
            "year": 2021,
            "month": 1,
            "avg_high_c": 6.98,
            "avg_low_c": 1.34,
            "total_rain_mm": 261.43,
            "total_rain_in": 10.29
          },
          {
            "year": 2021,
            "month": 2,
            "avg_high_c": 4.47,
            "avg_low_c": 0.24,
            "total_rain_mm": 269.97,
            "total_rain_in": 10.63
          },
          {
            "year": 2021,
            "month": 3,
            "avg_high_c": 9.28,
            "avg_low_c": 0.48,
            "total_rain_mm": 92.81,
            "total_rain_in": 3.65
          },
          {
            "year": 2021,
            "month": 4,
            "avg_high_c": 14.09,
            "avg_low_c": 2.76,
            "total_rain_mm": 31.72,
            "total_rain_in": 1.25
          },
          {
            "year": 2021,
            "month": 5,
            "avg_high_c": 16.27,
            "avg_low_c": 6.07,
            "total_rain_mm": 61.46,
            "total_rain_in": 2.42
          },
          {
            "year": 2021,
            "month": 6,
            "avg_high_c": 24.04,
            "avg_low_c": 11.21,
            "total_rain_mm": 49.22,
            "total_rain_in": 1.94
          },
          {
            "year": 2021,
            "month": 7,
            "avg_high_c": 28.38,
            "avg_low_c": 12.51,
            "total_rain_mm": 1.03,
            "total_rain_in": 0.04
          },
          {
            "year": 2021,
            "month": 8,
            "avg_high_c": 27.64,
            "avg_low_c": 12.44,
            "total_rain_mm": 4.68,
            "total_rain_in": 0.18
          },
          {
            "year": 2021,
            "month": 9,
            "avg_high_c": 23.59,
            "avg_low_c": 9.74,
            "total_rain_mm": 114.11,
            "total_rain_in": 4.49
          },
          {
            "year": 2021,
            "month": 10,
            "avg_high_c": 13.46,
            "avg_low_c": 5.2,
            "total_rain_mm": 156.64,
            "total_rain_in": 6.17
          },
          {
            "year": 2021,
            "month": 11,
            "avg_high_c": 10.34,
            "avg_low_c": 4.21,
            "total_rain_mm": 274.71,
            "total_rain_in": 10.82
          },
          {
            "year": 2021,
            "month": 12,
            "avg_high_c": 3.78,
            "avg_low_c": -0.31,
            "total_rain_mm": 350.28,
            "total_rain_in": 13.79
          },
          {
            "year": 2022,
            "month": 1,
            "avg_high_c": 8.06,
            "avg_low_c": 1.23,
            "total_rain_mm": 225.32,
            "total_rain_in": 8.87
          },
          {
            "year": 2022,
            "month": 2,
            "avg_high_c": 8.05,
            "avg_low_c": 0.03,
            "total_rain_mm": 107.61,
            "total_rain_in": 4.24
          },
          {
            "year": 2022,
            "month": 3,
            "avg_high_c": 10.15,
            "avg_low_c": 2.61,
            "total_rain_mm": 151.02,
            "total_rain_in": 5.95
          },
          {
            "year": 2022,
            "month": 4,
            "avg_high_c": 9.2,
            "avg_low_c": 1.3,
            "total_rain_mm": 229.03,
            "total_rain_in": 9.02
          },
          {
            "year": 2022,
            "month": 5,
            "avg_high_c": 13.16,
            "avg_low_c": 5.08,
            "total_rain_mm": 234.81,
            "total_rain_in": 9.24
          },
          {
            "year": 2022,
            "month": 6,
            "avg_high_c": 18.67,
            "avg_low_c": 8.78,
            "total_rain_mm": 164.65,
            "total_rain_in": 6.48
          },
          {
            "year": 2022,
            "month": 7,
            "avg_high_c": 25.12,
            "avg_low_c": 12.9,
            "total_rain_mm": 12.17,
            "total_rain_in": 0.48
          },
          {
            "year": 2022,
            "month": 8,
            "avg_high_c": 29.06,
            "avg_low_c": 13.57,
            "total_rain_mm": 2.79,
            "total_rain_in": 0.11
          },
          {
            "year": 2022,
            "month": 9,
            "avg_high_c": 25.76,
            "avg_low_c": 11.09,
            "total_rain_mm": 17.6,
            "total_rain_in": 0.69
          },
          {
            "year": 2022,
            "month": 10,
            "avg_high_c": 21.87,
            "avg_low_c": 9.05,
            "total_rain_mm": 105.7,
            "total_rain_in": 4.16
          },
          {
            "year": 2022,
            "month": 11,
            "avg_high_c": 7.14,
            "avg_low_c": 0.32,
            "total_rain_mm": 242.69,
            "total_rain_in": 9.55
          },
          {
            "year": 2022,
            "month": 12,
            "avg_high_c": 5.01,
            "avg_low_c": 0.13,
            "total_rain_mm": 239.46,
            "total_rain_in": 9.43
          },
          {
            "year": 2023,
            "month": 1,
            "avg_high_c": 6.39,
            "avg_low_c": 0.82,
            "total_rain_mm": 121.96,
            "total_rain_in": 4.8
          },
          {
            "year": 2023,
            "month": 2,
            "avg_high_c": 5.15,
            "avg_low_c": -1.05,
            "total_rain_mm": 146.96,
            "total_rain_in": 5.79
          },
          {
            "year": 2023,
            "month": 3,
            "avg_high_c": 5.83,
            "avg_low_c": -0.97,
            "total_rain_mm": 208.72,
            "total_rain_in": 8.22
          },
          {
            "year": 2023,
            "month": 4,
            "avg_high_c": 10.03,
            "avg_low_c": 2.47,
            "total_rain_mm": 208.63,
            "total_rain_in": 8.21
          },
          {
            "year": 2023,
            "month": 5,
            "avg_high_c": 18.49,
            "avg_low_c": 8.23,
            "total_rain_mm": 39.53,
            "total_rain_in": 1.56
          },
          {
            "year": 2023,
            "month": 6,
            "avg_high_c": 20.7,
            "avg_low_c": 8.66,
            "total_rain_mm": 27.84,
            "total_rain_in": 1.1
          },
          {
            "year": 2023,
            "month": 7,
            "avg_high_c": 27.74,
            "avg_low_c": 12.12,
            "total_rain_mm": 2.53,
            "total_rain_in": 0.1
          },
          {
            "year": 2023,
            "month": 8,
            "avg_high_c": 28.71,
            "avg_low_c": 13.39,
            "total_rain_mm": 25.38,
            "total_rain_in": 1.0
          },
          {
            "year": 2023,
            "month": 9,
            "avg_high_c": 22.44,
            "avg_low_c": 9.97,
            "total_rain_mm": 69.83,
            "total_rain_in": 2.75
          },
          {
            "year": 2023,
            "month": 10,
            "avg_high_c": 17.1,
            "avg_low_c": 6.69,
            "total_rain_mm": 132.51,
            "total_rain_in": 5.22
          },
          {
            "year": 2023,
            "month": 11,
            "avg_high_c": 10.75,
            "avg_low_c": 3.03,
            "total_rain_mm": 202.29,
            "total_rain_in": 7.96
          },
          {
            "year": 2023,
            "month": 12,
            "avg_high_c": 9.57,
            "avg_low_c": 3.84,
            "total_rain_mm": 316.81,
            "total_rain_in": 12.47
          },
          {
            "year": 2024,
            "month": 1,
            "avg_high_c": 6.31,
            "avg_low_c": 1.57,
            "total_rain_mm": 421.31,
            "total_rain_in": 16.59
          },
          {
            "year": 2024,
            "month": 2,
            "avg_high_c": 7.68,
            "avg_low_c": 1.43,
            "total_rain_mm": 222.12,
            "total_rain_in": 8.74
          },
          {
            "year": 2024,
            "month": 3,
            "avg_high_c": 9.44,
            "avg_low_c": 1.78,
            "total_rain_mm": 169.03,
            "total_rain_in": 6.65
          },
          {
            "year": 2024,
            "month": 4,
            "avg_high_c": 12.13,
            "avg_low_c": 3.07,
            "total_rain_mm": 116.57,
            "total_rain_in": 4.59
          },
          {
            "year": 2024,
            "month": 5,
            "avg_high_c": 15.29,
            "avg_low_c": 5.39,
            "total_rain_mm": 143.39,
            "total_rain_in": 5.65
          },
          {
            "year": 2024,
            "month": 6,
            "avg_high_c": 19.39,
            "avg_low_c": 8.93,
            "total_rain_mm": 89.0,
            "total_rain_in": 3.5
          },
          {
            "year": 2024,
            "month": 7,
            "avg_high_c": 28.25,
            "avg_low_c": 13.13,
            "total_rain_mm": 9.04,
            "total_rain_in": 0.36
          },
          {
            "year": 2024,
            "month": 8,
            "avg_high_c": 26.69,
            "avg_low_c": 12.07,
            "total_rain_mm": 28.51,
            "total_rain_in": 1.12
          },
          {
            "year": 2024,
            "month": 9,
            "avg_high_c": 24.27,
            "avg_low_c": 10.79,
            "total_rain_mm": 36.96,
            "total_rain_in": 1.46
          },
          {
            "year": 2024,
            "month": 10,
            "avg_high_c": 17.47,
            "avg_low_c": 6.03,
            "total_rain_mm": 141.25,
            "total_rain_in": 5.56
          },
          {
            "year": 2024,
            "month": 11,
            "avg_high_c": 7.85,
            "avg_low_c": 2.65,
            "total_rain_mm": 304.21,
            "total_rain_in": 11.98
          },
          {
            "year": 2024,
            "month": 12,
            "avg_high_c": 8.3,
            "avg_low_c": 2.23,
            "total_rain_mm": 333.84,
            "total_rain_in": 13.14
          },
          {
            "year": 2025,
            "month": 1,
            "avg_high_c": 7.18,
            "avg_low_c": -0.76,
            "total_rain_mm": 132.35,
            "total_rain_in": 5.21
          },
          {
            "year": 2025,
            "month": 2,
            "avg_high_c": 5.84,
            "avg_low_c": -0.17,
            "total_rain_mm": 236.43,
            "total_rain_in": 9.31
          },
          {
            "year": 2025,
            "month": 3,
            "avg_high_c": 9.17,
            "avg_low_c": 2.53,
            "total_rain_mm": 282.53,
            "total_rain_in": 11.12
          },
          {
            "year": 2025,
            "month": 4,
            "avg_high_c": 13.94,
            "avg_low_c": 3.09,
            "total_rain_mm": 73.03,
            "total_rain_in": 2.88
          },
          {
            "year": 2025,
            "month": 5,
            "avg_high_c": 15.8,
            "avg_low_c": 5.06,
            "total_rain_mm": 68.67,
            "total_rain_in": 2.7
          },
          {
            "year": 2025,
            "month": 6,
            "avg_high_c": 20.74,
            "avg_low_c": 8.79,
            "total_rain_mm": 39.96,
            "total_rain_in": 1.57
          },
          {
            "year": 2025,
            "month": 7,
            "avg_high_c": 26.46,
            "avg_low_c": 11.76,
            "total_rain_mm": 2.21,
            "total_rain_in": 0.09
          },
          {
            "year": 2025,
            "month": 8,
            "avg_high_c": 28.09,
            "avg_low_c": 13.36,
            "total_rain_mm": 24.98,
            "total_rain_in": 0.98
          },
          {
            "year": 2025,
            "month": 9,
            "avg_high_c": 24.85,
            "avg_low_c": 11.09,
            "total_rain_mm": 53.01,
            "total_rain_in": 2.09
          },
          {
            "year": 2025,
            "month": 10,
            "avg_high_c": 13.55,
            "avg_low_c": 4.47,
            "total_rain_mm": 162.62,
            "total_rain_in": 6.4
          },
          {
            "year": 2025,
            "month": 11,
            "avg_high_c": 10.71,
            "avg_low_c": 4.08,
            "total_rain_mm": 190.66,
            "total_rain_in": 7.51
          },
          {
            "year": 2025,
            "month": 12,
            "avg_high_c": 8.4,
            "avg_low_c": 3.2,
            "total_rain_mm": 412.06,
            "total_rain_in": 16.22
          }
        ]
      },
      "geometry": {
        "type": "MultiPolygon",
        "coordinates": [
          [
            [
              [
                -2081041.5825999994,
                2744768.7665
              ],
              [
                -2080982.9218000006,
                2744793.4000000004
              ],
              [
                -2080974.5788000003,
                2744822.2025000006
              ],
              [
                -2080927.0426000003,
                2744808.4331
              ],
              [
                -2080899.8790000007,
                2744800.5649999995
              ],
              [
                -2080888.7553000003,
                2744838.9683999997
              ],
              [
                -2080841.2191000003,
                2744825.1996
              ],
              [
                -2080852.3425999992,
                2744786.7961999997
              ],
              [
                -2080851.4354999997,
                2744713.689200001
              ],
              [
                -2080812.2408000007,
                2744671.117900001
              ],
              [
                -2080804.5417,
                2744596.0438
              ],
              [
                -2080815.6645999998,
                2744557.6401000004
              ],
              [
                -2080853.9521999992,
                2744527.1041
              ],
              [
                -2080874.3257,
                2744533.005000001
              ],
              [
                -2080901.4902999997,
                2744540.8729999997
              ],
              [
                -2080949.0284000002,
                2744554.6421000008
              ],
              [
                -2080937.9047999997,
                2744593.0457000006
              ],
              [
                -2080947.1544000003,
                2744637.350400001
              ],
              [
                -2080974.3187000006,
                2744645.2185999993
              ],
              [
                -2080985.4425000008,
                2744606.8150999993
              ],
              [
                -2081005.8158,
                2744612.7163999993
              ],
              [
                -2081032.9801000003,
                2744620.584899999
              ],
              [
                -2081021.8560000006,
                2744658.9882999994
              ],
              [
                -2081013.5130000003,
                2744687.7907999996
              ],
              [
                -2081061.0501000006,
                2744701.5606999993
              ],
              [
                -2081088.2140999995,
                2744709.4294000007
              ],
              [
                -2081097.4625000004,
                2744753.7342000008
              ],
              [
                -2081077.9945999999,
                2744820.9397
              ],
              [
                -2081069.6512000002,
                2744849.7420000006
              ],
              [
                -2081049.2785999998,
                2744843.8406000007
              ],
              [
                -2081022.1150000002,
                2744835.972100001
              ],
              [
                -2081041.5825999994,
                2744768.7665
              ]
            ]
          ]
        ]
      }
    },
    {
      "type": "Feature",
      "properties": {
        "field_id": "WV_AG_050",
        "lat": 45.032563301092246,
        "lon": -122.97901043496529,
        "area_acres": 18.414719764086,
        "crop_code": 24,
        "cdl_crop": "Winter Wheat",
        "crop_dominant_pct": 86.7,
        "soil_muname": "Woodburn silt loam, 0 to 3 percent slopes",
        "soil_drainage": "Moderately well drained",
        "soil_clay_pct": 15.0,
        "soil_sand_pct": 14.0,
        "soil_silt_pct": 71.0,
        "soil_om_pct": 4.0,
        "soil_ph": 6.1,
        "soil_cec": 15.0,
        "soil_depth_cm": 0.0,
        "weather_monthly": [
          {
            "year": 2020,
            "month": 1,
            "avg_high_c": 8.33,
            "avg_low_c": 3.69,
            "total_rain_mm": 331.66,
            "total_rain_in": 13.06
          },
          {
            "year": 2020,
            "month": 2,
            "avg_high_c": 9.3,
            "avg_low_c": 1.59,
            "total_rain_mm": 119.69,
            "total_rain_in": 4.71
          },
          {
            "year": 2020,
            "month": 3,
            "avg_high_c": 10.58,
            "avg_low_c": 1.93,
            "total_rain_mm": 119.65,
            "total_rain_in": 4.71
          },
          {
            "year": 2020,
            "month": 4,
            "avg_high_c": 15.36,
            "avg_low_c": 4.91,
            "total_rain_mm": 65.25,
            "total_rain_in": 2.57
          },
          {
            "year": 2020,
            "month": 5,
            "avg_high_c": 18.1,
            "avg_low_c": 7.97,
            "total_rain_mm": 129.22,
            "total_rain_in": 5.09
          },
          {
            "year": 2020,
            "month": 6,
            "avg_high_c": 19.57,
            "avg_low_c": 9.34,
            "total_rain_mm": 97.62,
            "total_rain_in": 3.84
          },
          {
            "year": 2020,
            "month": 7,
            "avg_high_c": 24.4,
            "avg_low_c": 11.06,
            "total_rain_mm": 3.63,
            "total_rain_in": 0.14
          },
          {
            "year": 2020,
            "month": 8,
            "avg_high_c": 25.88,
            "avg_low_c": 11.44,
            "total_rain_mm": 5.11,
            "total_rain_in": 0.2
          },
          {
            "year": 2020,
            "month": 9,
            "avg_high_c": 24.8,
            "avg_low_c": 11.76,
            "total_rain_mm": 75.48,
            "total_rain_in": 2.97
          },
          {
            "year": 2020,
            "month": 10,
            "avg_high_c": 17.88,
            "avg_low_c": 7.03,
            "total_rain_mm": 95.76,
            "total_rain_in": 3.77
          },
          {
            "year": 2020,
            "month": 11,
            "avg_high_c": 10.62,
            "avg_low_c": 2.98,
            "total_rain_mm": 245.69,
            "total_rain_in": 9.67
          },
          {
            "year": 2020,
            "month": 12,
            "avg_high_c": 9.56,
            "avg_low_c": 2.24,
            "total_rain_mm": 231.54,
            "total_rain_in": 9.12
          },
          {
            "year": 2021,
            "month": 1,
            "avg_high_c": 8.81,
            "avg_low_c": 2.61,
            "total_rain_mm": 260.36,
            "total_rain_in": 10.25
          },
          {
            "year": 2021,
            "month": 2,
            "avg_high_c": 7.61,
            "avg_low_c": 1.86,
            "total_rain_mm": 215.93,
            "total_rain_in": 8.5
          },
          {
            "year": 2021,
            "month": 3,
            "avg_high_c": 11.05,
            "avg_low_c": 1.47,
            "total_rain_mm": 82.08,
            "total_rain_in": 3.23
          },
          {
            "year": 2021,
            "month": 4,
            "avg_high_c": 16.05,
            "avg_low_c": 3.87,
            "total_rain_mm": 27.34,
            "total_rain_in": 1.08
          },
          {
            "year": 2021,
            "month": 5,
            "avg_high_c": 18.03,
            "avg_low_c": 6.8,
            "total_rain_mm": 47.74,
            "total_rain_in": 1.88
          },
          {
            "year": 2021,
            "month": 6,
            "avg_high_c": 24.25,
            "avg_low_c": 11.1,
            "total_rain_mm": 49.29,
            "total_rain_in": 1.94
          },
          {
            "year": 2021,
            "month": 7,
            "avg_high_c": 27.3,
            "avg_low_c": 11.55,
            "total_rain_mm": 1.83,
            "total_rain_in": 0.07
          },
          {
            "year": 2021,
            "month": 8,
            "avg_high_c": 27.65,
            "avg_low_c": 12.56,
            "total_rain_mm": 2.92,
            "total_rain_in": 0.11
          },
          {
            "year": 2021,
            "month": 9,
            "avg_high_c": 24.55,
            "avg_low_c": 10.43,
            "total_rain_mm": 101.83,
            "total_rain_in": 4.01
          },
          {
            "year": 2021,
            "month": 10,
            "avg_high_c": 15.52,
            "avg_low_c": 6.56,
            "total_rain_mm": 148.73,
            "total_rain_in": 5.86
          },
          {
            "year": 2021,
            "month": 11,
            "avg_high_c": 12.28,
            "avg_low_c": 5.35,
            "total_rain_mm": 250.09,
            "total_rain_in": 9.85
          },
          {
            "year": 2021,
            "month": 12,
            "avg_high_c": 5.61,
            "avg_low_c": 0.97,
            "total_rain_mm": 309.17,
            "total_rain_in": 12.17
          },
          {
            "year": 2022,
            "month": 1,
            "avg_high_c": 9.29,
            "avg_low_c": 1.87,
            "total_rain_mm": 185.19,
            "total_rain_in": 7.29
          },
          {
            "year": 2022,
            "month": 2,
            "avg_high_c": 9.66,
            "avg_low_c": 1.72,
            "total_rain_mm": 98.54,
            "total_rain_in": 3.88
          },
          {
            "year": 2022,
            "month": 3,
            "avg_high_c": 11.99,
            "avg_low_c": 3.83,
            "total_rain_mm": 125.82,
            "total_rain_in": 4.95
          },
          {
            "year": 2022,
            "month": 4,
            "avg_high_c": 11.48,
            "avg_low_c": 2.65,
            "total_rain_mm": 200.52,
            "total_rain_in": 7.89
          },
          {
            "year": 2022,
            "month": 5,
            "avg_high_c": 15.04,
            "avg_low_c": 6.2,
            "total_rain_mm": 191.01,
            "total_rain_in": 7.52
          },
          {
            "year": 2022,
            "month": 6,
            "avg_high_c": 19.96,
            "avg_low_c": 9.78,
            "total_rain_mm": 128.91,
            "total_rain_in": 5.08
          },
          {
            "year": 2022,
            "month": 7,
            "avg_high_c": 25.26,
            "avg_low_c": 12.21,
            "total_rain_mm": 8.52,
            "total_rain_in": 0.34
          },
          {
            "year": 2022,
            "month": 8,
            "avg_high_c": 27.38,
            "avg_low_c": 13.3,
            "total_rain_mm": 1.96,
            "total_rain_in": 0.08
          },
          {
            "year": 2022,
            "month": 9,
            "avg_high_c": 25.27,
            "avg_low_c": 11.26,
            "total_rain_mm": 12.33,
            "total_rain_in": 0.49
          },
          {
            "year": 2022,
            "month": 10,
            "avg_high_c": 21.88,
            "avg_low_c": 8.89,
            "total_rain_mm": 83.79,
            "total_rain_in": 3.3
          },
          {
            "year": 2022,
            "month": 11,
            "avg_high_c": 9.53,
            "avg_low_c": 1.32,
            "total_rain_mm": 209.49,
            "total_rain_in": 8.25
          },
          {
            "year": 2022,
            "month": 12,
            "avg_high_c": 7.23,
            "avg_low_c": 1.41,
            "total_rain_mm": 213.47,
            "total_rain_in": 8.4
          },
          {
            "year": 2023,
            "month": 1,
            "avg_high_c": 8.1,
            "avg_low_c": 2.21,
            "total_rain_mm": 124.27,
            "total_rain_in": 4.89
          },
          {
            "year": 2023,
            "month": 2,
            "avg_high_c": 7.34,
            "avg_low_c": 0.11,
            "total_rain_mm": 126.83,
            "total_rain_in": 4.99
          },
          {
            "year": 2023,
            "month": 3,
            "avg_high_c": 8.74,
            "avg_low_c": 0.78,
            "total_rain_mm": 189.54,
            "total_rain_in": 7.46
          },
          {
            "year": 2023,
            "month": 4,
            "avg_high_c": 12.14,
            "avg_low_c": 3.83,
            "total_rain_mm": 194.6,
            "total_rain_in": 7.66
          },
          {
            "year": 2023,
            "month": 5,
            "avg_high_c": 20.07,
            "avg_low_c": 8.51,
            "total_rain_mm": 27.12,
            "total_rain_in": 1.07
          },
          {
            "year": 2023,
            "month": 6,
            "avg_high_c": 21.75,
            "avg_low_c": 8.84,
            "total_rain_mm": 19.41,
            "total_rain_in": 0.76
          },
          {
            "year": 2023,
            "month": 7,
            "avg_high_c": 26.77,
            "avg_low_c": 11.45,
            "total_rain_mm": 2.08,
            "total_rain_in": 0.08
          },
          {
            "year": 2023,
            "month": 8,
            "avg_high_c": 29.03,
            "avg_low_c": 13.52,
            "total_rain_mm": 21.34,
            "total_rain_in": 0.84
          },
          {
            "year": 2023,
            "month": 9,
            "avg_high_c": 23.57,
            "avg_low_c": 10.75,
            "total_rain_mm": 70.6,
            "total_rain_in": 2.78
          },
          {
            "year": 2023,
            "month": 10,
            "avg_high_c": 18.22,
            "avg_low_c": 7.61,
            "total_rain_mm": 117.2,
            "total_rain_in": 4.61
          },
          {
            "year": 2023,
            "month": 11,
            "avg_high_c": 11.95,
            "avg_low_c": 3.59,
            "total_rain_mm": 187.96,
            "total_rain_in": 7.4
          },
          {
            "year": 2023,
            "month": 12,
            "avg_high_c": 10.68,
            "avg_low_c": 4.45,
            "total_rain_mm": 295.35,
            "total_rain_in": 11.63
          },
          {
            "year": 2024,
            "month": 1,
            "avg_high_c": 8.28,
            "avg_low_c": 2.91,
            "total_rain_mm": 370.12,
            "total_rain_in": 14.57
          },
          {
            "year": 2024,
            "month": 2,
            "avg_high_c": 10.14,
            "avg_low_c": 3.26,
            "total_rain_mm": 200.23,
            "total_rain_in": 7.88
          },
          {
            "year": 2024,
            "month": 3,
            "avg_high_c": 11.51,
            "avg_low_c": 3.24,
            "total_rain_mm": 164.08,
            "total_rain_in": 6.46
          },
          {
            "year": 2024,
            "month": 4,
            "avg_high_c": 14.23,
            "avg_low_c": 4.47,
            "total_rain_mm": 94.88,
            "total_rain_in": 3.74
          },
          {
            "year": 2024,
            "month": 5,
            "avg_high_c": 17.15,
            "avg_low_c": 6.5,
            "total_rain_mm": 118.44,
            "total_rain_in": 4.66
          },
          {
            "year": 2024,
            "month": 6,
            "avg_high_c": 20.38,
            "avg_low_c": 9.29,
            "total_rain_mm": 74.42,
            "total_rain_in": 2.93
          },
          {
            "year": 2024,
            "month": 7,
            "avg_high_c": 27.02,
            "avg_low_c": 12.01,
            "total_rain_mm": 7.22,
            "total_rain_in": 0.28
          },
          {
            "year": 2024,
            "month": 8,
            "avg_high_c": 25.73,
            "avg_low_c": 12.22,
            "total_rain_mm": 22.59,
            "total_rain_in": 0.89
          },
          {
            "year": 2024,
            "month": 9,
            "avg_high_c": 24.48,
            "avg_low_c": 11.29,
            "total_rain_mm": 33.37,
            "total_rain_in": 1.31
          },
          {
            "year": 2024,
            "month": 10,
            "avg_high_c": 18.76,
            "avg_low_c": 7.37,
            "total_rain_mm": 131.82,
            "total_rain_in": 5.19
          },
          {
            "year": 2024,
            "month": 11,
            "avg_high_c": 9.95,
            "avg_low_c": 4.08,
            "total_rain_mm": 284.69,
            "total_rain_in": 11.21
          },
          {
            "year": 2024,
            "month": 12,
            "avg_high_c": 9.31,
            "avg_low_c": 3.22,
            "total_rain_mm": 297.03,
            "total_rain_in": 11.69
          },
          {
            "year": 2025,
            "month": 1,
            "avg_high_c": 7.89,
            "avg_low_c": 0.22,
            "total_rain_mm": 116.9,
            "total_rain_in": 4.6
          },
          {
            "year": 2025,
            "month": 2,
            "avg_high_c": 8.27,
            "avg_low_c": 1.66,
            "total_rain_mm": 206.54,
            "total_rain_in": 8.13
          },
          {
            "year": 2025,
            "month": 3,
            "avg_high_c": 11.38,
            "avg_low_c": 4.41,
            "total_rain_mm": 241.61,
            "total_rain_in": 9.51
          },
          {
            "year": 2025,
            "month": 4,
            "avg_high_c": 15.77,
            "avg_low_c": 4.72,
            "total_rain_mm": 64.12,
            "total_rain_in": 2.52
          },
          {
            "year": 2025,
            "month": 5,
            "avg_high_c": 17.45,
            "avg_low_c": 6.68,
            "total_rain_mm": 52.17,
            "total_rain_in": 2.05
          },
          {
            "year": 2025,
            "month": 6,
            "avg_high_c": 21.6,
            "avg_low_c": 9.69,
            "total_rain_mm": 34.37,
            "total_rain_in": 1.35
          },
          {
            "year": 2025,
            "month": 7,
            "avg_high_c": 26.13,
            "avg_low_c": 11.56,
            "total_rain_mm": 1.41,
            "total_rain_in": 0.06
          },
          {
            "year": 2025,
            "month": 8,
            "avg_high_c": 28.06,
            "avg_low_c": 13.39,
            "total_rain_mm": 20.61,
            "total_rain_in": 0.81
          },
          {
            "year": 2025,
            "month": 9,
            "avg_high_c": 24.77,
            "avg_low_c": 11.37,
            "total_rain_mm": 49.32,
            "total_rain_in": 1.94
          },
          {
            "year": 2025,
            "month": 10,
            "avg_high_c": 15.59,
            "avg_low_c": 6.02,
            "total_rain_mm": 148.04,
            "total_rain_in": 5.83
          },
          {
            "year": 2025,
            "month": 11,
            "avg_high_c": 11.64,
            "avg_low_c": 5.24,
            "total_rain_mm": 176.54,
            "total_rain_in": 6.95
          },
          {
            "year": 2025,
            "month": 12,
            "avg_high_c": 9.99,
            "avg_low_c": 4.33,
            "total_rain_mm": 352.37,
            "total_rain_in": 13.87
          }
        ]
      },
      "geometry": {
        "type": "MultiPolygon",
        "coordinates": [
          [
            [
              [
                -2095007.3675999995,
                2748901.8501999993
              ],
              [
                -2095015.7667999994,
                2748873.064099999
              ],
              [
                -2094979.4561,
                2748820.8203
              ],
              [
                -2094789.4163000006,
                2748765.3740999997
              ],
              [
                -2094741.9060999993,
                2748751.5132999998
              ],
              [
                -2094761.5018000007,
                2748684.344900001
              ],
              [
                -2094790.2618000004,
                2748661.4987000003
              ],
              [
                -2094817.4108000007,
                2748669.4192999993
              ],
              [
                -2094828.6086,
                2748631.0373
              ],
              [
                -2094839.8063999992,
                2748592.6553000007
              ],
              [
                -2094955.1907000002,
                2748626.3192999996
              ],
              [
                -2094963.5895000007,
                2748597.5329
              ],
              [
                -2095011.1007000003,
                2748611.3950999994
              ],
              [
                -2095002.7017,
                2748640.181500001
              ],
              [
                -2095152.021400001,
                2748683.7502999995
              ],
              [
                -2095160.421,
                2748654.9641999993
              ],
              [
                -2095180.7828000002,
                2748660.9056
              ],
              [
                -2095207.9319000002,
                2748668.8277000003
              ],
              [
                -2095188.3323,
                2748735.9952000007
              ],
              [
                -2095149.9839999992,
                2748766.4547000006
              ],
              [
                -2095110.0233999994,
                2748827.6808
              ],
              [
                -2095063.2762000002,
                2748886.9266
              ],
              [
                -2095034.5156999994,
                2748909.7716000006
              ],
              [
                -2095007.3675999995,
                2748901.8501999993
              ]
            ]
          ]
        ]
      }
    }
  ]
}